,CHLOROPHYLL,CHLOROPHYLL_A,CHLOROPHYLL_B,CLOUD_COVER,DEPTH_CLASS,DOC,ID,LATITUDE,LOCATION,LONGITUDE,MISSION,N_TOTAL,N_TOTAL_DISSOLVED,POC,P_ORGANIC,P_TOTAL,SAMPLE_SITE,SAMPLING_DEPTH,SILICA,SPM,TOC,TOTAL_DEPTH,TURBIDITY,WATER_PERIOD,blue_max,blue_mean,blue_median,blue_min,blue_stdDev,count_pixel,datetime,dif_date_point,green_max,green_mean,green_median,green_min,green_stdDev,img_date,nir_max,nir_mean,nir_median,nir_min,nir_stdDev,red_max,red_mean,red_median,red_min,red_stdDev,system_index,dif_date_point_abs,satellite,duplicated
2,0.6993333333333335,2.1440399999999995,1.9471400000000005,51.0,1,2.854,3,-2.19696,LG,-55.29953,I,0.3364,0.279,3.771,0.02585875999999999,0.066088,3,0.2,2.43,34.40000000000004,6.625,4.63,39.800000000000004,R,0.0169533274522937,0.0148648170275174,0.0150817292162863,0.0058618800681916,0.0034242016992927,7,2013-03-09 11:20:00,7.104248935185185,0.0282298735264832,0.0254260332061406,0.0250727929304829,0.0163720581039285,0.0035325996068963,2013-03-16T13:50:07,0.0204646732343082,0.0174374354281389,0.0174040659894607,0.0153009702056953,0.0016147305539198,0.0364057391730765,0.0330515220246929,0.0336428743828886,0.0193693136063306,0.0052173230552294,3_1_BOA_LE07_228061_20130316,7.104248935185185,LD7,False
4,0.8273333333333333,10.23478,8.205020000000001,51.0,1,1.017,4,-2.221738,LG,-55.270194,I,0.376,0.04269,6.223000000000001,0.06377527999999999,0.113632,4,0.2,2.45,44.39999999999999,7.24,5.44,51.27333333333333,R,0.0180096949913319,0.0175259135418737,0.0175142053415686,0.0169503746554334,0.0003570648825405,9,2013-03-09 13:00:00,7.034804490740741,0.0294504741598736,0.0291245976938197,0.0291062016547816,0.028587739454074,0.0002412006215753,2013-03-16T13:50:07,0.0132041708646091,0.0128972644980575,0.0129700106498093,0.0118428202936215,0.0004524288563907,0.0349670672636217,0.0347281860037289,0.0347754829029621,0.0340422058957948,0.0002745706034882,4_1_BOA_LE07_228061_20130316,7.034804490740741,LD7,False
12,1.21,44.09388,19.88334,51.0,1,1.39,8,-2.20957,LG,-55.34711,I,0.3736,0.09461,5.89,0.04609018,0.105741,5,0.2,2.3,44.8,7.28,1.8,58.5,R,0.0145968284905294,0.0131580467435693,0.0129902587718483,0.0121204081062088,0.0008028151382721,9,2013-03-09 14:35:00,6.9688322685185184,0.0195139341546509,0.0176789763596594,0.0170787841251194,0.0164224089925092,0.0011186810625263,2013-03-16T13:50:07,0.0107555328801278,0.009508298277751,0.0093537850728876,0.0090252131007526,0.0005205290486895,0.0243931905621709,0.0213702048252087,0.0214599844415996,0.0203499045052254,0.0012949851732684,8_1_BOA_LE07_228061_20130316,6.9688322685185184,LD7,False
14,0.4788235294117647,5.2461400000000005,4.278520000000001,51.0,1,3.665,16,-2.262023,PQ,-55.456187,I,0.3896,0.207,2.7039999999999997,0.0669758,0.081673,13,0.2,1.97,45.20000000000002,6.369,4.5,47.19999999999999,R,0.0321043983668717,0.0315998266349608,0.0316268896813754,0.0308626751174783,0.0003739683733976,9,2013-03-11 08:00:00,5.243137824074074,0.0400282647504718,0.0389867571112528,0.0391652796092665,0.0370172386035124,0.0009964927372309,2013-03-16T13:50:07,0.0213821766673319,0.0203538056523385,0.0203428214726954,0.0190839457450509,0.0006430855929613,0.0445510635276601,0.0435020279391261,0.0433522737571138,0.042319788071334,0.0007321727278742,16_1_BOA_LE07_228061_20130316,5.243137824074074,LD7,False
22,0.7635714285714287,4.81448,"< 0,01",73.0,1,3.381,20,-2.175347,GP,-55.490867,I,0.3632,0.2109,"< 0,001",0.0827775,0.097455,14,0.2,2.02,39.599999999999966,3.133,2.0,47.35714285714287,R,0.0194531348295124,0.0190968999279862,0.0192971913130688,0.0189099700747694,0.0001771224788847,6,2013-03-11 11:20:00,5.10452582175926,0.0263542924727056,0.0246137354461271,0.0251938871155868,0.0232887013047798,0.0011967169905569,2013-03-16T13:50:31,0.0138634657685365,0.0128805793368667,0.0131200826993074,0.0123612750153974,0.0005346515585231,0.0291383558344952,0.0276108784090924,0.0275871814849219,0.0267402051178735,0.0008956948637911,20_1_BOA_LE07_228062_20130316,5.10452582175926,LD7,False
23,0.6329999999999999,4.23382,"< 0,01",51.0,1,3.98,21,-2.133265,GP,-55.488798,I,0.4277,0.2430999999999999,2.9120000000000004,0.0850073,0.100612,15,0.2,2.15,39.20000000000001,6.892,4.6,44.599999999999994,R,0.0233270514827356,0.0218678928981235,0.0219471248245405,0.0200012310208593,0.0008590492670889,9,2013-03-11 13:00:00,5.034804490740741,0.0350063986954857,0.032933319703009,0.0331013658070431,0.0288687597574029,0.0016758360204505,2013-03-16T13:50:07,0.0152561156079932,0.0140984196017964,0.0142533779136633,0.0129303302781782,0.0006224240416752,0.0408593319343288,0.0389715936316529,0.0397568746276234,0.0342445334117444,0.0019151726780304,21_1_BOA_LE07_228061_20130316,5.034804490740741,LD7,False
27,1.074375,12.625559999999998,0.043840000000001725,51.0,1,3.504,27,-2.078954,SN,-55.526776,I,0.3786,0.238,2.98,0.1251926,0.141251,18,0.2,2.12,36.8,6.484,4.5,42.925,R,0.0201130414908407,0.0188584717858622,0.0193629513664505,0.0159979997663037,0.0013343160780058,9,2013-03-11 16:30:00,4.888971157407408,0.0311711633341236,0.0260441469477535,0.0267423520076086,0.0203059694643829,0.0034175651471096,2013-03-16T13:50:07,0.0149598782317521,0.0130271592992181,0.0137071992954681,0.010461450018472,0.0014420153871628,0.0352263274038538,0.030501889544275,0.0313440635829534,0.0241322576028461,0.003590685978641,27_1_BOA_LE07_228061_20130316,4.888971157407408,LD7,False
28,0.5223529411764707,5.01372,"< 0,01",51.0,1,4.37,29,-2.151079,PC,-55.565754,I,0.4128,0.2928,2.7009999999999996,0.0799566,0.086013,20,0.2,2.44,41.20000000000002,7.071,5.2,45.32941176470588,R,0.0252512804402837,0.0243011033665243,0.0242643522794572,0.0234191072117588,0.000569709091946,9,2013-03-12 08:30:00,4.222304490740741,0.0341423132460168,0.0332612846902194,0.0331523786424123,0.0325173720710782,0.0005026817832018,2013-03-16T13:50:07,0.0163961257687277,0.0158458299646936,0.0160176698100671,0.0151413942374049,0.0004685248455936,0.0401447268487748,0.0392202750553899,0.0393102357866035,0.037813875640978,0.0007443893686986,29_1_BOA_LE07_228061_20130316,4.222304490740741,LD7,False
30,0.6505555555555558,14.398620000000001,"< 0,01",51.0,1,1.719,30,-2.173808,PD,-55.59809,I,0.4462,0.1722,4.867999999999999,0.059079099999999996,0.105741,21,0.2,2.38,45.19999999999996,6.587,5.0,48.08888888888888,R,0.0206787612820848,0.0193491822173109,0.0191637012599157,0.0186629233983011,0.0005673541892852,9,2013-03-12 10:15:00,4.149387824074074,0.0251263487774032,0.0237663803070073,0.0238882663636076,0.0224662688984615,0.0007349745290186,2013-03-16T13:50:07,0.0166607305028614,0.0155876115599241,0.0153473351528766,0.0149263058815298,0.0005547643203133,0.0270660943242324,0.0258654943660217,0.0260222177608742,0.024275165651839,0.0008406965866812,30_1_BOA_LE07_228061_20130316,4.149387824074074,LD7,False
38,0.8205,0.5277800000000001,2.1738,51.0,1,1.648,34,-2.142593,PC,-55.625756,I,0.3387,0.1222,4.268000000000001,0.0812591,0.086408,22,0.2,2.71,37.599999999999966,5.916,5.0,39.11999999999999,R,0.0274242013778194,0.0266529502704102,0.0267202838925231,0.0261654170030005,0.000345099663555,9,2013-03-12 11:15:00,4.107721157407408,0.035678216485515,0.0348131885533047,0.0347142810483954,0.0346044932778396,0.0003506236880453,2013-03-16T13:50:07,0.0179788032907942,0.0172552735253941,0.0171508346041257,0.0161131563527008,0.0005837027902274,0.0399430698326371,0.0392459470725076,0.0392097673541943,0.0389726505262245,0.0003374211667722,34_1_BOA_LE07_228061_20130316,4.107721157407408,LD7,False
40,1.106666666666667,29.82148,"< 0,01",51.0,1,2.675,40,-2.207789,PD,-55.623565,I,0.6296,0.1255,5.638000000000001,0.0837534,0.116986,25,0.2,2.54,47.60000000000003,8.313,1.7,52.4,R,0.0237382618417726,0.0202784980499015,0.0210370286552689,0.0154934243057832,0.0027305196883518,8,2013-03-12 15:30:00,3.930637824074074,0.0277803413827002,0.0261852676841621,0.0271018318799489,0.0194123743544116,0.0027491927085438,2013-03-16T13:50:07,0.0267943393464402,0.0232668462908405,0.0234057237135375,0.022392936149081,0.0012867337808146,0.032432298816633,0.0299447131657166,0.0307462509848003,0.0231853737744808,0.0033539934373496,40_1_BOA_LE07_228061_20130316,3.930637824074074,LD7,False
42,0.64,4.77506,"< 0,01",51.0,1,2.977,43,-2.152492,PC,-55.676202,I,0.468,0.233,3.5560000000000005,0.1465375,0.155849,28,0.2,2.77,48.4,6.533,4.8,49,R,0.0282434102415608,0.0275294744755328,0.0274722569823347,0.0269820347688611,0.0003659025163082,9,2013-03-13 11:30:00,3.0973044907407408,0.0347374048974626,0.0338910046826685,0.0339621716666142,0.0330128337188972,0.0005803278744031,2013-03-16T13:50:07,0.018897199158586,0.0180317356604301,0.0178351918143626,0.0171148130513347,0.0005586634925391,0.0392557710052445,0.0387873074570812,0.0388717721154852,0.0380968672337798,0.0003335374625127,43_1_BOA_LE07_228061_20130316,3.0973044907407408,LD7,False
44,0.745,7.46594,0.7145600000000008,51.0,1,2.714,44,-2.131452,PC,-55.657457,I,0.4135,0.3159,3.325,0.099408,0.106727,29,0.2,2.79,46.4,6.039,5.1,49.025000000000006,R,0.0232120270460641,0.0226085592189863,0.0227209654830161,0.0208627174374522,0.0007221388491852,9,2013-03-13 12:00:00,3.0764711574074077,0.0296972779976552,0.0289891106477328,0.0291311449173691,0.0277273668689618,0.0006458755703812,2013-03-16T13:50:07,0.0155926914693217,0.0144130774016005,0.0146566136683107,0.0133739516798093,0.0008228872475968,0.0331945597002086,0.0324974994524057,0.0323705663486559,0.0303371494070628,0.0008189351344011,44_1_BOA_LE07_228061_20130316,3.0764711574074077,LD7,False
46,2.605,14.209,"< 0,01",51.0,1,4.305,54,-2.178437,PD,-55.633239,I,0.4136,0.2294999999999999,2.4960000000000004,0.04274,0.0466,36,0.2,2.68,49.19999999999997,6.801,5.1,49.15,R,0.0238680292609111,0.0222410376630083,0.0218954707819521,0.0213621064612286,0.0009149309763103,9,2013-03-15 13:30:00,1.0139711574074075,0.0279835985150904,0.0264833040412577,0.0263033457286544,0.0257146921251705,0.0008228887563408,2013-03-16T13:50:07,0.0188056868363273,0.0164080599957269,0.0166829869498085,0.0154258930607095,0.0010330917057072,0.0322554723364107,0.0295837226499593,0.0295388063719744,0.028450475800979,0.0011751669176496,54_1_BOA_LE07_228061_20130316,1.0139711574074075,LD7,False
48,0.5833333333333334,7.027,"< 0,01",51.0,1,3.549,60,-2.176642,GP,-55.372401,I,0.3387,0.2201,"< 0,001",0.03395,0.0361,39,0.2,2.71,38.40000000000005,2.456,5.0,42.6,R,0.011958572019223,0.0115130239854419,0.0114552589455134,0.0106848311719782,0.000384134026382,9,2013-03-16 13:00:00,0.0348044907407407,0.0167179027684057,0.0162188212047456,0.0163474937610948,0.0155383785023407,0.0003639133561002,2013-03-16T13:50:07,0.0093527666637693,0.008158790554936,0.0081711650165159,0.0072474777681626,0.0006133159407607,0.0202620665604093,0.0195333849803256,0.0194995264865399,0.0187623946002629,0.0004604044742057,60_1_BOA_LE07_228061_20130316,0.0348044907407407,LD7,False
50,0.535,5.052,"< 0,01",51.0,1,4.721,63,-2.166034,LG,-55.233215,I,0.3068,0.2965,"< 0,001",0.037110000000000004,0.0397,42,0.2,2.21,36.8,2.801,3.0,38.075,R,0.0166994544321007,0.013255745252896,0.0143040809283173,0.008881534773143,0.0020848179990005,9,2013-03-17 10:30:00,-0.8610288425925926,0.0273459161314298,0.0242523625527119,0.0259437400389083,0.0190516604223556,0.0024310548192539,2013-03-16T13:50:07,0.0220686495080468,0.0171727423746961,0.0155881989217753,0.0148880268834247,0.0020906357580102,0.0333551113388017,0.0299263451077908,0.0316374557883134,0.0235312639610134,0.0028000056601927,63_1_BOA_LE07_228061_20130316,0.8610288425925926,LD7,False
51,0.75,6.871,"< 0,01",44.0,1,4.924,64,-2.2035,LG,-55.236138,I,0.3526,0.2975,2.601,0.04221,0.0448,43,0.2,2.99,31.200000000000006,7.525,5.7,37,R,0.0131653379993966,0.0124457996043285,0.0125488481450218,0.0113305684217082,0.0005885915075072,9,2013-03-17 11:14:00,15.108364641203703,0.0279634089762839,0.0267475931069336,0.0265853104624126,0.0259620970954592,0.0006040608101286,2013-04-01T13:50:02,0.0071768398914086,0.0064208586992202,0.0063812365295144,0.0053696019192518,0.0005407776243035,0.034485058328903,0.0330913306464714,0.0331075823659662,0.0324290574240669,0.0005853961310304,64_1_BOA_LE07_228061_20130401,15.108364641203703,LD7,False
61,0.81,6.924,"< 0,01",73.0,1,4.481,68,-2.222999,LG,-55.199011,I,0.3405,0.283,"< 0,001",0.07027000000000001,0.0739,44,0.2,3.2,28.799999999999997,2.949,5.7,37.2,R,0.0194943459550003,0.0164496831690887,0.0165139187443882,0.0153875890218134,0.0011737034699724,8,2013-03-17 13:15:00,-0.975335289351852,0.0287800894913176,0.0276245885938443,0.0276400365837528,0.0270638105740305,0.0005104892936293,2013-03-16T13:50:31,0.0160324438331171,0.0148763531240453,0.0147466892950832,0.0120492006363677,0.0010610201996788,0.0357601274151217,0.0345029499699339,0.0345316812782309,0.0306690666036489,0.00156338313541,68_1_BOA_LE07_228062_20130316,0.975335289351852,LD7,False
65,0.645,6.097,"< 0,01",73.0,1,4.544,69,-2.242784,LG,-55.066126,I,0.4013,0.2747,"< 0,001",0.0445,0.0475,45,0.2,2.42,34.00000000000003,2.593,10.0,41.55,R,0.0145764490454851,0.0095540819836955,0.0100953032094852,0.0053873527763309,0.0026866873609098,9,2013-03-18 09:15:00,-1.8086686226851847,0.0239395981835013,0.0165965496853745,0.0159710238022542,0.0136194841321317,0.0034194427608033,2013-03-16T13:50:31,0.0221427283226851,0.0186304084849465,0.0169670778287032,0.0144864072138646,0.0024223513389896,0.030939238739506,0.0219537083130736,0.0210860923211547,0.0183250797434434,0.0041453839240744,69_1_BOA_LE07_228062_20130316,1.8086686226851847,LD7,False
67,,"< 0,01","< 0,01",89.0,1,3.118,70,-2.180361111111111,AM,-55.016444444444446,I,0.3603,0.3125,4.19,0.15288000000000002,0.1619,46,0.2,1.91,107.19999999999996,7.308,,,R,0.01905353047174,0.0171054407115482,0.0176404886233741,0.0141684378674994,0.0016241489105154,6,2013-03-18 09:00:00,7.197405104166666,0.0280986941619503,0.0270369911878228,0.0272306972898893,0.0237357777983548,0.0014562703578129,2013-03-25T13:44:15,0.024319839571566,0.0234281824039046,0.024066814418751,0.0202375903895371,0.0015822684096484,0.0371107499382957,0.0360831477473705,0.0362868987925922,0.0320364327336226,0.0015733094273447,70_1_BOA_LE07_227062_20130325,7.197405104166666,LD7,False
0,1.9066666666666665,9.32688,0.9149999999999994,22.92,1,3.89,71,-2.258797,PQ,-55.623565,II,0.2193,0.2243,0.14800000000000013,"< 0,01",0.0362990727954231,9,0.2,3.17,14.750000000000004,4.038,5.1,27.26666666666667,F,0.0054715050515541,0.0050266892803894,0.0049085731962756,0.0048807224941292,0.0001845926350755,9,2013-09-08 14:45:00,7.965948113425926,0.0132331368928793,0.0126666964018695,0.0126203059089618,0.0123502945967035,0.0002830551102718,2013-09-16T13:55:57,0.0042370623667681,0.0041588600808104,0.0041780760840518,0.0040311960259366,6.304684301094499e-05,0.0164868340909333,0.0153065609485267,0.0151758752314857,0.0148481622869584,0.0005038983798746,71_1_BOA_LC08_228061_20130916,7.965948113425926,LD8,True
4,2.216666666666667,44.738425,0.8987750000000037,22.92,1,4.38,73,-2.251349,PQ,-55.543966,II,0.3108,0.2989,0.2160000000000002,0.053450827896426946,0.060958768987966,7,0.2,3.21,26.99999999999997,4.596,4.2,19.3,F,0.0083232542364785,0.0053513712741965,0.0065696768640579,0.0005866971168739,0.0026908960586087,8,2013-09-09 11:15:00,7.11178144675926,0.0136946004445745,0.0117280205467721,0.0130577195658568,0.0078889202013648,0.0020442789747654,2013-09-16T13:55:57,0.0123676850425354,0.0100093956073567,0.0099031180854638,0.0089371113341305,0.0011447388027157,0.0142055799279506,0.0121445481180303,0.013450054806018,0.0081920671411424,0.0021425240574871,73_1_BOA_LC08_228061_20130916,7.11178144675926,LD8,False
6,1.923333333333333,12.12682,0.8066000000000019,22.92,1,4.119,74,-2.240289,PQ,-55.582417,II,0.2746,0.2767,0.06500000000000039,0.04762399020573551,0.0548431643322154,8,0.2,3.31,19.999999999999982,4.184,4.2,22.666666666666668,F,0.0056489537471735,0.0050953252234998,0.0052399346806903,0.0040844955831283,0.000506192468889,9,2013-09-09 10:20:00,7.149975891203704,0.0131986201667362,0.0125955457021985,0.0127471419444153,0.0120054072456682,0.0003530289804805,2013-09-16T13:55:57,0.0054457537262096,0.0046619271659597,0.004573625166564,0.0041976833280917,0.0004026469474481,0.0149694109029233,0.0143652570279512,0.0145391021975195,0.0136057946185738,0.0004633715064295,74_1_BOA_LC08_228061_20130916,7.149975891203704,LD8,True
8,2.335,157.77267999999998,0.35940000000002303,22.92,1,6.79,75,-2.251349,PQ,-55.492699,II,0.5651,0.6089,0.32899999999999974,0.022063812770996755,0.0526731110672716,11,0.2,3.3,22.000000000000004,7.119,4.3,40.35,F,0.0044703361131134,0.0024474304504854,0.0024590490974951,0.0020308207551151,0.000907766042977,9,2013-09-09 14:15:00,6.98678144675926,0.0124134441324477,0.0104892307074625,0.0103584021033834,0.0102201862948982,0.000842500028249,2013-09-16T13:55:57,0.0048455757835989,0.0039947174103943,0.004108520678459,0.0012862776617852,0.0009501502265854,0.0127951439469393,0.0107206738120597,0.0106743286721604,0.0102211322669405,0.0008910867162201,75_1_BOA_LC08_228061_20130916,6.98678144675926,LD8,False
10,1.7683333333333335,24.077300000000005,1.2062199999999983,22.92,1,4.01,76,-2.251349,PQ,-55.492699,II,0.2601,0.2496,0.3390000000000004,0.026500991486416138,0.0331426316827776,12,0.2,3.01,13.750000000000012,4.349,2.5,43.81666666666666,F,0.0044703361131134,0.0024474304504854,0.0024590490974951,0.0020308207551151,0.000907766042977,9,2013-09-09 12:45:00,7.04928144675926,0.0124134441324477,0.0104892307074625,0.0103584021033834,0.0102201862948982,0.000842500028249,2013-09-16T13:55:57,0.0048455757835989,0.0039947174103943,0.004108520678459,0.0012862776617852,0.0009501502265854,0.0127951439469393,0.0107206738120597,0.0106743286721604,0.0102211322669405,0.0008910867162201,76_1_BOA_LC08_228061_20130916,7.04928144675926,LD8,False
16,,35.18269999999999,0.909375000000005,22.92,1,3.903,79,-2.205757,LG,-55.347217,II,0.3243,0.3032,0.40600000000000014,0.03938122862054899,0.0483330045373841,5,0.2,3.3,34.8,4.309,4.6,,F,0.0116055657924318,0.0113829117149878,0.0113744090940496,0.0111521516573584,0.0001511210397019,9,2013-09-10 09:00:00,6.20553144675926,0.023812216927603,0.0235101824659357,0.0236205711914502,0.0230927087772359,0.0002584639381706,2013-09-16T13:55:57,0.0060141617572271,0.005831621457927,0.005831777809196,0.0055649289693657,0.0001443937602698,0.0213055422370913,0.0209892179674284,0.0210958754014612,0.0203210982096915,0.000333507392431,79_1_BOA_LC08_228061_20130916,6.20553144675926,LD8,True
18,1.405,39.16165,"< 0,01",22.92,1,3.032,80,-2.173257,GP,-55.372851,II,0.2384,0.2653999999999999,0.365,"< 0,01",0.0353126849477214,39,0.2,2.99,29.99999999999997,3.397,4.7,35.55,F,0.0070306102926086,0.0059772215650728,0.0053478812459124,0.0050530587699988,0.000640447144764,7,2013-09-10 11:45:00,6.090948113425926,0.018364349424542,0.0180307148958658,0.0177754957857118,0.0174740313439422,0.0002562542562474,2013-09-16T13:55:57,0.0051942429275323,0.0044907575877222,0.0041055790960671,0.0035455553708525,0.0005306548034648,0.0170471005396115,0.0166188003826624,0.0162717149118658,0.0161433392547316,0.0002784299889903,80_1_BOA_LC08_228061_20130916,6.090948113425926,LD8,True
88,1.4249999999999998,20.15526666666667,0.5840333333333353,1.0,1,3.0620000000000003,81,-2.135144,GP,-55.370602,II,0.2496,0.217,0.22099999999999964,"< 0,01",0.0392582363385283,40,0.2,3.09,38.40000000000005,3.283,4.7,43.5,F,0.0086014884635135,0.0075914250367863,0.0078005997449056,0.0071152959695628,0.0004052022371872,9,2013-09-10 14:00:00,13.992860138888888,0.0233302796092406,0.0220477259604022,0.0221547526178634,0.0214147262621559,0.000546671089736,2013-09-24T13:49:43,0.0123409538771417,0.0114664869021385,0.0116289975446451,0.0112105305826031,0.000331391947882,0.0318913845771502,0.0305865618519489,0.0307473346070512,0.0297293830531717,0.0006153381205085,81_1_BOA_LE07_228061_20130924,13.992860138888888,LD7,False
89,0.963181818181818,17.572000000000006,"< 0,01",1.0,1,2.891,82,-2.113672,GP,-55.370602,II,0.2512,0.2328,0.4730000000000003,0.04098514140438045,0.0430065101597948,41,0.2,3.03,43.99999999999999,3.364,2.6,25.731818181818177,F,0.0071984487953102,0.0046030576140202,0.0053394882472885,0.0006470318376981,0.0018982078106583,9,2013-09-10 14:40:00,13.965082361111111,0.022747074543829,0.0196086842126214,0.0204083684385879,0.0158060434243139,0.0021667420408118,2013-09-24T13:49:43,0.017129440697268,0.0147850042378702,0.0142269727636957,0.0132723770240118,0.0012703913756364,0.0326751995258421,0.0288969959308841,0.0299744654663768,0.0246238182298455,0.0024936496771474,82_1_BOA_LE07_228061_20130924,13.965082361111111,LD7,False
20,1.471111111111111,85.3848,"< 0,01",22.92,1,4.075,83,-2.115929,GP,-55.447053,II,0.4322,0.3875,0.2160000000000002,0.03429211675300148,0.0568159400276188,47,0.2,2.45,29.200000000000003,4.291,4.2,40.077777777777776,F,0.010554799647943,0.0091653467503273,0.0097612757038206,0.0079336033560965,0.0009469351692075,9,2013-09-10 17:15:00,5.86178144675926,0.0227744296467648,0.0192882871388019,0.0196786396768943,0.0167822647981354,0.0016943944111956,2013-09-16T13:55:57,0.0049668210394819,0.0040545143447286,0.004530357483004,0.0034449908474451,0.0005703293531099,0.0194459960700663,0.016335859689123,0.0170721750366752,0.0142042816056384,0.0015706104910804,83_1_BOA_LC08_228061_20130916,5.86178144675926,LD8,True
21,1.72,43.31135555555555,"< 0,01",22.92,1,4.627,86,-2.170323,GP,-55.493823,II,0.3353,0.3041,0.391,0.037088183073584524,0.0370881830735845,14,0.2,3.31,35.66666666666667,5.018,3.3,30.299999999999997,F,0.010549342496601,0.0102057780742704,0.0101656907636856,0.0099209419696596,0.000182328828786,9,2013-09-11 18:00:00,4.83053144675926,0.0226253670085165,0.0222993476604124,0.0222795945682848,0.022082010257728,0.000173609957215,2013-09-16T13:55:57,0.004739096953998,0.0045018400295766,0.0044557690262628,0.0043275702262568,0.0001447115737841,0.0218962032010927,0.021700773457843,0.0217501279480885,0.0213679562662674,0.0001734624683344,86_1_BOA_LC08_228061_20130916,4.83053144675926,LD8,False
23,1.14,62.85435,"< 0,01",22.92,1,4.913,87,-2.133265,GP,-55.488798,II,0.2753,0.317,0.009999999999999787,0.04734661668968238,0.0473466166896823,15,0.2,3.27,26.99999999999999,4.923,2.6,30.5,F,0.0141714291801504,0.0134422497078685,0.0133891256570102,0.0129334096500957,0.0003953749606981,9,2013-09-11 15:00:00,4.95553144675926,0.0270386235371937,0.0264827240108857,0.0263902028446755,0.0259678704671337,0.0002735221229007,2013-09-16T13:55:57,0.0068102257068906,0.0060513324009121,0.006070292324437,0.0053598686916847,0.0003833973778594,0.0268146220998563,0.0255032652880248,0.025436694676259,0.0247486056031237,0.0007522660352567,87_1_BOA_LC08_228061_20130916,4.95553144675926,LD8,False
95,1.3924999999999998,18.88723333333333,"< 0,01",1.0,1,3.847,88,-2.070564,SN,-55.486853,II,0.2503,0.2128999999999999,0.22099999999999964,0.037337072967122444,0.0633260998224501,16,0.2,3.19,40.00000000000004,4.068,4.3,92.2375,F,0.0046688600189281,0.0040710485325234,0.0042159510470954,0.0036128262142721,0.0002893150616131,9,2013-09-11 10:00:00,13.159526805555556,0.0180753263298633,0.0166641422195158,0.0169322644924258,0.0157067965811617,0.0007471172093238,2013-09-24T13:49:43,0.0078350581517861,0.0060426351897786,0.0061298362163149,0.0051378081348046,0.0007432345971798,0.0268267329796617,0.0259047510509248,0.0257847283789625,0.0254340026238194,0.0004303796743494,88_1_BOA_LE07_228061_20130924,13.159526805555556,LD7,False
96,1.545,26.173533333333335,8.715333333333335,1.0,1,3.887,89,-2.037612,SN,-55.486403,II,0.2935,0.2751,0.1759999999999997,0.051378074685995125,0.0747681988557901,17,0.2,3.53,70.5,4.063,2.5,73.6,F,0.0061798704330771,0.0036095610966611,0.0045340034621139,-0.0135020127547125,0.0057809457473113,9,2013-09-11 08:30:00,13.222026805555556,0.0204393823700908,0.0187121742382128,0.0192518689834254,0.0012301543388602,0.0058861255499645,2013-09-24T13:49:43,0.0147818512155759,0.0119114960682905,0.0113796161083138,0.0099626342975501,0.0014151376308944,0.0321626007717792,0.0307612254911197,0.0317218781163808,0.013257917258937,0.0058499905196518,89_1_BOA_LE07_228061_20130924,13.222026805555556,LD7,False
97,1.43,41.450433333333336,"< 0,01",1.0,1,4.788,92,-2.078954,SN,-55.526778,II,0.4616,0.3773,0.806,0.05750518672524191,0.0933122903925823,18,0.2,3.61,73.99999999999996,5.594,4.1,86.6,F,0.0096092048170023,0.0085324007644791,0.0085784548555338,0.0079585540247579,0.0004642445810438,9,2013-09-11 11:10:00,13.110915694444444,0.0228927234772485,0.0222751825181445,0.0222362461966215,0.0217926924439674,0.0003644830576977,2013-09-24T13:49:43,0.0184176607347178,0.0178184465418668,0.0177975260918279,0.0172114758469129,0.0003674868687496,0.0337244114865444,0.0329612671020252,0.0330815290540623,0.0320639806754708,0.0005156018919626,92_1_BOA_LE07_228061_20130924,13.110915694444444,LD7,False
98,1.34,62.903999999999996,"< 0,01",1.0,1,5.195,93,-2.095675,SN,-55.488855,II,0.424,0.3586,0.7709999999999999,0.07792475390292565,0.0978496744920102,19,0.2,3.7,64.99999999999999,5.966,3.8,74.65,F,0.0084572279812033,0.007609791829444,0.0076100650930547,0.0068932461642812,0.0005134465927945,9,2013-09-11 13:30:00,13.013693472222222,0.022724881688707,0.0224480993963475,0.0225364096303485,0.0218415987610318,0.0003095857277875,2013-09-24T13:49:43,0.0172377504405099,0.0160974873856249,0.0162406492591824,0.0149851482247359,0.0006517230650455,0.0321619262690681,0.031203446916155,0.0310638941102471,0.0304363074873959,0.0006266013068598,93_1_BOA_LE07_228061_20130924,13.013693472222222,LD7,False
26,1.42,92.44123333333332,"< 0,01",22.92,1,5.614,97,-2.151079,PC,-55.565754,II,0.5322,0.5435,"< 0,001",0.04733533717516637,0.0747681988557901,20,0.2,3.5,34.999999999999986,5.547,4.6,53.2,F,0.0146738576918899,0.0143232592862213,0.0143205871679323,0.0141578267512045,0.0001642933890238,9,2013-09-12 09:00:00,4.20553144675926,0.0277228030615758,0.0275267311619722,0.027519643126716,0.0274072994401903,0.0001042347541681,2013-09-16T13:55:57,0.0107040898876842,0.0103331431818982,0.0104539380174608,0.0102408165071626,0.0001363573368755,0.0241439348256357,0.0236760277167214,0.023660964614585,0.0232516262124309,0.0002599178884805,97_1_BOA_LC08_228061_20130916,4.20553144675926,LD8,True
28,1.62,117.47905,"< 0,01",22.92,1,3.991,98,-2.173808,PD,-55.59809,II,0.3008,0.3056,0.9339999999999997,0.0445190474825975,0.0578023278753205,21,0.2,3.46,36.499999999999936,4.925,4.0,28.85,F,0.0142679645828655,0.0141359074619024,0.0141805808479419,0.0138346316973371,0.0001307881408779,9,2013-09-12 17:30:00,3.851364780092593,0.0274177910444299,0.0271473494725388,0.0272848909887648,0.0265947666849679,0.0002586200297602,2013-09-16T13:55:57,0.0076942853134956,0.0075287829569138,0.0075676950442783,0.0072873232027464,0.0001206001585621,0.0296796964937435,0.0290741287229978,0.0294117402216375,0.0278056472636708,0.0005803532097526,98_1_BOA_LC08_228061_20130916,3.851364780092593,LD8,True
30,0.8863636363636364,21.022080000000003,"< 0,01",22.92,1,3.262,99,-2.116737,PC,-55.692899,II,0.3353,0.2919,0.6080000000000001,"< 0,01",0.0662852633655553,26,0.2,3.22,81.00000000000003,3.87,4.0,94.26363636363635,F,0.0190202817024901,0.0152970232456941,0.0147710193837417,0.0125723504403571,0.0022946506199674,9,2013-09-12 13:30:00,4.01803144675926,0.0276053249771111,0.0238640302971819,0.0246403379721831,0.021704541869311,0.0019054370196561,2013-09-16T13:55:57,0.016630158419328,0.012686109528164,0.0121239355699797,0.0102175715852235,0.0021580725519817,0.0341014182869422,0.0292329824771089,0.0295449215365623,0.0264954626558555,0.002472051670202,99_1_BOA_LC08_228061_20130916,4.01803144675926,LD8,True
36,1.3375,74.50572,6.421440000000013,22.92,1,3.393,102,-2.150581,PC,-55.714166,II,0.4160999999999999,0.3956,0.40600000000000014,"< 0,01",0.1236930361017952,27,0.2,3.17,72.49999999999999,3.799,4.0,87.16250000000001,F,0.0162511077664954,0.0156891613831639,0.0159703248231833,0.0139743274652468,0.0007143834929401,9,2013-09-12 14:30:00,3.976364780092593,0.0308091240824665,0.0303310571334473,0.030578988878696,0.0289570743723549,0.0006118758349238,2013-09-16T13:55:57,0.0186613162363665,0.0177380938929176,0.0176449961658075,0.0168868895118365,0.0005101959963154,0.0336102710165526,0.0328051616819988,0.032762976733554,0.0310393066342025,0.0008059128987665,102_1_BOA_LC08_228061_20130916,3.976364780092593,LD8,True
114,1.25,36.818200000000004,0.09373333333333386,1.0,1,5.697,103,-2.152492,PC,-55.676202,II,0.2185,0.1974,0.03200000000000003,0.0020245019538910475,0.0479384493983034,28,0.2,2.89,45.99999999999999,5.729,4.0,56.9,F,0.0117946948988763,0.0096294496604226,0.0091557784965032,0.0073836359932674,0.0014258059249655,9,2013-09-12 15:45:00,11.919943472222222,0.0260112001128201,0.0237426027846651,0.0232748946488317,0.0220583125271305,0.0012236030210586,2013-09-24T13:49:43,0.0200566162886677,0.0181231959893562,0.0180334564102863,0.016701037771936,0.001115316366722,0.0356720337873689,0.0338054847149946,0.0334817660241583,0.0323417820218617,0.0011751828987636,103_1_BOA_LE07_228061_20130924,11.919943472222222,LD7,False
38,0.98,34.81416666666667,0,22.92,1,3.119,104,-2.131452,PC,-55.657457,II,0.2874,0.2996999999999999,0.21599999999999975,"< 0,01",0.0473466166896823,29,0.2,2.83,43.500000000000064,3.335,4.3,41.7,F,0.0239042230705242,0.0142172599707045,0.0133656964799176,0.008403257225916,0.0043707193288218,9,2013-09-12 12:00:00,4.08053144675926,0.0360237916796841,0.0290601450286717,0.0280550532848773,0.0235879177291234,0.0036260387483984,2013-09-16T13:55:57,0.0126846787567465,0.0073429386058066,0.0068222766556191,0.0033785889039875,0.0025857256045746,0.0414118060232191,0.031908446178073,0.0307302154310735,0.0249720813311547,0.0047075179392268,104_1_BOA_LC08_228061_20130916,4.08053144675926,LD8,True
40,1.26,19.50157777777778,0.9598666666666664,22.92,1,2.913,105,-2.1572,SL,-55.805249,II,0.1871,0.1752,0.06500000000000039,0.010595907575658065,0.028210692444269,30,0.2,2.76,38.00000000000003,2.978,3.7,16.9,F,0.0051092834897123,0.0041823418248383,0.0042399784157689,0.0032388150598278,0.0006463691021888,9,2013-09-13 14:00:00,2.997198113425926,0.009388784700861,0.0088225301321673,0.0085700220773591,0.0080225765302275,0.0004478391211289,2013-09-16T13:55:57,0.002365446101622,0.001677309024724,0.0017899728544543,0.0008021611275308,0.0005682931971821,0.0109679495011405,0.0103398818816462,0.0102463501450381,0.0094846307680884,0.0004605807881365,105_1_BOA_LC08_228061_20130916,2.997198113425926,LD8,False
120,1.98,21.01435,1.109466666666668,1.0,1,2.813,106,-2.219976,SL,-55.808397,II,0.2096,0.2117,0.14800000000000013,"< 0,01",0.0071019925034523,31,0.2,2.15,12.28571428571428,2.9610000000000003,3.7,27.9,F,0.0013907155956758,0.0001232701140589,0.000349096112253,-0.0009522449991696,0.0006936598377154,9,2013-09-13 15:00:00,10.951193472222222,0.0095327047265961,0.0087891356580539,0.0087122648392408,0.008430455966232,0.0003490394771726,2013-09-24T13:49:43,0.0041977073114105,0.0038659596444125,0.0039377099727302,0.0035064385092751,0.0001815040996498,0.0118406703526669,0.0106581127546454,0.0104446655032384,0.0101400190460702,0.0005709697238832,106_1_BOA_LE07_228061_20130924,10.951193472222222,LD7,False
43,1.6755555555555557,32.11915,1.6480250000000034,22.92,1,2.954,107,-2.177378,SL,-55.806321,II,0.2357,0.243,0.32899999999999974,0.013926839359831737,0.046557506411521,33,0.2,2.75,28.499999999999982,3.283,4.0,35.42222222222223,F,0.0411225659713044,0.0059457482943139,0.0062908406811553,-0.0138166490933038,0.017257854053414,9,2013-09-13 16:30:00,2.893031446759259,0.0258315594851478,0.0176220790487715,0.0191932555037598,0.008086042832164,0.0057661397030629,2013-09-16T13:55:57,0.0262592827813911,0.0035242607655088,0.0051999269024464,-0.0106056518600407,0.0109850788993042,0.0354494581175664,0.0218586262924591,0.023815404338308,0.0089742373954587,0.0085124031586431,107_1_BOA_LC08_228061_20130916,2.893031446759259,LD8,False
132,0.8333333333333334,31.679624999999998,"< 0,01",1.0,1,3.113,112,-2.142593,PC,-55.625756,II,0.4069,0.2695,0.06600000000000072,0.05052316723982363,0.067271651213257,22,0.2,2.54,41.50000000000001,3.1790000000000007,4.3,64.76666666666667,F,0.0104511738872567,0.0093643785659066,0.0095610360928445,0.0072778947576295,0.0010515924452399,9,2013-09-14 13:40:00,10.006749027777778,0.02444144759148,0.0231039365582655,0.0233146316740392,0.020694469025723,0.0012602588346785,2013-09-24T13:49:43,0.0127474714373395,0.0114870713763776,0.0116921894078527,0.0089551600175619,0.00118705712216,0.0336470481611473,0.0325231386494087,0.0323839305803989,0.0304119286504375,0.0009723821029308,112_1_BOA_LE07_228061_20130924,10.006749027777778,LD7,False
51,1.709,21.987933333333338,"< 0,01",22.92,1,3.107,114,-2.112532,PC,-55.621423,II,0.2885999999999999,0.2481,0.133,0.009263899452356783,0.0846320773328072,24,0.2,2.91,68.49999999999994,3.24,4.3,12.24,F,0.0068850515299581,0.0067945996611646,0.00570406545923,0.0023523797511896,0.0015582094610856,5,2013-09-14 15:00:00,1.9555314467592595,0.0245900171761045,0.0240977478477517,0.0229544413472357,0.0210604684939779,0.0012803804126527,2013-09-16T13:55:57,0.0023175907116819,0.0016150566210635,0.001131225626504,-0.0007005244513459,0.0011297359874944,0.0291849359489438,0.0283472245660651,0.0266695603291926,0.0245713810290433,0.0016767472480047,114_1_BOA_LC08_228061_20130916,1.9555314467592595,LD8,True
52,1.4266666666666663,20.3337,0.8227000000000012,22.92,1,2.797,115,-2.201618,SL,-55.792751,II,0.2246,0.2296,0.16,"< 0,01",0.0165713158413888,32,0.2,2.35,15.500000000000028,2.9570000000000003,4.0,28.066666666666666,F,0.0103403717022808,0.0037273948570362,0.0035197276851102,-0.0006554355138505,0.0033667919296403,9,2013-09-14 07:30:00,2.268031446759259,0.0124587269909068,0.0090732476412406,0.0087351294503903,0.0077112373836745,0.0016359489090046,2013-09-16T13:55:57,0.0077808097160847,0.0024030787328977,0.0018271655325427,-0.0010635243862831,0.0027995215190807,0.0133092789660195,0.0091660704300264,0.0088591144491244,0.0073240852877474,0.0019665392542338,115_1_BOA_LC08_228061_20130916,2.268031446759259,LD8,True
54,1.76,23.711599999999997,0.692628571428573,22.92,1,3.019,116,-2.162501,SL,-55.744975,II,0.1861,0.2152,0.3390000000000004,0.011001856163744828,0.0211086999408167,34,0.2,2.79,28.000000000000025,3.3580000000000005,4.3,25.45,F,0.011979496514437,0.0118994396171465,0.0118708143221485,0.0117324793265714,7.557743121727422e-05,9,2013-09-14 10:00:00,2.1638647800925925,0.0231759827737585,0.0230275607961489,0.0229590603396306,0.0228295777878926,9.575267989816168e-05,2013-09-16T13:55:57,0.0046388773522008,0.0045179950759935,0.0044676538433026,0.0042421722723389,0.0001450522358597,0.0264823172737981,0.0261387064324135,0.0259810644870388,0.0257460935290234,0.0002237167720944,116_1_BOA_LC08_228061_20130916,2.1638647800925925,LD8,True
60,3.27,55.9252,"< 0,01",22.92,1,5.501,120,-2.262013,PQ,-55.456187,II,0.533,0.4195,0.806,0.04280074447074496,0.0583941605839416,13,0.2,3.36,29.19999999999995,6.307,3.9,59.21666666666666,F,0.0055296782056709,0.0054312851445746,0.0054223613000129,0.0053633065623011,5.75588321183106e-05,9,2013-09-15 16:30:00,0.8930314467592593,0.0162555498876831,0.0159678323848361,0.0159837492435289,0.0157665224854227,0.000153250314464,2013-09-16T13:55:57,0.0041116597190258,0.0040392038292911,0.0040483048305625,0.0038886058319583,7.167527723792891e-05,0.0139879595395319,0.0138133835268036,0.0138270247788178,0.0135781207129823,0.0001420569501412,120_1_BOA_LC08_228061_20130916,0.8930314467592593,LD8,True
62,1.9833333333333332,17.330325,"< 0,01",22.92,1,3.022,121,-2.20666,PD,-55.623562,II,0.2823,0.2452,0.39400000000000013,"< 0,01",0.0388636811994476,25,0.2,2.54,30.799999999999997,3.416,3.3,11.633333333333335,F,0.0081269692306524,0.0074229622638545,0.0074489899028103,0.0069311817787775,0.0003723882925185,9,2013-09-15 09:00:00,1.2055314467592593,0.0203616821208373,0.0197249554065774,0.0197168848695604,0.0191725185778978,0.0003708725533342,2013-09-16T13:55:57,0.0060676807134497,0.0058557901766035,0.0058453261867445,0.0054159329015595,0.000177716819235,0.0217316522688266,0.0213474155068708,0.0214182445685923,0.0208008764344048,0.0002692090250514,121_1_BOA_LC08_228061_20130916,1.2055314467592593,LD8,False
64,1.2900000000000005,85.8194,"< 0,01",22.92,1,2.982,122,-2.178437,PD,-55.633239,II,0.3779999999999999,0.2645,0.47,"< 0,01",0.0487275596764647,36,0.2,2.75,32.00000000000003,3.452,3.9,38.18,F,0.0128790930578569,0.0125954903448203,0.0125447647149235,0.012298889803675,0.0001794576285204,9,2013-09-15 10:15:00,1.153448113425926,0.0263043911962391,0.026153520571702,0.0261382885075244,0.0259849876097376,0.0001134147186426,2013-09-16T13:55:57,0.0064385653171862,0.0062488592746511,0.0062181461556438,0.0061993628795489,8.327041747873385e-05,0.0262847296671756,0.0258667900114444,0.026015774904301,0.0246629702310562,0.0005276836073166,122_1_BOA_LC08_228061_20130916,1.153448113425926,LD8,False
66,2.3765853658536584,44.1313,"< 0,01",22.92,1,4.684,123,-2.238955,LG,-55.33916,II,0.3826,0.3949,0.03200000000000003,0.05707041271116975,0.0593805484316433,6,0.2,3.49,35.99999999999998,4.716,,25.726829268292686,F,0.0113795361214436,0.0111649961645069,0.0112465964032507,0.0106640007580739,0.0002041426650957,9,2013-09-16 10:30:00,0.1430314467592592,0.0243413651502578,0.0239909518520374,0.0240797934965247,0.0234551802004557,0.0002706704500734,2013-09-16T13:55:57,0.0063663704566066,0.0061492428441347,0.0061232102701257,0.0058197199028572,0.0001460009552287,0.0245592903470639,0.0242485562547268,0.0242423990379638,0.0240072387091756,0.0001708600301322,123_1_BOA_LC08_228061_20130916,0.1430314467592592,LD8,False
68,1.4875000000000005,147.07165714285713,"< 0,01",22.92,1,4.111,124,-2.307096,LG,-55.373301,II,0.57,0.5253,0.44200000000000017,0.01686589346544115,0.0327480765436969,37,0.2,2.83,27.00000000000001,4.553,3.5,44.5625,F,0.0048221051263403,0.004636682133292,0.0045957655745966,0.0045011371069427,0.0001149860606687,9,2013-09-16 13:30:00,0.0180314467592592,0.0161003680891609,0.0159098274367748,0.0159500876434049,0.0157638348802875,0.000121657079106,2013-09-16T13:55:57,0.0061897914875931,0.0060390025728879,0.0061061226490926,0.00579303798639,0.0001375124215008,0.0109096191969383,0.010781452504645,0.0107870557651524,0.0105538503954526,0.0001073584448403,124_1_BOA_LC08_228061_20130916,0.0180314467592592,LD8,True
74,1.4622222222222223,105.10323333333336,"< 0,01",22.92,1,3.586,127,-2.255185,LG,-55.376673,II,0.4379,0.386,0.391,0.021320504157839842,0.0617478792661274,38,0.2,2.89,33.499999999999986,3.977,4.1,58.44444444444444,F,0.0100315716206952,0.0099176663364724,0.0099200019870771,0.0097698209679234,8.463440607526702e-05,9,2013-09-16 11:30:00,0.1013647800925925,0.0226576758199541,0.022295899508831,0.0222039660955481,0.0219874082579979,0.0002387834076422,2013-09-16T13:55:57,0.0063990749973798,0.0063432055359016,0.0063583900961154,0.0062634537789354,4.0440540558061656e-05,0.0214764212934218,0.0211264384418561,0.0211540615976081,0.020731584526634,0.0002670804707751,127_1_BOA_LC08_228061_20130916,0.1013647800925925,LD8,True
86,1.7122222222222223,56.16885,0.7451000000000026,28.02,1,4.002,130,-2.245385,LG,-55.24066,II,0.3699,0.2717,0.133,0.027618859735648055,0.027618859735648,2,0.2,3.2,4.571428571428583,4.135,3.7,12.233333333333334,F,0.0039525981052833,0.0034023226917951,0.0033702903961623,0.0030612663568011,0.000277113848191,9,2013-09-17 12:50:00,-0.953913912037037,0.0143569157996554,0.0137076539552576,0.0138580991851044,0.0130129168052937,0.0004452174149052,2013-09-16T13:56:21,0.003435522624137,0.0030996324620991,0.0030602208436194,0.0027352357724069,0.0002374341537728,0.0111317593483788,0.0105196243983715,0.0105790474787942,0.009884947628985,0.000369217062934,130_1_BOA_LC08_228062_20130916,0.953913912037037,LD8,False
89,1.4375,99.3413,3.03235,28.02,1,4.778,131,-2.19696,LG,-55.29953,II,0.4265,0.3951999999999999,0.4460000000000006,0.026172461384325697,0.0793055829552179,3,0.2,3.54,50.4,5.224,2.3,61.05,F,0.0133415121212232,0.0086975635264936,0.0108952314929561,-0.0098097451294196,0.0073927399176984,9,2013-09-17 13:30:00,-0.9816916898148148,0.0271690414391907,0.0225439710847563,0.0261347242159606,0.0034689619145923,0.007497555809124,2013-09-16T13:56:21,0.029496073913337,0.012143987462579,0.0087182748396468,0.0084179373640609,0.0067826955108679,0.0273443501893633,0.0214447737020656,0.0253022456733813,-0.0001149178337675,0.0085350350063397,131_1_BOA_LC08_228062_20130916,0.9816916898148148,LD8,False
92,1.138,101.60123333333335,"< 0,01",28.02,1,5.484,132,-2.221738,LG,-55.270194,II,0.4802,0.4431,0.5460000000000003,0.054851766386215015,0.0591832708621029,4,0.2,3.3,27.60000000000001,6.03,4.3,32.28,F,0.0086649473358129,0.0082452245076693,0.0082406532501067,0.0080022810152428,0.0001969306348591,9,2013-09-17 15:45:00,-1.075441689814815,0.0218546455372959,0.0215018252688652,0.0215193451224079,0.0212776860203102,0.0001991780613363,2013-09-16T13:56:21,0.0042228470830336,0.004016170908798,0.0040283020864696,0.0037543527136108,0.0001379925147126,0.0183472374140146,0.0180085155331894,0.0180257174998149,0.0177517999618556,0.0001940531024471,132_1_BOA_LC08_228062_20130916,1.075441689814815,LD8,False
94,0.8775,21.00685,"< 0,01",32.66,1,2.982,133,-2.166034,LG,-55.233215,II,0.2330999999999999,0.2236,0.22699999999999987,0.050895049415382206,0.1025843361609785,42,0.2,3.18,68.49999999999994,3.209,3.0,36.55,F,0.0110671551115713,0.003954119614233,0.0094373742721898,-0.0126152243739677,0.007051662408028,9,2013-09-17 11:45:00,15.090890405092592,0.0255644693590669,0.0179713767498438,0.0239550886698893,-0.0011471753079292,0.0081994556022033,2013-10-02T13:55:52,0.0237447440910515,0.0132372269851545,0.0099938195130917,0.0082339571678567,0.0046372211786153,0.0339636317226264,0.0241907398577833,0.0322461139035249,0.0007502697140373,0.0101290719783953,133_1_BOA_LC08_228061_20131002,15.090890405092592,LD8,False
105,0.84375,72.77955,"< 0,01",28.02,1,3.333,136,-2.2035,LG,-55.236138,II,0.2784,0.247,0.806,0.03649635036496351,0.0364963503649635,43,0.2,3.09,23.000000000000032,4.139,4.3,15.8875,F,0.0089163650935684,0.0086431519105903,0.008653817859024,0.0084072778197029,0.0001439089480923,9,2013-09-17 10:45:00,-0.8671083564814814,0.0218748311221987,0.021711780628562,0.0217274115206211,0.0216042286040051,9.011924705945072e-05,2013-09-16T13:56:21,0.0036263680206631,0.0034719605644701,0.0034913987064974,0.0032997048369276,0.0001015492490044,0.0178975557596198,0.0177128024930341,0.0177450585692428,0.0175520042704114,0.0001008706630189,136_1_BOA_LC08_228062_20130916,0.8671083564814814,LD8,False
121,0.7395999999999999,46.7363,"< 0,01",28.02,1,4.503,140,-2.25127,LG,-55.14622,II,0.4538,0.3164,"< 0,001",0.027678960179155145,0.0380745709212862,1,0.2,3.34,23.999999999999996,4.083,3.7,24.791999999999998,F,0.0075324556882842,0.0074049577249744,0.0074376095568795,0.0071795424229013,0.0001041487512957,9,2013-09-18 11:09:05,-1.8838328935185185,0.0188615222236972,0.0187341470803583,0.0187444125325661,0.0186970628898772,4.898465088724563e-05,2013-09-16T13:56:21,0.0045336850288873,0.0044060471519947,0.0044292483395506,0.0042430903476409,9.988564035963629e-05,0.0158649715484771,0.0156477043588153,0.0156766799885455,0.0154730150998729,0.0001274529995627,140_1_BOA_LC08_228062_20130916,1.8838328935185185,LD8,False
132,1.14,8.426428571428573,0.07022857142857118,22.92,1,3.414,143,-2.180361111111111,AM,-55.016444444444446,II,0.2484,0.2683,0.03200000000000003,0.017457726174062167,0.033339909252318,46,0.2,2.4,35.60000000000002,3.446,,31.166666666666668,F,0.0056949018364684,0.005193593489093,0.0051596697128198,0.0045031811663999,0.0002922852282129,9,2013-09-18 15:00:00,-2.044468553240741,0.0164124006511819,0.0161948389421955,0.0162917643638178,0.0155871444064329,0.0002612233643725,2013-09-16T13:55:57,0.0047213923711387,0.0044853867524341,0.0044562929557041,0.0040566791497668,0.000196907698626,0.0247161457384758,0.0244581722365744,0.0245135903977489,0.0238699829592253,0.0002585861335047,143_1_BOA_LC08_228061_20130916,2.044468553240741,LD8,False
135,4.7,5.15204,2.8411999999999993,63.26,1,4.139333333333333,144,-2.262013,PQ,-55.456187,III,0.4400666666666666,0.3319666666666667,1.3036666666666668,0.06834267223537248,0.0616164161241533,13,0.2,2.11,6.000000000000013,5.4430000000000005,,60.29999999999999,HW,0.013175812284573,0.012192093837534,0.0118209113198099,0.01039505564273,0.0008509275128251,8,2014-05-27 17:30:00,2.8497108333333334,0.0131472546621992,0.0119259401023043,0.0117817286041946,0.0112006177338514,0.0005841811265007,2014-05-30T13:53:35,0.0089001014005329,0.0075203998457839,0.0076044205582539,0.0058737418147496,0.0009643684966462,0.0127132877035389,0.0111095072784856,0.0108037035229354,0.0099852971185989,0.0008937959968523,144_1_BOA_LC08_228061_20140530,2.8497108333333334,LD8,False
197,1.5109090909090908,4.527579999999999,1.08174,23.0,1,4.433,147,-2.251349,PQ,-55.543966,III,0.3165666666666666,0.1974333333333333,1.4610000000000003,0.05584591394821348,0.0717433338594068,7,0.2,2.09,8.857142857142874,5.894000000000001,,8.145454545454545,HW,0.0071137559063794,0.0063402426047776,0.0063937005679148,0.0052066088133163,0.0006987180763579,9,2014-05-28 14:30:00,9.973198344907408,0.0106558035786538,0.0100172718675285,0.0099563180604569,0.0093971427548393,0.0004158161540558,2014-06-07T13:51:24,0.0048365634972588,0.0040120407808621,0.0042448736563574,0.0026619225219453,0.0006093180468189,0.0131003471792375,0.011692166595599,0.0114922019079275,0.0107583083430636,0.0006521566326999,147_1_BOA_LE07_228061_20140607,9.973198344907408,LD7,False
199,1.4466666666666663,2.31972,"< 0,001",23.0,1,3.1946666666666665,148,-2.240289,PQ,-55.582417,III,0.3774,0.2368333333333333,1.495,0.06569389510286776,0.062208098046952,8,0.2,1.99,8.285714285714286,4.689666666666667,,7.883333333333333,HW,0.0073650708765659,0.0064356447673174,0.0063446574005806,0.0052661957020025,0.0007511578198442,9,2014-05-28 16:00:00,9.910698344907408,0.0103013499790629,0.008992019287004,0.0090304554594217,0.007839390938203,0.0008093639141656,2014-06-07T13:51:24,0.0054894299749802,0.0044629502430365,0.0044968349061172,0.0027437099326409,0.0008014073647835,0.0133135548073092,0.0115796102342108,0.0114166267492637,0.0102591956592382,0.0010790209878241,148_1_BOA_LE07_228061_20140607,9.910698344907408,LD7,False
150,0.76,1.8524000000000005,1.1229799999999992,71.25,1,3.715666666666667,149,-2.258797,PQ,-55.623565,III,0.4587666666666667,0.3643666666666667,0.7356666666666665,0.1366538,0.0785163578615111,9,0.2,2.1,6.599999999999994,4.451333333333333,,7.65,HW,0.0108780621576551,0.0054501903421305,0.0049726458167127,0.002117268887297,0.0025153741061894,9,2014-05-28 17:00:00,-14.129198229166668,0.0110716935586787,0.0072258015782397,0.0063121794817929,0.0029069901109764,0.0026989117262872,2014-05-14T13:53:57,0.0135225964946338,0.0055805717593655,0.0039595848591437,0.0019021133966717,0.0037241463865237,0.0132562743566001,0.0082902724460947,0.0070343621747706,0.0034948270294166,0.0033365480338242,149_1_BOA_LC08_228062_20140514,14.129198229166668,LD8,False
154,,4.60174,4.625920000000001,63.26,1,4.543,151,-2.229907,PQ,-55.495172,III,0.4998,0.4158,0.38949999999999996,0.022063812770996755,0.0598408939961859,11,0.2,1.76,10.571428571428555,4.561333333333333,,,HW,0.0141191007070851,0.0112751221914974,0.0110537485732676,0.0095539601781598,0.0016093067811918,9,2014-05-28 11:45:00,2.0892941666666665,0.0139094564387437,0.0128432032243175,0.0127589760963992,0.0122037739132976,0.0005436184622105,2014-05-30T13:53:35,0.0071510389958042,0.0046741314407175,0.0044017040362276,0.0032711459047306,0.0011499042242509,0.0149354594573725,0.0136741893619848,0.0134919522957642,0.0126868848196012,0.0007010678241092,151_1_BOA_LC08_228061_20140530,2.0892941666666665,LD8,False
158,1.336666666666667,4.8853,0.6357800000000002,63.26,1,3.161666666666666,152,-2.251349,PQ,-55.492699,III,0.3677333333333333,0.2867333333333333,1.3896666666666668,0.04496294574320807,0.0474781803116985,12,0.2,2.3,6.571428571428561,4.551333333333333,,4.566666666666666,HW,0.0070569565552442,0.0056023407661601,0.0060732835147103,0.0055257482841467,0.0004752664165844,6,2014-05-28 13:17:00,2.025405277777778,0.0052978037745175,0.0038354000189243,0.0039708872861435,0.0036878612453236,0.000526179191872,2014-05-30T13:53:35,0.0101757758562252,0.0104969082143828,0.0096366547776082,0.0084438400545038,0.0005792452561587,0.0038580415732926,0.0022019201505956,0.0022562788288662,0.001767326801805,0.0006616830566687,152_1_BOA_LC08_228061_20140530,2.025405277777778,LD8,True
210,0.7076923076923076,3.48264,2.6949199999999984,23.0,1,3.045,155,-2.170323,GP,-55.493823,III,0.3141666666666666,0.2564333333333333,0.9833333333333331,0.07734249153679226,0.0693100675346879,14,0.2,2.07,5.999999999999995,4.028333333333333,,14.561538461538465,HW,0.0086609899488808,0.0081430521508986,0.0081458460658765,0.0074393226066917,0.0003377401103019,9,2014-05-29 10:45:00,9.129448344907408,0.0148785568158186,0.014258171063035,0.0142654328871229,0.0136132638731712,0.0004102003799375,2014-06-07T13:51:24,0.0054099068710445,0.0051473118833393,0.0052626795188124,0.0047032082333823,0.0002037910129225,0.0211499494907929,0.0202313508535442,0.0202147805561874,0.0188664208877307,0.0006488001282609,155_1_BOA_LE07_228061_20140607,9.129448344907408,LD7,True
212,1.2133333333333332,4.207380000000001,3.029780000000002,23.0,1,3.7456666666666663,156,-2.133265,GP,-55.488798,III,0.3654,0.3019,1.191,0.07244995834484119,0.0666796721904386,15,0.2,2.34,20.85714285714286,4.936666666666667,,19.566666666666666,HW,0.0108911011690483,0.0091655943818668,0.0088973992370188,0.0078000060925441,0.0009922366173557,9,2014-05-29 11:50:00,9.084309456018518,0.0180846800230854,0.0167147635735373,0.0165673564881644,0.0156492073641412,0.0007493817024868,2014-06-07T13:51:24,0.0076326751770583,0.0061041193639376,0.0059021138843892,0.0052401659760021,0.0007860148341454,0.0239770835351526,0.0223933584421671,0.0219669901241615,0.0215898525158714,0.0008805638326694,156_1_BOA_LE07_228061_20140607,9.084309456018518,LD7,False
213,1.21,1.0772400000000002,0.78596,23.0,1,3.702333333333333,157,-2.070564,SN,-55.486853,III,0.3133666666666666,0.2882666666666666,1.3086666666666664,0.05502698648356122,0.0635235024002104,16,0.2,1.94,12.28571428571428,5.011,,12.6,HW,0.0089261603084564,0.0049910702995743,0.0045799772129369,0.0034257940826267,0.001611797392714,9,2014-05-29 14:00:00,8.994031678240741,0.0118440860777112,0.0074649608023265,0.0071366959971064,0.0053689926075346,0.0019438053510191,2014-06-07T13:51:24,0.0083770418538404,0.0032525575157256,0.0027062972701102,0.0014853508477889,0.001967964790022,0.0151889622418056,0.0102185263328845,0.0097976224508016,0.0067371524181833,0.0027887610318978,157_1_BOA_LE07_228061_20140607,8.994031678240741,LD7,False
214,0.9533333333333333,1.2876599999999996,0.5924600000000004,23.0,1,3.4926666666666666,158,-2.037612,SN,-55.486403,III,0.3884333333333333,0.2687666666666666,1.2296666666666665,0.08828533734299755,0.0848952008285657,17,0.2,1.76,11.714285714285694,4.722333333333334,,10.766666666666666,HW,0.0066822384739917,0.0060431100146249,0.0061642528636144,0.0053588150476744,0.0004566987140325,9,2014-05-29 15:00:00,8.952365011574074,0.0105139686815326,0.0100836849484697,0.01005012079835,0.0087661636030137,0.0005247814037475,2014-06-07T13:51:24,0.0060878307481242,0.0055653291138242,0.0056118913618301,0.0050333734595496,0.0003541387173029,0.01430077499727,0.0139129398007751,0.0139905859765353,0.01312296570013,0.0003650822410451,158_1_BOA_LE07_228061_20140607,8.952365011574074,LD7,True
215,1.2146153846153849,4.163660000000001,0.6164000000000002,23.0,1,3.2313333333333336,159,-2.078954,SN,-55.526778,III,0.4698,0.2969333333333333,2.121333333333333,0.05829214336262095,0.1014665041757085,18,0.2,2.15,15.999999999999984,5.352666666666667,,15.176923076923073,HW,0.0084317659294679,0.0079225088423547,0.0077677414912137,0.0072541806098344,0.000422404686049,6,2014-05-29 17:14:00,8.859309456018519,0.015076410935156,0.0138852623000037,0.0138751734574531,0.0128750633272086,0.0007771267501326,2014-06-07T13:51:24,0.0063032049995615,0.0053386487093731,0.0052735597384662,0.0046575193860489,0.000529052988501,0.0193050072057421,0.0190567935671861,0.0190306452266713,0.0188154626928457,0.0001592067803079,159_1_BOA_LE07_228061_20140607,8.859309456018519,LD7,False
216,1.495,1.5666400000000003,0.35846,23.0,1,4.4590000000000005,160,-2.095675,SN,-55.488855,III,0.5193666666666666,0.3630333333333334,0.6725,0.04927342695146282,0.0729268509896758,19,0.2,2.28,14.857142857142849,4.253,,12.8,HW,0.0082009836193827,0.0071042057803767,0.0072220151867016,0.0053583469727153,0.0007535847061417,9,2014-05-29 13:00:00,9.035698344907408,0.0125797327396701,0.0115282643718989,0.0115304871684532,0.0102667023836222,0.0006657358198797,2014-06-07T13:51:24,0.0053625735671199,0.0041753720050591,0.004307530591519,0.0014666930927277,0.0010496349154431,0.0163036879349614,0.0152195287329335,0.0152102177128329,0.0133844970637045,0.0007798242144978,160_1_BOA_LE07_228061_20140607,9.035698344907408,LD7,True
221,0.7452631578947371,2.4338199999999994,1.4857600000000004,23.0,1,2.744666666666667,165,-2.142593,PC,-55.625756,III,0.3747333333333333,0.2665,1.1030000000000002,0.07164178361991182,0.0723352730979154,22,0.2,2.9058,20.000000000000018,3.847666666666667,,20.51052631578947,HW,0.0112615892725806,0.0092509913495429,0.0092438155000321,0.0080848206331676,0.0008465567300694,9,2014-05-30 11:31:00,8.097503900462963,0.0178720737446485,0.0167045369814709,0.0166325815079005,0.0162466366795688,0.0005200100696161,2014-06-07T13:51:24,0.0067007989417331,0.0060324263715794,0.0060757058805422,0.004945511405927,0.0004897325797242,0.023600176120686,0.0229691478429125,0.0229806017671991,0.0220537376276483,0.0004158984621272,165_1_BOA_LE07_228061_20140607,8.097503900462963,LD7,False
223,0.7086666666666666,1.79834,10.261340000000004,23.0,1,2.978,166,-2.073498,PC,-55.620867,III,0.3604,0.25615,3.4029999999999996,0.049613133432207586,0.1053462746103768,23,0.2,3.0102,12.571428571428577,4.5285,,12.98,HW,0.0065933532055469,0.0019628071733005,0.0030270212980344,-0.0031027261137221,0.0031660290908104,6,2014-05-30 09:10:00,8.195420567129629,0.0109323674581307,0.0068098004499397,0.0087021177212803,0.0019912735003448,0.0027887926659422,2014-06-07T13:51:24,0.014313575308091,0.0087893295192147,0.0069411215429943,0.0036231158018874,0.003624954008979,0.0143403427890169,0.0091163837226867,0.0108141020710775,0.0038750263500709,0.0033324748285061,166_1_BOA_LE07_228061_20140607,8.195420567129629,LD7,False
224,0.7110000000000001,2.17928,0.10220000000000028,23.0,1,3.0045,167,-2.112532,PC,-55.621423,III,0.3349499999999999,0.25865,1.6509999999999998,0.03753964972617839,0.0919315386664036,24,0.2,2.697,19.71428571428572,4.6555,,18.645,HW,0.0090270575783873,0.008363688183726,0.0082641036806985,0.0077871151458127,0.000456695685929,9,2014-05-30 10:20:00,8.146809456018518,0.0152211241856262,0.0142953616910847,0.0144086544467963,0.0131188479368071,0.0005343326501706,2014-06-07T13:51:24,0.0054754177270346,0.0049959669711191,0.0050797811201245,0.004015417029979,0.0004654894711073,0.0203352594144056,0.0197663303848876,0.0199048110161971,0.018400179510247,0.0005623832478339,167_1_BOA_LE07_228061_20140607,8.146809456018518,LD7,False
226,1.087777777777778,1.1984199999999998,0.10702000000000031,42.0,1,2.867,168,-2.20666,PD,-55.623562,III,0.36045,0.2365,0.39400000000000013,0.0837033,0.0759518405997238,25,0.2,2.871,12.571428571428577,2.8875,,11.066666666666666,HW,0.0099857888298439,0.0078602496350688,0.0078055988908444,0.0072060644340511,0.0011478127776701,6,2014-05-30 13:00:00,8.035975185185185,0.0132514387683277,0.0119203905508898,0.0116814837602865,0.0110074615969641,0.0007827562458489,2014-06-07T13:51:48,0.007502351583107,0.0069322290444124,0.0073098423091941,0.0043984589319898,0.0011469595252824,0.0158950717811572,0.0142817225502696,0.0143114690713448,0.0136918993924316,0.0006829327431106,168_1_BOA_LE07_228062_20140607,8.035975185185185,LD7,False
231,0.5925,2.3489,0.005400000000000144,23.0,1,4.635,171,-2.116737,PC,-55.692899,III,0.3934999999999999,0.2318,0.45799999999999996,0.13915960000000002,0.1074176316827776,26,0.2,2.871,28.85714285714285,5.093,,27.5,HW,0.0103851070759807,0.0100866807553101,0.0100492315042077,0.0097284865188394,0.0001708453920534,9,2014-05-31 13:30:00,7.0148650115740745,0.0191092166086645,0.0180241570089193,0.0178662055983348,0.0170202234797374,0.0006935559421553,2014-06-07T13:51:24,0.0084297042147231,0.0074603154575833,0.0074435124204554,0.006735902647701,0.000519618671975,0.0272223962263189,0.0261981076732309,0.0263419754055473,0.0251683894694361,0.0006088096385274,171_1_BOA_LE07_228061_20140607,7.0148650115740745,LD7,True
233,0.9521428571428568,1.5918200000000002,0.2523400000000001,23.0,1,3.185,172,-2.150581,PC,-55.714166,III,0.44205,0.3143,1.9810000000000003,0.1465375,0.1397710180508976,27,0.2,2.8536,10.285714285714263,5.166,,6.957142857142856,HW,0.0078952890869733,0.0060075664123382,0.006015991714742,0.0040962234939443,0.0011380433132416,9,2014-05-31 14:30:00,6.973198344907408,0.0112942332047711,0.0098642833420197,0.0101011902286647,0.0088407038838775,0.0007126984206579,2014-06-07T13:51:24,0.0051609844039747,0.0036244699237733,0.0038168736116881,0.0022326629169649,0.0008314460102846,0.013398700765609,0.0115834593201868,0.0119242971262416,0.0099129424723156,0.0010263131714281,172_1_BOA_LE07_228061_20140607,6.973198344907408,LD7,True
235,0.6733333333333333,1.25576,0.19480000000000022,23.0,1,4.2055,173,-2.152492,PC,-55.676202,III,0.316,0.25665,1.6785,0.05071625097694552,0.0773327246991517,28,0.2,2.871,9.142857142857128,5.884,,8.033333333333333,HW,0.0090912357319577,0.0073526837616921,0.007232271809325,0.0061921604039207,0.0008272210825798,9,2014-05-31 11:05:00,7.115559456018518,0.0115276693795888,0.0110990230393882,0.0111080368230066,0.0104785215634442,0.0003252163169194,2014-06-07T13:51:24,0.0049087686511289,0.0041362366990478,0.0042138091646385,0.003250094037447,0.0004564597859732,0.0147026838595739,0.014016903762594,0.0140984284795194,0.0135926999222866,0.0003302822386723,173_1_BOA_LE07_228061_20140607,7.115559456018518,LD7,False
237,0.65,0.7369000000000001,0.1613000000000002,23.0,1,3.9455,174,-2.131452,PC,-55.657457,III,0.3138499999999999,0.26005,1.73,0.0844941,0.0687513083448412,29,0.2,3.0363,25.142857142857157,5.6755,,25,HW,0.0107843700363179,0.0095464804865135,0.0095717088868744,0.0078312406367422,0.0007420045218322,9,2014-05-31 12:15:00,7.066948344907408,0.0182365300258566,0.01709131252815,0.0171141406441752,0.0150262217803855,0.0009369196205655,2014-06-07T13:51:24,0.0076618331056885,0.006243365981242,0.0061631771151108,0.0037252403500863,0.0010122678683059,0.0253331144476662,0.0243593073985824,0.0246471219167812,0.0222860329832096,0.0009004365852573,174_1_BOA_LE07_228061_20140607,7.066948344907408,LD7,True
239,0.71,1.872,0.9078600000000003,23.0,1,3.6435,175,-2.178437,PD,-55.633239,III,0.3958,0.247,1.483,0.04274,0.0476637798382323,36,0.2,2.9232,12.857142857142868,5.1265,,11.566666666666665,HW,0.0059344673835151,0.0051982773335198,0.0052681727733881,0.0036944790632301,0.0009529338822368,4,2014-05-31 10:00:00,7.160698344907408,0.009567014858782,0.0079053565213217,0.0075575253585325,0.0050156923263799,0.0020653174211268,2014-06-07T13:51:24,0.0049426224305482,0.0033848025138522,0.003825737231212,0.0019923704886032,0.0010632919773611,0.0137594508380041,0.0107203192150124,0.0089456184576072,0.0063656620957763,0.0035135613170342,175_1_BOA_LE07_228061_20140607,7.160698344907408,LD7,False
241,0.7263636363636364,15.478779999999999,1.9529399999999997,23.0,1,4.149,176,-2.1572,SL,-55.805249,III,0.2774,0.20815,0.225,0.03883500378782903,0.0501083462221345,30,0.2,2.7927,13.714285714285712,4.374,,14.109090909090908,HW,0.0084988385095166,0.0072241053418712,0.007247919575701,0.006018336706665,0.0008548403847612,9,2014-06-01 14:00:00,5.994031678240741,0.0130025426073301,0.0124461737467503,0.0124215403943365,0.0117557636932077,0.0004438558134297,2014-06-07T13:51:24,0.0069719787649302,0.0058277742001921,0.0058294669250711,0.0048103234673516,0.0006364911893483,0.0183085328596391,0.0175128483513826,0.0176644235695705,0.0164676883221719,0.0005990880870219,176_1_BOA_LE07_228061_20140607,5.994031678240741,LD7,False
243,1.545,5.3764400000000006,0.7674800000000003,23.0,1,3.485,177,-2.219976,SL,-55.808397,III,0.2923,0.2311,1.3135000000000001,0.09276000000000001,0.0532649962517261,31,0.2,2.8797,4.166666666666671,4.798500000000001,,< LD,HW,0.0046945848846362,0.0039789589047583,0.0041467158881269,0.0031063152983546,0.0005124126506242,9,2014-06-01 11:00:00,6.119031678240741,0.0045028336571613,0.0040880975355276,0.0039501400942708,0.003678984448936,0.0002338207272903,2014-06-07T13:51:24,0.0064390535956225,0.0051841748828147,0.0049487788282988,0.0044631191273311,0.0005604447005726,0.0039150716155324,0.0028826111598781,0.0030386192931942,0.0019864611909201,0.0005362540210065,177_1_BOA_LE07_228061_20140607,6.119031678240741,LD7,False
245,1.1766666666666663,2.66116,0.28287999999999985,23.0,1,4.04,178,-2.201618,SL,-55.792751,III,0.4248,0.25325,1.8654999999999995,0.11037720000000001,0.0667786579206944,32,0.2,2.7579,3.999999999999996,5.9055,,4.2,HW,0.0068679165758049,0.0054469230112741,0.0057032692717894,0.0033801011965459,0.0010067153709473,9,2014-06-01 10:30:00,6.1398650115740745,0.0083373569826598,0.0071566250716941,0.0069908215323498,0.0060553423985899,0.0007060718614582,2014-06-07T13:51:24,0.0039874827839189,0.0029671655299581,0.0028576740286732,0.0016692573957865,0.0007319079320168,0.008285776411763,0.0074923520386309,0.0075497886397143,0.0065738162650675,0.0006263400173132,178_1_BOA_LE07_228061_20140607,6.1398650115740745,LD7,True
247,0.6029411764705883,1.8760000000000001,"< 0,001",23.0,1,4.1095,179,-2.177378,SL,-55.806321,III,0.2978,0.2339999999999999,1.7984999999999998,0.04585646967991587,0.0650027532057605,33,0.2,2.4969,11.555555555555548,5.908,,12.017647058823528,HW,0.010296623374708,0.0081052487404577,0.0081321231645906,0.0067522627769576,0.0011597302472739,9,2014-06-01 13:00:00,6.035698344907408,0.0139259921284714,0.0125785918112579,0.0124570567153336,0.0112629094218958,0.0009508063991945,2014-06-07T13:51:24,0.0063187016393618,0.0044434244610012,0.004691581406643,0.0031866749917192,0.0009190126776057,0.017177205920868,0.0155884991469063,0.0153832554397894,0.0142825951510997,0.0009350524988398,179_1_BOA_LE07_228061_20140607,6.035698344907408,LD7,True
249,0.6739285714285715,1.06238,0.08806000000000001,23.0,1,4.364,180,-2.162501,SL,-55.764975,III,0.3676,0.23205,0.3390000000000004,0.07148047808187243,0.0808838499704083,34,0.2,2.7579,9.428571428571422,3.894,,12.589285714285714,HW,0.0079824681152064,0.0073159895625861,0.007275954343337,0.0067288346813475,0.0004336912478247,9,2014-06-01 15:24:00,5.935698344907407,0.0128206815245054,0.0121273390218585,0.012111056445764,0.0112506178976962,0.0004798997076872,2014-06-07T13:51:24,0.0047187126157343,0.0041339491426945,0.0043283181413441,0.0032384466279994,0.0004515092656224,0.0162822503799487,0.0156750342201257,0.015699086192767,0.0149789011990044,0.0003587926038499,180_1_BOA_LE07_228061_20140607,5.935698344907407,LD7,False
261,0.6516666666666667,2.4011000000000005,0.42362,23.0,1,3.936666666666666,186,-2.151079,PC,-55.565754,III,0.4170999999999999,0.3374,2.0465,0.09874146858758318,0.0820673388571052,20,0.2,2.12,25.7142857142857,5.278666666666666,,11.049999999999999,HW,0.0123531931947086,0.009458821464224,0.0098678161008908,0.0050885353465906,0.0021856171339747,9,2014-06-02 10:20:00,5.146809456018518,0.0195799002085207,0.0167714611488545,0.0168506330189235,0.0118836331009334,0.0021411769378562,2014-06-07T13:51:24,0.00841419941988,0.0061185078630591,0.0064548427912073,0.001367051206763,0.0019279808404917,0.0263174235083325,0.024170280840925,0.0249389626549404,0.0186336236840956,0.0022631795609226,186_1_BOA_LE07_228061_20140607,5.146809456018518,LD7,True
263,0.9375,3.5997000000000003,"< 0,001",23.0,1,3.767333333333333,187,-2.173808,PD,-55.59809,III,0.3257666666666667,0.2413,1.24,0.05215014916086583,0.0589860092720457,21,0.2,2.14,11.714285714285737,5.007333333333333,,23.900000000000002,HW,0.0080295805977824,0.0070440869140653,0.0068399977336846,0.0064816780126349,0.0004897969652471,9,2014-06-02 09:20:00,5.188476122685185,0.0126534651045362,0.0120677081759222,0.0121012296937858,0.0113782182626935,0.0004482237026891,2014-06-07T13:51:24,0.0049924656373445,0.0040426996866079,0.0039765676385622,0.0030054701677182,0.0006730680662796,0.0169663519707064,0.016115462381043,0.0160964136001082,0.0155982246882817,0.0004286331772678,187_1_BOA_LE07_228061_20140607,5.188476122685185,LD7,False
265,1.6163636363636362,3.4446,1.6003600000000007,23.0,1,3.184,188,-2.115929,GP,-55.447053,III,0.34615,0.2963,2.1275,0.08682287856286681,0.1043273919905306,47,0.2,2.2098,11.42857142857144,5.3115,,10.636363636363638,HW,0.0066774782624922,0.0061595316932945,0.0062315450089386,0.0051547844122329,0.0005014525355267,6,2014-06-02 12:37:00,5.05167056712963,0.0122436724543794,0.011193393107518,0.0112228866334172,0.010458209878636,0.0006349606313943,2014-06-07T13:51:24,0.00404539798182,0.0036377751151888,0.0035383785505427,0.0030931268429997,0.0003313527686336,0.0150914295864157,0.0143012215140767,0.0143976782196603,0.0136448945925091,0.0005575064695593,188_1_BOA_LE07_228061_20140607,5.05167056712963,LD7,False
216,0.944,4.190599999999999,0.5688000000000005,80.83,1,3.45,190,-2.205757,LG,-55.347217,III,0.3887666666666666,0.2843,1.8133333333333332,0.0378764943102745,0.0507659927664891,5,0.2,1.82,18.11428571428571,5.263333333333333,,19.160000000000004,HW,0.0198811013452075,0.0167217540515075,0.0169377305984844,0.0142741449750285,0.0015060290979702,9,2014-06-03 12:30:00,-3.9416789699074073,0.0201419778708709,0.0184696867270573,0.0184080115673791,0.0176846668159866,0.0007387540088064,2014-05-30T13:53:58,0.0084391084990506,0.006623854289384,0.0065487500298272,0.0055302624492923,0.0009722384355801,0.0231627571994795,0.0212899414619878,0.0211096529420979,0.0201828939581167,0.0009045852842397,190_1_BOA_LC08_228062_20140530,3.9416789699074073,LD8,True
218,1.628333333333333,12.914700000000002,2.9768599999999976,42.75,1,4.311,191,-2.307096,LG,-55.373301,III,0.4749,0.3657,0.44200000000000017,0.025037946732720577,0.0342240382718485,37,0.2,2.9493,,3.6945,,2.1333333333333337,HW,0.0236828011927107,0.0114994767931344,0.0131781850062466,0.0019597935384007,0.0072616721252333,9,2014-06-03 14:50:00,11.960907638888887,0.0157993196279788,0.0080400720131865,0.0084762225822132,0.0026532951027751,0.00440505925249,2014-06-15T13:53:42,0.0366292572114456,0.0341586735957851,0.0350036885499575,0.0318120999577104,0.0015289447021794,0.0082592052825744,0.0013705249394765,0.0019221706338294,-0.0037135839784394,0.0039911283987288,191_1_BOA_LC08_228061_20140615,11.960907638888887,LD8,False
222,1.2375,4.091,0.17229999999999995,80.83,1,3.05,192,-2.255185,LG,-55.376673,III,0.38025,0.235995,0.7910000000000001,0.03502525207891992,0.0567739396330637,38,0.2,2.9406,14.457142857142845,3.841,,14.058333333333332,HW,0.0142670406191823,0.0140266907044068,0.0139919994810957,0.0134950217854887,0.0002365028701263,9,2014-06-03 13:40:00,-3.9902900810185193,0.0166962538381359,0.016381039039658,0.016338799652606,0.0161826734191798,0.0001641203465154,2014-05-30T13:53:58,0.0058406599235899,0.0056641696690141,0.0056365338597597,0.0052245011186787,0.0001874971093749,0.0188507783875486,0.0183648435917302,0.0183275972837968,0.0181906951580885,0.0002027290332227,192_1_BOA_LC08_228062_20140530,3.9902900810185193,LD8,False
271,0.7966666666666667,0.65814,0.01572000000000029,23.0,1,3.6805,193,-2.173257,GP,-55.372851,III,0.29925,0.24605,1.5155000000000003,0.005249999999999993,0.0391563424738607,39,0.2,3.0276,17.657142857142873,5.196,,18.316666666666666,HW,0.0097559017256939,0.0086204339209108,0.0083171405363801,0.0077829128503247,0.0006922345195235,9,2014-06-03 11:10:00,4.112087233796296,0.0148503606298965,0.0144811192813315,0.0145710153998844,0.0137090645727295,0.000389929477993,2014-06-07T13:51:24,0.006400556252102,0.0053897365287903,0.0054395021506359,0.0045582761760398,0.0005653323047469,0.0213000501990571,0.0203273752376982,0.0204063090933747,0.0195011580449106,0.0005504401215398,193_1_BOA_LE07_228061_20140607,4.112087233796296,LD7,False
273,0.535,0.9065200000000001,0.0645000000000003,23.0,1,3.333,194,-2.135144,GP,-55.370602,III,0.2876,0.2142,1.8104999999999998,0.0306,0.0363291181692641,40,0.2,3.0276,26.74285714285713,5.1435,,18.65,HW,0.0087547047723993,0.0072061739659766,0.0073125814877063,0.006107506864774,0.000652108257521,9,2014-06-03 10:10:00,4.153753900462963,0.0145769054624197,0.0136734584979941,0.013596571606371,0.0133973795270788,0.0004058946964249,2014-06-07T13:51:24,0.0059581988289249,0.0048880686929395,0.0052543089077706,0.0035656685467492,0.0006683706966742,0.0199456818023291,0.0193468071021311,0.0194855820142713,0.0183391322618501,0.000503852221449,194_1_BOA_LE07_228061_20140607,4.153753900462963,LD7,True
274,0.49,2.6619,0.09507999999999972,23.0,1,2.3760000000000003,195,-2.113672,GP,-55.370602,III,0.3344,0.27275,1.6589999999999998,0.04883752470769111,0.0763421680804892,41,0.2,3.1407,31.142857142857167,4.035,,22.029999999999998,HW,0.0079440867138794,0.0054288532660629,0.005515893095063,0.0035111799547343,0.0013639770061222,9,2014-06-03 09:20:00,4.188476122685185,0.0145730744612859,0.0121279837079454,0.0128942223810048,0.0095982028838007,0.0015464152623921,2014-06-07T13:51:24,0.0134965258966579,0.0091857050562372,0.0074725360384404,0.0061266986080885,0.0021491240230604,0.0218761349074195,0.018125513378211,0.0188541649000699,0.0149018640482006,0.0020397019960839,195_1_BOA_LE07_228061_20140607,4.188476122685185,LD7,False
282,1.225,2.2585799999999994,1.6167000000000002,23.0,1,2.586,203,-2.245385,LG,-55.24066,III,0.3422666666666666,0.1878966666666666,2.2613333333333334,0.033798046578549346,0.0579996454264483,2,0.2,1.96,6.000000000000013,4.847333333333333,,3.6333333333333333,HW,0.0034668873975446,0.0023567249889028,0.0024072735869,-0.0002917847609513,0.0012574985133218,6,2014-06-04 13:00:00,3.0356983449074075,0.0052111150714308,0.0045341507061479,0.00499706199279,0.0019695895530749,0.0012098690415975,2014-06-07T13:51:24,0.0042547559296895,0.0033155954192677,0.0037624731340454,0.0002713245212764,0.0013342935466271,0.005653203962028,0.0050884227611457,0.0049572830048733,0.0035488133545806,0.0007199975282118,203_1_BOA_LE07_228061_20140607,3.0356983449074075,LD7,True
253,0.92,3.56438,0.16972000000000015,80.83,1,4.303999999999999,204,-2.221738,LG,-55.270194,III,0.4916,0.4068,1.908666666666667,0.05796878319310751,0.0694417014532781,4,0.2,1.33,15.485714285714309,6.212666666666667,,16.439999999999998,HW,0.0097734342942411,0.0094479000114755,0.0094486165372598,0.0089993287231081,0.0002744001486149,9,2014-06-04 11:45:00,-4.910428969907407,0.0136488096113505,0.0132786183650014,0.0132271711283238,0.0128796091929946,0.0002534728216459,2014-05-30T13:53:58,0.0041867680475829,0.0038605705281854,0.0038516406780457,0.0035753069495079,0.0001744329712511,0.0163748300424085,0.0159585970981834,0.0159344105128613,0.015464073085357,0.0003219593844522,204_1_BOA_LC08_228062_20140530,4.910428969907407,LD8,False
255,0.58,6.09656,0.16704000000000024,63.26,1,4.027,205,-2.166034,LG,-55.233215,III,0.2925999999999999,0.27175,0.806,0.03680317518248176,0.0380981751824817,42,0.2,2.9928,19.68571428571427,3.47,,20.166666666666668,HW,0.0129464090652297,0.011206803368007,0.0126001728727626,0.0070739348241039,0.0017947209480704,9,2014-06-04 16:15:00,-5.098205833333333,0.0175742037298624,0.0160436766388825,0.0172599507962733,0.0122783354949756,0.0016152241623215,2014-05-30T13:53:35,0.0186406073586938,0.0116420303863426,0.0093782940455427,0.0087165301654927,0.0029543682964265,0.0217062363128515,0.0196263844468903,0.0213111593860177,0.0144977610969479,0.0021852876690433,205_1_BOA_LC08_228061_20140530,5.098205833333333,LD8,False
284,2.6528571428571426,17.0381,1.0825200000000026,23.0,1,4.2245,206,-2.2035,LG,-55.236138,III,0.3611999999999999,0.2915,1.6859999999999997,0.04087565328954223,0.0439032550798974,43,0.2,3.1407,17.34285714285716,5.9105,,17.585714285714285,HW,0.0087051934959534,0.0072344655213845,0.0073007438903022,0.0053319440096025,0.0011791724878637,9,2014-06-04 15:00:00,2.952365011574074,0.0145463961866659,0.0132538848329093,0.0129256626159187,0.0116354030255308,0.0008729202534301,2014-06-07T13:51:24,0.0063050062242042,0.004718421767597,0.0053400900652088,0.0025946016325053,0.001315432896844,0.020456899635753,0.0189220771390015,0.0185601643797258,0.0167250430075957,0.0010536160385169,206_1_BOA_LE07_228061_20140607,2.952365011574074,LD7,True
271,3.0700000000000003,4.163660000000001,0.6164000000000002,80.83,1,4.635,209,-2.27898,LG,-55.22471,III,0.2946,0.24795,0.45799999999999996,0.09276000000000001,0.0532649962517261,49,0.2,2.5317000000000003,2.333333333333323,5.093,,3.15,HW,0.0050820323861941,0.002435625314106,0.0044945489219067,-0.0100471562492935,0.0046312478405918,9,2014-06-04 13:45:00,-4.99376230324074,0.0049311420502609,0.0025395914731739,0.0042822413012007,-0.0081721401465671,0.0039534917149423,2014-05-30T13:53:58,0.0217449971340137,0.0085876255268387,0.0063517286356423,0.004918562332752,0.0049828985557668,0.0032438044492882,0.0006601789280303,0.0025654536412327,-0.0110513379011093,0.0043223733268208,209_1_BOA_LC08_228062_20140530,4.99376230324074,LD8,False
296,0.995,3.0698600000000003,0.14663999999999996,23.0,1,4.008333333333334,212,-2.250928,LG,-55.145292,III,0.3866,0.2924666666666666,1.9779999999999998,0.018839480089577573,0.0607616491747221,1,0.2,2.09,11.828571428571443,5.187,,11.3,HW,0.0106672446133861,0.0103847398983274,0.0105217057231378,0.0100721555684065,0.000219093271498,6,2014-06-05 15:20:00,1.9384761226851848,0.0145920509349962,0.014129486891454,0.0141057330512873,0.0135159501654367,0.0003290232188292,2014-06-07T13:51:24,0.0062349528658392,0.0054755130601151,0.0055242162364158,0.0051658311759996,0.0003471870409156,0.0182502518493125,0.0178614055557271,0.0180159619570742,0.0171644350750902,0.0004049389985013,212_1_BOA_LE07_228061_20140607,1.9384761226851848,LD7,True
298,0.8050000000000002,2.31824,0.07377999999999965,23.0,1,3.785333333333333,213,-2.19696,LG,-55.29953,III,0.3895,0.3079333333333333,1.277666666666667,0.05328133069216284,0.0616162285789439,3,0.2,2.19,9.8857142857143,5.063,,10.049999999999999,HW,0.0060883946620597,0.005561427752313,0.0057413706893657,0.0040750871308126,0.0006600143882399,9,2014-06-05 12:30:00,2.056531678240741,0.0104280274344302,0.0097072934536268,0.0097897562089331,0.0081419191003968,0.000672359902198,2014-06-07T13:51:24,0.0068713614210865,0.0044549934369318,0.0044603976141678,0.0039389594019972,0.000846726635845,0.0131165837040302,0.0125989944259706,0.0127863050454125,0.0107342278783198,0.000718018493448,213_1_BOA_LE07_228061_20140607,2.056531678240741,LD7,True
283,0.7866666666666667,1.66404,0.25699999999999995,42.75,1,3.917666666666667,214,-2.238955,LG,-55.339166,III,0.5277999999999999,0.4511666666666666,1.7219999999999998,0.042474691355584876,0.0610244288814361,6,0.2,2.29,18.600000000000005,5.639666666666666,,19.599999999999998,HW,0.0101840374017929,0.0100785572780175,0.0100766854886108,0.0099373714069137,6.665856162602262e-05,9,2014-06-05 08:40:00,10.217852083333334,0.0157699629525862,0.0157358559945289,0.01573318039056,0.0156949284168588,2.299521913226724e-05,2014-06-15T13:53:42,0.0032198147281872,0.003154875732396,0.0031555740147182,0.00307753006249,4.289484275977378e-05,0.0195985803336724,0.0194911228971586,0.0194751986776035,0.0193609718040682,8.16462259013025e-05,214_1_BOA_LC08_228061_20140615,10.217852083333334,LD8,False
287,0.9245454545454544,3.5997000000000003,"< 0,001",80.83,1,3.878,215,-2.222999,LG,-55.199011,III,0.2851,0.2637,3.22,0.03781767705661866,0.0394726770566186,44,0.2,3.0102,14.457142857142845,5.3895,,16.209090909090904,HW,0.0109555620627595,0.0106349915714627,0.0106181476044736,0.0105182379966653,0.0001283843811187,9,2014-06-05 14:10:00,-6.011123414351852,0.0150382820635513,0.01488674187559,0.0148595113573854,0.0147389879636456,0.0001127035639635,2014-05-30T13:53:58,0.0077951715477359,0.0075138694095725,0.0075051229667387,0.0073558510811797,0.000130357757848,0.0179164451370135,0.0178229794427589,0.0178408068204696,0.017719752666659,5.322117117675153e-05,215_1_BOA_LC08_228062_20140530,6.011123414351852,LD8,False
289,,0.84684,"< 0,001",78.93,1,3.9475,216,-2.242784,LG,-55.066126,III,0.29445,0.27565,0.03200000000000003,0.043863863087031094,0.053619954626159,45,0.2,2.3403,15.73333333333334,3.1975,,,HW,0.0071247892401027,0.0033446519021658,0.0049892782705424,-0.0098842686121592,0.0052856782647343,9,2014-06-05 17:00:00,2.866590219907408,0.0108982192397011,0.007585258712748,0.0091140612581419,-0.0047389979028972,0.0048623018524868,2014-06-08T13:47:53,0.0215866865755689,0.0055235514514637,0.0038966261984543,0.0027181947042312,0.0065514929654478,0.013094532884123,0.0093304311433273,0.0108980806317845,-0.0057821503385283,0.0059496991285695,216_1_BOA_LC08_227062_20140608,2.866590219907408,LD8,False
290,,3.571819999999999,"< 0,001",78.93,1,4.3095,217,-2.180361,AM,-55.016444,III,0.4167499999999999,0.3311,0.2160000000000002,0.03939605837650074,0.0521579700138094,46,0.2,3.2190000000000003,18.05714285714288,3.442,,,HW,0.009370434296963,0.0091723977440444,0.0091735429278056,0.0089276873098918,0.0001386501420521,9,2014-06-05 17:00:00,2.866590219907408,0.0148499426108261,0.0147295668486795,0.0147382697907947,0.0146053164288658,7.199955436078412e-05,2014-06-08T13:47:53,0.0041359129823446,0.0038802127508617,0.003890712678722,0.0037161286911058,0.0001196242990042,0.0201705546601962,0.0200482941347048,0.0200649659920733,0.0198945335759303,7.788991874984102e-05,217_1_BOA_LC08_227062_20140608,2.866590219907408,LD8,False
301,,7.042599999999999,1.6599500000000003,1.0,1,2.72,218,-2.17151,SL,-55.806,IV,0.39,0.35,0.4269999999999996,"< 0,0001",0.0341290195304793,30,0.2,3.95,251.3333333333333,3.147,0.8,,LW,0.0194200974657846,0.0160577817092874,0.0175176584132615,0.0139335795942,0.0014654273668263,9,2014-11-26 12:00:00,4.078027627314815,0.0340896319522283,0.0308591504463937,0.0325560785141481,0.0273714963324567,0.0018733992751036,2014-11-30T13:52:21,0.0423205398056194,0.0387392140264038,0.0374230799775055,0.036848122971298,0.0021013093793817,0.0477423060233413,0.0434302734263034,0.0455398166954916,0.0390167392333675,0.0023081238980722,218_1_BOA_LE07_228061_20141130,4.078027627314815,LD7,False
305,3.1466666666666665,13.177349999999999,1.329200000000002,1.0,1,3.153,219,-2.21597,SL,-55.80873,IV,0.458,0.3179,0.246,"< 0,0001",0.0422173998816334,31,0.2,4.66,268.6666666666667,3.399,0.8,319.6333333333334,LW,0.0151045853278258,0.0144423584404082,0.0142180009323056,0.0137922071659368,0.0004728120878516,9,2014-11-26 12:30:00,4.057194293981482,0.0257420035117113,0.0252387888071454,0.025180518436899,0.0240649645685278,0.0005066829045912,2014-11-30T13:52:21,0.0376915942169731,0.0353398155687492,0.0352342810232155,0.033787810311161,0.0013084431465348,0.0371806618203211,0.0360881756590223,0.036204113279884,0.0350088474407049,0.0006436573576436,219_1_BOA_LE07_228061_20141130,4.057194293981482,LD7,False
309,1.187142857142857,5.461,1.3819500000000007,1.0,1,2.571,220,-2.17797,SL,-55.80762,IV,0.3131,0.2779,0.18799999999999972,"< 0,0001",0.0467547839810613,33,0.2,3.18,226.66666666666669,2.759,1.2,252.25714285714284,LW,0.0190401028711146,0.017771351894444,0.0173850668950719,0.016616547213284,0.0007943760214637,9,2014-11-26 12:20:00,4.0641387384259255,0.0337452409308026,0.0330915290890358,0.0332108654933855,0.0323675774450885,0.0004182119892022,2014-11-30T13:52:21,0.0306114735137382,0.0298932987139462,0.0298583542274952,0.0293179599240575,0.0004307527384295,0.0462659906665597,0.0451985200227624,0.0452101003891764,0.0446668463557499,0.0004607294188008,220_1_BOA_LE07_228061_20141130,4.0641387384259255,LD7,True
313,2.468571428571429,8.40535,1.0355000000000016,1.0,1,2.603,221,-2.17391,SL,-55.76252,IV,0.3342,0.3003,0.1519999999999997,"< 0,0001",0.0335371868218583,34,0.2,3.42,258.6666666666667,2.755,0.8,183.14285714285714,LW,0.0155411542133332,0.0111843909642424,0.0143286244401963,-0.0184481066582609,0.0103825383016617,9,2014-11-26 13:00:00,4.036360960648148,0.0301993768168998,0.0258545386506387,0.0293012558133255,-0.0038362630647097,0.010424474841529,2014-11-30T13:52:21,0.0372040700231526,0.0318023721001658,0.0309360997840882,0.0277874846835963,0.0030428056083069,0.0406766498899746,0.0337875182826224,0.0357023954339137,0.003233790566271,0.0107539242767908,221_1_BOA_LE07_228061_20141130,4.036360960648148,LD7,False
317,2.975555555555556,17.353999999999996,3.7538500000000017,1.0,1,3.471,222,-2.14242,PC,-55.62571,IV,0.4634,0.3358,0.5329999999999995,"< 0,0001",0.033339909252318,22,0.2,3.65,124.66666666666674,4.004,1.06,146.65555555555554,LW,0.020719307814937,0.0192521425436261,0.0192859019109835,0.0187354839827254,0.0005934910145516,9,2014-11-27 11:25:00,3.10233318287037,0.0343988271523998,0.0332209873379122,0.0333682148995222,0.0323817719812653,0.0007069258726873,2014-11-30T13:52:21,0.0229925268063231,0.0220031964298034,0.0223526619209283,0.0212078295662392,0.0006368878109164,0.0399011242490689,0.0387608732121477,0.0387091677243849,0.0383997456254234,0.0004672187528034,222_1_BOA_LE07_228061_20141130,3.10233318287037,LD7,False
321,2.468571428571429,15.55895,1.329750000000001,1.0,1,3.553,223,-2.09331,PC,-55.62157,IV,0.416,0.3169,0.2560000000000002,"< 0,0001",0.0220950877885184,23,0.2,2.77,194.00000000000003,3.809,1.03,183.14285714285714,LW,0.0181479410337139,0.0171565827475708,0.0170502196867949,0.016710569377998,0.0003830113045643,9,2014-11-27 10:30:00,3.140527627314815,0.0334919564451303,0.0316930861551274,0.0312134056868641,0.0305811474493986,0.0009729481128171,2014-11-30T13:52:21,0.0313691516249187,0.0296767422233585,0.0294183739235806,0.0284074722985822,0.0009940918319683,0.0415944516468172,0.0404517760782807,0.0403286659191504,0.0396010776809159,0.0005830515440491,223_1_BOA_LE07_228061_20141130,3.140527627314815,LD7,False
323,2.8800000000000003,11.093700000000002,0.8882499999999994,1.0,1,3.388,224,-2.112532,PC,-55.621423,IV,0.4252,0.2996,0.4650000000000003,"< 0,0001",0.0449792858551982,24,0.2,3.3,187.33333333333331,3.853,1.05,221.4333333333333,LW,0.0190653001639892,0.0184460126518955,0.0183059008506315,0.0179327581399807,0.0004192892819613,9,2014-11-27 11:05:00,3.1162220717592595,0.0326861481101394,0.0321919954386448,0.0321097642035233,0.0316403820483849,0.0003721592246827,2014-11-30T13:52:21,0.0260252392289909,0.0257118986364005,0.0256883557732098,0.0254139501747363,0.0001789653868424,0.0417229840060651,0.041023630793855,0.0409688956145561,0.0403991017469134,0.0004414027273259,224_1_BOA_LE07_228061_20141130,3.1162220717592595,LD7,False
328,,20.432250000000003,3.142799999999996,57.0,1,2.985,225,-2.20266,PD,-55.6251,IV,0.3581,0.3185,0.5390000000000001,"< 0,0001",0.0564213848885381,25,0.2,3.78,132.66666666666669,3.524,0.45,,LW,0.0071778174873916,0.005462958017823,0.0062091854259909,0.0048307597233922,0.000697709173444,9,2014-11-27 12:35:00,-12.94607644675926,0.0239579095826989,0.0226015354270424,0.0234468113825873,0.0223818922356839,0.0004334366066033,2014-11-14T13:52:38,0.030796544305904,0.0289383338158675,0.02892947411999,0.0274911390054756,0.0009780750862184,0.0381119816096625,0.0353483167922654,0.0361238263141687,0.0344762090741148,0.0009658465282227,225_1_BOA_LE07_228062_20141114,12.94607644675926,LD7,False
335,4.678000000000001,43.52204999999999,3.712549999999999,1.0,1,4.826,227,-2.25136,PQ,-55.5446,IV,0.645,0.5809,1.4160000000000004,"< 0,0001",0.0524758334977313,7,0.2,3.55,76.40000000000002,6.242,1.4,89.2,LW,0.0113199243331563,0.0102818669393696,0.0103310171382159,0.0089527153827209,0.000747912165446,9,2014-11-28 11:50:00,2.0849720717592595,0.0190620771446021,0.0184328524834965,0.0184837386667675,0.0175390953955673,0.0005946800527373,2014-11-30T13:52:21,0.0213018813723387,0.0200429730389562,0.0202511378093363,0.0185112302986492,0.0009604033571249,0.0216055490368664,0.0205626555847643,0.0205244829783672,0.0193959511352517,0.0006461016629612,227_1_BOA_LE07_228061_20141130,2.0849720717592595,LD7,False
339,5.287999999999999,47.02634999999999,2.926000000000004,1.0,1,5.119,228,-2.24033,PQ,-55.58294,IV,0.7045,0.5217,0.6920000000000002,"< 0,0001",0.041428289603472,8,0.2,4.8,148.5,5.811,1.4,145.5,LW,0.0103445346211834,0.0087390213958219,0.0085986595190213,0.0069306205655459,0.0009764800442851,9,2014-11-28 12:10:00,2.07108318287037,0.019138380141383,0.0174892581138563,0.0177870599303483,0.0154103989366367,0.0011643707932086,2014-11-30T13:52:21,0.0244872661907634,0.0220982962554957,0.0222424146103006,0.0196797502074344,0.0013963686701144,0.0216986068196274,0.0194621868907596,0.0193710182456196,0.0173064710254806,0.0012937278644535,228_1_BOA_LE07_228061_20141130,2.07108318287037,LD7,False
343,3.0812500000000003,69.80154999999999,6.059099999999999,1.0,1,4.485,229,-2.25955,PQ,-55.62389,IV,0.6015,0.5335,1.0989999999999993,"< 0,0001",0.0430065101597948,9,0.2,4.82,65.19999999999997,5.584,2.3,76.22499999999998,LW,0.011128986005448,0.0103907750983125,0.010324892180174,0.0095022607637393,0.0004563540009527,9,2014-11-28 12:40:00,2.050249849537037,0.0190880873521538,0.0180888629351199,0.0183296941543522,0.016833954039652,0.0006956366991124,2014-11-30T13:52:21,0.0203949611698517,0.0190038558715721,0.018737749279215,0.0182836140060713,0.0005866386980243,0.0197471773907347,0.0190043446354581,0.0192201698561378,0.0181561818504956,0.0004933099074024,229_1_BOA_LE07_228061_20141130,2.050249849537037,LD7,False
349,3.1274999999999995,32.22684999999999,3.730600000000001,1.0,1,4.901,231,-2.23039,PQ,-55.45519,IV,0.756,0.7323,1.295,"< 0,0001",0.0374827382126652,11,0.2,3.12,57.59999999999999,6.196,1.4,57.381249999999994,LW,0.0156938474797824,0.0134916838428979,0.0135054834032467,0.0113582523725081,0.0013916916753459,8,2014-11-28 11:15:00,2.109277627314815,0.0276044994002289,0.0266041444186097,0.0268594742011408,0.0252079101433234,0.0007829020958282,2014-11-30T13:52:21,0.0230484033490707,0.0222535012524228,0.0223759553975402,0.0213240492839148,0.0006278644125634,0.0329836883744028,0.0315888004855489,0.0319584316387164,0.0303219968603545,0.0008431671313513,231_1_BOA_LE07_228061_20141130,2.109277627314815,LD7,False
357,2.645833333333333,10.8109,1.6410500000000017,1.0,1,2.961,233,-2.23839,LG,-55.33932,IV,0.4166,0.3395,0.11400000000000032,"< 0,0001",0.0078911027816137,6,0.2,2.73,182.00000000000003,3.075,2.0,230.73333333333335,LW,0.0159479771554904,0.0145767309647289,0.0143695478630467,0.0133496205284307,0.0007369110578824,9,2014-11-30 12:00:00,0.0780276273148148,0.0293828192087536,0.0283624097232059,0.0285930210421863,0.0270207117590588,0.0006581321541348,2014-11-30T13:52:21,0.0298767622310314,0.0289924326470961,0.0291842151285376,0.0275395435547833,0.0007895639910337,0.0412734994661082,0.0400249614812015,0.0396360571639277,0.0393053007216395,0.0006870269888241,233_1_BOA_LE07_228061_20141130,0.0780276273148148,LD7,True
361,2.2060000000000004,17.593449999999997,1.7725000000000035,57.0,1,3.213,234,-2.26246,PQ,-55.456,IV,0.4001,0.3067,0.3729999999999998,"< 0,0001",0.0349181298086407,13,0.2,3.55,159.33333333333337,3.586,1.6,191.05999999999997,LW,0.0072856781278109,0.0057082709981847,0.0055393027685556,0.0040745081481684,0.000943084580392,9,2014-11-30 14:00:00,-16.005104224537035,0.0237697533564391,0.0214658290807708,0.0213261403880495,0.0194091123449512,0.0011992501958326,2014-11-14T13:52:38,0.0391553693653601,0.0374281910989965,0.0374330377349793,0.0356520290212819,0.0009862038815441,0.0371048376444441,0.0352287690092729,0.0353738247266236,0.034014082314382,0.000942244849863,234_1_BOA_LE07_228062_20141114,16.005104224537035,LD7,False
362,3.4850000000000003,14.106799999999998,1.8925499999999995,1.0,1,3.087,235,-2.30681,LG,-55.3732,IV,0.4932,0.2932,0.5329999999999999,"< 0,0001",0.0386664036299072,37,0.2,3.17,130.6666666666667,3.62,1.3,146.02,LW,0.0120250709348589,0.0103879677387642,0.0104574039759894,0.0085387513699011,0.0010076372738074,9,2014-11-30 13:14:00,0.0266387384259259,0.0248616093987016,0.022711446414218,0.0226740528170925,0.021151455917187,0.0011054706897975,2014-11-30T13:52:21,0.0236276161146279,0.0218942089010312,0.0215979377560969,0.0208141612440205,0.0009345239165092,0.0315058370007037,0.0283905919526996,0.0280190344529604,0.026750311585789,0.0013628549587665,235_1_BOA_LE07_228061_20141130,0.0266387384259259,LD7,False
366,2.75,11.15415,0.9010000000000001,1.0,1,2.741,236,-2.25479,LG,-55.37694,IV,0.3809,0.2989,0.33899999999999997,"< 0,0001",0.0305780232787532,38,0.2,2.71,216.66666666666669,3.08,1.8,248.9,LW,0.0173805871721134,0.0162204691474912,0.0159457418303731,0.01548646117831,0.0006804249584098,9,2014-11-30 12:30:00,0.0571942939814814,0.0312802069170682,0.0306336978502938,0.0307327903197213,0.0301359108556243,0.0003055933148453,2014-11-30T13:52:21,0.0337826284573667,0.0331486263280098,0.0331056356661145,0.0322471524752075,0.000412536068482,0.0425316800801482,0.0421030652389444,0.0419402393237671,0.0415310544743585,0.0003281539883331,236_1_BOA_LE07_228061_20141130,0.0571942939814814,LD7,False
370,2.95,12.09305,1.9484000000000001,1.0,1,2.772,237,-2.16422,GP,-55.37284,IV,0.3858,0.3203,0.3680000000000003,"< 0,0001",0.0751627539948707,39,0.2,2.51,130.00000000000003,3.14,1.15,148.6818181818182,LW,0.01734721835427,0.0160216012117713,0.0156743220685365,0.0148582978403038,0.0007947856466107,9,2014-11-30 11:25:00,0.1023331828703703,0.0314048691709909,0.0304320650787144,0.0304122044527286,0.0293125639742668,0.0006516901954044,2014-11-30T13:52:21,0.0292860906364348,0.0261813123641138,0.0261265504233227,0.0250191278418494,0.00133302509316,0.0382888486057096,0.0365304556697761,0.0360377030137072,0.0353570613003369,0.0010518492518126,237_1_BOA_LE07_228061_20141130,0.1023331828703703,LD7,False
375,2.815625,34.7983,7.238099999999998,4.0,1,4.399,238,-2.16763,GP,-55.49457,IV,0.7368,0.4464,0.9879999999999995,"< 0,0001",0.0518840007891102,14,0.2,3.07,42.99999999999998,5.387,0.8,50.300000000000004,LW,0.0101775959210276,0.0040473410160022,0.0084053681621699,-0.0108952590640081,0.0068045580195091,6,2014-12-01 13:40:00,-0.9911399652777778,0.019979416609044,0.014010459758892,0.019081540378313,-0.0008967078870529,0.006714464740265,2014-11-30T13:52:45,0.0147994573812194,0.0136235903830974,0.0142528401677196,0.0084067346055124,0.0021755153431031,0.0188811500895594,0.0124457644895839,0.0173073713369617,-0.0023185581071737,0.0068375805059496,238_1_BOA_LE07_228062_20141130,0.9911399652777778,LD7,False
377,2.026666666666667,19.510799999999996,4.991000000000004,1.0,1,3.87,239,-2.13535,GP,-55.47382,IV,0.5348,0.3908,0.43900000000000006,"< 0,0001",0.0795028605247583,15,0.2,3.331,96.66666666666666,4.309,0.7,114.7,LW,0.0196342583022804,0.0179002334958457,0.0180813803389258,0.0171430287395863,0.0008555998853721,5,2014-12-01 12:30:00,-0.9428057060185184,0.0321125057362367,0.0313559494698921,0.0313388773301228,0.0309059595782025,0.0004092137880534,2014-11-30T13:52:21,0.0214386516627761,0.0205907589509705,0.0206206495259822,0.0190452295877294,0.0009249666707757,0.0381618068825183,0.0374651770100575,0.0372546114264482,0.0367666836427988,0.0005288536107678,239_1_BOA_LE07_228061_20141130,0.9428057060185184,LD7,False
379,2.56375,14.938399999999998,1.2211,1.0,1,3.448,240,-2.06978,SN,-55.48668,IV,0.555,0.4089,0.4500000000000002,"< 0,0001",0.0380745709212862,16,0.2,4.09,217.33333333333331,3.898,1.6,247.79999999999998,LW,0.0196011509225635,0.0187978507123248,0.0186709558894177,0.0182602107431434,0.0004368197478776,9,2014-12-01 11:10:00,-0.887250150462963,0.0344535743220772,0.0342308621059894,0.0342027484253799,0.033970855177632,0.0001709012037874,2014-11-30T13:52:21,0.0351263024800089,0.0344547144740403,0.0343599355221395,0.0339648927622681,0.0004218592653891,0.0471936122256849,0.0463690767773112,0.0463072149977967,0.045457647758629,0.0005603691268579,240_1_BOA_LE07_228061_20141130,0.887250150462963,LD7,False
381,2.0096428571428566,8.435099999999998,4.65825,1.0,1,3.492,241,-2.04562,SN,-55.48579,IV,0.5735,0.5271,0.07100000000000017,"< 0,0001",0.1191556520023673,17,0.2,5.27,424.666666666667,3.563,0.6,697.2928571428572,LW,0.0187043118815458,0.018138102769532,0.0183612636366249,0.0173147979937878,0.0005524226102905,4,2014-12-01 10:35:00,-0.8629445949074074,0.0348216307139138,0.0346692412384501,0.0347262606352759,0.0344543224596579,0.0001505596976671,2014-11-30T13:52:21,0.0402109731192847,0.0402519478966241,0.0402109731192847,0.0395045672333126,0.0002582223548623,0.0482432326699735,0.0473250924957919,0.0471297515146421,0.0467803733937903,0.0005866834773992,241_1_BOA_LE07_228061_20141130,0.8629445949074074,LD7,True
383,2.58,11.422549999999998,1.814950000000001,1.0,1,3.678,242,-2.09581,SN,-55.48875,IV,0.5437,0.3512,0.33999999999999986,"< 0,0001",0.0956796212270664,19,0.2,4.27,204.00000000000003,4.018,1.3,255.7,LW,0.0190790391862444,0.0174493871494445,0.0173432353755032,0.0162055929619313,0.000871999132585,9,2014-12-01 11:43:00,-0.9101668171296295,0.0329801393444492,0.0316060425081319,0.0313680540829292,0.0308534305281836,0.0007102143930964,2014-11-30T13:52:21,0.0320843071150333,0.0301477474476463,0.0297333342234825,0.0290362427131182,0.0009045984301989,0.0420726174707204,0.0408024905299152,0.0406439995738977,0.0402685397223698,0.0004988687852411,242_1_BOA_LE07_228061_20141130,0.9101668171296295,LD7,False
385,1.8372727272727276,7.75995,0.6531000000000003,1.0,1,3.187,243,-2.13555,GP,-55.37054,IV,0.5016,0.3413,0.69,"< 0,0001",0.1053462221345433,40,0.2,2.7,63.49999999999994,3.877,2.4,87.40909090909092,LW,0.0188526876326969,0.017863258000458,0.0175561579252238,0.0166961403452313,0.0007283951926904,9,2014-12-01 14:30:00,-1.026139039351852,0.0320037699392684,0.0310438213764349,0.031127264252625,0.0295364557948074,0.0006571846253833,2014-11-30T13:52:21,0.0208497809075542,0.0195628506224058,0.0195499622733364,0.0175044247938603,0.0009061342817843,0.0362202574081399,0.0353743765106732,0.0351751731392366,0.0343745004969514,0.000545562965477,243_1_BOA_LE07_228061_20141130,1.026139039351852,LD7,False
387,1.3444444444444446,5.46855,0.7408000000000003,4.0,1,2.819,245,-2.19931,LG,-55.2986,IV,0.2699,0.2492,0.3679999999999999,0.02,0.033339909252318,3,0.2,2.84,50.39999999999994,3.187,0.8,61.01111111111111,LW,0.0122101596673239,0.0115273356826395,0.0117707862252332,0.0099672301706745,0.0006715231216232,9,2014-12-02 12:35:00,-1.9460010763888889,0.0256172633968329,0.0247948744157613,0.024664260927792,0.0238367734863833,0.0005755453853881,2014-11-30T13:52:45,0.0156781762841555,0.0143483110171934,0.0142699202011973,0.0134358220973002,0.0006990573407465,0.0316047550079806,0.0299749598673261,0.0297019983705804,0.0293338185562861,0.000740872660942,245_1_BOA_LE07_228062_20141130,1.9460010763888889,LD7,False
389,2.770833333333333,6.6679499999999985,1.3774499999999996,4.0,1,2.739,246,-2.22145,LG,-55.27016,IV,0.2809,0.2493,0.42799999999999994,0.01,0.0327480765436969,4,0.2,2.59,66.39999999999996,3.167,2.2,75.05833333333332,LW,0.0135479894347284,0.0126904802894312,0.0126744926907742,0.0120506719628698,0.0005083219771184,9,2014-12-02 12:05:00,-1.925167743055556,0.0284749634286917,0.0273612670309285,0.0272328503483876,0.0268074671946215,0.0004824552430664,2014-11-30T13:52:45,0.0157465143975461,0.0150125370698696,0.0149767721135601,0.0146795461213198,0.0003470439582319,0.0361506452811134,0.0353656824283113,0.035528215675924,0.0349761973895138,0.0004458756033304,246_1_BOA_LE07_228062_20141130,1.925167743055556,LD7,False
390,2.53,16.8729,2.6729499999999984,1.0,1,3.579,247,-2.16748,LG,-55.23335,IV,0.6299,0.394,0.5739999999999994,"< 0,0001",0.0098638784770171,42,0.2,3.12,54.39999999999995,4.153,0.8,57.7,LW,0.0094853309323197,0.0077279876923244,0.0077574230351406,0.0063176803318447,0.000858323302079,9,2014-12-02 11:40:00,-1.9080834837962963,0.0227959696972735,0.0209928196682503,0.0207379736402874,0.0203427665941756,0.0007276089397874,2014-11-30T13:52:21,0.0161582149868527,0.0145952114729238,0.0148196358687179,0.0127729590069348,0.0011553220566978,0.0231281841334195,0.0213141873065879,0.0213211660261717,0.0194727935157827,0.0010922611031557,247_1_BOA_LE07_228061_20141130,1.9080834837962963,LD7,False
394,2.415714285714285,6.4995,1.4069499999999997,4.0,1,2.735,248,-2.20389,LG,-55.23609,IV,0.289,0.2203,0.3200000000000003,"< 0,0001",0.0147958177155257,43,0.2,2.76,35.20000000000001,3.055,2.1,44.48571428571429,LW,0.0132469416778974,0.0126742666463222,0.012877492943287,0.0117823150688069,0.0004979276469996,9,2014-12-02 11:13:00,-1.8890566319444444,0.0275065810307937,0.0269649790234266,0.0270548497449051,0.0261524321812789,0.0003737097711117,2014-11-30T13:52:45,0.0154258770268213,0.0143523811208024,0.014448822475829,0.0134266785453545,0.000674624831147,0.0351198226680016,0.0345918923483873,0.0347276890757847,0.0337029900648822,0.0004408518419398,248_1_BOA_LE07_228062_20141130,1.8890566319444444,LD7,True
398,0.6500000000000001,1.2744500000000003,0.41250000000000026,4.0,1,2.795,250,-2.250928,LG,-55.145292,IV,0.3954,0.3046,0.41000000000000014,0.01,0.0116393766028802,1,0.2,2.89,36.39999999999999,3.205,1.2,45.032258064516135,LW,0.0108786505168625,0.0097100876740546,0.0095821410233988,0.008889160466753,0.0006339891597356,9,2014-12-03 11:40:00,-2.9078066319444447,0.0242524567304878,0.0232964147261135,0.0235729563721253,0.0223437764752076,0.0006649610854396,2014-11-30T13:52:45,0.0103248626039954,0.0094005125060262,0.0093211080039258,0.0085499243243499,0.0005120528253118,0.0324260025161514,0.0309671831771898,0.0313902485643267,0.0294762484738645,0.0009554816263477,250_1_BOA_LE07_228062_20141130,2.9078066319444447,LD7,False
401,2.4966666666666666,14.922299999999996,7.440599999999999,4.0,1,2.724,251,-2.222999,LG,-55.199011,IV,0.2726,0.2159,0.5589999999999997,0.02,0.0211086999408167,44,0.2,2.73,57.19999999999997,3.283,1.8,59.63333333333333,LW,0.0115522301707274,0.0111047829702326,0.0107051821048285,0.0099843001764757,0.0005493538889876,9,2014-12-03 12:15:00,-2.9321121875,0.0259813318214814,0.0248336266422181,0.024768977786671,0.0232672100400261,0.0007999486601576,2014-11-30T13:52:45,0.0126016491238218,0.0120925722183342,0.0117501554187061,0.0111356471989096,0.0004906165130377,0.0324076622178908,0.0321759783897937,0.0320245123998244,0.031196376256047,0.0003801643960243,251_1_BOA_LE07_228062_20141130,2.9321121875,LD7,True
309,5.411111111111111e-07,1.54395,2.425050000000001,29.4,1,2.486,252,-2.242784,LG,-55.066126,IV,0.3306,0.287,0.07199999999999962,"< 0,0001",0.0361017952258828,45,0.2,3.03,55.20000000000002,2.558,7.7,59.17777777777777,LW,0.0164694124936636,0.0027989099962522,0.0144251602891483,-0.0463139039574671,0.0220181019620364,9,2014-12-03 11:10:00,-1.8899945486111112,0.0266277275342079,0.012974591434648,0.0247936485273609,-0.0379497282522009,0.0224274059601049,2014-12-01T13:48:24,0.0862500116693653,0.0276781096225109,0.0166670240794164,0.0135110136162904,0.0243919095435626,0.0335551164083043,0.0171175834214955,0.0314165006816429,-0.044871478532567,0.0271585026456783,252_1_BOA_LC08_227062_20141201,1.8899945486111112,LD8,False
313,5.336363636363636e-07,1.6806999999999994,0.3010000000000005,29.4,1,2.311,253,-2.180361,AM,-55.016444,IV,0.3168,0.3064,0.2120000000000002,"< 0,0001",0.0136121522982836,46,0.2,3.01,64.80000000000003,2.523,4.8,63.83636363636364,LW,0.0208600019301203,0.0206999111580327,0.0207279265130601,0.0204236830838436,0.0001344528584861,9,2014-12-03 10:20:00,-1.8552723263888888,0.0306811520546911,0.0305985568547335,0.0305932769333115,0.0303584813656451,0.0001054653584126,2014-12-01T13:48:24,0.0113572669947499,0.0112444954971672,0.0112190654957766,0.0111697752355503,7.320571280525182e-05,0.0383893201406623,0.0383140949401683,0.0383239947293535,0.0380584581791475,0.0001232541184939,253_1_BOA_LC08_227062_20141201,1.8552723263888888,LD8,False
317,,,,83.16,1,,254,-2.242784,LG,-55.066126,V,,,,,,45,0.2,,19.84999999999997,,,,HW,0.0140534274840527,0.0116607484639985,0.0131154025542621,-0.0041246852648326,0.0054387866030517,9,2015-05-05 00:00:00,5.574500810185185,0.0192027763746348,0.0169490177168312,0.0183959360478992,0.0017111999263957,0.0052437912218001,2015-05-10T13:47:16,0.0223650031520269,0.0047754106515981,0.002984853156019,0.0025183943978963,0.0060369045057244,0.0203416608399478,0.0177933768763332,0.0195199473574821,8.597851322161149e-06,0.006120812104887,254_1_BOA_LC08_227062_20150510,5.574500810185185,LD8,False
409,,,,59.0,1,,256,-2.255185,LG,-55.376673,V,,,,,,38,0.2,,20.09999999999998,,6.7,,HW,0.0079577859641581,0.0076877654689204,0.0076934513011953,0.0069576777590645,0.0003100687089417,9,2015-05-06 12:00:00,-12.921081909722222,0.0174021763877961,0.0167474276325608,0.0168163836701323,0.0164038975818674,0.0003741931883449,2015-04-23T13:53:38,0.0085575791779632,0.0077777465363331,0.0076683238679321,0.0074825724211012,0.0004039334365188,0.0202775456775813,0.0189857595864374,0.0188176493740922,0.0180968031751272,0.000735665409119,256_1_BOA_LE07_228062_20150423,12.921081909722222,LD7,False
411,,,,59.0,1,,257,-2.176642,GP,-55.372401,V,,,,,,39,0.2,,20.225,,6.9,,HW,0.0070343269256225,0.0063337413079967,0.0064658660987354,0.005340329617736,0.0005264410091881,9,2015-05-06 13:20:00,-12.976637465277776,0.0161094765397655,0.0153802865105663,0.0152469727003281,0.0146251498359798,0.0004177539939645,2015-04-23T13:53:38,0.0054196290242153,0.0043688378519459,0.0042017434391814,0.0039751719923693,0.0004436060348402,0.0198456499108891,0.0188740798857296,0.0188480976228625,0.018381975242305,0.0004777436611995,257_1_BOA_LE07_228062_20150423,12.976637465277776,LD7,False
412,,,,21.0,1,,258,-2.135114,GP,-55.370602,V,,,,,,40,0.2,,17.657142857142833,,6.8,,HW,0.0079993105499299,0.0071907612551097,0.0074530343601913,0.005891475103268,0.0007904736481321,6,2015-05-06 14:45:00,-13.035942094907409,0.0181045682671057,0.0170689797168895,0.0173912810207946,0.0145073958809194,0.0012657225469533,2015-04-23T13:53:14,0.0075918011947019,0.0063493273684773,0.0064461494420258,0.0034823024860685,0.0015050470987535,0.0230811452662689,0.022340521846516,0.02271768530618,0.0198946684368177,0.0011454190937498,258_1_BOA_LE07_228061_20150423,13.035942094907409,LD7,False
413,,,,21.0,1,,259,-2.113898,GP,-55.360708,V,,,,,,41,3.2,,19.799999999999976,,3.7,,HW,0.0083643404953444,0.0067862447106925,0.0071104276956104,0.0011244098772601,0.0020983665242726,9,2015-05-06 15:30:00,-13.067192094907409,0.017408869826587,0.0160740454940465,0.0169955335538018,0.0111405518256651,0.0018478606166477,2015-04-23T13:53:14,0.0094143421188088,0.0076175967567116,0.0077630536747677,0.0052939152434803,0.0013195260400405,0.0244966856888456,0.0220150283090345,0.0225455543628433,0.0159076958774376,0.002256888860634,259_1_BOA_LE07_228061_20150423,13.067192094907409,LD7,False
414,,,,21.0,1,,260,-2.166034,LG,-55.233215,V,,,,,,42,0.2,,30.7,,,,HW,0.0071205874687862,0.0017719594920909,0.0061085391502239,-0.0115686980949216,0.0058650565882473,9,2015-05-06 00:00:00,-12.421358761574076,0.0164135398974747,0.0106255427482713,0.014824136174585,-0.0023623986889928,0.0057495945334715,2015-04-23T13:53:14,0.0348725236977758,0.0178327555982637,0.0120519906426591,0.0102456619795254,0.0079019328800993,0.0209191812642174,0.0144920485513089,0.0197770725474411,-0.0010461732977902,0.0068458885864847,260_1_BOA_LE07_228061_20150423,12.421358761574076,LD7,False
424,1.4311111111111108,,,59.0,1,,266,-2.230316,PQ,-55.493935,V,,,,,,11,0.2,,17.824999999999992,,7.0,17.388888888888886,HW,0.0088650736829725,0.0078422558884413,0.0079554525899759,0.006726306714873,0.0005927289358587,9,2015-05-07 15:30:00,-14.066915243055556,0.0168038754054558,0.0163242736419482,0.016281186239284,0.0158950333077116,0.0002834245345878,2015-04-23T13:53:38,0.0088421654468219,0.0082414055753703,0.0083206525572518,0.0073010906185959,0.0004965925276682,0.0210455722650787,0.0204339976014707,0.0206596406630781,0.0190457913772402,0.0006484474564401,266_1_BOA_LE07_228062_20150423,14.066915243055556,LD7,False
429,1.984,,,59.0,1,,270,-2.112532,PC,-55.621423,V,,,,,,24,0.2,,16.24444444444447,,6.6,14.079999999999998,HW,0.0079005536663875,0.0063967297292986,0.0058832459745105,0.005217102897508,0.0009071367146327,9,2015-05-08 13:30:00,-14.983581909722222,0.0162188897039604,0.0149753135570461,0.0145595896244633,0.0136851745252277,0.0009046794139213,2015-04-23T13:53:38,0.0064295951180396,0.0045002529359502,0.0044320368681654,0.0027735303050604,0.0011678527144272,0.0206754999186454,0.0189601733222155,0.0185061827603184,0.0176347128871946,0.0010201520730051,270_1_BOA_LE07_228062_20150423,14.983581909722222,LD7,False
435,0.5522222222222221,,,59.0,1,,273,-2.177378,SL,-55.806321,V,,,,,,33,0.2,,22.88000000000001,,6.7,20.7,HW,0.0066377712028158,0.0059610430555493,0.0059988669544818,0.0050297277541044,0.0004771943527452,9,2015-05-09 11:00:00,-15.879415243055556,0.0148016241239547,0.0142347601572193,0.0141972604308268,0.0135804971913857,0.0003739247018902,2015-04-23T13:53:38,0.0054271944059917,0.0048925894344424,0.0049182837048936,0.0044060087517799,0.000410706490529,0.0196248837523615,0.0192255087902229,0.0189941852497841,0.0184519857195291,0.0003645405437054,273_1_BOA_LE07_228062_20150423,15.879415243055556,LD7,False
318,,,,83.16,1,,279,-2.180361,AM,-55.016444,V,,,,,,46,0.2,,36.36000000000001,,,,HW,0.0144484135523007,0.0138782070626121,0.0139604961279479,0.0128965568226004,0.0004504655246372,9,2015-05-12 00:00:00,-1.4254991898148148,0.0235058719239205,0.022264738717468,0.0224669998719598,0.0200865739960579,0.0009560603945448,2015-05-10T13:47:16,0.0054154844843802,0.0051287988594001,0.0051011943799414,0.0045440669322802,0.0002525391689926,0.0307461654130838,0.0291622607601335,0.0295378129929985,0.0259816423477198,0.0013596636142184,279_1_BOA_LC08_227062_20150510,1.4254991898148148,LD8,True
437,0.9834210526315788,15.109159999999997,1.6592500000000001,59.0,1,5.502,280,-2.307096,LG,-55.373301,VI,0.2373038322343959,0.1747038322343959,2.893,"< 0,01",0.059715110936064,37,0.2,2.9,29.43,8.395,3.0,32.94736842105263,R,0.0143066816280716,0.0134704417761346,0.0125336480799402,0.0102011149225726,0.0013717550280079,5,2016-04-12 10:50:00,-2.870409537037037,0.0335656509067935,0.0285415137415556,0.030904885814689,0.0203886579089292,0.0048565478928068,2016-04-09T13:56:36,0.0193345059016272,0.0176410117880384,0.0176259060175326,0.0157301886225018,0.0011848363265397,0.041775672037188,0.0366667732658077,0.0388413133663241,0.0260093275012077,0.0057416553687146,280_1_BOA_LE07_228062_20160409,2.870409537037037,LD7,False
439,0.9628571428571427,24.868763333333334,0.6698750000000006,59.0,1,4.73,281,-2.255185,LG,-55.376673,VI,0.2432038322343959,0.1686038322343959,2.2029999999999994,"< 0,01",0.059715110936064,38,0.2,2.73,54.29,6.933,4.0,64.22857142857143,R,0.0219496292024824,0.0212875289426757,0.0207190368568062,0.0205774304338885,0.0006121109156052,6,2016-04-12 12:19:00,-2.9322150925925925,0.0440861355373065,0.0439267064493257,0.0435822910244141,0.0430143868711268,0.0004294865060187,2016-04-09T13:56:36,0.016000890899493,0.015577333676848,0.0151192188463213,0.014907467860616,0.0004632625257772,0.057269181654205,0.0567648365676193,0.0566533285969175,0.0559862964978285,0.0005133838990649,281_1_BOA_LE07_228062_20160409,2.9322150925925925,LD7,False
441,1.3521568627450982,46.58261238095239,0.45481071428572073,59.0,1,4.477,282,-2.173257,GP,-55.372851,VI,0.2961038322343959,0.1756038322343959,1.1999999999999993,"< 0,01",0.054715110936064,39,0.2,2.7,33.71,5.677,4.3,60.55294117647061,R,0.0213938820778581,0.0174524216294258,0.0179092446696631,0.0099653224387806,0.0034881459388615,9,2016-04-12 14:00:00,-3.0023539814814817,0.043761806403136,0.0386034569496927,0.0387877531893363,0.0307120762938043,0.0041786917932272,2016-04-09T13:56:36,0.0153750865763533,0.0125983016398049,0.0124095806501842,0.0072219947422836,0.0025365808378242,0.0553218880337607,0.0489354109573509,0.0492103131516823,0.0407057906999759,0.0048285419276183,282_1_BOA_LE07_228062_20160409,3.0023539814814817,LD7,False
442,0.7022580645161289,26.603947142857148,2.878085714285713,43.0,1,4.288,283,-2.135144,GP,-55.370602,VI,0.2393038322343959,0.1702038322343959,1.7519999999999998,"< 0,01",0.055715110936064,40,0.2,2.78,54.0,6.04,4.5,62.97741935483871,R,0.0137556454880479,0.0121301095153336,0.0127583543429246,0.007390274849024,0.0023758227578724,5,2016-04-12 15:09:00,-3.050547488425926,0.0361853191038149,0.0336571406879247,0.0337608845418148,0.0286640634168303,0.0028629577819087,2016-04-09T13:56:12,0.0101856587554155,0.0092634763319867,0.0094704382162321,0.0059992950143702,0.0015852784800492,0.0468385437983175,0.0448242747263885,0.0453023662747494,0.0394388402879538,0.0027352500731597,283_1_BOA_LE07_228061_20160409,3.050547488425926,LD7,False
443,2.266,18.36625185185185,1.22277,43.0,1,5.399,284,-2.113672,GP,-55.370602,VI,0.8207038322343959,0.1685038322343959,0.26900000000000013,"< 0,01",0.055715110936064,41,0.2,3.27,45.71,5.668,1.9,49.337142857142865,R,0.0136570240790189,0.0082667076994346,0.0079618763100201,0.0079618763100201,0.0023724970145499,5,2016-04-12 16:00:00,-3.0859641550925927,0.0306021935220533,0.0238648030305984,0.0234935590806232,0.0234935590806232,0.0028603654289635,2016-04-09T13:56:12,0.0141240473235913,0.0142258721971742,0.0140753801905139,0.0118471242960672,0.0007528050025978,0.037754940671066,0.029884782694967,0.0295116835385883,0.0295116835385883,0.0030492942096353,284_1_BOA_LE07_228061_20160409,3.0859641550925927,LD7,False
446,0.7673684210526315,82.68253333333332,17.670753333333337,59.0,1,4.503,285,-2.20666,PD,-55.623562,VI,0.0088038322343959,0.0068038322343959,0.26699999999999946,"< 0,01",0.061715110936064,25,0.2,3.01,42.29,4.77,5.2,53.397368421052626,R,0.0141178315056494,0.0129755270697855,0.013388064205318,0.011435201473946,0.0009108657479486,9,2016-04-13 14:15:00,-4.012770648148148,0.0298176005753211,0.0291153825171005,0.0291663301068101,0.027980371745977,0.0005369812335918,2016-04-09T13:56:36,0.0133204717750899,0.0123606981120348,0.0123565785172946,0.0116239763852889,0.0004279778103455,0.0353965848614535,0.0345286261406841,0.0349309496458954,0.0319489744171996,0.0011239756306558,285_1_BOA_LE07_228062_20160409,4.012770648148148,LD7,False
449,0.6558823529411766,19.07531,1.4846178571428594,59.0,1,4.113,286,-2.178437,PD,-55.633239,VI,0.2061038322343959,0.1752038322343959,0.4339999999999993,"< 0,01",0.051715110936064,36,0.2,2.69,50.0,4.547,4.4,43.626470588235286,R,0.0204868509369869,0.0179802060159746,0.0181914622790334,0.0132089742495531,0.0019179841071015,9,2016-04-13 13:00:00,-3.960687314814815,0.0344487540293335,0.033068850771868,0.0333246379585111,0.0298905570911285,0.0014350742251569,2016-04-09T13:56:36,0.0116735189318358,0.0103943818723941,0.0104591358949715,0.0075483900695749,0.0011039253532988,0.0398961777709136,0.038154110128203,0.038443254515818,0.0351090616521236,0.0015361039371339,286_1_BOA_LE07_228062_20160409,3.960687314814815,LD7,False
451,0.6910344827586207,28.984916666666663,4.374273333333335,59.0,1,4.207,287,-2.142593,PC,-55.625756,VI,0.1072038322343959,0.0935038322343959,1.9800000000000004,"< 0,01",0.052715110936064,22,0.2,3.2,42.57,6.187,4.2,44.3448275862069,R,0.016811935598467,0.0143977570456731,0.0145702471855143,0.0127172033625149,0.0011674335790181,9,2016-04-14 09:02:00,-4.795409537037037,0.0273427138104075,0.0262617709110054,0.0261095323291938,0.0253872934899813,0.0006860173641026,2016-04-09T13:56:36,0.0086465976186994,0.0077585755010985,0.007760845860645,0.0070323404492895,0.0004972925249159,0.032313975434013,0.0294062513346922,0.0294012587243717,0.0269516271424103,0.0015523281584423,287_1_BOA_LE07_228062_20160409,4.795409537037037,LD7,False
319,0.9559999999999998,29.74819333333333,6.819606666666668,82.47,1,4.579,290,-2.1572,SL,-55.805249,VI,0.0080038322343959,0.0077038322343959,0.6890000000000001,"< 0,01",0.043715110936064,30,0.2,2.95,35.43,5.268,4.0,39.02,R,0.025497269917227,0.0215403886933424,0.0201560626862442,0.019475091715433,0.0022005266916061,9,2016-04-15 13:10:00,2.030254675925926,0.0322652850785155,0.0293406384699007,0.0300309901703646,0.0271612815958568,0.0019232549256144,2016-04-17T13:53:34,0.0176007955500224,0.012555772697873,0.013497832776921,0.0084281518303412,0.0032112060912337,0.0391515887841343,0.0345809904056165,0.0356532792315386,0.0311137425626957,0.0028015049618131,290_1_BOA_LC08_228061_20160417,2.030254675925926,LD8,False
321,0.8433333333333334,59.97702666666666,2.1522800000000077,82.47,1,4.675,291,-2.219976,SL,-55.808397,VI,0.0118038322343959,0.0065038322343959,1.3630000000000004,"< 0,01",0.047715110936064,31,0.2,2.57,35.43,6.038,4.0,46.5,R,0.0120795977645686,0.011191468247371,0.0112958614311751,0.0103085023494656,0.0005171965961104,9,2016-04-15 14:06:00,1.991365787037037,0.0150347640794122,0.0139611323113578,0.0138447875691016,0.0119573001805578,0.0010200288917599,2016-04-17T13:53:34,0.0064305430741866,0.0056154073385494,0.0054671649912505,0.0048066227258804,0.0004774323855049,0.0171080205165669,0.0159481752839432,0.0159552859343398,0.0136847284997055,0.001163829142476,291_1_BOA_LC08_228061_20160417,1.991365787037037,LD8,True
323,0.9559999999999998,43.32270666666667,2.9822566666666668,82.47,1,5.503,292,-2.177378,SL,-55.806321,VI,0.1823038322343959,0.1656038322343959,0.8079999999999998,"< 0,01",0.057715110936064,33,0.2,2.47,38.57,6.311,4.2,42.98,R,0.0169370708826111,0.0161500941718519,0.0159863319782434,0.0156191385482374,0.0004404460027423,9,2016-04-15 12:02:00,2.077476898148148,0.0274469679615737,0.0257979536316976,0.0261137904639412,0.0245743349651951,0.000828352422026,2016-04-17T13:53:34,0.0079307695276605,0.0073349209294051,0.0072267567920946,0.0069339700794196,0.0003436773945084,0.0355032525205912,0.0330155674448676,0.0334756819694413,0.0311879219764434,0.001212110373804,292_1_BOA_LC08_228061_20160417,2.077476898148148,LD8,False
461,1.1449999999999998,21.815728333333336,1.0806249999999995,43.0,1,5.23,293,-2.258797,PQ,-55.623565,VI,0.0422038322343959,0.0369038322343959,1.9449999999999994,"< 0,01",0.041715110936064,9,0.2,3.09,19.43,7.175,4.0,17.966666666666665,R,0.0027471647999508,0.0002590798096654,-0.0004288474657717,-0.0015380401555561,0.0012984285696543,7,2016-04-16 13:35:00,-6.985269710648148,0.0069449546656571,0.0042278072753034,0.0037360441908259,0.0022614500223564,0.0015599474740584,2016-04-09T13:56:12,0.0124340300213231,0.0071377146118137,0.0059045038631692,0.0056118485694279,0.0023709853499124,0.0085299791628083,0.0034789473920669,0.0025180272232975,0.0002714849037654,0.0028085205694303,293_1_BOA_LE07_228061_20160409,6.985269710648148,LD7,False
467,0.765,24.35719333333333,3.4425233333333343,59.0,1,4.514,295,-2.229907,PQ,-55.495172,VI,0.0159038322343959,0.0491038322343959,0.33399999999999963,"< 0,01",0.027715110936064,11,0.2,3.41,53.14,4.848,3.8,39.68333333333333,R,0.0115762142532755,0.0103931203263825,0.0104160893887344,0.0086944197602719,0.0008392481024904,9,2016-04-17 10:45:00,-7.866937314814815,0.0178116503421122,0.0159935760719731,0.0161979501351566,0.0146392066834426,0.0009190990984106,2016-04-09T13:56:36,0.0082770426190187,0.0070986755174226,0.0071332440100711,0.0046782985895839,0.0011202340606806,0.0208210996207732,0.0193220658096438,0.0192310521013027,0.0186752766291263,0.0006427249695259,295_1_BOA_LE07_228062_20160409,7.866937314814815,LD7,False
469,0.75,39.81220666666666,4.269846666666667,59.0,1,4.42,296,-2.170323,GP,-55.493823,VI,0.1036038322343959,0.0456038322343959,0.40300000000000047,"< 0,01",0.049715110936064,14,0.2,3.45,36.0,4.823,2.69,55.31999999999999,R,0.0155392255891776,0.0144171075592281,0.0143462419662992,0.0138447499669257,0.0005442984733302,9,2016-04-17 11:48:00,-7.9106873148148145,0.029585588309757,0.0287916565224716,0.0286369358097687,0.0282735171181223,0.0004075724845381,2016-04-09T13:56:36,0.0090609677669968,0.0078335845364879,0.0077506539024109,0.007055474216922,0.0006539697445041,0.0360233662918158,0.0342937544128434,0.0342091692259141,0.0333902620625833,0.0007453218202243,296_1_BOA_LE07_228062_20160409,7.9106873148148145,LD7,False
470,0.722,72.56164166666667,1.8612749999999993,43.0,1,3.326,297,-2.133265,GP,-55.488798,VI,0.0681038322343959,0.0657038322343959,3.783,"< 0,01",0.062715110936064,15,0.2,3.22,61.14,7.109,4.6,65.47999999999999,R,0.0189971310328197,0.0181083058131107,0.0179821442121094,0.0173004968821704,0.0005639370836288,9,2016-04-17 13:31:00,-7.982491932870371,0.0381543807225879,0.036901634272324,0.0368808539214526,0.0358817443181826,0.0007151850555596,2016-04-09T13:56:12,0.0121916730617412,0.0107026929003136,0.0108607880293623,0.0093444245678073,0.0008111252015786,0.0466590213306079,0.0450229014611148,0.0448095502483523,0.043739882545895,0.0009132169947129,297_1_BOA_LE07_228061_20160409,7.982491932870371,LD7,False
471,,55.01353444444444,1.468000000000002,43.0,1,5.197,298,-2.070564,SN,-55.486853,VI,0.0668038322343959,0.0650038322343959,0.8010000000000002,"< 0,01",0.061715110936064,16,0.2,3.32,45.43,5.998,4.2,,R,0.0077673041724077,0.006181311484706,0.0058998014764818,0.0042214851628839,0.0011094061096848,9,2016-04-19 12:52:00,-9.955408599537035,0.016125999306806,0.0119526483794404,0.0106472474807411,0.0095805558826313,0.0018823280550836,2016-04-09T13:56:12,0.0060727360936719,0.0045061794562105,0.0041578901054221,0.0027762880109047,0.0009966539182535,0.0210377197226259,0.0156436010979411,0.0142141715157119,0.0117680878498732,0.002609089768997,298_1_BOA_LE07_228061_20160409,9.955408599537035,LD7,False
472,1.4183333333333332,55.77477666666667,8.650813333333334,43.0,1,5.116,299,-2.037612,SN,-55.486403,VI,0.3440038322343959,0.1606038322343959,1.242,"< 0,01",0.044715110936064,17,0.2,2.61,49.71,6.358,1.0,48.65,R,0.0176987165463707,0.0169720063498702,0.0171036514429894,0.0156320272748913,0.0006526704612401,9,2016-04-19 14:28:00,-10.022075266203704,0.0369375259745827,0.0357869281602619,0.0361462722072584,0.0325282369745805,0.0013370482155668,2016-04-09T13:56:12,0.0182837189593374,0.0170732224440274,0.0170906000884996,0.0165851887057347,0.0004500902828758,0.0475355832909873,0.04601074745848,0.0462332844368014,0.0401681710767331,0.0021646877523763,299_1_BOA_LE07_228061_20160409,10.022075266203704,LD7,False
474,,18.636783333333334,0.21125000000000013,71.0,1,3.671,301,-2.245385,LG,-55.24066,VI,0.0084038322343959,0.0027038322343959,2.57,"< 0,01",0.031715110936064,2,0.2,3.11,15.43,6.241,4.3,,R,0.010573785353659,0.0095182766826302,0.0099600849344645,0.0078955732415555,0.0008872440298883,9,2016-04-21 09:22:00,4.190513171296296,0.0223087556287765,0.018555654917372,0.0194357644295699,0.0144089757692272,0.002956713900295,2016-04-25T13:56:20,0.0074231562657537,0.0061228182470254,0.0061356178238549,0.0041316078491389,0.0010658297050533,0.0255536229574012,0.0209020245948974,0.0220371701421105,0.015651212523314,0.0035414392041898,301_1_BOA_LE07_228061_20160425,4.190513171296296,LD7,False
477,0.73,26.883333333333336,0.4640733333333344,43.0,1,4.599,302,-2.166034,LG,-55.233215,VI,0.2660038322343959,0.1708038322343959,2.1179999999999994,"< 0,01",0.067715110936064,42,0.2,2.92,64.57,6.717,3.9,68.1,R,0.0179023472309059,0.0123422862910791,0.0173259643873547,-0.0021185828092576,0.0062578789191823,9,2016-04-21 12:07:00,-11.924158599537035,0.0397129241248773,0.0319768753428842,0.0382387616155516,0.0134328380225335,0.0080143625037534,2016-04-09T13:56:12,0.0255624736334033,0.0173826315969605,0.014743874183528,0.0139545571573929,0.0035432002313046,0.0507458706541869,0.041732199194716,0.0490230006000827,0.0190598892189205,0.0098027240860768,302_1_BOA_LE07_228061_20160409,11.924158599537035,LD7,False
479,0.6999999999999998,32.9167375,0.6959750000000003,71.0,1,5.254,303,-2.2035,LG,-55.236138,VI,0.2667038322343959,0.1665038322343959,0.7950000000000008,"< 0,01",0.062715110936064,43,0.2,2.61,51.14,6.049,4.7,75.5,R,0.0192974149915726,0.0175510408489907,0.0177146820651089,0.0148522194921941,0.0012684730663121,9,2016-04-21 10:17:00,4.152318726851852,0.0362935216291257,0.0334883172803488,0.0344656546192736,0.0280412733615412,0.0022533764474816,2016-04-25T13:56:20,0.0113244023914697,0.0101367767191004,0.0103383564635894,0.0082315917992878,0.000915153615029,0.0436477539040287,0.0405044009779461,0.0417730887101546,0.0330149035418809,0.0030405577199081,303_1_BOA_LE07_228061_20160425,4.152318726851852,LD7,False
482,,,,71.0,1,,304,-2.180361,AM,-55.016444,VI,,,,,,46,0.2,,126.0,,,,R,0.0129791386631517,0.0121703437296536,0.0119458705548328,0.0115909448637304,0.0004986146585837,9,2016-04-21 00:00:00,4.580790949074074,0.0279349251155714,0.0269066555790511,0.0266304417864166,0.0260877789756634,0.0005977836361264,2016-04-25T13:56:20,0.0178130214706711,0.0166837203664542,0.0167519897381767,0.0157588200853085,0.000617766779255,0.0417277102080421,0.0411043556922199,0.0409686259374659,0.0404195399119451,0.0004274705054528,304_1_BOA_LE07_228061_20160425,4.580790949074074,LD7,True
483,1.5539999999999998,87.56258000000001,,9.0,1,12.01,305,-2.307096,LG,-55.373301,VII,0.4323235209235209,0.385,0.10999999999999943,"< 0,01",0.010431,37,0.2,4.31,107.59999999999998,12.12,,148.04000000000002,LW,0.0089575097182439,0.0067737021680457,0.0069438740646239,0.0054286349349557,0.0012052392281767,6,2016-09-29 15:30:00,2.9352462152777776,0.0238568369057839,0.0219716690250052,0.0216835649917494,0.0215857319196629,0.0008120077298331,2016-10-02T13:56:45,0.0310335051969414,0.0299054679324289,0.0296768781628381,0.0289631581596495,0.000683415155877,0.0360051000171988,0.0327277204666099,0.0327217379265822,0.0311521960259687,0.0016139928039566,305_1_BOA_LE07_228061_20161002,2.9352462152777776,LD7,True
484,1.5463265306122451,30.732440000000004,,9.0,1,8.593,306,-2.255185,LG,-55.376673,VII,0.3930235209235209,0.361,0.4689999999999994,"< 0,01",0.002331,38,0.2,3.37,122.49999999999996,9.062,,144.43673469387755,LW,0.0078694609233506,0.0075590009139066,0.007685857169379,0.0070288048588769,0.0003178890099766,9,2016-09-29 16:30:00,2.893579548611111,0.0252751449986936,0.0241140177394892,0.0240744884867481,0.0234412845477409,0.0005650114857846,2016-10-02T13:56:45,0.0356002404336496,0.0347202732903383,0.0349435934138442,0.0343446223825068,0.0003529871048807,0.0419844869698756,0.0415064244920886,0.0415884817082921,0.0414548544989745,0.0002110376900247,306_1_BOA_LE07_228061_20161002,2.893579548611111,LD7,True
486,2.57,44.42378000000001,,9.0,1,5.25,307,-2.24054,LG,-55.24054,VII,0.6981235209235209,0.526,4.99,"< 0,01",0.003431,2,0.2,3.41,141.0,10.24,,194.24285714285716,LW,0.0081375419975007,0.0064870757624589,0.0058333479813791,0.0044937331801146,0.0012430368061071,9,2016-09-30 15:10:00,1.949135104166667,0.0234445982148244,0.0223750947980687,0.0221999010956869,0.0207344295063648,0.0008936724463843,2016-10-02T13:56:45,0.0273199988373373,0.0256835844923402,0.0251831466709908,0.0238582386590778,0.0011821567707976,0.0360143450650062,0.0348238081690234,0.0347089744391527,0.0329651657362773,0.0009867567353447,307_1_BOA_LE07_228061_20161002,1.949135104166667,LD7,False
340,1.36,11.01114,,20.97,1,9.877,309,-2.2035,LG,-55.236138,VII,0.4354235209235209,0.417,0.08499999999999908,"< 0,01",0.002631,43,0.2,2.88,137.49999999999997,9.962,,170.10999999999999,LW,0.0104046957359799,0.0102112166481214,0.0101698116544467,0.0100341918706474,0.0001379707098767,9,2016-09-30 14:30:00,-6.024561724537037,0.0275872267943896,0.0272682127631426,0.0271998239373916,0.0270266873039623,0.000172591345314,2016-09-24T13:54:37,0.0167467523768329,0.0164430005259076,0.0164821540655797,0.0160690086765113,0.0002551440705735,0.0389986307955243,0.0387019694467401,0.0388175977168051,0.0382723318921565,0.0002506220450214,309_1_BOA_LC08_228062_20160924,6.024561724537037,LD8,False
489,1.4758620689655169,10.62022,,9.0,1,7.482,310,-2.17338,GP,-55.37247,VII,0.512423520923521,0.468,1.0859999999999994,"< 0,01",0.016331,39,0.2,3.89,98.49999999999996,8.568,,205.3689655172414,LW,0.0083553790260269,0.0071823634712605,0.007220708177466,0.0058873655336199,0.0008347070948078,9,2016-10-01 12:15:00,1.0706628819444444,0.0255651300010261,0.0245667634720815,0.0246482935987061,0.0235677193070927,0.0005749086294882,2016-10-02T13:56:45,0.0320254623471337,0.0313671624784351,0.0315332185474352,0.0301769311410497,0.0006614662646677,0.0411999192530551,0.0406108539422427,0.0407939186090945,0.0397290934610666,0.000537208623542,310_1_BOA_LE07_228061_20161002,1.0706628819444444,LD7,False
491,1.5227272727272725,9.429459999999997,,9.0,1,7.917,311,-2.13507,GP,-55.37057,VII,0.3231235209235209,0.318,0.43400000000000105,"< 0,01",0.010631,40,0.2,2.53,93.49999999999996,8.351,,188.3090909090909,LW,0.0073407474892998,0.0062088302472913,0.006008433736761,0.0052163335491526,0.0006471980833513,9,2016-10-01 11:35:00,1.0984406597222225,0.0239472635949168,0.0237327466235168,0.023426618743347,0.0231459290501915,0.0002616775747419,2016-10-02T13:56:45,0.0320028115733592,0.0311788088452389,0.0308924200407911,0.0306125827642671,0.000388172290443,0.0403956543436095,0.0398243376110541,0.0398215339132824,0.0393231230591853,0.0003411516911845,311_1_BOA_LE07_228061_20161002,1.0984406597222225,LD7,True
492,2.1963636363636367,16.429940000000002,,9.0,1,7.789,312,-2.11808,GP,-55.37258,VII,0.3631235209235209,0.364,0.44700000000000095,"< 0,01",0.039631,41,0.2,4.16,285.5,8.236,,412.4818181818182,LW,0.0074553475350351,0.0064513721720463,0.0063803443316395,0.0056282114795795,0.0005241694171724,9,2016-10-01 11:00:00,1.1227462152777778,0.0240661976029491,0.0232486881466498,0.0234094885909474,0.0221250231627589,0.0005454787508928,2016-10-02T13:56:45,0.0349903519663155,0.0339390746735135,0.0338429250675537,0.0327760553711747,0.0005719228867487,0.0410661117898655,0.0394420166136083,0.0394752501879846,0.0383616233284876,0.0008399033770116,312_1_BOA_LE07_228061_20161002,1.1227462152777778,LD7,False
493,,4.257479999999999,,9.0,1,0.917,313,-2.115929,GP,-55.447053,VII,0.8707235209235209,0.628,8.939,"< 0,01",0.030331,47,0.2,2.3,,9.856,,,LW,0.0107124467413926,0.0088746635285289,0.0087137504836244,0.0074698753656849,0.0009009384588757,9,2016-10-01 00:00:00,1.581079548611111,0.0287690171267368,0.0266284892004798,0.0267494120053441,0.025067374144351,0.0011762093103094,2016-10-02T13:56:45,0.0329108560955973,0.0315597720805833,0.0312763011479511,0.0309365383366661,0.0007097311710976,0.043878832588565,0.0422587864974554,0.0422713543858707,0.0407891242094132,0.0010113837327121,313_1_BOA_LE07_228061_20161002,1.581079548611111,LD7,True
498,1.5590000000000004,8.673100000000002,,30.0,1,8.09,315,-2.2594,PQ,-55.62395,VII,0.4967235209235209,0.454,0.8350000000000009,"< 0,01",0.006131,9,0.2,0.8,190.0,8.925,,272.20000000000005,LW,0.003895101213339,0.0031956664560755,0.0029225182182045,0.0026680750904189,0.0004273757597235,9,2016-10-03 12:30:00,-0.9394769212962965,0.0172985922102708,0.0162086475617064,0.0162768809723151,0.0151078988753932,0.00065792111275,2016-10-02T13:57:09,0.0326341108336099,0.0313635362076934,0.0312381565292073,0.0305414348590735,0.0006213154506985,0.0318225996987803,0.0304477493855158,0.0303284823922064,0.0293641271861996,0.0008280950844609,315_1_BOA_LE07_228062_20161002,0.9394769212962965,LD7,True
500,1.6657142857142857,4.5347,,9.0,1,9.65,316,-2.27082,PQ,-55.62526,VII,0.4360235209235209,0.421,0.8390000000000004,"< 0,01",0.016231,10,0.2,0.43,349.33333333333337,10.489,,439.3,LW,0.0029670736875096,0.0012895541836066,0.0013023962608246,-0.000648075007049,0.0009507140707985,9,2016-10-03 13:00:00,-0.9605871180555556,0.0133206189605425,0.0126693199706391,0.0128596201577081,0.0117910655605126,0.0005093743044813,2016-10-02T13:56:45,0.0360848255706095,0.0350632641189363,0.0346606676279735,0.034534530451193,0.0006186283646323,0.0268999044321315,0.0256566379241674,0.0258933967467396,0.024441227805341,0.0008494463495263,316_1_BOA_LE07_228061_20161002,0.9605871180555556,LD7,False
506,1.8343333333333336,10.006859999999998,,30.0,1,8.007,317,-2.23067,PQ,-55.49412,VII,0.4051235209235209,0.365,0.2580000000000009,"< 0,01",-6.9e-05,11,0.2,1.07,337.3333333333333,8.265,,397.13666666666654,LW,0.0071478049212642,0.0057891370102836,0.0055250188385603,0.0049157899306659,0.0007700094724845,9,2016-10-03 14:15:00,-1.0123935879629629,0.0230270293028114,0.022034085297076,0.0219809614128226,0.0210155264008416,0.0006742119065132,2016-10-02T13:57:09,0.0411880274625213,0.0399870224409653,0.0398309511932174,0.0389951706092109,0.0006546342452396,0.0378750925907164,0.0363137279054689,0.0360421641920388,0.0351769116531918,0.0007014677856419,317_1_BOA_LE07_228062_20161002,1.0123935879629629,LD7,True
510,2.704375,12.042579999999997,,30.0,1,7.878,318,-2.25009,PQ,-55.49374,VII,0.4964235209235209,0.325,0.01499999999999968,"< 0,01",0.032631,12,0.2,1.21,275.33333333333337,7.893,,305.059375,LW,0.0034914120197207,0.0032035816187496,0.0033072521529835,0.0016809702594897,0.0006358166757223,6,2016-10-03 14:39:00,-1.0290602546296297,0.0201037746629131,0.0195482094097804,0.01967847932857,0.0177069810945212,0.0008027919745175,2016-10-02T13:57:09,0.032953536483261,0.0323217493944724,0.0321349906998893,0.0315893721154306,0.0004963117757656,0.034038338472881,0.0332995868342458,0.0334498411890859,0.0322463419945966,0.0007144130844683,318_1_BOA_LE07_228062_20161002,1.0290602546296297,LD7,False
514,1.9871428571428564,14.547400000000003,,30.0,1,9.51,319,-2.16729,GP,-55.49487,VII,0.3107235209235209,0.287,0.261000000000001,"< 0,01",0.033431,14,0.2,3.15,134.99999999999997,9.771,,231.10357142857146,LW,0.0057157989027098,0.0048743738263724,0.0052417033712692,0.0033443956424645,0.0008567466081057,9,2016-10-04 13:30:00,-1.9811435879629629,0.0238632570827219,0.0228401252507316,0.0227032857195605,0.0223263857917374,0.0004321831476981,2016-10-02T13:57:09,0.0305584689029441,0.0294088186628833,0.0294647702671616,0.0279685866284823,0.0007788006611055,0.0416688539381523,0.0400544046294964,0.0401428084903924,0.0395151641792473,0.0006583973329327,319_1_BOA_LE07_228062_20161002,1.9811435879629629,LD7,False
516,1.558055555555556,8.923499999999999,,9.0,1,9.312,320,-2.13239,GP,-55.48864,VII,0.2929235209235209,0.221,0.4350000000000005,"< 0,01",0.026131,15,0.2,2.16,161.0,9.747,,219.50833333333333,LW,0.0078254649632871,0.0064573610081462,0.0064562864611794,0.0050997142223297,0.0006996944056116,9,2016-10-04 12:45:00,-1.950170451388889,0.0245585651262002,0.0235353533722298,0.0235277735065136,0.0226692603815215,0.0006989847115071,2016-10-02T13:56:45,0.0295009361171599,0.0270103507599271,0.0269821682217937,0.0255054388674879,0.0013746717220091,0.0407783531194694,0.0384274183671181,0.0387037678574711,0.0363439336466267,0.0013254925012107,320_1_BOA_LE07_228061_20161002,1.950170451388889,LD7,False
518,2.2804545454545457,11.538680000000001,,9.0,1,7.691,321,-2.06873,SN,-55.48626,VII,0.3182235209235209,0.264,0.12900000000000045,"< 0,01",0.043031,16,0.2,2.3,83.99999999999991,7.82,,180.52499999999998,LW,0.0102160591752767,0.0093549815427805,0.0094553158612904,0.0088703610235622,0.0004107530292139,7,2016-10-04 11:30:00,-1.898087118055556,0.0290643836928419,0.0284358053391146,0.0285819836619613,0.0279362796659086,0.0004343793383811,2016-10-02T13:56:45,0.0284793184647411,0.027903032858326,0.0280985169438558,0.027157430342331,0.0004302666170082,0.0443207467824482,0.0438008623184505,0.0438197161956453,0.0433427719832513,0.0003258311086753,321_1_BOA_LE07_228061_20161002,1.898087118055556,LD7,True
520,2.298809523809525,11.806579999999997,,9.0,1,8.031,322,-2.04609,SN,-55.48486,VII,0.2898235209235208,0.235,0.9669999999999987,"< 0,01",0.036331,17,0.2,1.75,186.99999999999997,8.998,,270.697619047619,LW,0.0094933783862915,0.0086887173129595,0.0088281031358045,0.0073420718759027,0.0006328839884114,9,2016-10-04 10:45:00,-1.866837118055556,0.0282227230770191,0.0278091395392147,0.0277380918924831,0.027338386720798,0.0003051365375688,2016-10-02T13:56:45,0.0352012901688177,0.0341360901699569,0.0339604013714453,0.0336240897149661,0.0005649278451546,0.0450008421771882,0.0442373894430684,0.0443222925784136,0.0439110534573313,0.0003334499054933,322_1_BOA_LE07_228061_20161002,1.866837118055556,LD7,True
383,2.38657142857143,9.42824,,8.55,1,10.47,323,-2.09556,SN,-55.4888,VII,0.2741235209235209,0.218,0.8499999999999996,"< 0,01",0.002531,19,0.2,1.89,148.99999999999997,11.32,,245.9457142857143,LW,0.0146982089277168,0.0143398677797045,0.0142832528399922,0.0138933323528904,0.0002308883822026,9,2016-10-04 12:15:00,6.068961215277778,0.0281832247849787,0.0279423180751625,0.027908815725554,0.0273254545493088,0.0002527262549692,2016-10-10T13:54:18,0.0419460178375322,0.0412367186264776,0.040738859946984,0.0403891685616709,0.0005502052119217,0.0411246532997518,0.0405226387392343,0.040484980209441,0.0397703586580186,0.0004068507801305,323_1_BOA_LC08_228061_20161010,6.068961215277778,LD8,False
523,2.676842105263159,12.353980000000002,,9.0,1,7.26,324,-2.06152,SN,-55.46119,VII,0.4421235209235209,0.321,2.463000000000001,"< 0,01",0.045631,48,0.2,2.47,245.3333333333333,9.723,,343.83684210526314,LW,0.0086370710086288,0.0082617595507383,0.0084012021063531,0.0076851888939266,0.0003047762130107,9,2016-10-04 10:20:20,-1.849707488425926,0.0305451373305023,0.0300243345628863,0.0301173894633642,0.0295334163838627,0.0003595562371953,2016-10-02T13:56:45,0.033898617023564,0.0326966295135834,0.0325685387994492,0.0320001195421155,0.0007035042299688,0.048466185919602,0.0479200773970012,0.0480322057282975,0.0463978460869085,0.000582356463675,324_1_BOA_LE07_228061_20161002,1.849707488425926,LD7,False
526,1.9789189189189176,7.161899999999999,,30.0,1,0.685,325,-2.14225,PC,-55.62557,VII,0.2960235209235209,0.228,0.02399999999999991,"< 0,01",0.030731,22,0.2,2.08,147.99999999999991,0.709,,242.2216216216217,LW,0.0097256271675522,0.0088771101925927,0.0092647394061036,0.0067412394212111,0.000903837248927,9,2016-10-05 13:00:00,-2.9603102546296296,0.0262087706910125,0.0257370840454639,0.0258034494820708,0.024996563688187,0.000422832994699,2016-10-02T13:57:09,0.0298850178303399,0.0294665404818144,0.0295938487027464,0.0286777366725505,0.0003830886005323,0.0418232043880496,0.0406693288944077,0.0405706163917453,0.0400416026686478,0.0004867009651427,325_1_BOA_LE07_228062_20161002,2.9603102546296296,LD7,False
528,2.689642857142857,12.655640000000002,,9.0,1,8.926,326,-2.09353,PC,-55.62166,VII,0.3029235209235209,0.294,3.7319999999999993,"< 0,01",0.011931,23,0.2,3.42,103.99999999999991,12.658,,205.10714285714286,LW,0.009592258930405,0.0092128463963916,0.0094258498829982,0.0078229021759564,0.0006503569838841,9,2016-10-05 12:00:00,-2.918920451388889,0.0281732448559483,0.0272602299763009,0.027399965814053,0.0252002557625758,0.0009881050163422,2016-10-02T13:56:45,0.0326001288739346,0.0317452069244932,0.0316525561070005,0.0307278161060123,0.0005650760288999,0.045070298767481,0.0441883505221994,0.0440882715551464,0.0433802222577529,0.0005417260063373,326_1_BOA_LE07_228061_20161002,2.918920451388889,LD7,True
532,2.2025,7.674380000000001,,30.0,1,9.956,327,-2.11153,PC,-55.62163,VII,0.2871235209235209,0.265,1.5440000000000005,"< 0,01",0.020631,24,0.2,3.62,95.00000000000009,11.5,,199.42499999999998,LW,0.0117447356114816,0.0104792380848143,0.0105473893217727,0.0091562827715041,0.0007955004948183,9,2016-10-05 12:30:00,-2.939476921296296,0.0284904948244448,0.0273394908679249,0.0274890571683387,0.0267102919228643,0.0005423870754518,2016-10-02T13:57:09,0.0293111157753034,0.028484275656773,0.0288192821761587,0.0279241633183615,0.0005206388117666,0.0442494721328712,0.0430213834530944,0.0428446406973136,0.0419945280356864,0.0007218370946078,327_1_BOA_LE07_228062_20161002,2.939476921296296,LD7,True
536,1.5794285714285712,16.37484,,30.0,1,8.265,328,-2.20217,PD,-55.6254,VII,0.2979235209235209,0.274,0.15700000000000003,"< 0,01",0.023231,25,0.2,1.3,109.00000000000009,8.422,,218.02857142857147,LW,0.007003554978404,0.0053544957274353,0.0053494958645101,0.0044318751969742,0.000915614144044,9,2016-10-05 13:40:00,-2.9880880324074077,0.0232777958700474,0.0217627661188827,0.022017471962297,0.0208373393934852,0.0007485230707792,2016-10-02T13:57:09,0.0301284981768507,0.0295945374604853,0.0293268859501574,0.0279933479295685,0.0006045554106703,0.0384210256968063,0.0376029825963844,0.0379047502128993,0.0369684773748298,0.0004815451330967,328_1_BOA_LE07_228062_20161002,2.9880880324074077,LD7,True
540,2.414,9.70356,,30.0,1,2.368,329,-2.1711,SL,-55.80413,VII,0.2369235209235209,0.217,6.972999999999999,"< 0,01",0.035731,30,0.2,0.91,66.00000000000009,9.341,,241.77000000000004,LW,0.0087863226885192,0.0076563354355779,0.0077992171481067,0.0065737836300505,0.0007605927103316,9,2016-10-06 12:00:00,-3.918643587962963,0.0264818783198011,0.0257297579876202,0.0260440282365505,0.0239010680705418,0.000891405541657,2016-10-02T13:57:09,0.0266935143602147,0.0258470962860617,0.0257479194271476,0.0250897903083865,0.0004459153648652,0.0425733923975163,0.0417219943314902,0.0418139759491168,0.0405237437468318,0.0005500740526795,329_1_BOA_LE07_228062_20161002,3.918643587962963,LD7,False
544,2.29625,8.73194,,30.0,1,7.916,330,-2.21573,SL,-55.80887,VII,0.3793235209235209,0.355,5.384,"< 0,01",0.044631,31,0.2,1.87,189.0,13.3,,359.2375,LW,0.0055445307835252,0.0048593545191467,0.0045745504519317,0.0040258418059624,0.0005399594164345,9,2016-10-06 11:30:00,-3.8978102546296296,0.0193384673536613,0.0182213113888716,0.0180448387053952,0.0176131708921929,0.0005671131868466,2016-10-02T13:57:09,0.0382225174353325,0.0374309537480021,0.0373075346804956,0.0367645788591611,0.0004582633514123,0.0337518246964774,0.0330285566056595,0.0330371454714428,0.0320503677182674,0.0004609225847674,330_1_BOA_LE07_228062_20161002,3.8978102546296296,LD7,False
548,1.8557142857142856,9.97784,,30.0,1,7.666,331,-2.17647,SL,-55.81319,VII,0.4401235209235209,0.423,4.384,"< 0,01",0.405831,33,0.2,3.95,45.99999999999992,12.05,,182.0166666666667,LW,0.0096224075519503,0.0088336820131453,0.0088093581999738,0.0081181292856347,0.0003850323793577,9,2016-10-06 13:00:00,-3.9603102546296296,0.0276697178203168,0.0267832980736907,0.0265757864977403,0.0262832939718772,0.0004946291828361,2016-10-02T13:57:09,0.0261437355387358,0.0252376772551271,0.0252115429672512,0.0243585624132134,0.0005305493689937,0.0431658589753924,0.0426105548610702,0.0425291311082874,0.04197636581563,0.0003437067332949,331_1_BOA_LE07_228062_20161002,3.9603102546296296,LD7,False
409,,12.21164,,38.62,1,7.494,332,-2.18602,AM,-54.96629,VII,0.3307235209235209,0.325,2.231,"< 0,01",0.013531,46,0.2,0.11,57.0,9.725,,,LW,0.0052912601071007,0.0051463988216346,0.005092988157294,0.0050116209399922,7.59584506114496e-05,9,2016-10-06 09:00:00,-2.799669675925926,0.0122245043224269,0.0120993410691889,0.0121546851931864,0.0119664579806421,8.843306096798714e-05,2016-10-03T13:48:28,0.0039900380592578,0.0038972440224438,0.0039401438623554,0.0038357465389547,5.336047362669695e-05,0.017788306413785,0.0176831055351724,0.017715247290646,0.0175214346374639,7.994060561531572e-05,332_1_BOA_LC08_227062_20161003,2.799669675925926,LD8,False
412,0.9200000000000002,8.229300000000002,0.5319599999999992,64.74,1,9.16,333,-2.180361,AM,-55.016444,VIII,0.2065,0.2,0.9499999999999993,0.0023133883737952825,0.0197764772087788,46,0.2,3.2,57.000000000000014,10.11,,17.060000000000002,HW,0.0195112701899925,0.0193764530869554,0.019361744266301,0.0192498423279437,9.30806132864784e-05,9,2017-04-10 18:00:00,-13.175128101851852,0.0337808163223208,0.0336054480662803,0.0335606328102592,0.0334082880101095,0.0001111928965903,2017-03-28T13:47:48,0.0167504464733304,0.0166014260719113,0.0165562859535196,0.0164335616684155,9.506352312961388e-05,0.0463572270010549,0.0462337940405396,0.0462699092207554,0.0459099187108493,0.0001590150470741,333_1_BOA_LC08_227062_20170328,13.175128101851852,LD8,False
414,1.3552631578947365,62.34923999999999,1.80283999999999,78.77,1,9.454,336,-2.173257,GP,-55.372851,VIII,0.4733,0.453,1.725999999999999,0.003613388373795323,0.0409764772087788,39,0.2,3.57,14.499999999999998,11.18,6.8,14.242105263157896,HW,0.0158346232016855,0.0145910945757096,0.0144683237119114,0.0139540519429167,0.0005445101541513,9,2017-04-11 14:30:00,-7.025036481481481,0.0224298499930743,0.021406513764101,0.0214055888885282,0.021051171816963,0.000390795267498,2017-04-04T13:53:56,0.0053652539056856,0.0048159810158688,0.0049474542523874,0.0043072942741324,0.0002930543986761,0.0251336461141987,0.0243848415074951,0.0243873620073428,0.023851114386823,0.0003795147550316,336_1_BOA_LC08_228062_20170404,7.025036481481481,LD8,False
415,1.965,28.24574,0.652440000000002,60.8,1,6.237,337,-2.135144,GP,-55.370602,VIII,0.2316,0.128,7.773,0.008613388373795331,0.0295764772087788,40,0.2,3.36,18.99999999999999,14.01,6.9,18.95,HW,0.0120402285905646,0.0111024542572808,0.011781585235091,0.0084413148748727,0.0012507184286961,9,2017-04-11 15:15:00,-7.056563344907407,0.0201808115653667,0.0196122395107513,0.0196843780369663,0.0183827928395222,0.0006216993950721,2017-04-04T13:53:32,0.0038111712161767,0.0031281762568509,0.0035262383356293,0.0011835491353483,0.0009048088184957,0.0235783405262563,0.0229604950394337,0.0228818585760382,0.0217632626909586,0.0005357846788858,337_1_BOA_LC08_228061_20170404,7.056563344907407,LD8,False
416,1.415,20.927660000000003,2.9448,60.8,1,6.458,338,-2.113672,GP,-55.370602,VIII,0.121,0.095,3.1980000000000004,"< 0,001",0.0253764772087788,41,0.2,3.34,25.75000000000001,9.656,3.7,25.1,HW,0.0059777835062108,0.0033337726438509,0.0041289894922707,-0.0014290946154545,0.002165739845557,9,2017-04-11 15:50:00,-7.080868900462963,0.0169104354775785,0.0134874430961443,0.0141470156150529,0.008802516361155,0.0023232932248712,2017-04-04T13:53:32,0.0121844890717439,0.0084850419797356,0.0076594242241006,0.0045407360218788,0.0023529169826569,0.0223477625901927,0.0177945195721829,0.0186304954044199,0.0114439469590552,0.003103738663291,338_1_BOA_LC08_228061_20170404,7.080868900462963,LD8,False
553,1.886,15.09028,1.4778,82.0,1,8.777,346,-2.142593,PC,-55.625756,VIII,0.1921,0.185,0.06400000000000006,0.007813388373795329,0.0289764772087788,22,0.2,3.11,12.999999999999991,8.841,6.8,15.040000000000001,HW,0.0156383541602208,0.0143046278113448,0.0141950117882029,0.0129748558877807,0.0007344329010008,9,2017-04-13 16:45:00,-1.1171378703703705,0.0203843236708728,0.0187937972403966,0.0187169103131851,0.0182460703752468,0.0006084982027024,2017-04-12T13:56:19,0.0110553446545222,0.0095476418788873,0.0095965525518899,0.008600889428898,0.00080525917828,0.0239170100225935,0.0222389518270339,0.0221053030665904,0.0211522491785603,0.0008435182682322,346_1_BOA_LE07_228061_20170412,1.1171378703703705,LD7,False
418,0.8733333333333334,6.73424,0.1568800000000005,90.78,1,7.448,351,-2.1572,SL,-55.805249,VIII,0.2231,0.218,4.2620000000000005,"< 0,001",0.0237764772087788,30,0.2,2.81,19.71428571428572,11.71,5.6,24.03333333333333,HW,0.0181662555627173,0.0149255134893073,0.0147292456633387,0.0135064123674098,0.001588639573297,8,2017-04-14 09:10:00,6.197080474537037,0.0188389176344194,0.0181161599084152,0.0180418963409273,0.0175555963430093,0.0004820343746751,2017-04-20T13:53:47,0.0278563544838862,0.0198605539895877,0.0189751989337028,0.0169284098662906,0.003848074052545,0.0207198331805052,0.020113867251585,0.020086583539195,0.0195808073935528,0.0004286427733475,351_1_BOA_LC08_228062_20170420,6.197080474537037,LD8,False
419,0.665,9.534839999999996,0.4273000000000017,86.62,1,8.548,353,-2.177378,SL,-55.806321,VIII,0.1975,0.183,9.182,0.002054558885894321,0.0390176477208778,33,0.2,2.97,16.50000000000002,17.73,6.2,20.3,HW,0.0221913373869541,0.0218971964270675,0.021974183368203,0.0215512663113614,0.0001976324821963,9,2017-04-14 09:45:00,6.172498113425926,0.0245590204963809,0.0239443229566562,0.0239196201882647,0.0233349904162396,0.000408839007428,2017-04-20T13:53:23,0.0160699476136238,0.0158534748122318,0.0158911134753362,0.0157004479382897,0.0001400656156551,0.0268033696947147,0.0261050989227476,0.0261383516494709,0.0254216842642349,0.0004868761821044,353_1_BOA_LC08_228061_20170420,6.172498113425926,LD8,False
422,1.6933333333333334,47.55014,4.95269999999999,78.77,1,6.693,356,-2.245385,LG,-55.24066,VIII,0.3016,0.256,0.9980000000000002,0.0008133883737952846,0.0145764772087788,2,0.2,2.38,12.199999999999989,7.691,6.9,10.799999999999999,HW,0.0174686425190536,0.0160206740568386,0.0159534275065911,0.0135218617687543,0.0013132012905309,9,2017-04-18 13:00:00,-13.962536481481482,0.0261475629391099,0.0254543292056917,0.0255744380761177,0.023623015718696,0.0006860170720667,2017-04-04T13:53:56,0.0084969002245356,0.0074697047710992,0.0076171924703622,0.0044796640850645,0.0011423973389305,0.027013125772355,0.0259457628904266,0.026107461770526,0.0237080790770951,0.0009117202007787,356_1_BOA_LC08_228062_20170404,13.962536481481482,LD8,False
