EstacaoCodigo,NivelConsistencia,Data,hora,MediaDiaria,TipoMedicaoCotas,Maxima,Minima,Media,DiaMaxima,DiaMinima,MaximaStatus,MinimaStatus,MediaStatus,MediaAnual,MediaAnualStatus,Cota01,Cota02,Cota03,Cota04,Cota05,Cota06,Cota07,Cota08,Cota09,Cota10,Cota11,Cota12,Cota13,Cota14,Cota15,Cota16,Cota17,Cota18,Cota19,Cota20,Cota21,Cota22,Cota23,Cota24,Cota25,Cota26,Cota27,Cota28,Cota29,Cota30,Cota31,Cota01Status,Cota02Status,Cota03Status,Cota04Status,Cota05Status,Cota06Status,Cota07Status,Cota08Status,Cota09Status,Cota10Status,Cota11Status,Cota12Status,Cota13Status,Cota14Status,Cota15Status,Cota16Status,Cota17Status,Cota18Status,Cota19Status,Cota20Status,Cota21Status,Cota22Status,Cota23Status,Cota24Status,Cota25Status,Cota26Status,Cota27Status,Cota28Status,Cota29Status,Cota30Status,Cota31Status
17050001,1,01/07/2025,07:00,0,1,766,724,749,4,31,0,0,0,,0,764,764,761,764,764,765,758,758,756,754,754,754,754,752,752,752,750,750,748,748,746,744,742,740,738,736,734,732,730,730,726,1,1,1,1,1,1,1,1,1,1,1,1,1,1,1,1,1,1,1,1,1,1,1,1,1,1,1,1,1,1,1
17050001,1,01/07/2025,17:00,0,1,766,724,749,4,31,0,0,0,,0,761,764,764,766,764,765,758,758,756,754,754,754,754,752,752,752,750,748,748,748,744,742,740,738,738,734,732,730,730,728,724,1,1,1,1,1,1,1,1,1,1,1,1,1,1,1,1,1,1,1,1,1,1,1,1,1,1,1,1,1,1,1
17050001,1,01/07/2025,,1,1,766,724,749,4,31,0,0,0,,0,763,764,763,765,764,765,758,758,756,754,754,754,754,752,752,752,750,749,748,748,745,743,741,739,738,735,733,731,730,729,725,1,1,1,1,1,1,1,1,1,1,1,1,1,1,1,1,1,1,1,1,1,1,1,1,1,1,1,1,1,1,1
17050001,1,01/06/2025,07:00,0,1,778,764,772,1,30,0,0,0,,0,778,778,776,778,776,774,774,774,772,772,772,770,772,772,774,774,772,772,772,772,770,770,768,768,768,768,766,766,766,766,,,,,,,,,,,,,,,,,,,,,,,,,,,,,,,,0
17050001,1,01/06/2025,17:00,0,1,778,764,772,1,30,0,0,0,,0,778,778,778,776,774,774,774,774,772,772,770,772,772,774,774,772,770,772,772,770,770,768,768,768,768,768,766,766,766,764,,,,,,,,,,,,,,,,,,,,,,,,,,,,,,,,0
17050001,1,01/06/2025,,1,1,778,764,772,1,30,0,0,0,,0,778,778,777,777,775,774,774,774,772,772,771,771,772,773,774,773,771,772,772,771,770,769,768,768,768,768,766,766,766,765,,,,,,,,,,,,,,,,,,,,,,,,,,,,,,,,0
17050001,1,01/05/2025,07:00,0,1,778,760,773,19,1,0,0,0,,0,760,764,768,768,770,770,770,770,772,772,772,772,770,772,772,776,776,776,778,778,778,776,776,776,776,778,774,776,778,778,778,1,1,1,1,1,1,1,1,1,1,1,1,1,1,1,1,1,1,1,1,1,1,1,1,1,1,1,1,1,1,1
17050001,1,01/05/2025,17:00,0,1,778,760,773,19,1,0,0,0,,0,764,766,768,768,770,770,770,770,772,772,772,772,772,774,774,776,776,776,778,778,778,776,776,776,776,776,776,778,778,778,778,1,1,1,1,1,1,1,1,1,1,1,1,1,1,1,1,1,1,1,1,1,1,1,1,1,1,1,1,1,1,1
17050001,1,01/05/2025,,1,1,778,760,773,19,1,0,0,0,,0,762,765,768,768,770,770,770,770,772,772,772,772,771,773,773,776,776,776,778,778,778,776,776,776,776,777,775,777,778,778,778,1,1,1,1,1,1,1,1,1,1,1,1,1,1,1,1,1,1,1,1,1,1,1,1,1,1,1,1,1,1,1
17050001,1,01/04/2025,07:00,0,1,758,686,724,30,1,0,0,0,,0,686,690,692,696,700,700,704,706,706,706,710,716,720,726,728,732,734,734,736,738,738,738,740,740,742,744,748,754,754,756,,1,1,1,1,1,1,1,1,1,1,1,1,1,1,1,1,1,1,1,1,1,1,1,1,1,1,1,1,1,1,0
17050001,1,01/04/2025,17:00,0,1,758,686,724,30,1,0,0,0,,0,688,690,694,700,700,702,704,704,706,708,712,718,720,728,730,734,734,734,738,738,738,740,740,742,744,746,750,754,754,758,,1,1,1,1,1,1,1,1,1,1,1,1,1,1,1,1,1,1,1,1,1,1,1,1,1,1,1,1,1,1,0
17050001,1,01/04/2025,,1,1,758,686,724,30,1,0,0,0,,0,687,690,693,698,700,701,704,705,706,707,711,717,720,727,729,733,734,734,737,738,738,739,740,741,743,745,749,754,754,757,,1,1,1,1,1,1,1,1,1,1,1,1,1,1,1,1,1,1,1,1,1,1,1,1,1,1,1,1,1,1,0
17050001,1,01/03/2025,07:00,0,1,684,548,625,31,1,0,0,0,,0,548,554,560,568,574,580,586,592,598,602,604,610,614,620,624,628,634,638,642,648,652,654,658,660,662,662,664,670,674,678,682,1,1,1,1,1,1,1,1,1,1,1,1,1,1,1,1,1,1,1,1,1,1,1,1,1,1,1,1,1,1,1
17050001,1,01/03/2025,17:00,0,1,684,548,625,31,1,0,0,0,,0,550,558,562,570,578,584,590,594,600,602,606,614,616,620,626,630,636,640,644,650,652,656,658,660,662,662,668,672,678,680,684,1,1,1,1,1,1,1,1,1,1,1,1,1,1,1,1,1,1,1,1,1,1,1,1,1,1,1,1,1,1,1
17050001,1,01/03/2025,,1,1,684,548,625,31,1,0,0,0,,0,549,556,561,569,576,582,588,593,599,602,605,612,615,620,625,629,635,639,643,649,652,655,658,660,662,662,666,671,676,679,683,1,1,1,1,1,1,1,1,1,1,1,1,1,1,1,1,1,1,1,1,1,1,1,1,1,1,1,1,1,1,1
17050001,1,01/02/2025,17:00,0,1,546,416,479,28,1,0,0,0,,0,418,426,430,432,434,438,440,444,452,456,458,464,468,472,486,492,494,498,502,510,514,518,520,528,532,538,542,546,,,,1,1,1,1,1,1,1,1,1,1,1,1,1,1,1,1,1,1,1,1,1,1,1,1,1,1,1,1,0,0,0
17050001,1,01/02/2025,07:00,0,1,546,416,479,28,1,0,0,0,,0,416,422,428,434,434,436,440,442,448,454,456,462,466,470,480,490,492,496,500,508,512,516,520,524,530,534,540,544,,,,1,1,1,1,1,1,1,1,1,1,1,1,1,1,1,1,1,1,1,1,1,1,1,1,1,1,1,1,0,0,0
17050001,1,01/02/2025,,1,1,546,416,479,28,1,0,0,0,,0,417,424,429,433,434,437,440,443,450,455,457,463,467,471,483,491,493,497,501,509,513,517,520,526,531,536,541,545,,,,1,1,1,1,1,1,1,1,1,1,1,1,1,1,1,1,1,1,1,1,1,1,1,1,1,1,1,1,0,0,0
17050001,1,01/01/2025,17:00,0,1,412,160,299,31,1,0,0,0,,0,166,178,190,198,212,222,232,242,252,260,268,276,284,294,302,310,320,324,328,334,340,352,358,362,368,374,380,386,396,404,412,1,1,1,1,1,1,1,1,1,1,1,1,1,1,1,1,1,1,1,1,1,1,1,1,1,1,1,1,1,1,1
17050001,1,01/01/2025,07:00,0,1,412,160,299,31,1,0,0,0,,0,160,174,186,196,210,218,228,238,248,256,264,272,280,290,300,306,314,324,328,334,338,348,356,360,366,372,378,382,392,400,408,1,1,1,1,1,1,1,1,1,1,1,1,1,1,1,1,1,1,1,1,1,1,1,1,1,1,1,1,1,1,1
17050001,1,01/01/2025,,1,1,412,160,299,31,1,0,0,0,,0,163,176,188,197,211,220,230,240,250,258,266,274,282,292,301,308,317,324,328,334,339,350,357,361,367,373,379,384,394,402,410,1,1,1,1,1,1,1,1,1,1,1,1,1,1,1,1,1,1,1,1,1,1,1,1,1,1,1,1,1,1,1
17050001,1,01/12/2024,07:00,0,1,156,-16,56,31,1,0,0,0,,0,-16,-14,-10,-2,0,0,0,6,10,16,20,26,34,38,46,56,62,68,74,74,76,82,86,92,100,110,116,124,132,142,152,1,1,1,1,1,1,1,1,1,1,1,1,1,1,1,1,1,1,1,1,1,1,1,1,1,1,1,1,1,1,1
17050001,1,01/12/2024,17:00,0,1,156,-16,56,31,1,0,0,0,,0,-14,-10,-4,0,0,0,-2,8,14,18,24,30,36,42,52,60,66,72,72,72,78,82,88,96,106,114,120,128,138,148,156,1,1,1,1,1,1,1,1,1,1,1,1,1,1,1,1,1,1,1,1,1,1,1,1,1,1,1,1,1,1,1
17050001,1,01/12/2024,,1,1,156,-16,56,31,1,0,0,0,,0,-15,-12,-7,-1,0,0,-1,7,12,17,22,28,35,40,49,58,64,70,73,73,77,82,87,94,103,112,118,126,135,145,154,1,1,1,1,1,1,1,1,1,1,1,1,1,1,1,1,1,1,1,1,1,1,1,1,1,1,1,1,1,1,1
17050001,1,01/11/2024,07:00,0,1,-20,-124,-70,30,8,0,0,0,,0,-104,-104,-106,-96,-92,-100,-108,-118,-118,-120,-122,-116,-110,-92,-80,-58,-40,-36,-30,-24,-30,-34,-36,-40,-44,-40,-36,-32,-28,-24,,1,1,1,1,1,1,1,1,1,1,1,1,1,1,1,1,1,1,1,1,1,1,1,1,1,1,1,1,1,1,0
17050001,1,01/11/2024,17:00,0,1,-20,-124,-70,30,8,0,0,0,,0,-100,-92,-92,-92,-100,-110,-118,-124,-122,-122,-118,-114,-100,-82,-62,-46,-36,-30,-26,-32,-36,-37,-37,-40,-42,-38,-34,-30,-24,-20,,1,1,1,1,1,1,1,1,1,1,1,1,1,1,1,1,1,1,1,1,1,1,1,1,1,1,1,1,1,1,0
17050001,1,01/11/2024,,1,1,-20,-124,-70,30,8,0,0,0,,0,-102,-98,-99,-94,-96,-105,-113,-121,-120,-121,-120,-115,-105,-87,-71,-52,-38,-33,-28,-28,-33,-36,-37,-40,-43,-39,-35,-31,-26,-22,,1,1,1,1,1,1,1,1,1,1,1,1,1,1,1,1,1,1,1,1,1,1,1,1,1,1,1,1,1,1,0
17050001,1,01/10/2024,17:00,0,1,-64,-128,-94,1,12,0,0,0,,0,-64,-70,-76,-66,-70,-76,-92,-104,-106,-114,-125,-128,-124,-110,-96,-83,-74,-66,-65,-72,-80,-80,-92,-102,-110,-114,-114,-112,-112,-118,-104,,,,,,,,,,,,,,,,,,,,,,,,,,,,,,,
17050001,1,01/10/2024,07:00,0,1,-64,-128,-94,1,12,0,0,0,,0,-68,-68,-76,-74,-66,-72,-80,-88,-100,-106,-120,-128,-126,-119,-113,-102,-92,-81,-71,-64,-76,-76,-78,-96,-104,-110,-114,-114,-116,-116,-114,,,,,,,,,,,,,,,,,,,,,,,,,,,,,,,
17050001,1,01/10/2024,,1,1,-64,-128,-94,1,12,0,0,0,,0,-66,-69,-76,-70,-68,-74,-86,-96,-103,-110,-123,-128,-125,-115,-105,-93,-83,-74,-68,-68,-78,-78,-85,-99,-107,-112,-114,-113,-114,-117,-109,,,,,,,,,,,,,,,,,,,,,,,,,,,,,,,
17050001,1,01/09/2024,07:00,0,1,274,-64,96,1,30,0,0,0,,0,274,260,250,240,228,216,204,192,178,164,146,130,114,98,84,74,64,60,60,58,52,44,26,6,-14,-30,-42,-52,-62,-64,,1,1,1,1,1,1,1,1,1,1,1,1,1,1,1,1,1,1,1,1,1,1,1,1,1,1,1,1,1,1,0
17050001,1,01/09/2024,17:00,0,1,274,-64,96,1,30,0,0,0,,0,266,256,244,236,222,210,198,184,170,154,138,122,106,90,78,68,62,60,60,56,48,34,12,-4,-22,-36,-48,-56,-62,-62,,1,1,1,1,1,1,1,1,1,1,1,1,1,1,1,1,1,1,1,1,1,1,1,1,1,1,1,1,1,1,0
17050001,1,01/09/2024,,1,1,274,-64,96,1,30,0,0,0,,0,270,258,247,238,225,213,201,188,174,159,142,126,110,94,81,71,63,60,60,57,50,39,19,1,-18,-33,-45,-54,-62,-63,,1,1,1,1,1,1,1,1,1,1,1,1,1,1,1,1,1,1,1,1,1,1,1,1,1,1,1,1,1,1,0
17050001,1,01/08/2024,07:00,0,1,522,284,422,1,31,2,2,2,,0,522,516,510,504,500,496,490,486,478,472,468,462,454,446,440,432,422,414,408,400,392,384,380,372,360,352,340,326,314,300,286,,,,,,,,,,,,,,,,,,,,,,,,,,,,,,,
17050001,1,01/08/2024,17:00,0,1,522,284,422,1,31,2,2,2,,0,520,514,508,502,498,494,488,482,476,470,464,458,450,444,436,426,418,412,404,396,386,382,376,364,356,346,334,320,308,294,284,,,,,,,,,,,,,,,,,,,,,,,,,,,,,,,2
17050001,1,01/08/2024,,1,1,522,284,422,1,31,2,2,2,,0,521,515,509,503,499,495,489,484,477,471,466,460,452,445,438,429,420,413,406,398,389,383,378,368,358,349,337,323,311,297,285,,,,,,,,,,,,,,,,,,,,,,,,,,,,,,,2
17050001,1,01/07/2024,07:00,0,1,620,526,578,1,31,0,0,0,,0,620,615,614,612,610,610,608,604,602,600,596,594,592,588,584,582,578,572,566,564,562,560,558,556,552,548,544,540,536,532,528,1,1,1,1,1,1,1,1,1,1,1,1,1,1,1,1,1,1,1,1,1,1,1,1,1,1,1,1,1,1,1
17050001,1,01/07/2024,17:00,0,1,620,526,578,1,31,0,0,0,,0,618,616,614,612,610,608,606,604,602,598,594,592,590,586,582,580,576,570,566,564,562,560,558,554,550,546,542,538,534,530,526,1,1,1,1,1,1,1,1,1,1,1,1,1,1,1,1,1,1,1,1,1,1,1,1,1,1,1,1,1,1,1
17050001,1,01/07/2024,,1,1,620,526,578,1,31,0,0,0,,0,619,616,614,612,610,609,607,604,602,599,595,593,591,587,583,581,577,571,566,564,562,560,558,555,551,547,543,539,535,531,527,1,1,1,1,1,1,1,1,1,1,1,1,1,1,1,1,1,1,1,1,1,1,1,1,1,1,1,1,1,1,1
17050001,1,01/06/2024,07:00,0,1,654,620,641,1,29,0,0,0,,0,654,654,652,652,652,654,654,654,654,654,652,650,650,646,644,644,642,640,636,634,632,630,628,626,626,626,624,624,622,620,,1,1,1,1,1,1,1,1,1,1,1,1,1,1,1,1,1,1,1,1,1,1,1,1,1,1,1,1,1,1,0
17050001,1,01/06/2024,17:00,0,1,654,620,641,1,29,0,0,0,,0,654,652,652,652,652,654,654,654,654,652,652,650,648,646,644,642,640,638,634,632,630,628,626,626,626,626,624,622,620,620,,1,1,1,1,1,1,1,1,1,1,1,1,1,1,1,1,1,1,1,1,1,1,1,1,1,1,1,1,1,1,0
17050001,1,01/06/2024,,1,1,654,620,641,1,29,0,0,0,,0,654,653,652,652,652,654,654,654,654,653,652,650,649,646,644,643,641,639,635,633,631,629,627,626,626,626,624,623,621,620,,1,1,1,1,1,1,1,1,1,1,1,1,1,1,1,1,1,1,1,1,1,1,1,1,1,1,1,1,1,1,0
17050001,1,01/05/2024,17:00,0,1,656,630,645,30,1,0,0,0,,0,630,632,632,632,634,636,640,642,642,644,644,644,648,648,648,646,648,648,648,648,648,648,648,650,650,652,652,652,654,656,654,1,1,1,1,1,1,1,1,1,1,1,1,1,1,1,1,1,1,1,1,1,1,1,1,1,1,1,1,1,1,1
17050001,1,01/05/2024,07:00,0,1,656,630,645,30,1,0,0,0,,0,630,632,632,632,632,634,638,642,642,642,644,644,646,648,648,646,646,648,648,648,648,648,648,650,650,650,650,650,652,654,654,1,1,1,1,1,1,1,1,1,1,1,1,1,1,1,1,1,1,1,1,1,1,1,1,1,1,1,1,1,1,1
17050001,1,01/05/2024,,1,1,656,630,645,30,1,0,0,0,,0,630,632,632,632,633,635,639,642,642,643,644,644,647,648,648,646,647,648,648,648,648,648,648,650,650,651,651,651,653,655,654,1,1,1,1,1,1,1,1,1,1,1,1,1,1,1,1,1,1,1,1,1,1,1,1,1,1,1,1,1,1,1
17050001,1,01/04/2024,07:00,0,1,628,510,570,30,1,0,0,0,,0,510,514,516,518,520,526,532,536,542,550,554,560,566,568,572,574,576,578,580,584,586,592,596,598,606,612,618,622,626,628,,1,1,1,1,1,1,1,1,1,1,1,1,1,1,1,1,1,1,1,1,1,1,1,1,1,1,1,1,1,1,0
17050001,1,01/04/2024,17:00,0,1,628,510,570,30,1,0,0,0,,0,512,516,516,518,522,528,534,538,546,550,556,562,568,570,574,576,579,578,582,584,588,594,596,600,612,616,620,624,626,628,,1,1,1,1,1,1,1,1,1,1,1,1,1,1,1,1,1,1,1,1,1,1,1,1,1,1,1,1,1,1,0
17050001,1,01/04/2024,,1,1,628,510,570,30,1,0,0,0,,0,511,515,516,518,521,527,533,537,544,550,555,561,567,569,573,575,578,578,581,584,587,593,596,599,609,614,619,623,626,628,,1,1,1,1,1,1,1,1,1,1,1,1,1,1,1,1,1,1,1,1,1,1,1,1,1,1,1,1,1,1,0
17050001,1,01/03/2024,07:00,0,1,510,414,467,31,1,0,0,0,,0,414,420,424,428,428,428,430,434,438,444,452,456,460,464,470,472,476,478,482,484,486,488,490,492,496,498,498,502,504,508,510,1,1,1,1,1,1,1,1,1,1,1,1,1,1,1,1,1,1,1,1,1,1,1,1,1,1,1,1,1,1,1
17050001,1,01/03/2024,17:00,0,1,510,414,467,31,1,0,0,0,,0,416,422,426,428,428,428,432,436,440,448,454,458,462,468,470,474,478,480,482,484,486,488,490,492,496,498,500,504,506,508,510,1,1,1,1,1,1,1,1,1,1,1,1,1,1,1,1,1,1,1,1,1,1,1,1,1,1,1,1,1,1,1
17050001,1,01/03/2024,,1,1,510,414,467,31,1,0,0,0,,0,415,421,425,428,428,428,431,435,439,446,453,457,461,466,470,473,477,479,482,484,486,488,490,492,496,498,499,503,505,508,510,1,1,1,1,1,1,1,1,1,1,1,1,1,1,1,1,1,1,1,1,1,1,1,1,1,1,1,1,1,1,1
17050001,1,01/02/2024,07:00,0,1,412,320,370,29,1,0,0,0,,0,320,324,326,326,328,330,336,340,346,352,358,364,370,376,380,384,386,388,390,390,390,392,392,394,396,400,406,410,412,,,1,1,1,1,1,1,1,1,1,1,1,1,1,1,1,1,1,1,1,1,1,1,1,1,1,1,1,1,1,0,0
17050001,1,01/02/2024,17:00,0,1,412,320,370,29,1,0,0,0,,0,320,324,326,326,328,332,338,342,348,354,360,366,374,378,382,384,386,388,390,390,390,392,392,394,396,402,408,410,412,,,1,1,1,1,1,1,1,1,1,1,1,1,1,1,1,1,1,1,1,1,1,1,1,1,1,1,1,1,1,0,0
17050001,1,01/02/2024,,1,1,412,320,370,29,1,0,0,0,,0,320,324,326,326,328,331,337,341,347,353,359,365,372,377,381,384,386,388,390,390,390,392,392,394,396,401,407,410,412,,,1,1,1,1,1,1,1,1,1,1,1,1,1,1,1,1,1,1,1,1,1,1,1,1,1,1,1,1,1,0,0
17050001,1,01/01/2024,17:00,0,1,318,160,251,31,1,0,0,0,,0,164,168,174,182,190,198,200,202,206,216,226,236,244,252,260,264,270,276,280,282,284,286,292,296,300,304,308,312,314,316,318,1,1,1,1,1,1,1,1,1,1,1,1,1,1,1,1,1,1,1,1,1,1,1,1,1,1,1,1,1,1,1
17050001,1,01/01/2024,07:00,0,1,318,160,251,31,1,0,0,0,,0,160,166,170,178,186,194,198,200,204,212,220,232,240,248,258,264,270,274,278,282,284,286,290,294,298,302,306,310,314,316,318,1,1,1,1,1,1,1,1,1,1,1,1,1,1,1,1,1,1,1,1,1,1,1,1,1,1,1,1,1,1,1
17050001,1,01/01/2024,,1,1,318,160,251,31,1,0,0,0,,0,162,167,172,180,188,196,199,201,205,214,223,234,242,250,259,264,270,275,279,282,284,286,291,295,299,303,307,311,314,316,318,1,1,1,1,1,1,1,1,1,1,1,1,1,1,1,1,1,1,1,1,1,1,1,1,1,1,1,1,1,1,1
17050001,2,01/12/2023,,1,1,156,-29,47,31,6,1,1,1,425,1,-17,-19,-23,-27,-27,-29,-29,-22,-17,-13,-5,7,19,29,40,49,52,57,62,68,78,87,95,102,112,118,128,137,143,152,156,1,1,1,1,1,1,1,1,1,1,1,1,1,1,1,1,1,1,1,1,1,1,1,1,1,1,1,1,1,1,1
17050001,1,01/12/2023,07:00,0,1,156,-30,47,31,6,0,0,0,,0,-16,-18,-20,-26,-26,-28,-30,-24,-18,-14,-8,4,16,26,38,48,54,56,60,66,76,84,94,100,110,116,126,134,142,150,156,1,1,1,1,1,1,1,1,1,1,1,1,1,1,1,1,1,1,1,1,1,1,1,1,1,1,1,1,1,1,1
17050001,1,01/12/2023,17:00,0,1,156,-30,47,31,6,0,0,0,,0,-18,-20,-27,-28,-28,-30,-28,-20,-16,-12,-2,10,22,32,42,50,50,58,64,70,80,90,96,104,114,120,130,140,144,154,156,1,1,1,1,1,1,1,1,1,1,1,1,1,1,1,1,1,1,1,1,1,1,1,1,1,1,1,1,1,1,1
17050001,1,01/12/2023,,1,1,156,-30,47,31,6,0,0,0,,0,-17,-19,-24,-27,-27,-29,-29,-22,-17,-13,-5,7,19,29,40,49,52,57,62,68,78,87,95,102,112,118,128,137,143,152,156,1,1,1,1,1,1,1,1,1,1,1,1,1,1,1,1,1,1,1,1,1,1,1,1,1,1,1,1,1,1,1
17050001,2,01/11/2023,,1,1,-18,-90,-67,30,8,1,1,1,425,1,-50,-57,-67,-74,-86,-87,-86,-90,-89,-84,-75,-68,-64,-58,-59,-60,-65,-69,-81,-86,-84,-82,-78,-70,-63,-50,-40,-32,-24,-18,,1,1,1,1,1,1,1,1,1,1,1,1,1,1,1,1,1,1,1,1,1,1,1,1,1,1,1,1,1,1,
17050001,1,01/11/2023,17:00,0,1,-18,-90,-67,30,8,0,0,0,,0,-49,-62,-72,-78,-89,-89,-86,-90,-88,-80,-72,-65,-60,-60,-56,-60,-71,-76,-86,-86,-84,-82,-76,-68,-60,-46,-36,-30,-22,-18,,1,1,1,1,1,1,1,1,1,1,1,1,1,1,1,1,1,1,1,1,1,1,1,1,1,1,1,1,1,1,0
17050001,1,01/11/2023,07:00,0,1,-18,-90,-67,30,8,0,0,0,,0,-52,-53,-62,-70,-83,-86,-87,-90,-90,-88,-78,-71,-67,-56,-62,-60,-60,-62,-76,-86,-84,-82,-80,-72,-66,-54,-44,-34,-26,-18,,1,1,1,1,1,1,1,1,1,1,1,1,1,1,1,1,1,1,1,1,1,1,1,1,1,1,1,1,1,1,0
17050001,1,01/11/2023,,1,1,-18,-90,-67,30,8,0,0,0,,0,-51,-58,-67,-74,-86,-88,-87,-90,-89,-84,-75,-68,-64,-58,-59,-60,-66,-69,-81,-86,-84,-82,-78,-70,-63,-50,-40,-32,-24,-18,,1,1,1,1,1,1,1,1,1,1,1,1,1,1,1,1,1,1,1,1,1,1,1,1,1,1,1,1,1,1,0
17050001,2,01/10/2023,,1,1,92,-92,-27,1,25,1,1,1,425,1,92,83,66,59,42,23,7,-7,-18,-26,-32,-32,-31,-28,-28,-33,-30,-41,-44,-55,-69,-80,-84,-89,-92,-88,-80,-68,-64,-50,-47,1,1,1,1,1,1,1,1,1,1,1,1,1,1,1,1,1,1,1,1,1,1,1,1,1,1,1,1,1,1,1
17050001,1,01/10/2023,07:00,0,1,94,-92,-27,1,25,0,0,0,,0,94,86,76,66,48,28,12,-4,-16,-24,-32,-32,-32,-30,-30,-28,-30,-36,-41,-50,-65,-78,-83,-88,-92,-91,-84,-72,-70,-54,-48,1,1,1,1,1,1,1,1,1,1,1,1,1,1,1,1,1,1,1,1,1,1,1,1,1,1,1,1,1,1,1
17050001,1,01/10/2023,17:00,0,1,94,-92,-27,1,25,0,0,0,,0,90,80,56,52,36,18,2,-10,-20,-28,-32,-32,-30,-26,-26,-39,-30,-46,-48,-60,-74,-82,-86,-90,-92,-85,-76,-64,-58,-46,-46,1,1,1,1,1,1,1,1,1,1,1,1,1,1,1,1,1,1,1,1,1,1,1,1,1,1,1,1,1,1,1
17050001,1,01/10/2023,,1,1,94,-92,-27,1,25,0,0,0,,0,92,83,66,59,42,23,7,-7,-18,-26,-32,-32,-31,-28,-28,-34,-30,-41,-45,-55,-70,-80,-85,-89,-92,-88,-80,-68,-64,-50,-47,1,1,1,1,1,1,1,1,1,1,1,1,1,1,1,1,1,1,1,1,1,1,1,1,1,1,1,1,1,1,1
17050001,2,01/09/2023,,1,1,462,100,298,1,30,1,1,1,425,1,462,456,450,443,435,425,415,405,390,377,364,354,343,331,318,308,297,282,268,255,234,215,196,181,161,142,125,114,106,100,,1,1,1,1,1,1,1,1,1,1,1,1,1,1,1,1,1,1,1,1,1,1,1,1,1,1,1,1,1,1,
17050001,1,01/09/2023,07:00,0,1,464,98,298,1,30,0,0,0,,0,464,458,452,446,438,428,418,408,394,380,368,356,346,334,322,310,300,286,270,260,238,220,200,186,166,146,128,116,108,102,,1,1,1,1,1,1,1,1,1,1,1,1,1,1,1,1,1,1,1,1,1,1,1,1,1,1,1,1,1,1,0
17050001,1,01/09/2023,17:00,0,1,464,98,298,1,30,0,0,0,,0,460,454,448,440,432,422,412,402,386,374,360,352,340,328,314,306,294,278,266,250,230,210,192,176,156,138,122,112,104,98,,1,1,1,1,1,1,1,1,1,1,1,1,1,1,1,1,1,1,1,1,1,1,1,1,1,1,1,1,1,1,0
17050001,1,01/09/2023,,1,1,464,98,298,1,30,0,0,0,,0,462,456,450,443,435,425,415,405,390,377,364,354,343,331,318,308,297,282,268,255,234,215,196,181,161,142,125,114,106,100,,1,1,1,1,1,1,1,1,1,1,1,1,1,1,1,1,1,1,1,1,1,1,1,1,1,1,1,1,1,1,0
17050001,2,01/08/2023,,1,1,623,468,557,1,31,1,1,1,425,1,623,619,617,615,611,608,603,601,597,591,587,581,576,570,565,559,555,551,544,539,534,529,524,518,513,505,501,496,488,482,468,1,1,1,1,1,1,1,1,1,1,1,1,1,1,1,1,1,1,1,1,1,1,1,1,1,1,1,1,1,1,1
17050001,1,01/08/2023,07:00,0,1,624,466,557,1,31,0,0,0,,0,624,620,618,616,612,610,604,602,598,592,588,582,578,572,566,560,556,552,546,540,536,530,526,520,514,506,502,498,490,488,470,1,1,1,1,1,1,1,1,1,1,1,1,1,1,1,1,1,1,1,1,1,1,1,1,1,1,1,1,1,1,1
17050001,1,01/08/2023,17:00,0,1,624,466,557,1,31,0,0,0,,0,622,618,616,614,610,606,602,600,596,590,586,580,574,568,564,558,554,550,542,538,532,528,522,516,512,504,500,494,486,476,466,1,1,1,1,1,1,1,1,1,1,1,1,1,1,1,1,1,1,1,1,1,1,1,1,1,1,1,1,1,1,1
17050001,1,01/08/2023,,1,1,624,466,557,1,31,0,0,0,,0,623,619,617,615,611,608,603,601,597,591,587,581,576,570,565,559,555,551,544,539,534,529,524,518,513,505,501,496,488,482,468,1,1,1,1,1,1,1,1,1,1,1,1,1,1,1,1,1,1,1,1,1,1,1,1,1,1,1,1,1,1,1
17050001,2,01/07/2023,,1,1,712,625,678,1,31,1,1,1,425,1,712,712,710,708,708,706,705,704,704,701,699,697,694,691,687,683,679,677,673,669,667,663,660,657,651,647,642,637,633,629,625,1,1,1,1,1,1,1,1,1,1,1,1,1,1,1,1,1,1,1,1,1,1,1,1,1,1,1,1,1,1,1
17050001,1,01/07/2023,07:00,0,1,712,624,678,1,31,0,0,0,,0,712,712,710,708,708,706,706,704,704,702,700,698,694,692,688,684,680,678,674,670,668,664,660,658,652,648,644,638,634,630,626,,,,,,,,,,,,,,,,,,,,,,,,,,,,,,,
17050001,1,01/07/2023,17:00,0,1,712,624,678,1,31,0,0,0,,0,712,712,710,708,708,706,704,704,704,700,698,696,694,690,686,682,678,676,672,668,666,662,660,656,650,646,640,636,632,628,624,,,,,,,,,,,,,,,,,,,,,,,,,,,,,,,
17050001,1,01/07/2023,,1,1,712,624,678,1,31,0,0,0,,0,712,712,710,708,708,706,705,704,704,701,699,697,694,691,687,683,679,677,673,669,667,663,660,657,651,647,642,637,633,629,625,,,,,,,,,,,,,,,,,,,,,,,,,,,,,,,
17050001,2,01/06/2023,,1,1,750,715,738,1,30,1,1,1,425,1,750,750,748,748,746,746,746,746,746,746,744,744,743,741,742,743,742,740,738,736,734,731,730,731,728,726,724,721,718,715,,1,1,1,1,1,1,1,1,1,1,1,1,1,1,1,1,1,1,1,1,1,1,1,1,1,1,1,1,1,1,
17050001,1,01/06/2023,07:00,0,1,750,714,738,1,30,0,0,0,,0,750,750,748,748,746,746,746,746,746,746,744,744,744,742,742,744,742,740,738,736,734,732,730,732,728,726,724,722,718,716,,,,,,,,,,,,,,,,,,,,,,,,,,,,,,,,0
17050001,1,01/06/2023,17:00,0,1,750,714,738,1,30,0,0,0,,0,750,750,748,748,746,746,746,746,746,746,744,744,742,740,742,742,742,740,738,736,734,730,730,730,728,726,724,720,718,714,,,,,,,,,,,,,,,,,,,,,,,,,,,,,,,,0
17050001,1,01/06/2023,,1,1,750,714,738,1,30,0,0,0,,0,750,750,748,748,746,746,746,746,746,746,744,744,743,741,742,743,742,740,738,736,734,731,730,731,728,726,724,721,718,715,,,,,,,,,,,,,,,,,,,,,,,,,,,,,,,,0
17050001,2,01/05/2023,,1,1,764,742,756,23,1,1,1,1,425,1,742,745,747,748,752,754,756,756,756,756,757,759,760,757,756,757,759,760,760,760,760,762,764,762,762,760,760,758,756,754,752,1,1,1,1,1,1,1,1,1,1,1,1,1,1,1,1,1,1,1,1,1,1,1,1,1,1,1,1,1,1,1
17050001,1,01/05/2023,07:00,0,1,764,742,756,23,1,0,0,0,,0,742,744,746,748,750,754,756,756,756,756,756,758,760,758,756,756,758,760,760,760,760,762,764,762,762,760,760,758,756,754,752,1,1,1,1,1,1,1,1,1,1,1,1,1,1,1,1,1,1,1,1,1,1,1,1,1,1,1,1,1,1,1
17050001,1,01/05/2023,17:00,0,1,764,742,756,23,1,0,0,0,,0,742,746,748,748,754,754,756,756,756,756,758,760,760,756,756,758,760,760,760,760,760,762,764,762,762,760,760,758,756,754,752,1,1,1,1,1,1,1,1,1,1,1,1,1,1,1,1,1,1,1,1,1,1,1,1,1,1,1,1,1,1,1
17050001,1,01/05/2023,,1,1,764,742,756,23,1,0,0,0,,0,742,745,747,748,752,754,756,756,756,756,757,759,760,757,756,757,759,760,760,760,760,762,764,762,762,760,760,758,756,754,752,1,1,1,1,1,1,1,1,1,1,1,1,1,1,1,1,1,1,1,1,1,1,1,1,1,1,1,1,1,1,1
17050001,2,01/04/2023,,1,1,740,681,716,27,1,1,1,1,425,1,681,685,689,692,694,697,701,703,707,709,710,710,713,712,714,715,716,719,721,724,726,730,735,736,736,739,740,740,740,740,,1,1,1,1,1,1,1,1,1,1,1,1,1,1,1,1,1,1,1,1,1,1,1,1,1,1,1,1,1,1,
17050001,1,01/04/2023,07:00,0,1,740,680,716,26,1,0,0,0,,0,680,684,688,692,694,696,700,702,706,708,710,710,712,712,714,714,716,718,720,724,726,728,734,736,736,738,740,740,740,740,,1,1,1,1,1,1,1,1,1,1,1,1,1,1,1,1,1,1,1,1,1,1,1,1,1,1,1,1,1,1,0
17050001,1,01/04/2023,17:00,0,1,740,680,716,26,1,0,0,0,,0,682,686,690,692,694,698,702,704,708,710,710,710,714,712,714,716,716,720,722,724,726,732,736,736,736,740,740,740,740,740,,1,1,1,1,1,1,1,1,1,1,1,1,1,1,1,1,1,1,1,1,1,1,1,1,1,1,1,1,1,1,0
17050001,1,01/04/2023,,1,1,740,680,716,26,1,0,0,0,,0,681,685,689,692,694,697,701,703,707,709,710,710,713,712,714,715,716,719,721,724,726,730,735,736,736,739,740,740,740,740,,1,1,1,1,1,1,1,1,1,1,1,1,1,1,1,1,1,1,1,1,1,1,1,1,1,1,1,1,1,1,0
17050001,2,01/03/2023,,1,1,678,565,625,31,1,1,1,1,425,1,565,568,570,575,579,585,592,595,605,609,613,617,621,623,626,629,633,635,636,639,641,645,649,653,658,663,667,668,670,674,678,1,1,1,1,1,1,1,1,1,1,1,1,1,1,1,1,1,1,1,1,1,1,1,1,1,1,1,1,1,1,1
17050001,1,01/03/2023,07:00,0,1,678,564,625,31,1,0,0,0,,0,564,568,570,574,578,584,590,588,604,608,612,616,620,622,626,628,632,634,636,638,640,644,648,652,656,662,666,668,670,672,678,1,1,1,1,1,1,1,1,1,1,1,1,1,1,1,1,1,1,1,1,1,1,1,1,1,1,1,1,1,1,1
17050001,1,01/03/2023,17:00,0,1,678,564,625,31,1,0,0,0,,0,566,568,570,576,580,586,594,602,606,610,614,618,622,624,626,630,634,636,636,640,642,646,650,654,660,664,668,668,670,676,678,1,1,1,1,1,1,1,1,1,1,1,1,1,1,1,1,1,1,1,1,1,1,1,1,1,1,1,1,1,1,1
17050001,1,01/03/2023,,1,1,678,564,625,31,1,0,0,0,,0,565,568,570,575,579,585,592,595,605,609,613,617,621,623,626,629,633,635,636,639,641,645,649,653,658,663,667,668,670,674,678,1,1,1,1,1,1,1,1,1,1,1,1,1,1,1,1,1,1,1,1,1,1,1,1,1,1,1,1,1,1,1
17050001,2,01/02/2023,,1,1,562,384,471,28,1,1,1,1,425,1,384,388,393,398,406,413,420,427,434,441,448,456,463,467,472,478,485,491,499,508,516,524,532,540,546,552,558,562,,,,1,1,1,1,1,1,1,1,1,1,1,1,1,1,1,1,1,1,1,1,1,1,1,1,1,1,1,1,,,
17050001,1,01/02/2023,17:00,0,1,562,384,471,28,1,0,0,0,,0,384,390,394,400,408,414,422,428,436,442,450,458,464,468,474,480,486,492,502,510,518,526,534,542,548,554,560,562,,,,1,1,1,1,1,1,1,1,1,1,1,1,1,1,1,1,1,1,1,1,1,1,1,1,1,1,1,1,0,0,0
17050001,1,01/02/2023,07:00,0,1,562,384,471,28,1,0,0,0,,0,384,386,392,396,404,412,418,426,432,440,446,454,462,466,470,476,484,490,496,506,514,522,530,538,544,550,556,562,,,,1,1,1,1,1,1,1,1,1,1,1,1,1,1,1,1,1,1,1,1,1,1,1,1,1,1,1,1,0,0,0
17050001,1,01/02/2023,,1,1,562,384,471,28,1,0,0,0,,0,384,388,393,398,406,413,420,427,434,441,448,456,463,467,472,478,485,491,499,508,516,524,532,540,546,552,558,562,,,,1,1,1,1,1,1,1,1,1,1,1,1,1,1,1,1,1,1,1,1,1,1,1,1,1,1,1,1,0,0,0
17050001,2,01/01/2023,,1,1,383,237,307,31,1,1,1,1,425,1,237,241,245,251,255,263,269,274,277,281,286,286,290,294,296,296,299,304,310,315,322,330,338,348,357,365,371,374,376,379,383,1,1,1,1,1,1,1,1,1,1,1,1,1,1,1,1,1,1,1,1,1,1,1,1,1,1,1,1,1,1,1
17050001,1,01/01/2023,17:00,0,1,384,236,307,31,1,0,0,0,,0,238,242,246,252,256,264,270,274,278,282,286,286,290,296,296,296,300,306,312,316,324,332,340,348,360,366,370,376,376,380,384,1,1,1,1,1,1,1,1,1,1,1,1,1,1,1,1,1,1,1,1,1,1,1,1,1,1,1,1,1,1,1
17050001,1,01/01/2023,07:00,0,1,384,236,307,31,1,0,0,0,,0,236,240,244,250,254,262,268,274,276,280,286,286,290,292,296,296,298,302,308,314,320,328,336,348,354,364,372,372,376,378,382,1,1,1,1,1,1,1,1,1,1,1,1,1,1,1,1,1,1,1,1,1,1,1,1,1,1,1,1,1,1,1
17050001,1,01/01/2023,,1,1,384,236,307,31,1,0,0,0,,0,237,241,245,251,255,263,269,274,277,281,286,286,290,294,296,296,299,304,310,315,322,330,338,348,357,365,371,374,376,379,383,1,1,1,1,1,1,1,1,1,1,1,1,1,1,1,1,1,1,1,1,1,1,1,1,1,1,1,1,1,1,1
17050001,2,01/12/2022,,1,1,233,159,196,31,1,1,1,1,564,1,159,162,163,164,164,167,172,180,186,190,193,189,190,191,191,190,193,196,198,201,203,211,215,218,220,224,226,230,229,231,233,1,1,1,1,1,1,1,1,1,1,1,1,1,1,1,1,1,1,1,1,1,1,1,1,1,1,1,1,1,1,1
17050001,1,01/12/2022,17:00,0,1,234,158,196,31,1,0,0,0,,0,160,162,164,164,164,168,174,182,188,190,194,188,188,190,190,190,194,196,198,202,204,212,216,218,220,224,226,230,228,230,232,1,1,1,1,1,1,1,1,1,1,1,1,1,1,1,1,1,1,1,1,1,1,1,1,1,1,1,1,1,1,1
17050001,1,01/12/2022,07:00,0,1,234,158,196,31,1,0,0,0,,0,158,162,162,164,164,166,170,178,184,190,192,190,192,192,192,190,192,196,198,200,202,210,214,218,220,224,226,230,230,232,234,1,1,1,1,1,1,1,1,1,1,1,1,1,1,1,1,1,1,1,1,1,1,1,1,1,1,1,1,1,1,1
17050001,1,01/12/2022,,1,1,234,158,196,31,1,0,0,0,,0,159,162,163,164,164,167,172,180,186,190,193,189,190,191,191,190,193,196,198,201,203,211,215,218,220,224,226,230,229,231,233,1,1,1,1,1,1,1,1,1,1,1,1,1,1,1,1,1,1,1,1,1,1,1,1,1,1,1,1,1,1,1
17050001,2,01/11/2022,,1,1,167,82,129,27,5,1,1,1,564,1,90,90,88,88,82,83,92,102,111,119,126,130,131,132,134,138,139,138,139,142,144,149,154,160,162,166,167,164,163,161,,1,1,1,1,1,1,1,1,1,1,1,1,1,1,1,1,1,1,1,1,1,1,1,1,1,1,1,1,1,1,
17050001,1,01/11/2022,07:00,0,1,168,80,129,26,5,0,0,0,,0,90,90,88,88,84,80,88,98,110,116,126,130,132,134,134,138,140,138,138,142,144,148,152,160,162,164,168,166,164,162,,1,1,1,1,1,1,1,1,1,1,1,1,1,1,1,1,1,1,1,1,1,1,1,1,1,1,1,1,1,1,0
17050001,1,01/11/2022,17:00,0,1,168,80,129,26,5,0,0,0,,0,90,90,88,88,80,86,96,106,112,122,126,130,130,130,134,138,138,138,140,142,144,150,156,160,162,168,166,162,162,160,,1,1,1,1,1,1,1,1,1,1,1,1,1,1,1,1,1,1,1,1,1,1,1,1,1,1,1,1,1,1,0
17050001,1,01/11/2022,,1,1,168,80,129,26,5,0,0,0,,0,90,90,88,88,82,83,92,102,111,119,126,130,131,132,134,138,139,138,139,142,144,149,154,160,162,166,167,164,163,161,,1,1,1,1,1,1,1,1,1,1,1,1,1,1,1,1,1,1,1,1,1,1,1,1,1,1,1,1,1,1,0
17050001,2,01/10/2022,,1,1,375,92,201,1,31,1,1,1,564,1,375,363,348,335,321,308,297,285,273,264,256,245,232,220,205,191,174,158,143,132,122,112,104,102,102,99,96,96,94,94,92,1,1,1,1,1,1,1,1,1,1,1,1,1,1,1,1,1,1,1,1,1,1,1,1,1,1,1,1,1,1,1
17050001,1,01/10/2022,17:00,0,1,378,92,201,1,31,0,0,0,,0,372,360,344,332,318,306,294,282,270,262,254,242,228,216,200,186,170,154,140,130,120,110,102,102,102,98,96,96,94,94,92,1,1,1,1,1,1,1,1,1,1,1,1,1,1,1,1,1,1,1,1,1,1,1,1,1,1,1,1,1,1,1
17050001,1,01/10/2022,07:00,0,1,378,92,201,1,31,0,0,0,,0,378,366,352,338,324,310,300,288,276,266,258,248,236,224,210,196,178,162,146,134,124,114,106,102,102,100,96,96,94,94,92,1,1,1,1,1,1,1,1,1,1,1,1,1,1,1,1,1,1,1,1,1,1,1,1,1,1,1,1,1,1,1
17050001,1,01/10/2022,,1,1,378,92,201,1,31,0,0,0,,0,375,363,348,335,321,308,297,285,273,264,256,245,232,220,205,191,174,158,143,132,122,112,104,102,102,99,96,96,94,94,92,1,1,1,1,1,1,1,1,1,1,1,1,1,1,1,1,1,1,1,1,1,1,1,1,1,1,1,1,1,1,1
17050001,2,01/09/2022,,1,1,609,385,512,1,30,1,1,1,564,1,609,604,598,593,587,580,575,570,564,558,553,549,544,537,528,520,512,502,494,486,475,463,451,439,433,426,415,405,395,385,,1,1,1,1,1,1,1,1,1,1,1,1,1,1,1,1,1,1,1,1,1,1,1,1,1,1,1,1,1,1,
17050001,1,01/09/2022,07:00,0,1,610,382,512,1,30,0,0,0,,0,610,606,600,594,588,582,576,572,566,560,554,550,546,540,530,522,514,504,496,488,478,466,454,448,434,430,418,408,398,388,,1,1,1,1,1,1,1,1,1,1,1,1,1,1,1,1,1,1,1,1,1,1,1,1,1,1,1,1,1,1,0
17050001,1,01/09/2022,17:00,0,1,610,382,512,1,30,0,0,0,,0,608,602,596,592,586,578,574,568,562,556,552,548,542,534,526,518,510,500,492,484,472,460,448,430,432,422,412,402,392,382,,1,1,1,1,1,1,1,1,1,1,1,1,1,1,1,1,1,1,1,1,1,1,1,1,1,1,1,1,1,1,0
17050001,1,01/09/2022,,1,1,610,382,512,1,30,0,0,0,,0,609,604,598,593,587,580,575,570,564,558,553,549,544,537,528,520,512,502,494,486,475,463,451,439,433,426,415,405,395,385,,1,1,1,1,1,1,1,1,1,1,1,1,1,1,1,1,1,1,1,1,1,1,1,1,1,1,1,1,1,1,0
17050001,2,01/08/2022,,1,1,726,611,673,1,31,1,1,1,564,1,726,723,721,719,715,711,709,704,701,697,695,691,687,685,682,679,676,670,665,659,657,653,647,642,637,632,627,622,617,614,611,1,1,1,1,1,1,1,1,1,1,1,1,1,1,1,1,1,1,1,1,1,1,1,1,1,1,1,1,1,1,1
17050001,1,01/08/2022,17:00,0,1,728,610,673,1,31,0,0,0,,0,724,722,720,718,714,710,708,702,700,696,694,690,686,684,682,678,676,668,664,658,656,652,646,640,636,630,626,620,616,614,610,1,1,1,1,1,1,1,1,1,1,1,1,1,1,1,1,1,1,1,1,1,1,1,1,1,1,1,1,1,1,1
17050001,1,01/08/2022,07:00,0,1,728,610,673,1,31,0,0,0,,0,728,724,722,720,716,712,710,706,702,698,696,692,688,686,682,680,676,672,666,660,658,654,648,644,638,634,628,624,618,614,612,1,1,1,1,1,1,1,1,1,1,1,1,1,1,1,1,1,1,1,1,1,1,1,1,1,1,1,1,1,1,1
17050001,1,01/08/2022,,1,1,728,610,673,1,31,0,0,0,,0,726,723,721,719,715,711,709,704,701,697,695,691,687,685,682,679,676,670,665,659,657,653,647,642,637,632,627,622,617,614,611,1,1,1,1,1,1,1,1,1,1,1,1,1,1,1,1,1,1,1,1,1,1,1,1,1,1,1,1,1,1,1
17050001,2,01/07/2022,,1,1,805,729,774,1,31,1,1,1,564,1,805,804,802,802,802,801,799,797,794,792,789,787,784,782,779,777,773,772,770,767,765,763,759,755,751,746,742,740,737,733,729,1,1,1,1,1,1,1,1,1,1,1,1,1,1,1,1,1,1,1,1,1,1,1,1,1,1,1,1,1,1,1
17050001,1,01/07/2022,17:00,0,1,806,728,774,1,31,0,0,0,,0,804,804,802,802,802,800,798,796,794,792,788,786,784,782,778,776,772,772,770,766,764,762,758,754,750,744,742,740,736,732,728,1,1,1,1,1,1,1,1,1,1,1,1,1,1,1,1,1,1,1,1,1,1,1,1,1,1,1,1,1,1,1
17050001,1,01/07/2022,07:00,0,1,806,728,774,1,31,0,0,0,,0,806,804,802,802,802,802,800,798,794,792,790,788,784,782,780,778,774,772,770,768,766,764,760,756,752,748,742,740,738,734,730,1,1,1,1,1,1,1,1,1,1,1,1,1,1,1,1,1,1,1,1,1,1,1,1,1,1,1,1,1,1,1
17050001,1,01/07/2022,,1,1,806,728,774,1,31,0,0,0,,0,805,804,802,802,802,801,799,797,794,792,789,787,784,782,779,777,773,772,770,767,765,763,759,755,751,746,742,740,737,733,729,1,1,1,1,1,1,1,1,1,1,1,1,1,1,1,1,1,1,1,1,1,1,1,1,1,1,1,1,1,1,1
17050001,2,01/06/2022,,1,1,830,808,824,2,30,1,1,1,564,1,829,830,830,830,830,830,828,828,827,826,824,824,824,824,824,825,826,825,823,824,824,824,822,820,819,817,816,814,811,808,,1,1,1,1,1,1,1,1,1,1,1,1,1,1,1,1,1,1,1,1,1,1,1,1,1,1,1,1,1,1,
17050001,1,01/06/2022,17:00,0,1,830,808,824,1,30,0,0,0,,0,830,830,830,830,830,830,828,828,826,826,824,824,824,824,824,824,826,824,822,824,824,824,822,820,818,816,816,814,810,808,,1,1,1,1,1,1,1,1,1,1,1,1,1,1,1,1,1,1,1,1,1,1,1,1,1,1,1,1,1,1,0
17050001,1,01/06/2022,07:00,0,1,830,808,824,1,30,0,0,0,,0,828,830,830,830,830,830,828,828,828,826,824,824,824,824,824,826,826,826,824,824,824,824,822,820,820,818,816,814,812,808,,1,1,1,1,1,1,1,1,1,1,1,1,1,1,1,1,1,1,1,1,1,1,1,1,1,1,1,1,1,1,0
17050001,1,01/06/2022,,1,1,830,808,824,1,30,0,0,0,,0,829,830,830,830,830,830,828,828,827,826,824,824,824,824,824,825,826,825,823,824,824,824,822,820,819,817,816,814,811,808,,1,1,1,1,1,1,1,1,1,1,1,1,1,1,1,1,1,1,1,1,1,1,1,1,1,1,1,1,1,1,0
17050001,2,01/05/2022,,1,1,844,829,837,7,31,1,1,1,564,1,832,836,836,838,838,838,844,840,843,840,838,836,835,835,836,836,838,839,840,843,841,840,840,838,837,836,833,830,830,830,829,1,1,1,1,1,1,1,1,1,1,1,1,1,1,1,1,1,1,1,1,1,1,1,1,1,1,1,1,1,1,1
17050001,1,01/05/2022,17:00,0,1,848,828,837,7,31,0,0,0,,0,832,838,836,838,838,838,840,840,844,840,836,836,834,836,836,836,838,840,840,842,840,840,840,838,836,836,832,830,830,830,830,1,1,1,1,1,1,1,1,1,1,1,1,1,1,1,1,1,1,1,1,1,1,1,1,1,1,1,1,1,1,1
17050001,1,01/05/2022,07:00,0,1,848,828,837,7,31,0,0,0,,0,832,834,836,838,838,838,848,840,842,840,840,836,836,834,836,836,838,838,840,844,842,840,840,838,838,836,834,830,830,830,828,1,1,1,1,1,1,1,1,1,1,1,1,1,1,1,1,1,1,1,1,1,1,1,1,1,1,1,1,1,1,1
17050001,1,01/05/2022,,1,1,848,828,837,7,31,0,0,0,,0,832,836,836,838,838,838,844,840,843,840,838,836,835,835,836,836,838,839,840,843,841,840,840,838,837,836,833,830,830,830,829,1,1,1,1,1,1,1,1,1,1,1,1,1,1,1,1,1,1,1,1,1,1,1,1,1,1,1,1,1,1,1
17050001,2,01/04/2022,,1,1,831,757,805,30,1,1,1,1,564,1,757,762,769,773,779,782,785,787,791,794,797,798,798,801,805,810,813,816,818,822,825,827,828,828,828,828,828,828,829,831,,1,1,1,1,1,1,1,1,1,1,1,1,1,1,1,1,1,1,1,1,1,1,1,1,1,1,1,1,1,1,
17050001,1,01/04/2022,17:00,0,1,832,756,805,30,1,0,0,0,,0,758,762,770,774,780,784,786,788,792,794,798,798,798,802,806,810,814,816,818,824,826,828,828,828,828,828,828,828,830,832,,1,1,1,1,1,1,1,1,1,1,1,1,1,1,1,1,1,1,1,1,1,1,1,1,1,1,1,1,1,1,0
17050001,1,01/04/2022,07:00,0,1,832,756,805,30,1,0,0,0,,0,756,762,768,772,778,780,784,786,790,794,796,798,798,800,804,810,812,816,818,820,824,826,828,828,828,828,828,828,828,830,,1,1,1,1,1,1,1,1,1,1,1,1,1,1,1,1,1,1,1,1,1,1,1,1,1,1,1,1,1,1,0
17050001,1,01/04/2022,,1,1,832,756,805,30,1,0,0,0,,0,757,762,769,773,779,782,785,787,791,794,797,798,798,801,805,810,813,816,818,822,825,827,828,828,828,828,828,828,829,831,,1,1,1,1,1,1,1,1,1,1,1,1,1,1,1,1,1,1,1,1,1,1,1,1,1,1,1,1,1,1,0
17050001,2,01/03/2022,,1,1,755,620,677,31,1,1,1,1,564,1,620,622,625,626,632,637,640,643,654,654,656,657,658,665,667,669,675,681,683,690,695,702,705,710,716,720,725,731,737,747,755,1,1,1,1,1,1,1,1,1,1,1,1,1,1,1,1,1,1,1,1,1,1,1,1,1,1,1,1,1,1,1
17050001,1,01/03/2022,17:00,0,1,756,620,677,31,1,0,0,0,,0,620,622,626,626,634,638,642,644,654,654,656,658,658,668,668,670,676,682,684,690,696,702,706,712,718,722,726,732,738,750,756,1,1,1,1,1,1,1,1,1,1,1,1,1,1,1,1,1,1,1,1,1,1,1,1,1,1,1,1,1,1,1
17050001,1,01/03/2022,07:00,0,1,756,620,677,31,1,0,0,0,,0,620,622,624,626,630,636,638,642,654,654,656,656,658,662,666,668,674,680,682,690,694,702,704,708,714,718,724,730,736,744,754,1,1,1,1,1,1,1,1,1,1,1,1,1,1,1,1,1,1,1,1,1,1,1,1,1,1,1,1,1,1,1
17050001,1,01/03/2022,,1,1,756,620,677,31,1,0,0,0,,0,620,622,625,626,632,637,640,643,654,654,656,657,658,665,667,669,675,681,683,690,695,702,705,710,716,720,725,731,737,747,755,1,1,1,1,1,1,1,1,1,1,1,1,1,1,1,1,1,1,1,1,1,1,1,1,1,1,1,1,1,1,1
17050001,2,01/02/2022,,1,1,617,572,586,28,1,1,1,1,564,1,572,572,573,572,574,574,574,574,574,573,574,574,574,574,579,582,584,587,592,597,600,601,604,608,609,613,614,617,,,,1,1,1,1,1,1,1,1,1,1,1,1,1,1,1,1,1,1,1,1,1,1,1,1,1,1,1,1,,,
17050001,1,01/02/2022,07:00,0,1,618,572,586,28,1,0,0,0,,0,572,572,574,572,574,574,574,574,574,574,574,574,574,574,578,582,584,586,590,596,600,600,602,608,608,612,614,616,,,,1,1,1,1,1,1,1,1,1,1,1,1,1,1,1,1,1,1,1,1,1,1,1,1,1,1,1,1,0,0,0
17050001,1,01/02/2022,17:00,0,1,618,572,586,28,1,0,0,0,,0,572,572,572,572,574,574,574,574,574,572,574,574,574,574,580,582,584,588,594,598,600,602,606,608,610,614,614,618,,,,1,1,1,1,1,1,1,1,1,1,1,1,1,1,1,1,1,1,1,1,1,1,1,1,1,1,1,1,0,0,0
17050001,1,01/02/2022,,1,1,618,572,586,28,1,0,0,0,,0,572,572,573,572,574,574,574,574,574,573,574,574,574,574,579,582,584,587,592,597,600,601,604,608,609,613,614,617,,,,1,1,1,1,1,1,1,1,1,1,1,1,1,1,1,1,1,1,1,1,1,1,1,1,1,1,1,1,0,0,0
17050001,2,01/01/2022,,1,1,573,486,550,30,1,1,1,1,564,1,486,493,501,510,518,525,531,538,543,547,550,553,553,556,558,559,560,562,566,566,568,568,570,570,570,571,572,572,572,573,572,1,1,1,1,1,1,1,1,1,1,1,1,1,1,1,1,1,1,1,1,1,1,1,1,1,1,1,1,1,1,1
17050001,1,01/01/2022,07:00,0,1,574,484,550,30,1,0,0,0,,0,484,492,500,508,516,524,530,536,542,546,550,554,552,556,558,560,560,562,566,566,568,568,570,570,570,570,572,572,572,574,572,1,1,1,1,1,1,1,1,1,1,1,1,1,1,1,1,1,1,1,1,1,1,1,1,1,1,1,1,1,1,1
17050001,1,01/01/2022,17:00,0,1,574,484,550,30,1,0,0,0,,0,488,494,502,512,520,526,532,540,544,548,550,552,554,556,558,558,560,562,566,566,568,568,570,570,570,572,572,572,572,572,572,1,1,1,1,1,1,1,1,1,1,1,1,1,1,1,1,1,1,1,1,1,1,1,1,1,1,1,1,1,1,1
17050001,1,01/01/2022,,1,1,574,484,550,30,1,0,0,0,,0,486,493,501,510,518,525,531,538,543,547,550,553,553,556,558,559,560,562,566,566,568,568,570,570,570,571,572,572,572,573,572,1,1,1,1,1,1,1,1,1,1,1,1,1,1,1,1,1,1,1,1,1,1,1,1,1,1,1,1,1,1,1
17050001,2,01/12/2021,,1,1,477,301,392,31,1,1,1,1,594,1,301,307,313,320,328,333,341,346,350,355,361,367,373,379,383,390,397,405,411,419,425,431,437,442,449,453,454,458,463,469,477,1,1,1,1,1,1,1,1,1,1,1,1,1,1,1,1,1,1,1,1,1,1,1,1,1,1,1,1,1,1,1
17050001,1,01/12/2021,07:00,0,1,478,300,392,31,1,0,0,0,,0,300,306,310,318,326,332,338,346,350,354,360,366,372,378,382,388,396,404,410,418,424,430,436,440,448,452,454,458,462,468,476,1,1,1,1,1,1,1,1,1,1,1,1,1,1,1,1,1,1,1,1,1,1,1,1,1,1,1,1,1,1,1
17050001,1,01/12/2021,17:00,0,1,478,300,392,31,1,0,0,0,,0,302,308,316,322,330,334,344,346,350,356,362,368,374,380,384,392,398,406,412,420,426,432,438,444,450,454,454,458,464,470,478,1,1,1,1,1,1,1,1,1,1,1,1,1,1,1,1,1,1,1,1,1,1,1,1,1,1,1,1,1,1,1
17050001,1,01/12/2021,,1,1,478,300,392,31,1,0,0,0,,0,301,307,313,320,328,333,341,346,350,355,361,367,373,379,383,390,397,405,411,419,425,431,437,442,449,453,454,458,463,469,477,1,1,1,1,1,1,1,1,1,1,1,1,1,1,1,1,1,1,1,1,1,1,1,1,1,1,1,1,1,1,1
17050001,2,01/11/2021,,1,1,296,218,247,30,1,1,1,1,594,1,218,221,223,224,227,229,231,231,233,230,229,230,230,231,232,233,238,244,249,254,253,261,269,272,274,279,283,283,291,296,,1,1,1,1,1,1,1,1,1,1,1,1,1,1,1,1,1,1,1,1,1,1,1,1,1,1,1,1,1,1,
17050001,1,01/11/2021,07:00,0,1,298,218,247,30,1,0,0,0,,0,218,220,222,224,226,228,230,232,234,232,230,230,230,230,232,232,238,242,248,252,254,258,270,272,274,278,282,286,290,294,,1,1,1,1,1,1,1,1,1,1,1,1,1,1,1,1,1,1,1,1,1,1,1,1,1,1,1,1,1,1,0
17050001,1,01/11/2021,17:00,0,1,298,218,247,30,1,0,0,0,,0,218,222,224,224,228,230,232,230,232,228,228,230,230,232,232,234,238,246,250,256,252,264,268,272,274,280,284,280,292,298,,1,1,1,1,1,1,1,1,1,1,1,1,1,1,1,1,1,1,1,1,1,1,1,1,1,1,1,1,1,1,0
17050001,1,01/11/2021,,1,1,298,218,247,30,1,0,0,0,,0,218,221,223,224,227,229,231,231,233,230,229,230,230,231,232,233,238,244,249,254,253,261,269,272,274,279,283,283,291,296,,1,1,1,1,1,1,1,1,1,1,1,1,1,1,1,1,1,1,1,1,1,1,1,1,1,1,1,1,1,1,0
17050001,2,01/10/2021,,1,1,421,223,317,1,31,1,1,1,594,1,421,412,403,395,389,385,378,374,369,362,355,347,338,328,320,310,302,298,291,284,279,278,273,267,260,254,245,241,234,227,223,1,1,1,1,1,1,1,1,1,1,1,1,1,1,1,1,1,1,1,1,1,1,1,1,1,1,1,1,1,1,1
17050001,1,01/10/2021,07:00,0,1,424,222,317,1,31,0,0,0,,0,424,414,406,396,390,386,380,376,370,364,358,350,340,330,322,312,304,300,292,286,280,280,274,270,262,256,248,242,236,228,224,1,1,1,1,1,1,1,1,1,1,1,1,1,1,1,1,1,1,1,1,1,1,1,1,1,1,1,1,1,1,1
17050001,1,01/10/2021,17:00,0,1,424,222,317,1,31,0,0,0,,0,418,410,400,394,388,384,376,372,368,360,352,344,336,326,318,308,300,296,290,282,278,276,272,264,258,252,242,240,232,226,222,1,1,1,1,1,1,1,1,1,1,1,1,1,1,1,1,1,1,1,1,1,1,1,1,1,1,1,1,1,1,1
17050001,1,01/10/2021,,1,1,424,222,317,1,31,0,0,0,,0,421,412,403,395,389,385,378,374,369,362,355,347,338,328,320,310,302,298,291,284,279,278,273,267,260,254,245,241,234,227,223,1,1,1,1,1,1,1,1,1,1,1,1,1,1,1,1,1,1,1,1,1,1,1,1,1,1,1,1,1,1,1
17050001,2,01/09/2021,,1,1,635,432,543,1,30,1,1,1,,,635,628,620,613,606,601,597,592,587,584,580,572,566,561,552,544,536,528,521,514,509,503,496,488,481,473,463,453,443,432,,1,1,1,1,1,1,1,1,1,1,1,1,1,1,1,1,1,1,1,1,1,1,1,1,1,1,1,1,1,1,
17050001,1,01/09/2021,17:00,0,1,636,430,543,1,30,0,0,0,,0,634,626,618,612,604,600,596,590,586,584,578,570,564,560,550,542,534,526,520,512,508,502,494,486,478,470,460,450,440,430,,1,1,1,1,1,1,1,1,1,1,1,1,1,1,1,1,1,1,1,1,1,1,1,1,1,1,1,1,1,1,0
17050001,1,01/09/2021,07:00,0,1,636,430,543,1,30,0,0,0,,0,636,630,622,614,608,602,598,594,588,584,582,574,568,562,554,546,538,530,522,516,510,504,498,490,484,476,466,456,446,434,,1,1,1,1,1,1,1,1,1,1,1,1,1,1,1,1,1,1,1,1,1,1,1,1,1,1,1,1,1,1,0
17050001,1,01/09/2021,,1,1,636,430,543,1,30,0,0,0,,0,635,628,620,613,606,601,597,592,587,584,580,572,566,561,552,544,536,528,521,514,509,503,496,488,481,473,463,453,443,432,,1,1,1,1,1,1,1,1,1,1,1,1,1,1,1,1,1,1,1,1,1,1,1,1,1,1,1,1,1,1,0
17050001,2,01/08/2021,,1,1,755,640,698,1,31,1,1,1,,,755,751,746,741,736,731,727,723,719,716,713,710,708,709,706,702,699,695,690,687,681,677,673,671,668,663,659,653,649,645,640,1,1,1,1,1,1,1,1,1,1,1,1,1,1,1,1,1,1,1,1,1,1,1,1,1,1,1,1,1,1,1
17050001,1,01/08/2021,17:00,0,1,756,638,698,1,31,0,0,0,,0,754,750,744,740,734,730,726,722,718,716,712,710,708,708,706,702,698,694,690,686,680,676,672,670,668,662,658,652,648,644,638,,,,,,,,,,,,,,,,,,,,,,,,,,,,,,,
17050001,1,01/08/2021,07:00,0,1,756,638,698,1,31,0,0,0,,0,756,752,748,742,738,732,728,724,720,716,714,710,708,710,706,702,700,696,690,688,682,678,674,672,668,664,660,654,650,646,642,,,,,,,,,,,,,,,,,,,,,,,,,,,,,,,
17050001,1,01/08/2021,,1,1,756,638,698,1,31,0,0,0,,0,755,751,746,741,736,731,727,723,719,716,713,710,708,709,706,702,699,695,690,687,681,677,673,671,668,663,659,653,649,645,640,,,,,,,,,,,,,,,,,,,,,,,,,,,,,,,
17050001,2,01/07/2021,,1,1,821,758,793,1,31,1,1,1,,,821,818,818,818,815,812,810,808,805,803,802,802,801,800,798,797,795,793,791,789,785,782,779,775,773,771,768,765,761,759,758,1,1,1,1,1,1,1,1,1,1,1,1,1,1,1,1,1,1,1,1,1,1,1,1,1,1,1,1,1,1,1
17050001,1,01/07/2021,17:00,0,1,822,758,793,1,31,0,0,0,,0,820,818,818,818,814,812,810,808,804,802,802,802,800,800,798,796,794,792,790,788,784,782,778,774,772,770,768,764,760,760,758,1,1,1,1,1,1,1,1,1,1,1,1,1,1,1,1,1,1,1,1,1,1,1,1,1,1,1,1,1,1,1
17050001,1,01/07/2021,07:00,0,1,822,758,793,1,31,0,0,0,,0,822,818,818,818,816,812,810,808,806,804,802,802,802,800,798,798,796,794,792,790,786,782,780,776,774,772,768,766,762,758,758,1,1,1,1,1,1,1,1,1,1,1,1,1,1,1,1,1,1,1,1,1,1,1,1,1,1,1,1,1,1,1
17050001,1,01/07/2021,,1,1,822,758,793,1,31,0,0,0,,0,821,818,818,818,815,812,810,808,805,803,802,802,801,800,798,797,795,793,791,789,785,782,779,775,773,771,768,765,761,759,758,1,1,1,1,1,1,1,1,1,1,1,1,1,1,1,1,1,1,1,1,1,1,1,1,1,1,1,1,1,1,1
17050001,2,01/06/2021,,1,1,846,824,833,1,30,1,1,1,,,846,846,844,844,842,841,838,838,836,838,837,835,833,832,832,830,832,830,830,832,830,829,828,827,826,826,826,826,826,824,,1,1,1,1,1,1,1,1,1,1,1,1,1,1,1,1,1,1,1,1,1,1,1,1,1,1,1,1,1,1,
17050001,1,01/06/2021,07:00,0,1,846,824,833,1,30,0,0,0,,0,846,846,844,844,842,842,838,838,836,838,838,834,834,832,832,830,832,830,830,832,830,830,828,828,826,826,826,826,826,824,,1,1,1,1,1,1,1,1,1,1,1,1,1,1,1,1,1,1,1,1,1,1,1,1,1,1,1,1,1,1,0
17050001,1,01/06/2021,17:00,0,1,846,824,833,1,30,0,0,0,,0,846,846,844,844,842,840,838,838,836,838,836,836,832,832,832,830,832,830,830,832,830,828,828,826,826,826,826,826,826,824,,1,1,1,1,1,1,1,1,1,1,1,1,1,1,1,1,1,1,1,1,1,1,1,1,1,1,1,1,1,1,0
17050001,1,01/06/2021,,1,1,846,824,833,1,30,0,0,0,,0,846,846,844,844,842,841,838,838,836,838,837,835,833,832,832,830,832,830,830,832,830,829,828,827,826,826,826,826,826,824,,1,1,1,1,1,1,1,1,1,1,1,1,1,1,1,1,1,1,1,1,1,1,1,1,1,1,1,1,1,1,0
17050001,2,01/05/2021,,1,1,850,818,840,30,1,1,1,1,,,818,821,825,828,828,830,830,830,831,835,837,839,841,843,844,846,846,846,847,847,846,845,845,845,846,846,846,847,849,850,848,1,1,1,1,1,1,1,1,1,1,1,1,1,1,1,1,1,1,1,1,1,1,1,1,1,1,1,1,1,1,1
17050001,1,01/05/2021,17:00,0,1,850,816,840,29,1,0,0,0,,0,820,822,826,828,828,830,830,830,832,836,838,840,842,844,844,846,846,846,848,846,846,846,844,846,846,846,846,848,850,850,848,1,1,1,1,1,1,1,1,1,1,1,1,1,1,1,1,1,1,1,1,1,1,1,1,1,1,1,1,1,1,1
17050001,1,01/05/2021,07:00,0,1,850,816,840,29,1,0,0,0,,0,816,820,824,828,828,830,830,830,830,834,836,838,840,842,844,846,846,846,846,848,846,844,846,844,846,846,846,846,848,850,848,1,1,1,1,1,1,1,1,1,1,1,1,1,1,1,1,1,1,1,1,1,1,1,1,1,1,1,1,1,1,1
17050001,1,01/05/2021,,1,1,850,816,840,29,1,0,0,0,,0,818,821,825,828,828,830,830,830,831,835,837,839,841,843,844,846,846,846,847,847,846,845,845,845,846,846,846,847,849,850,848,1,1,1,1,1,1,1,1,1,1,1,1,1,1,1,1,1,1,1,1,1,1,1,1,1,1,1,1,1,1,1
17050001,2,01/04/2021,,1,1,812,756,781,30,1,1,1,1,,,756,760,763,766,767,768,769,769,768,769,769,772,774,775,777,779,781,784,785,789,790,790,792,793,795,799,803,806,810,812,,1,1,1,1,1,1,1,1,1,1,1,1,1,1,1,1,1,1,1,1,1,1,1,1,1,1,1,1,1,1,
17050001,1,01/04/2021,07:00,0,1,814,754,781,30,1,0,0,0,,0,754,760,762,766,766,768,768,768,768,768,768,772,774,774,776,778,780,784,784,788,790,790,792,792,794,798,802,806,810,810,,1,1,1,1,1,1,1,1,1,1,1,1,1,1,1,1,1,1,1,1,1,1,1,1,1,1,1,1,1,1,0
17050001,1,01/04/2021,17:00,0,1,814,754,781,30,1,0,0,0,,0,758,760,764,766,768,768,770,770,768,770,770,772,774,776,778,780,782,784,786,790,790,790,792,794,796,800,804,806,810,814,,1,1,1,1,1,1,1,1,1,1,1,1,1,1,1,1,1,1,1,1,1,1,1,1,1,1,1,1,1,1,0
17050001,1,01/04/2021,,1,1,814,754,781,30,1,0,0,0,,0,756,760,763,766,767,768,769,769,768,769,769,772,774,775,777,779,781,784,785,789,790,790,792,793,795,799,803,806,810,812,,1,1,1,1,1,1,1,1,1,1,1,1,1,1,1,1,1,1,1,1,1,1,1,1,1,1,1,1,1,1,0
17050001,2,01/03/2021,,1,1,749,641,701,31,1,1,1,1,,,641,647,654,659,663,667,669,671,678,683,690,693,697,701,704,705,709,714,718,720,722,725,726,727,729,731,733,737,739,745,749,1,1,1,1,1,1,1,1,1,1,1,1,1,1,1,1,1,1,1,1,1,1,1,1,1,1,1,1,1,1,1
17050001,1,01/03/2021,17:00,0,1,750,640,701,31,1,0,0,0,,0,642,648,656,660,664,668,670,672,680,684,692,694,698,702,704,706,710,716,718,720,722,726,726,728,730,732,734,738,740,746,750,,,,,,,,,,,,,,,,,,,,,,,,,,,,,,,
17050001,1,01/03/2021,07:00,0,1,750,640,701,31,1,0,0,0,,0,640,646,652,658,662,666,668,670,676,682,688,692,696,700,704,704,708,712,718,720,722,724,726,726,728,730,732,736,738,744,748,,,,,,,,,,,,,,,,,,,,,,,,,,,,,,,
17050001,1,01/03/2021,,1,1,750,640,701,31,1,0,0,0,,0,641,647,654,659,663,667,669,671,678,683,690,693,697,701,704,705,709,714,718,720,722,725,726,727,729,731,733,737,739,745,749,,,,,,,,,,,,,,,,,,,,,,,,,,,,,,,
17050001,2,01/02/2021,,1,1,633,515,574,28,1,1,1,1,,,515,521,526,531,534,537,541,545,549,551,555,560,568,576,581,585,591,595,596,598,603,606,608,609,614,619,624,633,,,,1,1,1,1,1,1,1,1,1,1,1,1,1,1,1,1,1,1,1,1,1,1,1,1,1,1,1,1,,,
17050001,1,01/02/2021,17:00,0,1,634,514,574,28,1,0,0,0,,0,516,522,526,532,534,538,542,546,550,552,556,562,570,578,582,586,592,596,596,598,604,606,608,610,616,620,626,634,,,,,,,,,,,,,,,,,,,,,,,,,,,,,,,,0,0,0
17050001,1,01/02/2021,07:00,0,1,634,514,574,28,1,0,0,0,,0,514,520,526,530,534,536,540,544,548,550,554,558,566,574,580,584,590,594,596,598,602,606,608,608,612,618,622,632,,,,,,,,,,,,,,,,,,,,,,,,,,,,,,,,0,0,0
17050001,1,01/02/2021,,1,1,634,514,574,28,1,0,0,0,,0,515,521,526,531,534,537,541,545,549,551,555,560,568,576,581,585,591,595,596,598,603,606,608,609,614,619,624,633,,,,,,,,,,,,,,,,,,,,,,,,,,,,,,,,0,0,0
17050001,2,01/01/2021,,1,1,510,296,407,31,1,1,1,1,,,296,303,312,322,330,336,344,352,358,368,374,384,392,399,408,414,418,422,429,437,445,450,453,458,463,471,480,486,494,502,510,1,1,1,1,1,1,1,1,1,1,1,1,1,1,1,1,1,1,1,1,1,1,1,1,1,1,1,1,1,1,1
17050001,1,01/01/2021,17:00,0,1,512,294,407,31,1,0,0,0,,0,298,304,314,324,330,338,346,354,360,370,376,386,394,400,410,414,418,424,430,440,446,450,454,460,464,472,482,488,496,504,512,,,,,,,,,,,,,,,,,,,,,,,,,,,,,,,
17050001,1,01/01/2021,07:00,0,1,512,294,407,31,1,0,0,0,,0,294,302,310,320,330,334,342,350,356,366,372,382,390,398,406,414,418,420,428,434,444,450,452,456,462,470,478,484,492,500,508,,,,,,,,,,,,,,,,,,,,,,,,,,,,,,,
17050001,1,01/01/2021,,1,1,512,294,407,31,1,0,0,0,,0,296,303,312,322,330,336,344,352,358,368,374,384,392,399,408,414,418,422,429,437,445,450,453,458,463,471,480,486,494,502,510,,,,,,,,,,,,,,,,,,,,,,,,,,,,,,,
17050001,2,01/12/2020,,1,1,288,119,191,31,1,1,1,1,,,119,124,127,132,135,133,134,137,138,142,150,157,164,172,183,190,196,203,208,215,219,225,229,233,240,248,256,263,268,279,288,1,1,1,1,1,1,1,1,1,1,1,1,1,1,1,1,1,1,1,1,1,1,1,1,1,1,1,1,1,1,1
17050001,1,01/12/2020,17:00,0,1,290,118,191,31,1,0,0,0,,0,120,124,128,132,136,132,134,136,138,144,152,158,166,174,186,192,198,204,210,216,220,226,230,234,242,250,258,264,270,282,290,,,,,,,,,,,,,,,,,,,,,,,,,,,,,,,
17050001,1,01/12/2020,07:00,0,1,290,118,191,31,1,0,0,0,,0,118,124,126,132,134,134,134,138,138,140,148,156,162,170,180,188,194,202,206,214,218,224,228,232,238,246,254,262,266,276,286,,,,,,,,,,,,,,,,,,,,,,,,,,,,,,,
17050001,1,01/12/2020,,1,1,290,118,191,31,1,0,0,0,,0,119,124,127,132,135,133,134,137,138,142,150,157,164,172,183,190,196,203,208,215,219,225,229,233,240,248,256,263,268,279,288,,,,,,,,,,,,,,,,,,,,,,,,,,,,,,,
17050001,2,01/11/2020,,1,1,111,62,85,30,9,1,1,1,,,90,87,84,81,79,74,66,63,62,62,62,63,69,75,82,90,98,103,104,96,89,89,89,87,90,94,96,101,107,111,,1,1,1,1,1,1,1,1,1,1,1,1,1,1,1,1,1,1,1,1,1,1,1,1,1,1,1,1,1,1,
17050001,1,01/11/2020,17:00,0,1,112,62,85,30,8,0,0,0,,0,90,86,84,80,78,72,64,62,62,62,62,64,70,76,84,92,100,104,102,94,88,90,88,86,92,94,96,102,108,110,,1,1,1,1,1,1,1,1,1,1,1,1,1,1,1,1,1,1,1,1,1,1,1,1,1,1,1,1,1,1,0
17050001,1,01/11/2020,07:00,0,1,112,62,85,30,8,0,0,0,,0,90,88,84,82,80,76,68,64,62,62,62,62,68,74,80,88,96,102,106,98,90,88,90,88,88,94,96,100,106,112,,1,1,1,1,1,1,1,1,1,1,1,1,1,1,1,1,1,1,1,1,1,1,1,1,1,1,1,1,1,1,0
17050001,1,01/11/2020,,1,1,112,62,85,30,8,0,0,0,,0,90,87,84,81,79,74,66,63,62,62,62,63,69,75,82,90,98,103,104,96,89,89,89,87,90,94,96,101,107,111,,1,1,1,1,1,1,1,1,1,1,1,1,1,1,1,1,1,1,1,1,1,1,1,1,1,1,1,1,1,1,0
17050001,2,01/10/2020,,1,1,200,80,116,1,27,1,1,1,,,200,192,181,171,166,156,144,134,123,113,104,96,89,89,93,99,106,112,116,116,112,107,99,93,87,83,80,81,81,86,89,1,1,1,1,1,1,1,1,1,1,1,1,1,1,1,1,1,1,1,1,1,1,1,1,1,1,1,1,1,1,1
17050001,1,01/10/2020,07:00,0,1,202,78,116,1,27,0,0,0,,0,202,194,184,172,168,160,148,138,126,116,106,98,90,90,92,98,104,110,116,118,114,110,102,94,88,84,78,80,80,84,88,1,1,1,1,1,1,1,1,1,1,1,1,1,1,1,1,1,1,1,1,1,1,1,1,1,1,1,1,1,1,1
17050001,1,01/10/2020,17:00,0,1,202,78,116,1,27,0,0,0,,0,198,190,178,170,164,152,140,130,120,110,102,94,88,88,94,100,108,114,116,114,110,104,96,92,86,82,82,82,82,88,90,1,1,1,1,1,1,1,1,1,1,1,1,1,1,1,1,1,1,1,1,1,1,1,1,1,1,1,1,1,1,1
17050001,1,01/10/2020,,1,1,202,78,116,1,27,0,0,0,,0,200,192,181,171,166,156,144,134,123,113,104,96,89,89,93,99,106,112,116,116,112,107,99,93,87,83,80,81,81,86,89,1,1,1,1,1,1,1,1,1,1,1,1,1,1,1,1,1,1,1,1,1,1,1,1,1,1,1,1,1,1,1
17050001,2,01/09/2020,,1,1,526,211,385,1,30,1,1,1,,,526,518,511,506,500,492,483,473,463,453,443,431,419,408,396,386,375,365,355,344,335,322,308,292,278,264,250,234,220,211,,1,1,1,1,1,1,1,1,1,1,1,1,1,1,1,1,1,1,1,1,1,1,1,1,1,1,1,1,1,1,
17050001,1,01/09/2020,07:00,0,1,526,208,385,1,30,0,0,0,,0,526,520,512,508,502,494,486,476,466,456,446,434,422,412,398,388,378,368,358,346,338,326,312,296,282,268,254,238,220,214,,1,1,1,1,1,1,1,1,1,1,1,1,1,1,1,1,1,1,1,1,1,1,1,1,1,1,1,1,1,1,0
17050001,1,01/09/2020,17:00,0,1,526,208,385,1,30,0,0,0,,0,526,516,510,504,498,490,480,470,460,450,440,428,416,404,394,384,372,362,352,342,332,318,304,288,274,260,246,230,220,208,,1,1,1,1,1,1,1,1,1,1,1,1,1,1,1,1,1,1,1,1,1,1,1,1,1,1,1,1,1,1,0
17050001,1,01/09/2020,,1,1,526,208,385,1,30,0,0,0,,0,526,518,511,506,500,492,483,473,463,453,443,431,419,408,396,386,375,365,355,344,335,322,308,292,278,264,250,234,220,211,,1,1,1,1,1,1,1,1,1,1,1,1,1,1,1,1,1,1,1,1,1,1,1,1,1,1,1,1,1,1,0
17050001,2,01/08/2020,,1,1,657,530,601,1,31,1,1,1,,,657,654,651,649,645,641,637,633,631,629,624,619,615,610,606,602,597,593,590,585,581,580,577,573,567,561,555,549,542,534,530,1,1,1,1,1,1,1,1,1,1,1,1,1,1,1,1,1,1,1,1,1,1,1,1,1,1,1,1,1,1,1
17050001,1,01/08/2020,07:00,0,1,658,530,601,1,31,0,0,0,,0,658,654,652,650,646,642,638,634,632,630,624,620,616,612,608,604,598,594,592,586,582,580,578,574,568,562,556,550,544,536,530,1,1,1,1,1,1,1,1,1,1,1,1,1,1,1,1,1,1,1,1,1,1,1,1,1,1,1,1,1,1,1
17050001,1,01/08/2020,17:00,0,1,658,530,601,1,31,0,0,0,,0,656,654,650,648,644,640,636,632,630,628,624,618,614,608,604,600,596,592,588,584,580,580,576,572,566,560,554,548,540,532,530,1,1,1,1,1,1,1,1,1,1,1,1,1,1,1,1,1,1,1,1,1,1,1,1,1,1,1,1,1,1,1
17050001,1,01/08/2020,,1,1,658,530,601,1,31,0,0,0,,0,657,654,651,649,645,641,637,633,631,629,624,619,615,610,606,602,597,593,590,585,581,580,577,573,567,561,555,549,542,534,530,1,1,1,1,1,1,1,1,1,1,1,1,1,1,1,1,1,1,1,1,1,1,1,1,1,1,1,1,1,1,1
17050001,2,01/07/2020,,1,1,733,659,700,1,31,1,1,1,,,733,732,729,728,726,724,723,722,720,718,716,714,711,708,705,702,699,695,691,689,688,686,685,682,679,675,671,667,664,661,659,1,1,1,1,1,1,1,1,1,1,1,1,1,1,1,1,1,1,1,1,1,1,1,1,1,1,1,1,1,1,1
17050001,1,01/07/2020,07:00,0,1,734,658,700,1,31,0,0,0,,0,734,732,730,728,726,724,724,722,720,718,716,714,712,708,706,702,700,696,692,690,688,686,686,682,680,676,672,668,664,662,660,1,1,1,1,1,1,1,1,1,1,1,1,1,1,1,1,1,1,1,1,1,1,1,1,1,1,1,1,1,1,1
17050001,1,01/07/2020,17:00,0,1,734,658,700,1,31,0,0,0,,0,732,732,728,728,726,724,722,722,720,718,716,714,710,708,704,702,698,694,690,688,688,686,684,682,678,674,670,666,664,660,658,1,1,1,1,1,1,1,1,1,1,1,1,1,1,1,1,1,1,1,1,1,1,1,1,1,1,1,1,1,1,1
17050001,1,01/07/2020,,1,1,734,658,700,1,31,0,0,0,,0,733,732,729,728,726,724,723,722,720,718,716,714,711,708,705,702,699,695,691,689,688,686,685,682,679,675,671,667,664,661,659,1,1,1,1,1,1,1,1,1,1,1,1,1,1,1,1,1,1,1,1,1,1,1,1,1,1,1,1,1,1,1
17050001,2,01/06/2020,,1,1,764,736,754,6,29,1,1,1,,,761,762,762,762,762,764,764,764,764,764,762,762,762,759,756,756,754,753,751,749,747,746,746,744,742,740,738,738,736,736,,1,1,1,1,1,1,1,1,1,1,1,1,1,1,1,1,1,1,1,1,1,1,1,1,1,1,1,1,1,1,
17050001,1,01/06/2020,17:00,0,1,764,736,754,6,29,0,0,0,,0,762,762,762,762,762,764,764,764,764,764,762,762,762,758,756,756,754,752,750,748,746,746,746,744,742,740,738,738,736,736,,,,,,,,,,,,,,,,,,,,,,,,,,,,,,,,0
17050001,1,01/06/2020,07:00,0,1,764,736,754,6,29,0,0,0,,0,760,762,762,762,762,764,764,764,764,764,762,762,762,760,756,756,754,754,752,750,748,746,746,744,742,740,738,738,736,736,,,,,,,,,,,,,,,,,,,,,,,,,,,,,,,,0
17050001,1,01/06/2020,,1,1,764,736,754,6,29,0,0,0,,0,761,762,762,762,762,764,764,764,764,764,762,762,762,759,756,756,754,753,751,749,747,746,746,744,742,740,738,738,736,736,,,,,,,,,,,,,,,,,,,,,,,,,,,,,,,,0
17050001,2,01/05/2020,,1,1,759,714,742,31,1,1,1,1,,,714,716,718,721,722,727,733,735,737,739,741,742,744,745,745,745,745,744,745,747,748,747,749,753,756,756,757,758,758,758,759,1,1,1,1,1,1,1,1,1,1,1,1,1,1,1,1,1,1,1,1,1,1,1,1,1,1,1,1,1,1,1
17050001,1,01/05/2020,17:00,0,1,760,714,742,31,1,0,0,0,,0,714,716,718,722,722,728,734,736,738,740,742,742,744,746,746,746,746,744,746,746,748,746,750,754,756,756,758,758,758,758,760,1,1,1,1,1,1,1,1,1,1,1,1,1,1,1,1,1,1,1,1,1,1,1,1,1,1,1,1,1,1,1
17050001,1,01/05/2020,07:00,0,1,760,714,742,31,1,0,0,0,,0,714,716,718,720,722,726,732,734,736,738,740,742,744,744,744,744,744,744,744,748,748,748,748,752,756,756,756,758,758,758,758,1,1,1,1,1,1,1,1,1,1,1,1,1,1,1,1,1,1,1,1,1,1,1,1,1,1,1,1,1,1,1
17050001,1,01/05/2020,,1,1,760,714,742,31,1,0,0,0,,0,714,716,718,721,722,727,733,735,737,739,741,742,744,745,745,745,745,744,745,747,748,747,749,753,756,756,757,758,758,758,759,1,1,1,1,1,1,1,1,1,1,1,1,1,1,1,1,1,1,1,1,1,1,1,1,1,1,1,1,1,1,1
17050001,2,01/04/2020,,1,1,712,645,678,30,1,1,1,1,,,645,648,650,652,653,655,657,658,662,664,669,673,679,682,682,681,681,682,686,686,687,688,690,694,697,702,705,710,710,712,,1,1,1,1,1,1,1,1,1,1,1,1,1,1,1,1,1,1,1,1,1,1,1,1,1,1,1,1,1,1,
17050001,1,01/04/2020,17:00,0,1,712,644,678,30,1,0,0,0,,0,646,648,650,652,654,656,658,658,662,664,670,674,680,682,682,680,682,682,688,686,688,688,690,694,698,704,706,710,710,712,,1,1,1,1,1,1,1,1,1,1,1,1,1,1,1,1,1,1,1,1,1,1,1,1,1,1,1,1,1,1,0
17050001,1,01/04/2020,07:00,0,1,712,644,678,30,1,0,0,0,,0,644,648,650,652,652,654,656,658,662,664,668,672,678,682,682,682,680,682,684,686,686,688,690,694,696,700,704,710,710,712,,1,1,1,1,1,1,1,1,1,1,1,1,1,1,1,1,1,1,1,1,1,1,1,1,1,1,1,1,1,1,0
17050001,1,01/04/2020,,1,1,712,644,678,30,1,0,0,0,,0,645,648,650,652,653,655,657,658,662,664,669,673,679,682,682,681,681,682,686,686,687,688,690,694,697,702,705,710,710,712,,1,1,1,1,1,1,1,1,1,1,1,1,1,1,1,1,1,1,1,1,1,1,1,1,1,1,1,1,1,1,0
17050001,2,01/03/2020,,1,1,644,565,601,31,1,1,1,1,,,565,567,568,569,568,570,570,573,576,579,583,586,589,593,601,604,605,607,613,615,617,619,621,627,628,630,633,634,636,639,644,1,1,1,1,1,1,1,1,1,1,1,1,1,1,1,1,1,1,1,1,1,1,1,1,1,1,1,1,1,1,1
17050001,1,01/03/2020,07:00,0,1,644,564,601,31,1,0,0,0,,0,564,566,568,570,568,570,570,572,576,578,582,586,588,592,600,604,606,606,612,614,616,618,620,626,628,630,632,634,636,638,644,1,1,1,1,1,1,1,1,1,1,1,1,1,1,1,1,1,1,1,1,1,1,1,1,1,1,1,1,1,1,1
17050001,1,01/03/2020,17:00,0,1,644,564,601,31,1,0,0,0,,0,566,568,568,568,568,570,570,574,576,580,584,586,590,594,602,604,604,608,614,616,618,620,622,628,628,630,634,634,636,640,644,1,1,1,1,1,1,1,1,1,1,1,1,1,1,1,1,1,1,1,1,1,1,1,1,1,1,1,1,1,1,1
17050001,1,01/03/2020,,1,1,644,564,601,31,1,0,0,0,,0,565,567,568,569,568,570,570,573,576,579,583,586,589,593,601,604,605,607,613,615,617,619,621,627,628,630,633,634,636,639,644,1,1,1,1,1,1,1,1,1,1,1,1,1,1,1,1,1,1,1,1,1,1,1,1,1,1,1,1,1,1,1
17050001,2,01/02/2020,,1,1,562,512,535,28,1,1,1,1,,,512,514,516,515,515,515,516,518,519,521,526,529,533,537,538,540,540,541,541,543,546,546,549,550,553,557,559,562,562,,,1,1,1,1,1,1,1,1,1,1,1,1,1,1,1,1,1,1,1,1,1,1,1,1,1,1,1,1,1,,
17050001,1,01/02/2020,07:00,0,1,562,512,535,28,1,0,0,0,,0,512,514,516,516,516,516,516,518,518,520,526,528,532,536,538,540,540,540,542,542,546,546,548,550,552,556,558,562,562,,,,,,,,,,,,,,,,,,,,,,,,,,,,,,,,0,0
17050001,1,01/02/2020,17:00,0,1,562,512,535,28,1,0,0,0,,0,512,514,516,514,514,514,516,518,520,522,526,530,534,538,538,540,540,542,540,544,546,546,550,550,554,558,560,562,562,,,,,,,,,,,,,,,,,,,,,,,,,,,,,,,,0,0
17050001,1,01/02/2020,,1,1,562,512,535,28,1,0,0,0,,0,512,514,516,515,515,515,516,518,519,521,526,529,533,537,538,540,540,541,541,543,546,546,549,550,553,557,559,562,562,,,,,,,,,,,,,,,,,,,,,,,,,,,,,,,,0,0
17050001,2,01/01/2020,,1,1,516,405,472,29,1,1,1,1,,,405,410,415,419,421,425,429,433,438,445,452,458,465,472,476,481,486,492,495,498,503,506,508,510,512,514,514,515,516,516,515,1,1,1,1,1,1,1,1,1,1,1,1,1,1,1,1,1,1,1,1,1,1,1,1,1,1,1,1,1,1,1
17050001,1,01/01/2020,17:00,0,1,516,404,472,28,1,0,0,0,,0,406,412,416,420,422,426,430,434,440,446,454,460,466,474,476,482,488,494,496,500,504,506,508,510,514,514,514,516,516,516,514,1,1,1,1,1,1,1,1,1,1,1,1,1,1,1,1,1,1,1,1,1,1,1,1,1,1,1,1,1,1,1
17050001,1,01/01/2020,07:00,0,1,516,404,472,28,1,0,0,0,,0,404,408,414,418,420,424,428,432,436,444,450,456,464,470,476,480,484,490,494,496,502,506,508,510,510,514,514,514,516,516,516,1,1,1,1,1,1,1,1,1,1,1,1,1,1,1,1,1,1,1,1,1,1,1,1,1,1,1,1,1,1,1
17050001,1,01/01/2020,,1,1,516,404,472,28,1,0,0,0,,0,405,410,415,419,421,425,429,433,438,445,452,458,465,472,476,481,486,492,495,498,503,506,508,510,512,514,514,515,516,516,515,1,1,1,1,1,1,1,1,1,1,1,1,1,1,1,1,1,1,1,1,1,1,1,1,1,1,1,1,1,1,1
17050001,2,01/12/2019,,1,1,401,257,319,31,1,1,1,1,,,257,260,262,264,264,267,270,276,281,283,290,296,301,306,313,316,320,324,327,333,337,343,350,357,364,373,378,385,390,395,401,1,1,1,1,1,1,1,1,1,1,1,1,1,1,1,1,1,1,1,1,1,1,1,1,1,1,1,1,1,1,1
17050001,1,01/12/2019,07:00,0,1,402,256,319,31,1,0,0,0,,0,256,260,262,264,264,266,270,276,280,282,288,294,300,304,312,316,320,324,326,332,336,342,348,356,362,372,376,384,388,394,400,1,1,1,1,1,1,1,1,1,1,1,1,1,1,1,1,1,1,1,1,1,1,1,1,1,1,1,1,1,1,1
17050001,1,01/12/2019,17:00,0,1,402,256,319,31,1,0,0,0,,0,258,260,262,264,264,268,270,276,282,284,292,298,302,308,314,316,320,324,328,334,338,344,352,358,366,374,380,386,392,396,402,1,1,1,1,1,1,1,1,1,1,1,1,1,1,1,1,1,1,1,1,1,1,1,1,1,1,1,1,1,1,1
17050001,1,01/12/2019,,1,1,402,256,319,31,1,0,0,0,,0,257,260,262,264,264,267,270,276,281,283,290,296,301,306,313,316,320,324,327,333,337,343,350,357,364,373,378,385,390,395,401,1,1,1,1,1,1,1,1,1,1,1,1,1,1,1,1,1,1,1,1,1,1,1,1,1,1,1,1,1,1,1
17050001,2,01/11/2019,,1,1,253,170,198,30,8,1,1,1,,,179,182,179,175,174,173,172,170,172,175,179,183,187,191,194,196,199,198,197,200,202,205,209,214,221,228,237,247,251,253,,1,1,1,1,1,1,1,1,1,1,1,1,1,1,1,1,1,1,1,1,1,1,1,1,1,1,1,1,1,1,
17050001,1,01/11/2019,07:00,0,1,254,170,198,30,8,0,0,0,,0,178,184,180,176,174,174,172,170,172,174,178,182,186,190,194,196,200,200,198,200,202,204,208,212,220,226,234,246,250,252,,1,1,1,1,1,1,1,1,1,1,1,1,1,1,1,1,1,1,1,1,1,1,1,1,1,1,1,1,1,1,0
17050001,1,01/11/2019,17:00,0,1,254,170,198,30,8,0,0,0,,0,180,180,178,174,174,172,172,170,172,176,180,184,188,192,194,196,198,196,196,200,202,206,210,216,222,230,240,248,252,254,,1,1,1,1,1,1,1,1,1,1,1,1,1,1,1,1,1,1,1,1,1,1,1,1,1,1,1,1,1,1,0
17050001,1,01/11/2019,,1,1,254,170,198,30,8,0,0,0,,0,179,182,179,175,174,173,172,170,172,175,179,183,187,191,194,196,199,198,197,200,202,205,209,214,221,228,237,247,251,253,,1,1,1,1,1,1,1,1,1,1,1,1,1,1,1,1,1,1,1,1,1,1,1,1,1,1,1,1,1,1,0
17050001,2,01/10/2019,,1,1,372,164,235,1,25,1,1,1,,,372,362,355,340,330,315,300,287,277,265,255,246,238,232,226,221,214,206,197,190,183,176,169,165,164,165,166,164,167,172,179,1,1,1,1,1,1,1,1,1,1,1,1,1,1,1,1,1,1,1,1,1,1,1,1,1,1,1,1,1,1,1
17050001,1,01/10/2019,07:00,0,1,374,164,235,1,24,0,0,0,,0,374,364,358,344,334,318,304,290,280,268,258,248,240,234,226,222,216,208,200,192,184,178,170,166,164,164,166,164,166,170,178,1,1,1,1,1,1,1,1,1,1,1,1,1,1,1,1,1,1,1,1,1,1,1,1,1,1,1,1,1,1,1
17050001,1,01/10/2019,17:00,0,1,374,164,235,1,24,0,0,0,,0,370,360,352,336,326,312,296,284,274,262,252,244,236,230,226,220,212,204,194,188,182,174,168,164,164,166,166,164,168,174,180,1,1,1,1,1,1,1,1,1,1,1,1,1,1,1,1,1,1,1,1,1,1,1,1,1,1,1,1,1,1,1
17050001,1,01/10/2019,,1,1,374,164,235,1,24,0,0,0,,0,372,362,355,340,330,315,300,287,277,265,255,246,238,232,226,221,214,206,197,190,183,176,169,165,164,165,166,164,167,172,179,1,1,1,1,1,1,1,1,1,1,1,1,1,1,1,1,1,1,1,1,1,1,1,1,1,1,1,1,1,1,1
17050001,2,01/09/2019,,1,1,593,383,503,1,30,1,1,1,,,593,591,588,582,576,571,564,557,553,548,540,535,528,521,516,508,503,496,488,480,471,462,452,441,429,418,407,398,392,383,,1,1,1,1,1,1,1,1,1,1,1,1,1,1,1,1,1,1,1,1,1,1,1,1,1,1,1,1,1,1,
17050001,1,01/09/2019,07:00,0,1,594,380,503,1,30,0,0,0,,0,594,592,590,584,578,572,566,558,554,550,542,536,530,522,518,510,504,498,490,482,474,464,454,444,432,420,410,400,394,386,,1,1,1,1,1,1,1,1,1,1,1,1,1,1,1,1,1,1,1,1,1,1,1,1,1,1,1,1,1,1,0
17050001,1,01/09/2019,17:00,0,1,594,380,503,1,30,0,0,0,,0,592,590,586,580,574,570,562,556,552,546,538,534,526,520,514,506,502,494,486,478,468,460,450,438,426,416,404,396,390,380,,1,1,1,1,1,1,1,1,1,1,1,1,1,1,1,1,1,1,1,1,1,1,1,1,1,1,1,1,1,1,0
17050001,1,01/09/2019,,1,1,594,380,503,1,30,0,0,0,,0,593,591,588,582,576,571,564,557,553,548,540,535,528,521,516,508,503,496,488,480,471,462,452,441,429,418,407,398,392,383,,1,1,1,1,1,1,1,1,1,1,1,1,1,1,1,1,1,1,1,1,1,1,1,1,1,1,1,1,1,1,0
17050001,2,01/08/2019,,1,1,705,597,658,1,31,1,1,1,,,705,703,702,700,700,698,696,693,689,683,679,675,671,668,663,661,659,655,651,646,642,639,635,629,623,617,613,610,605,601,597,1,1,1,1,1,1,1,1,1,1,1,1,1,1,1,1,1,1,1,1,1,1,1,1,1,1,1,1,1,1,1
17050001,1,01/08/2019,07:00,0,1,706,596,658,1,31,0,0,0,,0,706,704,702,700,700,698,696,694,690,684,680,676,672,670,664,662,660,656,652,648,642,640,636,630,624,618,614,612,606,602,598,1,1,1,1,1,1,1,1,1,1,1,1,1,1,1,1,1,1,1,1,1,1,1,1,1,1,1,1,1,1,1
17050001,1,01/08/2019,17:00,0,1,706,596,658,1,31,0,0,0,,0,704,702,702,700,700,698,696,692,688,682,678,674,670,666,662,660,658,654,650,644,642,638,634,628,622,616,612,608,604,600,596,1,1,1,1,1,1,1,1,1,1,1,1,1,1,1,1,1,1,1,1,1,1,1,1,1,1,1,1,1,1,1
17050001,1,01/08/2019,,1,1,706,596,658,1,31,0,0,0,,0,705,703,702,700,700,698,696,693,689,683,679,675,671,668,663,661,659,655,651,646,642,639,635,629,623,617,613,610,605,601,597,1,1,1,1,1,1,1,1,1,1,1,1,1,1,1,1,1,1,1,1,1,1,1,1,1,1,1,1,1,1,1
17050001,2,01/07/2019,,1,1,780,707,752,1,31,1,1,1,,,780,779,778,776,775,774,774,773,772,770,768,767,763,761,759,756,753,750,749,745,743,740,738,736,733,727,723,721,717,712,707,1,1,1,1,1,1,1,1,1,1,1,1,1,1,1,1,1,1,1,1,1,1,1,1,1,1,1,1,1,1,1
17050001,1,01/07/2019,07:00,0,1,780,706,752,1,31,0,0,0,,0,780,780,778,776,776,774,774,774,772,770,768,768,764,762,760,756,754,750,750,746,744,740,738,736,734,728,724,722,718,714,708,1,1,1,1,1,1,1,1,1,1,1,1,1,1,1,1,1,1,1,1,1,1,1,1,1,1,1,1,1,1,1
17050001,1,01/07/2019,17:00,0,1,780,706,752,1,31,0,0,0,,0,780,778,778,776,774,774,774,772,772,770,768,766,762,760,758,756,752,750,748,744,742,740,738,736,732,726,722,720,716,710,706,1,1,1,1,1,1,1,1,1,1,1,1,1,1,1,1,1,1,1,1,1,1,1,1,1,1,1,1,1,1,1
17050001,1,01/07/2019,,1,1,780,706,752,1,31,0,0,0,,0,780,779,778,776,775,774,774,773,772,770,768,767,763,761,759,756,753,750,749,745,743,740,738,736,733,727,723,721,717,712,707,1,1,1,1,1,1,1,1,1,1,1,1,1,1,1,1,1,1,1,1,1,1,1,1,1,1,1,1,1,1,1
17050001,2,01/06/2019,,1,1,808,782,800,8,30,1,1,1,,,800,802,801,801,802,804,807,808,808,808,807,806,804,805,806,805,804,802,802,802,802,799,796,795,792,790,789,786,783,782,,1,1,1,1,1,1,1,1,1,1,1,1,1,1,1,1,1,1,1,1,1,1,1,1,1,1,1,1,1,1,
17050001,1,01/06/2019,07:00,0,1,808,782,800,7,29,0,0,0,,0,800,802,802,800,802,804,806,808,808,808,806,806,804,804,806,804,804,802,802,802,802,800,796,796,792,790,790,786,784,782,,1,1,1,1,1,1,1,1,1,1,1,1,1,1,1,1,1,1,1,1,1,1,1,1,1,1,1,1,1,1,0
17050001,1,01/06/2019,17:00,0,1,808,782,800,7,29,0,0,0,,0,800,802,800,802,802,804,808,808,808,808,808,806,804,806,806,806,804,802,802,802,802,798,796,794,792,790,788,786,782,782,,1,1,1,1,1,1,1,1,1,1,1,1,1,1,1,1,1,1,1,1,1,1,1,1,1,1,1,1,1,1,0
17050001,1,01/06/2019,,1,1,808,782,800,7,29,0,0,0,,0,800,802,801,801,802,804,807,808,808,808,807,806,804,805,806,805,804,802,802,802,802,799,796,795,792,790,789,786,783,782,,1,1,1,1,1,1,1,1,1,1,1,1,1,1,1,1,1,1,1,1,1,1,1,1,1,1,1,1,1,1,0
17050001,2,01/05/2019,,1,1,800,765,783,25,1,1,1,1,,,765,766,768,768,769,770,770,770,772,770,773,774,775,777,780,781,783,781,784,787,789,793,797,798,800,800,800,800,800,800,800,1,1,1,1,1,1,1,1,1,1,1,1,1,1,1,1,1,1,1,1,1,1,1,1,1,1,1,1,1,1,1
17050001,1,01/05/2019,07:00,0,1,800,764,783,25,1,0,0,0,,0,764,766,768,768,768,770,770,770,772,770,772,774,774,776,780,780,784,780,784,786,788,792,796,798,800,800,800,800,800,800,800,1,1,1,1,1,1,1,1,1,1,1,1,1,1,1,1,1,1,1,1,1,1,1,1,1,1,1,1,1,1,1
17050001,1,01/05/2019,17:00,0,1,800,764,783,25,1,0,0,0,,0,766,766,768,768,770,770,770,770,772,770,774,774,776,778,780,782,782,782,784,788,790,794,798,798,800,800,800,800,800,800,800,1,1,1,1,1,1,1,1,1,1,1,1,1,1,1,1,1,1,1,1,1,1,1,1,1,1,1,1,1,1,1
17050001,1,01/05/2019,,1,1,800,764,783,25,1,0,0,0,,0,765,766,768,768,769,770,770,770,772,770,773,774,775,777,780,781,783,781,784,787,789,793,797,798,800,800,800,800,800,800,800,1,1,1,1,1,1,1,1,1,1,1,1,1,1,1,1,1,1,1,1,1,1,1,1,1,1,1,1,1,1,1
17050001,2,01/04/2019,,1,1,764,698,733,28,2,1,1,1,,,700,698,700,701,704,705,707,712,720,722,725,726,728,730,730,733,736,738,740,743,747,751,755,759,760,760,762,764,763,764,,1,1,1,1,1,1,1,1,1,1,1,1,1,1,1,1,1,1,1,1,1,1,1,1,1,1,1,1,1,1,
17050001,1,01/04/2019,07:00,0,1,764,698,733,28,2,0,0,0,,0,700,698,700,700,704,704,706,710,718,722,724,726,728,730,730,732,736,738,740,742,746,750,754,758,760,760,762,764,762,764,,1,1,1,1,1,1,1,1,1,1,1,1,1,1,1,1,1,1,1,1,1,1,1,1,1,1,1,1,1,1,0
17050001,1,01/04/2019,17:00,0,1,764,698,733,28,2,0,0,0,,0,700,698,700,702,704,706,708,714,722,722,726,726,728,730,730,734,736,738,740,744,748,752,756,760,760,760,762,764,764,764,,1,1,1,1,1,1,1,1,1,1,1,1,1,1,1,1,1,1,1,1,1,1,1,1,1,1,1,1,1,1,0
17050001,1,01/04/2019,,1,1,764,698,733,28,2,0,0,0,,0,700,698,700,701,704,705,707,712,720,722,725,726,728,730,730,733,736,738,740,743,747,751,755,759,760,760,762,764,763,764,,1,1,1,1,1,1,1,1,1,1,1,1,1,1,1,1,1,1,1,1,1,1,1,1,1,1,1,1,1,1,0
17050001,2,01/03/2019,,1,1,700,636,668,31,1,1,1,1,,,636,638,639,640,641,645,647,649,652,655,660,666,667,669,670,671,672,671,673,675,679,681,681,684,688,690,693,694,694,699,700,1,1,1,1,1,1,1,1,1,1,1,1,1,1,1,1,1,1,1,1,1,1,1,1,1,1,1,1,1,1,1
17050001,1,01/03/2019,07:00,0,1,700,636,668,30,1,0,0,0,,0,636,638,638,640,640,644,646,648,652,654,658,666,666,668,670,670,672,670,672,674,680,680,680,684,686,690,692,694,694,698,700,1,1,1,1,1,1,1,1,1,1,1,1,1,1,1,1,1,1,1,1,1,1,1,1,1,1,1,1,1,1,1
17050001,1,01/03/2019,17:00,0,1,700,636,668,30,1,0,0,0,,0,636,638,640,640,642,646,648,650,652,656,662,666,668,670,670,672,672,672,674,676,678,682,682,684,690,690,694,694,694,700,700,1,1,1,1,1,1,1,1,1,1,1,1,1,1,1,1,1,1,1,1,1,1,1,1,1,1,1,1,1,1,1
17050001,1,01/03/2019,,1,1,700,636,668,30,1,0,0,0,,0,636,638,639,640,641,645,647,649,652,655,660,666,667,669,670,671,672,671,673,675,679,681,681,684,688,690,693,694,694,699,700,1,1,1,1,1,1,1,1,1,1,1,1,1,1,1,1,1,1,1,1,1,1,1,1,1,1,1,1,1,1,1
17050001,2,01/02/2019,,1,1,634,530,577,28,1,1,1,1,,,530,530,532,534,536,538,546,551,556,561,564,567,571,575,578,581,582,585,589,595,601,608,615,619,625,630,631,634,,,,1,1,1,1,1,1,1,1,1,1,1,1,1,1,1,1,1,1,1,1,1,1,1,1,1,1,1,1,,,
17050001,1,01/02/2019,17:00,0,1,634,530,577,28,1,0,0,0,,0,530,530,532,534,536,538,548,552,558,562,564,568,572,576,578,582,582,586,590,596,602,610,616,620,626,630,632,634,,,,,,,,,,,,,,,,,,,,,,,,,,,,,,,,0,0,0
17050001,1,01/02/2019,07:00,0,1,634,530,577,28,1,0,0,0,,0,530,530,532,534,536,538,544,550,554,560,564,566,570,574,578,580,582,584,588,594,600,606,614,618,624,630,630,634,,,,,,,,,,,,,,,,,,,,,,,,,,,,,,,,0,0,0
17050001,1,01/02/2019,,1,1,634,530,577,28,1,0,0,0,,0,530,530,532,534,536,538,546,551,556,561,564,567,571,575,578,581,582,585,589,595,601,608,615,619,625,630,631,634,,,,,,,,,,,,,,,,,,,,,,,,,,,,,,,,0,0,0
17050001,2,01/01/2019,,1,1,529,410,473,31,1,1,1,1,,,410,412,414,419,422,427,433,437,445,454,458,460,462,467,468,470,473,477,482,487,493,499,505,512,517,519,523,524,526,528,529,1,1,1,1,1,1,1,1,1,1,1,1,1,1,1,1,1,1,1,1,1,1,1,1,1,1,1,1,1,1,1
17050001,1,01/01/2019,17:00,0,1,530,410,473,31,1,0,0,0,,0,410,412,414,420,422,428,434,438,448,456,458,460,462,468,468,470,474,478,484,488,494,500,506,514,518,520,524,524,526,528,528,1,1,1,1,1,1,1,1,1,1,1,1,1,1,1,1,1,1,1,1,1,1,1,1,1,1,1,1,1,1,1
17050001,1,01/01/2019,07:00,0,1,530,410,473,31,1,0,0,0,,0,410,412,414,418,422,426,432,436,442,452,458,460,462,466,468,470,472,476,480,486,492,498,504,510,516,518,522,524,526,528,530,1,1,1,1,1,1,1,1,1,1,1,1,1,1,1,1,1,1,1,1,1,1,1,1,1,1,1,1,1,1,1
17050001,1,01/01/2019,,1,1,530,410,473,31,1,0,0,0,,0,410,412,414,419,422,427,433,437,445,454,458,460,462,467,468,470,473,477,482,487,493,499,505,512,517,519,523,524,526,528,529,1,1,1,1,1,1,1,1,1,1,1,1,1,1,1,1,1,1,1,1,1,1,1,1,1,1,1,1,1,1,1
17050001,2,01/12/2018,,1,1,407,170,301,31,1,1,1,1,,,170,178,186,193,200,210,220,234,245,255,266,275,283,292,300,308,315,321,330,338,349,358,366,373,380,386,390,393,398,403,407,1,1,1,1,1,1,1,1,1,1,1,1,1,1,1,1,1,1,1,1,1,1,1,1,1,1,1,1,1,1,1
17050001,1,01/12/2018,07:00,0,1,408,168,301,31,1,0,0,0,,0,168,176,184,192,198,208,218,230,242,252,264,274,282,290,298,306,314,318,328,336,346,356,364,372,380,384,390,392,396,402,406,,,,,,,,,,,,,,,,,,,,,,,,,,,,,,,
17050001,1,01/12/2018,17:00,0,1,408,168,301,31,1,0,0,0,,0,172,180,188,194,202,212,222,238,248,258,268,276,284,294,302,310,316,324,332,340,352,360,368,374,380,388,390,394,400,404,408,,,,,,,,,,,,,,,,,,,,,,,,,,,,,,,
17050001,1,01/12/2018,,1,1,408,168,301,31,1,0,0,0,,0,170,178,186,193,200,210,220,234,245,255,266,275,283,292,300,308,315,321,330,338,349,358,366,373,380,386,390,393,398,403,407,,,,,,,,,,,,,,,,,,,,,,,,,,,,,,,
17050001,2,01/11/2018,,1,1,162,90,112,30,4,1,1,1,,,100,94,92,90,91,93,100,107,110,112,111,107,101,94,91,94,96,92,93,99,109,118,126,134,140,148,153,156,157,162,,1,1,1,1,1,1,1,1,1,1,1,1,1,1,1,1,1,1,1,1,1,1,1,1,1,1,1,1,1,1,
17050001,1,01/11/2018,07:00,0,1,164,90,112,30,4,0,0,0,,0,102,94,92,90,90,92,98,106,110,112,112,110,104,96,92,94,96,92,92,98,106,116,124,132,138,146,150,156,158,160,,1,1,1,1,1,1,1,1,1,1,1,1,1,1,1,1,1,1,1,1,1,1,1,1,1,1,1,1,1,1,0
17050001,1,01/11/2018,17:00,0,1,164,90,112,30,4,0,0,0,,0,98,94,92,90,92,94,102,108,110,112,110,104,98,92,90,94,96,92,94,100,112,120,128,136,142,150,156,156,156,164,,1,1,1,1,1,1,1,1,1,1,1,1,1,1,1,1,1,1,1,1,1,1,1,1,1,1,1,1,1,1,0
17050001,1,01/11/2018,,1,1,164,90,112,30,4,0,0,0,,0,100,94,92,90,91,93,100,107,110,112,111,107,101,94,91,94,96,92,93,99,109,118,126,134,140,148,153,156,157,162,,1,1,1,1,1,1,1,1,1,1,1,1,1,1,1,1,1,1,1,1,1,1,1,1,1,1,1,1,1,1,0
17050001,2,01/10/2018,,1,1,380,105,230,1,31,1,1,1,,,380,372,363,352,343,333,324,316,307,298,289,280,269,254,238,222,206,189,178,166,158,150,143,139,136,135,132,130,122,112,105,1,1,1,1,1,1,1,1,1,1,1,1,1,1,1,1,1,1,1,1,1,1,1,1,1,1,1,1,1,1,1
17050001,1,01/10/2018,07:00,0,1,382,102,230,1,31,0,0,0,,0,382,374,366,354,346,336,326,318,310,300,292,282,272,258,242,226,210,194,180,168,160,152,144,140,138,136,132,132,124,114,108,1,1,1,1,1,1,1,1,1,1,1,1,1,1,1,1,1,1,1,1,1,1,1,1,1,1,1,1,1,1,1
17050001,1,01/10/2018,17:00,0,1,382,102,230,1,31,0,0,0,,0,378,370,360,350,340,330,322,314,304,296,286,278,266,250,234,218,202,184,176,164,156,148,142,138,134,134,132,128,120,110,102,1,1,1,1,1,1,1,1,1,1,1,1,1,1,1,1,1,1,1,1,1,1,1,1,1,1,1,1,1,1,1
17050001,1,01/10/2018,,1,1,382,102,230,1,31,0,0,0,,0,380,372,363,352,343,333,324,316,307,298,289,280,269,254,238,222,206,189,178,166,158,150,143,139,136,135,132,130,122,112,105,1,1,1,1,1,1,1,1,1,1,1,1,1,1,1,1,1,1,1,1,1,1,1,1,1,1,1,1,1,1,1
17050001,2,01/09/2018,,1,1,548,388,475,1,30,1,1,1,,,548,541,537,532,528,522,517,513,509,506,503,495,498,495,490,486,478,470,462,454,446,440,434,427,421,414,409,402,396,388,,1,1,1,1,1,1,1,1,1,1,1,1,1,1,1,1,1,1,1,1,1,1,1,1,1,1,1,1,1,1,
17050001,1,01/09/2018,07:00,0,1,550,386,475,1,30,0,0,0,,0,550,542,538,532,530,524,518,514,510,506,504,498,498,496,492,488,480,472,464,456,448,442,436,428,422,416,410,404,398,390,,1,1,1,1,1,1,1,1,1,1,1,1,1,1,1,1,1,1,1,1,1,1,1,1,1,1,1,1,1,1,0
17050001,1,01/09/2018,17:00,0,1,550,386,475,1,30,0,0,0,,0,546,540,536,532,526,520,516,512,508,506,502,492,498,494,488,484,476,468,460,452,444,438,432,426,420,412,408,400,394,386,,1,1,1,1,1,1,1,1,1,1,1,1,1,1,1,1,1,1,1,1,1,1,1,1,1,1,1,1,1,1,0
17050001,1,01/09/2018,,1,1,550,386,475,1,30,0,0,0,,0,548,541,537,532,528,522,517,513,509,506,503,495,498,495,490,486,478,470,462,454,446,440,434,427,421,414,409,402,396,388,,1,1,1,1,1,1,1,1,1,1,1,1,1,1,1,1,1,1,1,1,1,1,1,1,1,1,1,1,1,1,0
17050001,2,01/08/2018,,1,1,663,553,612,1,31,1,1,1,,,663,661,657,655,653,649,645,641,637,633,634,631,629,625,621,617,612,609,604,600,595,591,585,579,575,571,569,564,561,557,553,1,1,1,1,1,1,1,1,1,1,1,1,1,1,1,1,1,1,1,1,1,1,1,1,1,1,1,1,1,1,1
17050001,1,01/08/2018,07:00,0,1,664,552,612,1,31,0,0,0,,0,664,662,658,656,654,650,646,642,638,634,634,632,630,626,622,618,614,610,606,602,596,592,586,580,576,572,570,566,562,558,554,1,1,1,1,1,1,1,1,1,1,1,1,1,1,1,1,1,1,1,1,1,1,1,1,1,1,1,1,1,1,1
17050001,1,01/08/2018,17:00,0,1,664,552,612,1,31,0,0,0,,0,662,660,656,654,652,648,644,640,636,632,634,630,628,624,620,616,610,608,602,598,594,590,584,578,574,570,568,562,560,556,552,1,1,1,1,1,1,1,1,1,1,1,1,1,1,1,1,1,1,1,1,1,1,1,1,1,1,1,1,1,1,1
17050001,1,01/08/2018,,1,1,664,552,612,1,31,0,0,0,,0,663,661,657,655,653,649,645,641,637,633,634,631,629,625,621,617,612,609,604,600,595,591,585,579,575,571,569,564,561,557,553,1,1,1,1,1,1,1,1,1,1,1,1,1,1,1,1,1,1,1,1,1,1,1,1,1,1,1,1,1,1,1
17050001,2,01/07/2018,,1,1,714,665,692,1,31,1,1,1,,,714,712,710,708,705,703,700,700,698,698,696,696,697,697,696,696,696,695,693,691,688,686,685,681,677,674,673,672,670,667,665,1,1,1,1,1,1,1,1,1,1,1,1,1,1,1,1,1,1,1,1,1,1,1,1,1,1,1,1,1,1,1
17050001,1,01/07/2018,07:00,0,1,714,664,692,1,31,0,0,0,,0,714,712,710,708,706,704,700,700,698,698,696,696,696,698,696,696,696,696,694,692,688,686,686,682,678,674,674,672,670,668,666,1,1,1,1,1,1,1,1,1,1,1,1,1,1,1,1,1,1,1,1,1,1,1,1,1,1,1,1,1,1,1
17050001,1,01/07/2018,17:00,0,1,714,664,692,1,31,0,0,0,,0,714,712,710,708,704,702,700,700,698,698,696,696,698,696,696,696,696,694,692,690,688,686,684,680,676,674,672,672,670,666,664,1,1,1,1,1,1,1,1,1,1,1,1,1,1,1,1,1,1,1,1,1,1,1,1,1,1,1,1,1,1,1
17050001,1,01/07/2018,,1,1,714,664,692,1,31,0,0,0,,0,714,712,710,708,705,703,700,700,698,698,696,696,697,697,696,696,696,695,693,691,688,686,685,681,677,674,673,672,670,667,665,1,1,1,1,1,1,1,1,1,1,1,1,1,1,1,1,1,1,1,1,1,1,1,1,1,1,1,1,1,1,1
17050001,2,01/06/2018,,1,1,732,716,727,20,29,1,1,1,,,729,728,730,730,730,729,730,729,729,728,729,728,727,726,725,725,727,728,729,732,730,728,728,726,724,721,720,719,716,716,,1,1,1,1,1,1,1,1,1,1,1,1,1,1,1,1,1,1,1,1,1,1,1,1,1,1,1,1,1,1,
17050001,1,01/06/2018,07:00,0,1,732,716,727,20,29,0,0,0,,0,730,728,730,730,730,730,730,728,728,728,730,728,728,726,726,724,726,728,728,732,730,728,728,726,724,722,720,720,716,716,,1,1,1,1,1,1,1,1,1,1,1,1,1,1,1,1,1,1,1,1,1,1,1,1,1,1,1,1,1,1,0
17050001,1,01/06/2018,17:00,0,1,732,716,727,20,29,0,0,0,,0,728,728,730,730,730,728,730,730,730,728,728,728,726,726,724,726,728,728,730,732,730,728,728,726,724,720,720,718,716,716,,1,1,1,1,1,1,1,1,1,1,1,1,1,1,1,1,1,1,1,1,1,1,1,1,1,1,1,1,1,1,0
17050001,1,01/06/2018,,1,1,732,716,727,20,29,0,0,0,,0,729,728,730,730,730,729,730,729,729,728,729,728,727,726,725,725,727,728,729,732,730,728,728,726,724,721,720,719,716,716,,1,1,1,1,1,1,1,1,1,1,1,1,1,1,1,1,1,1,1,1,1,1,1,1,1,1,1,1,1,1,0
17050001,2,01/05/2018,,1,1,730,687,711,26,1,1,1,1,,,687,691,693,695,698,699,700,700,701,700,699,701,703,704,705,709,713,715,716,718,720,723,726,728,729,730,730,728,728,729,729,1,1,1,1,1,1,1,1,1,1,1,1,1,1,1,1,1,1,1,1,1,1,1,1,1,1,1,1,1,1,1
17050001,1,01/05/2018,07:00,0,1,730,686,711,25,1,0,0,0,,0,686,690,692,694,698,700,700,700,700,700,700,700,702,704,704,708,712,714,716,718,720,722,726,728,728,730,730,728,728,730,730,1,1,1,1,1,1,1,1,1,1,1,1,1,1,1,1,1,1,1,1,1,1,1,1,1,1,1,1,1,1,1
17050001,1,01/05/2018,17:00,0,1,730,686,711,25,1,0,0,0,,0,688,692,694,696,698,698,700,700,702,700,698,702,704,704,706,710,714,716,716,718,720,724,726,728,730,730,730,728,728,728,728,1,1,1,1,1,1,1,1,1,1,1,1,1,1,1,1,1,1,1,1,1,1,1,1,1,1,1,1,1,1,1
17050001,1,01/05/2018,,1,1,730,687,711,26,1,1,1,1,,0,687,691,693,695,698,699,700,700,701,700,699,701,703,704,705,709,713,715,716,718,720,723,726,728,729,730,730,728,728,729,729,1,1,1,1,1,1,1,1,1,1,1,1,1,1,1,1,1,1,1,1,1,1,1,1,1,1,1,1,1,1,1
17050001,2,01/04/2018,,1,1,685,603,646,30,1,1,1,1,,,603,607,611,613,618,620,622,624,626,628,628,631,637,639,643,647,652,655,658,661,665,666,669,675,678,678,680,681,683,685,,1,1,1,1,1,1,1,1,1,1,1,1,1,1,1,1,1,1,1,1,1,1,1,1,1,1,1,1,1,1,
17050001,1,01/04/2018,07:00,0,1,686,602,646,30,1,0,0,0,,0,602,606,612,612,616,620,622,624,626,628,628,630,636,638,642,646,650,654,658,660,664,666,668,674,678,678,680,680,682,684,,1,1,1,1,1,1,1,1,1,1,1,1,1,1,1,1,1,1,1,1,1,1,1,1,1,1,1,1,1,1,0
17050001,1,01/04/2018,17:00,0,1,686,602,646,30,1,0,0,0,,0,604,608,610,614,620,620,622,624,626,628,628,632,638,640,644,648,654,656,658,662,666,666,670,676,678,678,680,682,684,686,,1,1,1,1,1,1,1,1,1,1,1,1,1,1,1,1,1,1,1,1,1,1,1,1,1,1,1,1,1,1,0
17050001,1,01/04/2018,,1,1,685,603,646,30,1,1,1,1,,0,603,607,611,613,618,620,622,624,626,628,628,631,637,639,643,647,652,655,658,661,665,666,669,675,678,678,680,681,683,685,,1,1,1,1,1,1,1,1,1,1,1,1,1,1,1,1,1,1,1,1,1,1,1,1,1,1,1,1,1,1,0
17050001,2,01/03/2018,,1,1,600,564,588,26,1,1,1,1,,,564,567,570,574,577,580,583,585,588,588,588,588,588,588,589,590,590,592,592,592,594,594,596,597,599,600,597,595,595,597,599,1,1,1,1,1,1,1,1,1,1,1,1,1,1,1,1,1,1,1,1,1,1,1,1,1,1,1,1,1,1,1
17050001,1,01/03/2018,07:00,0,1,600,564,588,25,1,0,0,0,,0,564,566,570,574,578,580,582,586,588,588,588,588,588,588,588,590,590,592,592,592,594,594,596,596,598,600,598,596,594,596,598,,,,,,,,,,,,,,,,,,,,,,,,,,,,,,,
17050001,1,01/03/2018,17:00,0,1,600,564,588,25,1,0,0,0,,0,564,568,570,576,578,582,582,586,588,588,588,588,588,588,590,590,590,592,592,592,594,594,596,598,600,600,596,594,596,598,600,,,,,,,,,,,,,,,,,,,,,,,,,,,,,,,
17050001,1,01/03/2018,,1,1,,,,,,0,0,0,,0,564,567,570,574,577,580,583,585,,,,,,,,,,,,,,,,,,,,,,,,2,2,2,2,2,2,2,2,,,,,,,,,,,,,,,,,,,,,,,
17050001,2,01/02/2018,,1,1,561,422,493,28,1,1,1,1,,,422,430,439,445,449,453,456,458,460,463,466,470,475,481,487,493,499,508,517,525,533,540,544,550,553,555,558,561,,,,1,1,1,1,1,1,1,1,1,1,1,1,1,1,1,1,1,1,1,1,1,1,1,1,1,1,1,1,,,
17050001,1,01/02/2018,07:00,0,1,560,422,493,27,1,0,0,0,,0,422,430,438,444,450,452,454,458,458,462,464,468,474,480,486,492,498,508,516,524,532,540,544,550,554,554,558,560,,,,1,1,1,1,1,1,1,1,1,1,1,1,1,1,1,1,1,1,1,1,1,1,1,1,1,1,1,1,0,0,0
17050001,1,01/02/2018,17:00,0,1,560,422,493,27,1,0,0,0,,0,424,434,442,446,450,452,456,458,460,464,466,470,476,482,490,494,500,512,520,528,536,542,546,552,554,556,560,560,,,,1,1,1,1,1,1,1,1,1,1,1,1,1,1,1,1,1,1,1,1,1,1,1,1,1,1,1,1,0,0,0
17050001,1,01/02/2018,,1,1,561,422,493,28,1,2,2,2,,0,422,430,439,445,449,453,456,458,460,463,466,470,475,481,487,493,499,508,517,525,533,540,544,550,553,555,558,561,,,,2,2,2,2,2,2,2,2,2,2,2,2,2,2,2,2,2,2,2,2,2,2,2,2,2,2,2,2,,,
17050001,2,01/01/2018,,1,1,417,279,354,31,1,1,1,1,,,279,287,295,304,311,317,322,329,332,334,336,338,340,342,346,351,356,362,367,371,375,380,384,389,393,397,400,404,407,411,417,1,1,1,1,1,1,1,1,1,1,1,1,1,1,1,1,1,1,1,1,1,1,1,1,1,1,1,1,1,1,1
17050001,1,01/01/2018,07:00,0,1,418,278,354,31,1,0,0,0,,0,278,286,294,302,312,316,322,326,330,334,334,336,338,340,344,350,354,360,368,370,374,380,384,388,392,396,400,402,406,410,416,1,1,1,1,1,1,1,1,1,1,1,1,1,1,1,1,1,1,1,1,1,1,1,1,1,1,1,1,1,1,1
17050001,1,01/01/2018,17:00,0,1,418,278,354,31,1,0,0,0,,0,282,290,298,306,314,318,322,330,330,332,334,338,338,342,346,352,356,364,368,374,376,382,384,390,392,396,400,404,408,412,418,1,1,1,1,1,1,1,1,1,1,1,1,1,1,1,1,1,1,1,1,1,1,1,1,1,1,1,1,1,1,1
17050001,1,01/01/2018,,1,1,417,279,354,31,1,2,2,2,,0,279,287,295,304,311,317,322,329,332,334,336,338,340,342,346,351,356,362,367,371,375,380,384,389,393,397,400,404,407,411,417,2,2,2,2,2,2,2,2,2,2,2,2,2,2,2,2,2,2,2,2,2,2,2,2,2,2,2,2,2,2,2
17050001,2,01/12/2017,,1,1,272,184,224,31,1,1,1,1,,,184,190,194,198,203,207,210,212,212,212,211,212,212,215,217,217,219,222,225,228,230,234,237,241,243,247,251,255,259,265,272,1,1,1,1,1,1,1,1,1,1,1,1,1,1,1,1,1,1,1,1,1,1,1,1,1,1,1,1,1,1,1
17050001,1,01/12/2017,07:00,0,1,274,182,225,31,1,0,0,0,,0,182,186,196,200,206,210,214,214,212,210,210,210,212,216,218,216,220,226,230,232,234,236,238,240,242,246,248,254,258,264,270,,1,1,1,1,1,1,1,1,1,1,1,1,1,1,1,1,1,1,1,1,1,1,1,1,1,1,1,1,1,1
17050001,1,01/12/2017,17:00,0,1,274,182,225,31,1,0,0,0,,0,184,190,188,202,208,212,214,212,210,210,210,212,214,218,216,218,224,230,230,234,236,238,240,244,244,248,252,256,260,266,274,1,1,1,1,1,1,1,1,1,1,1,1,1,1,1,1,1,1,1,1,1,1,1,1,1,1,1,1,1,1,1
17050001,1,01/12/2017,,1,1,272,184,224,31,1,2,2,2,,0,184,190,194,198,203,207,210,212,212,212,211,212,212,215,217,217,219,222,225,228,230,234,237,241,243,247,251,255,259,265,272,2,2,2,2,2,2,2,2,2,2,2,2,2,2,2,2,2,2,2,2,2,2,2,2,2,2,2,2,2,2,2
17050001,2,01/11/2017,,1,1,179,95,143,30,2,1,1,1,,,96,95,102,111,115,119,123,127,128,126,128,130,132,134,140,144,149,156,160,162,166,167,168,169,168,170,171,171,175,179,,1,1,1,1,1,1,1,1,1,1,1,1,1,1,1,1,1,1,1,1,1,1,1,1,1,1,1,1,1,1,
17050001,1,01/11/2017,07:00,0,1,180,94,143,30,1,0,0,0,,0,98,96,100,110,114,118,122,126,132,126,128,130,132,134,138,142,148,154,160,162,166,166,168,168,168,170,172,170,174,178,,1,1,1,1,1,1,1,1,1,1,1,1,1,1,1,1,1,1,1,1,1,1,1,1,1,1,1,1,1,1,0
17050001,1,01/11/2017,17:00,0,1,180,94,143,30,1,0,0,0,,0,94,94,104,112,116,120,124,128,124,126,128,130,132,134,142,146,150,158,160,162,166,168,168,170,168,170,170,172,176,180,,1,1,1,1,1,1,1,1,1,1,1,1,1,1,1,1,1,1,1,1,1,1,1,1,1,1,1,1,1,1,0
17050001,1,01/11/2017,,1,1,180,94,143,30,1,0,0,0,,0,96,95,102,111,115,119,123,127,128,126,128,130,132,134,140,144,149,156,160,162,166,167,168,169,168,170,171,171,175,179,,1,1,1,1,1,1,1,1,1,1,1,1,1,1,1,1,1,1,1,1,1,1,1,1,1,1,1,1,1,1,0
17050001,2,01/10/2017,,1,1,140,97,117,1,30,1,1,1,,,140,132,124,124,121,123,127,131,130,127,122,116,113,111,111,112,113,111,114,121,122,125,124,121,114,110,106,103,99,97,98,1,1,1,1,1,1,1,1,1,1,1,1,1,1,1,1,1,1,1,1,1,1,1,1,1,1,1,1,1,1,1
17050001,1,01/10/2017,07:00,0,1,142,96,117,1,30,0,0,0,,0,142,134,126,124,122,122,126,130,130,128,124,118,114,112,110,112,114,110,112,120,122,124,124,122,116,112,106,104,100,98,98,,,,,,,,,,,,,,,,,,,,,,,,,,,,,,,
17050001,1,01/10/2017,17:00,0,1,142,96,117,1,30,0,0,0,,0,138,130,122,124,120,124,128,132,130,126,120,114,112,110,112,112,112,112,116,122,122,126,124,120,112,108,106,102,98,96,98,,,,,,,,,,,,,,,,,,,,,,,,,,,,,,,
17050001,1,01/10/2017,,1,1,142,96,117,1,30,0,0,0,,0,140,132,124,124,121,123,127,131,130,127,122,116,113,111,111,112,113,111,114,121,122,125,124,121,114,110,106,103,99,97,98,,,,,,,,,,,,,,,,,,,,,,,,,,,,,,,
17050001,2,01/09/2017,,1,1,466,152,309,1,30,1,1,1,,,466,455,444,434,423,413,402,393,383,372,360,349,337,324,310,296,284,274,266,256,246,238,230,220,210,199,186,173,162,152,,1,1,1,1,1,1,1,1,1,1,1,1,1,1,1,1,1,1,1,1,1,1,1,1,1,1,1,1,1,1,
17050001,1,01/09/2017,17:00,0,1,468,142,309,1,30,0,0,0,,0,462,452,442,432,422,412,400,390,380,368,358,346,334,318,306,294,282,272,262,254,246,240,232,220,210,194,180,170,158,148,,,,,,,,,,,,,,,,,,,,,,,,,,,,,,,,0
17050001,1,01/09/2017,07:00,0,1,468,142,309,1,30,0,0,0,,0,468,458,446,436,426,416,406,396,386,376,364,352,340,326,312,298,286,276,268,258,250,242,238,226,216,204,188,176,162,142,,,,,,,,,,,,,,,,,,,,,,,,,,,,,,,,0
17050001,1,01/09/2017,,1,1,466,152,309,1,30,2,2,2,,0,466,455,444,434,423,413,402,393,383,372,360,349,337,324,310,296,284,274,266,256,246,238,230,220,210,199,186,173,162,152,,2,2,2,2,2,2,2,2,2,2,2,2,2,2,2,2,2,2,2,2,2,2,2,2,2,2,2,2,2,2,
17050001,2,01/08/2017,,1,1,647,475,574,1,31,1,1,1,,,647,642,636,631,627,623,621,617,613,609,605,601,597,593,586,578,571,567,563,558,550,547,541,537,530,522,514,505,496,487,475,1,1,1,1,1,1,1,1,1,1,1,1,1,1,1,1,1,1,1,1,1,1,1,1,1,1,1,1,1,1,1
17050001,1,01/08/2017,07:00,0,1,648,472,574,1,31,0,0,0,,0,648,644,638,632,628,624,622,618,614,610,606,602,598,594,588,580,572,568,564,560,552,548,542,538,532,524,516,508,498,490,478,1,1,1,1,1,1,1,1,1,1,1,1,1,1,1,1,1,1,1,1,1,1,1,1,1,1,1,1,1,1,1
17050001,1,01/08/2017,17:00,0,1,648,472,574,1,31,0,0,0,,0,646,640,634,630,626,622,620,616,612,608,604,600,596,592,584,576,570,566,562,556,548,546,540,536,528,520,512,502,494,484,472,1,1,1,1,1,1,1,1,1,1,1,1,1,1,1,1,1,1,1,1,1,1,1,1,1,1,1,1,1,1,1
17050001,1,01/08/2017,,1,1,648,472,574,1,31,0,0,0,,0,647,642,636,631,627,623,621,617,613,609,605,601,597,593,586,578,571,567,563,558,550,547,541,537,530,522,514,505,496,487,475,1,1,1,1,1,1,1,1,1,1,1,1,1,1,1,1,1,1,1,1,1,1,1,1,1,1,1,1,1,1,1
17050001,2,01/07/2017,,1,1,727,651,691,1,31,1,1,1,,,727,726,723,722,719,716,713,711,708,707,703,702,700,697,695,691,689,687,685,682,678,675,672,671,670,668,667,663,659,655,651,1,1,1,1,1,1,1,1,1,1,1,1,1,1,1,1,1,1,1,1,1,1,1,1,1,1,1,1,1,1,1
17050001,1,01/07/2017,07:00,0,1,728,650,691,1,31,0,0,0,,0,728,726,724,722,720,716,714,712,708,708,704,702,700,698,696,692,690,688,686,682,678,676,672,672,670,668,668,664,660,656,652,1,1,1,1,1,1,1,1,1,1,1,1,1,1,1,1,1,1,1,1,1,1,1,1,1,1,1,1,1,1,1
17050001,1,01/07/2017,17:00,0,1,728,650,691,1,31,0,0,0,,0,726,726,722,722,718,716,712,710,708,706,702,702,700,696,694,690,688,686,684,682,678,674,672,670,670,668,666,662,658,654,650,1,1,1,1,1,1,1,1,1,1,1,1,1,1,1,1,1,1,1,1,1,1,1,1,1,1,1,1,1,1,1
17050001,1,01/07/2017,,1,1,728,650,691,1,31,0,0,0,,0,727,726,723,722,719,716,713,711,708,707,703,702,700,697,695,691,689,687,685,682,678,675,672,671,670,668,667,663,659,655,651,1,1,1,1,1,1,1,1,1,1,1,1,1,1,1,1,1,1,1,1,1,1,1,1,1,1,1,1,1,1,1
17050001,2,01/06/2017,,1,1,774,730,752,1,29,1,1,1,,,774,774,772,771,770,770,769,767,765,764,762,760,757,755,754,752,751,747,745,741,740,737,736,736,736,736,733,732,730,730,,1,1,1,1,1,1,1,1,1,1,1,1,1,1,1,1,1,1,1,1,1,1,1,1,1,1,1,1,1,1,
17050001,1,01/06/2017,07:00,0,1,774,730,752,1,29,0,0,0,,0,774,774,772,772,770,770,770,768,766,764,762,760,758,756,754,752,752,748,746,742,740,738,736,736,736,736,734,732,730,730,,1,1,1,1,1,1,1,1,1,1,1,1,1,1,1,1,1,1,1,1,1,1,1,1,1,1,1,1,1,1,0
17050001,1,01/06/2017,17:00,0,1,774,730,752,1,29,0,0,0,,0,774,774,772,770,770,770,768,766,764,764,762,760,756,754,754,752,750,746,744,740,740,736,736,736,736,736,732,732,730,730,,1,1,1,1,1,1,1,1,1,1,1,1,1,1,1,1,1,1,1,1,1,1,1,1,1,1,1,1,1,1,0
17050001,1,01/06/2017,,1,1,774,730,752,1,29,0,0,0,,0,774,774,772,771,770,770,769,767,765,764,762,760,757,755,754,752,751,747,745,741,740,737,736,736,736,736,733,732,730,730,,1,1,1,1,1,1,1,1,1,1,1,1,1,1,1,1,1,1,1,1,1,1,1,1,1,1,1,1,1,1,0
17050001,2,01/05/2017,,1,1,796,774,787,13,29,1,1,1,,,786,788,790,790,790,791,791,792,793,794,794,795,796,796,794,794,792,791,788,787,787,785,785,782,780,779,778,775,774,774,774,1,1,1,1,1,1,1,1,1,1,1,1,1,1,1,1,1,1,1,1,1,1,1,1,1,1,1,1,1,1,1
17050001,1,01/05/2017,17:00,0,1,796,774,787,12,28,0,0,0,,0,786,790,790,790,790,792,790,792,792,794,794,796,796,796,794,794,792,790,788,786,786,786,784,782,780,778,778,774,774,774,774,1,1,1,1,1,1,1,1,1,1,1,1,1,1,1,1,1,1,1,1,1,1,1,1,1,1,1,1,1,1,1
17050001,1,01/05/2017,07:00,0,1,796,774,787,12,28,0,0,0,,0,786,786,790,790,790,790,792,792,794,794,794,794,796,796,794,794,792,792,788,788,788,784,786,782,780,780,778,776,774,774,774,1,1,1,1,1,1,1,1,1,1,1,1,1,1,1,1,1,1,1,1,1,1,1,1,1,1,1,1,1,1,1
17050001,1,01/05/2017,,1,1,796,774,787,12,28,0,0,0,,0,786,788,790,790,790,791,791,792,793,794,794,795,796,796,794,794,792,791,788,787,787,785,785,782,780,779,778,775,774,774,774,1,1,1,1,1,1,1,1,1,1,1,1,1,1,1,1,1,1,1,1,1,1,1,1,1,1,1,1,1,1,1
17050001,2,01/04/2017,,1,1,784,729,758,30,1,1,1,1,,,729,734,736,737,740,744,744,747,748,749,751,752,755,757,759,762,763,767,768,768,769,769,769,771,772,774,774,777,781,784,,1,1,1,1,1,1,1,1,1,1,1,1,1,1,1,1,1,1,1,1,1,1,1,1,1,1,1,1,1,1,
17050001,1,01/04/2017,17:00,0,1,784,728,758,30,1,0,0,0,,0,730,736,736,738,740,746,744,748,748,750,752,752,756,758,760,762,764,768,768,768,768,768,770,772,772,774,774,778,782,784,,1,1,1,1,1,1,1,1,1,1,1,1,1,1,1,1,1,1,1,1,1,1,1,1,1,1,1,1,1,1,0
17050001,1,01/04/2017,07:00,0,1,784,728,758,30,1,0,0,0,,0,728,732,736,736,740,742,744,746,748,748,750,752,754,756,758,762,762,766,768,768,770,770,768,770,772,774,774,776,780,784,,1,1,1,1,1,1,1,1,1,1,1,1,1,1,1,1,1,1,1,1,1,1,1,1,1,1,1,1,1,1,0
17050001,1,01/04/2017,,1,1,784,728,758,30,1,0,0,0,,0,729,734,736,737,740,744,744,747,748,749,751,752,755,757,759,762,763,767,768,768,769,769,769,771,772,774,774,777,781,784,,1,1,1,1,1,1,1,1,1,1,1,1,1,1,1,1,1,1,1,1,1,1,1,1,1,1,1,1,1,1,0
17050001,2,01/03/2017,,1,1,725,616,677,31,1,1,1,1,,,616,621,625,630,635,641,645,649,651,654,658,664,670,675,679,684,686,689,693,700,701,700,700,702,706,709,712,715,719,723,725,1,1,1,1,1,1,1,1,1,1,1,1,1,1,1,1,1,1,1,1,1,1,1,1,1,1,1,1,1,1,1
17050001,1,01/03/2017,07:00,0,1,726,616,677,31,1,0,0,0,,0,616,620,624,628,634,640,644,648,650,654,656,662,668,674,678,682,686,688,692,700,700,700,700,702,706,708,712,714,718,722,724,1,1,1,1,1,1,1,1,1,1,1,1,1,1,1,1,1,1,1,1,1,1,1,1,1,1,1,1,1,1,1
17050001,1,01/03/2017,17:00,0,1,726,616,677,31,1,0,0,0,,0,616,622,626,632,636,642,646,650,652,654,660,666,672,676,680,686,686,690,694,700,702,700,700,702,706,710,712,716,720,724,726,1,1,1,1,1,1,1,1,1,1,1,1,1,1,1,1,1,1,1,1,1,1,1,1,1,1,1,1,1,1,1
17050001,1,01/03/2017,,1,1,726,616,677,31,1,0,0,0,,0,616,621,625,630,635,641,645,649,651,654,658,664,670,675,679,684,686,689,693,700,701,700,700,702,706,709,712,715,719,723,725,1,1,1,1,1,1,1,1,1,1,1,1,1,1,1,1,1,1,1,1,1,1,1,1,1,1,1,1,1,1,1
17050001,2,01/02/2017,,1,1,612,468,546,28,1,1,1,1,,,468,476,484,491,496,501,507,513,520,528,535,541,545,548,552,560,564,567,571,577,580,585,588,590,595,600,606,612,,,,1,1,1,1,1,1,1,1,1,1,1,1,1,1,1,1,1,1,1,1,1,1,1,1,1,1,1,1,,,
17050001,1,01/02/2017,17:00,0,1,614,466,546,28,1,0,0,0,,0,470,478,486,492,498,502,508,514,522,530,536,542,546,548,554,562,564,568,572,578,580,586,588,590,596,602,606,614,,,,,,,,,,,,,,,,,,,,,,,,,,,,,,,,0,0,0
17050001,1,01/02/2017,07:00,0,1,614,466,546,28,1,0,0,0,,0,466,474,482,490,494,500,506,512,518,526,534,540,544,548,550,558,564,566,570,576,580,584,588,590,594,598,606,610,,,,,,,,,,,,,,,,,,,,,,,,,,,,,,,,0,0,0
17050001,1,01/02/2017,,1,1,614,466,546,28,1,0,0,0,,0,468,476,484,491,496,501,507,513,520,528,535,541,545,548,552,560,564,567,571,577,580,585,588,590,595,600,606,612,,,,,,,,,,,,,,,,,,,,,,,,,,,,,,,,0,0,0
17050001,2,01/01/2017,,1,1,461,233,350,31,1,1,1,1,,,233,244,252,259,266,274,282,290,298,306,315,322,332,341,348,355,363,370,375,381,388,395,403,409,415,422,429,436,444,452,461,1,1,1,1,1,1,1,1,1,1,1,1,1,1,1,1,1,1,1,1,1,1,1,1,1,1,1,1,1,1,1
17050001,1,01/01/2017,07:00,0,1,462,230,350,31,1,0,0,0,,0,230,242,250,258,264,272,280,288,296,304,314,320,330,340,346,354,362,368,374,380,386,394,400,408,414,420,428,434,442,450,460,,,,,,,,,,,,,,,,,,,,,,,,,,,,,,,
17050001,1,01/01/2017,17:00,0,1,462,230,350,31,1,0,0,0,,0,236,246,254,260,268,276,284,292,300,308,316,324,334,342,350,356,364,372,376,382,390,396,406,410,416,424,430,438,446,454,462,,,,,,,,,,,,,,,,,,,,,,,,,,,,,,,
17050001,1,01/01/2017,,1,1,462,230,350,31,1,0,0,0,,0,233,244,252,259,266,274,282,290,298,306,315,322,332,341,348,355,363,370,375,381,388,395,403,409,415,422,429,436,444,452,461,,,,,,,,,,,,,,,,,,,,,,,,,,,,,,,
17050001,2,01/12/2016,,1,1,219,106,136,31,10,1,1,1,,,130,131,128,127,124,116,110,108,107,106,107,113,114,117,122,127,131,135,131,131,130,133,138,143,149,156,167,179,193,207,219,1,1,1,1,1,1,1,1,1,1,1,1,1,1,1,1,1,1,1,1,1,1,1,1,1,1,1,1,1,1,1
17050001,1,01/12/2016,07:00,0,1,222,106,136,31,9,0,0,0,,0,130,132,128,128,126,118,112,108,108,106,106,112,114,116,120,126,130,134,132,132,130,132,136,142,148,154,164,176,190,204,216,,,,,,,,,,,,,,,,,,,,,,,,,,,,,,,
17050001,1,01/12/2016,17:00,0,1,222,106,136,31,9,0,0,0,,0,130,130,128,126,122,114,108,108,106,106,108,114,114,118,124,128,132,136,130,130,130,134,140,144,150,158,170,182,196,210,222,,,,,,,,,,,,,,,,,,,,,,,,,,,,,,,
17050001,1,01/12/2016,,1,1,222,106,136,31,9,0,0,0,,0,130,131,128,127,124,116,110,108,107,106,107,113,114,117,122,127,131,135,131,131,130,133,138,143,149,156,167,179,193,207,219,,,,,,,,,,,,,,,,,,,,,,,,,,,,,,,
17050001,2,01/11/2016,,1,1,146,123,130,18,9,1,1,1,,,134,135,136,133,130,129,127,125,123,124,125,127,131,135,138,142,144,146,137,131,128,128,125,123,123,124,124,127,127,128,,1,1,1,1,1,1,1,1,1,1,1,1,1,1,1,1,1,1,1,1,1,1,1,1,1,1,1,1,1,1,
17050001,1,01/11/2016,07:00,0,1,148,122,130,18,9,0,0,0,,0,134,136,136,134,130,130,128,126,124,124,126,126,130,134,136,142,144,148,140,132,130,128,126,124,122,124,124,128,126,128,,1,1,1,1,1,1,1,1,1,1,1,1,1,1,1,1,1,1,1,1,1,1,1,1,1,1,1,1,1,1,0
17050001,1,01/11/2016,17:00,0,1,148,122,130,18,9,0,0,0,,0,134,134,136,132,130,128,126,124,122,124,124,128,132,136,140,142,144,144,134,130,126,128,124,122,124,124,124,126,128,128,,1,1,1,1,1,1,1,1,1,1,1,1,1,1,1,1,1,1,1,1,1,1,1,1,1,1,1,1,1,1,0
17050001,1,01/11/2016,,1,1,148,122,130,18,9,0,0,0,,0,134,135,136,133,130,129,127,125,123,124,125,127,131,135,138,142,144,146,137,131,128,128,125,123,123,124,124,127,127,128,,1,1,1,1,1,1,1,1,1,1,1,1,1,1,1,1,1,1,1,1,1,1,1,1,1,1,1,1,1,1,0
17050001,2,01/10/2016,,1,1,222,121,152,1,26,1,1,1,,,222,216,210,203,195,185,175,165,160,153,145,141,137,137,139,141,144,147,149,146,140,135,132,127,123,121,121,123,124,127,130,1,1,1,1,1,1,1,1,1,1,1,1,1,1,1,1,1,1,1,1,1,1,1,1,1,1,1,1,1,1,1
17050001,1,01/10/2016,17:00,0,1,224,120,152,1,26,0,0,0,,0,220,214,208,200,192,182,172,162,158,150,142,140,136,136,140,142,144,148,148,144,138,134,130,126,122,120,122,122,124,128,130,1,1,1,1,1,1,1,1,1,1,1,1,1,1,1,1,1,1,1,1,1,1,1,1,1,1,1,1,1,1,1
17050001,1,01/10/2016,07:00,0,1,224,120,152,1,26,0,0,0,,0,224,218,212,206,198,188,178,168,162,156,148,142,138,138,138,140,144,146,150,148,142,136,134,128,124,122,120,124,124,126,130,1,1,1,1,1,1,1,1,1,1,1,1,1,1,1,1,1,1,1,1,1,1,1,1,1,1,1,1,1,1,1
17050001,1,01/10/2016,,1,1,224,120,152,1,26,0,0,0,,0,222,216,210,203,195,185,175,165,160,153,145,141,137,137,139,141,144,147,149,146,140,135,132,127,123,121,121,123,124,127,130,1,1,1,1,1,1,1,1,1,1,1,1,1,1,1,1,1,1,1,1,1,1,1,1,1,1,1,1,1,1,1
17050001,2,01/09/2016,,1,1,463,232,360,1,30,1,1,1,,,463,459,455,451,445,438,432,424,415,405,396,387,380,372,366,360,354,349,344,336,327,316,305,293,281,269,258,247,238,232,,1,1,1,1,1,1,1,1,1,1,1,1,1,1,1,1,1,1,1,1,1,1,1,1,1,1,1,1,1,1,
17050001,1,01/09/2016,17:00,0,1,464,230,360,1,30,0,0,0,,0,462,458,454,450,444,436,430,422,412,402,394,384,378,370,364,358,352,348,342,334,324,312,302,290,278,266,256,244,236,230,,1,1,1,1,1,1,1,1,1,1,1,1,1,1,1,1,1,1,1,1,1,1,1,1,1,1,1,1,1,1,0
17050001,1,01/09/2016,07:00,0,1,464,230,360,1,30,0,0,0,,0,464,460,456,452,446,440,434,426,418,408,398,390,382,374,368,362,356,350,346,338,330,320,308,296,284,272,260,250,240,234,,1,1,1,1,1,1,1,1,1,1,1,1,1,1,1,1,1,1,1,1,1,1,1,1,1,1,1,1,1,1,0
17050001,1,01/09/2016,,1,1,464,230,360,1,30,0,0,0,,0,463,459,455,451,445,438,432,424,415,405,396,387,380,372,366,360,354,349,344,336,327,316,305,293,281,269,258,247,238,232,,1,1,1,1,1,1,1,1,1,1,1,1,1,1,1,1,1,1,1,1,1,1,1,1,1,1,1,1,1,1,0
17050001,2,01/08/2016,,1,1,569,468,523,1,31,1,1,1,,,569,567,565,563,561,559,556,553,550,547,543,539,535,530,524,521,517,514,511,509,507,505,503,501,497,492,487,483,478,472,468,1,1,1,1,1,1,1,1,1,1,1,1,1,1,1,1,1,1,1,1,1,1,1,1,1,1,1,1,1,1,1
17050001,1,01/08/2016,07:00,0,1,570,466,523,1,31,0,0,0,,0,570,568,566,564,562,560,556,554,552,548,544,540,536,532,526,522,518,514,512,510,508,506,504,502,498,494,488,484,480,472,470,,,,,,,,,,,,,,,,,,,,,,,,,,,,,,,
17050001,1,01/08/2016,17:00,0,1,570,466,523,1,31,0,0,0,,0,568,566,564,562,560,558,556,552,548,546,542,538,534,528,522,520,516,514,510,508,506,504,502,500,496,490,486,482,476,472,466,,,,,,,,,,,,,,,,,,,,,,,,,,,,,,,
17050001,1,01/08/2016,,1,1,570,466,523,1,31,0,0,0,,0,569,567,565,563,561,559,556,553,550,547,543,539,535,530,524,521,517,514,511,509,507,505,503,501,497,492,487,483,478,472,468,,,,,,,,,,,,,,,,,,,,,,,,,,,,,,,
17050001,2,01/07/2016,,1,1,615,571,599,1,31,1,1,1,,,615,615,614,614,614,614,614,614,613,611,610,608,606,604,603,601,598,596,594,591,590,588,587,586,585,584,583,579,577,575,571,1,1,1,1,1,1,1,1,1,1,1,1,1,1,1,1,1,1,1,1,1,1,1,1,1,1,1,1,1,1,1
17050001,1,01/07/2016,07:00,0,1,616,570,599,2,31,0,0,0,,0,616,614,614,614,614,614,614,614,614,612,610,608,606,604,604,602,598,596,594,592,590,588,588,586,586,584,584,580,578,576,572,,,,,,,,,,,,,,,,,,,,,,,,,,,,,,,
17050001,1,01/07/2016,17:00,0,1,616,570,599,2,31,0,0,0,,0,614,616,614,614,614,614,614,614,612,610,610,608,606,604,602,600,598,596,594,590,590,588,586,586,584,584,582,578,576,574,570,,,,,,,,,,,,,,,,,,,,,,,,,,,,,,,
17050001,1,01/07/2016,,1,1,616,570,599,2,31,0,0,0,,0,615,615,614,614,614,614,614,614,613,611,610,608,606,604,603,601,598,596,594,591,590,588,587,586,585,584,583,579,577,575,571,,,,,,,,,,,,,,,,,,,,,,,,,,,,,,,
17050001,2,01/06/2016,,1,1,630,618,624,8,19,1,1,1,,,624,624,624,625,626,627,628,630,630,630,629,629,625,624,624,623,622,620,618,619,621,622,622,622,622,621,620,620,618,618,,1,1,1,1,1,1,1,1,1,1,1,1,1,1,1,1,1,1,1,1,1,1,1,1,1,1,1,1,1,1,
17050001,1,01/06/2016,07:00,0,1,630,618,624,8,19,0,0,0,,0,624,624,624,624,626,626,628,630,630,630,630,630,626,624,624,624,622,620,618,618,620,622,622,622,622,622,620,620,618,618,,1,1,1,1,1,1,1,1,1,1,1,1,1,1,1,1,1,1,1,1,1,1,1,1,1,1,1,1,1,1,0
17050001,1,01/06/2016,17:00,0,1,630,618,624,8,19,0,0,0,,0,624,624,624,626,626,628,628,630,630,630,628,628,624,624,624,622,622,620,618,620,622,622,622,622,622,620,620,620,618,618,,1,1,1,1,1,1,1,1,1,1,1,1,1,1,1,1,1,1,1,1,1,1,1,1,1,1,1,1,1,1,0
17050001,1,01/06/2016,,1,1,630,618,624,8,19,0,0,0,,0,624,624,624,625,626,627,628,630,630,630,629,629,625,624,624,623,622,620,618,619,621,622,622,622,622,621,620,620,618,618,,1,1,1,1,1,1,1,1,1,1,1,1,1,1,1,1,1,1,1,1,1,1,1,1,1,1,1,1,1,1,0
17050001,2,01/05/2016,,1,1,627,585,614,26,1,1,1,1,,,585,587,591,592,595,597,600,603,606,607,612,614,617,618,619,621,621,622,622,622,622,622,624,624,625,627,626,626,624,624,624,1,1,1,1,1,1,1,1,1,1,1,1,1,1,1,1,1,1,1,1,1,1,1,1,1,1,1,1,1,1,1
17050001,1,01/05/2016,07:00,0,1,628,584,614,26,1,0,0,0,,0,584,586,590,592,594,596,600,602,606,606,612,614,616,618,618,620,622,622,622,622,622,622,624,624,624,626,626,626,624,624,624,1,1,1,1,1,1,1,1,1,1,1,1,1,1,1,1,1,1,1,1,1,1,1,1,1,1,1,1,1,1,1
17050001,1,01/05/2016,17:00,0,1,628,584,614,26,1,0,0,0,,0,586,588,592,592,596,598,600,604,606,608,612,614,618,618,620,622,620,622,622,622,622,622,624,624,626,628,626,626,624,624,624,1,1,1,1,1,1,1,1,1,1,1,1,1,1,1,1,1,1,1,1,1,1,1,1,1,1,1,1,1,1,1
17050001,1,01/05/2016,,1,1,628,584,614,26,1,0,0,0,,0,585,587,591,592,595,597,600,603,606,607,612,614,617,618,619,621,621,622,622,622,622,622,624,624,625,627,626,626,624,624,624,1,1,1,1,1,1,1,1,1,1,1,1,1,1,1,1,1,1,1,1,1,1,1,1,1,1,1,1,1,1,1
17050001,2,01/04/2016,,1,1,583,488,547,30,1,1,1,1,,,488,495,504,507,512,517,523,527,531,536,541,545,552,557,558,556,558,559,561,564,564,564,566,569,570,573,577,578,580,583,,1,1,1,1,1,1,1,1,1,1,1,1,1,1,1,1,1,1,1,1,1,1,1,1,1,1,1,1,1,1,
17050001,1,01/04/2016,17:00,0,1,584,486,547,30,1,0,0,0,,0,490,496,506,508,514,518,524,528,532,538,542,546,554,558,558,556,558,560,562,564,564,564,566,570,570,574,578,578,580,584,,1,1,1,1,1,1,1,1,1,1,1,1,1,1,1,1,1,1,1,1,1,1,1,1,1,1,1,1,1,1,0
17050001,1,01/04/2016,07:00,0,1,584,486,547,30,1,0,0,0,,0,486,494,502,506,510,516,522,526,530,534,540,544,550,556,558,556,558,558,560,564,564,564,566,568,570,572,576,578,580,582,,1,1,1,1,1,1,1,1,1,1,1,1,1,1,1,1,1,1,1,1,1,1,1,1,1,1,1,1,1,1,0
17050001,1,01/04/2016,,1,1,584,486,547,30,1,0,0,0,,0,488,495,504,507,512,517,523,527,531,536,541,545,552,557,558,556,558,559,561,564,564,564,566,569,570,573,577,578,580,583,,1,1,1,1,1,1,1,1,1,1,1,1,1,1,1,1,1,1,1,1,1,1,1,1,1,1,1,1,1,1,0
17050001,2,01/03/2016,,1,1,482,279,372,31,1,1,1,1,,,279,282,281,280,284,290,298,305,312,323,334,343,352,359,367,374,379,384,391,399,406,414,422,432,439,448,453,464,473,479,482,1,1,1,1,1,1,1,1,1,1,1,1,1,1,1,1,1,1,1,1,1,1,1,1,1,1,1,1,1,1,1
17050001,1,01/03/2016,17:00,0,1,482,278,372,31,1,0,0,0,,0,280,282,280,280,284,292,300,306,314,326,336,346,354,360,368,376,380,386,392,400,408,416,424,434,440,450,454,466,474,480,482,1,1,1,1,1,1,1,1,1,1,1,1,1,1,1,1,1,1,1,1,1,1,1,1,1,1,1,1,1,1,1
17050001,1,01/03/2016,07:00,0,1,482,278,372,31,1,0,0,0,,0,278,282,282,280,284,288,296,304,310,320,332,340,350,358,366,372,378,382,390,398,404,412,420,430,438,446,452,462,472,478,482,1,1,1,1,1,1,1,1,1,1,1,1,1,1,1,1,1,1,1,1,1,1,1,1,1,1,1,1,1,1,1
17050001,1,01/03/2016,,1,1,482,278,372,31,1,0,0,0,,0,279,282,281,280,284,290,298,305,312,323,334,343,352,359,367,374,379,384,391,399,406,414,422,432,439,448,453,464,473,479,482,1,1,1,1,1,1,1,1,1,1,1,1,1,1,1,1,1,1,1,1,1,1,1,1,1,1,1,1,1,1,1
17050001,2,01/02/2016,,1,1,281,249,268,14,4,1,1,1,,,250,250,251,249,250,253,257,261,265,271,276,280,280,281,277,275,274,273,272,269,270,269,270,273,274,277,280,279,277,,,1,1,1,1,1,1,1,1,1,1,1,1,1,1,1,1,1,1,1,1,1,1,1,1,1,1,1,1,1,,
17050001,1,01/02/2016,07:00,0,1,282,248,268,14,4,0,0,0,,0,250,250,252,250,250,252,256,260,264,270,274,280,280,282,278,276,274,274,272,270,270,270,270,272,274,276,280,280,278,,,1,1,1,1,1,1,1,1,1,1,1,1,1,1,1,1,1,1,1,1,1,1,1,1,1,1,1,1,1,0,0
17050001,1,01/02/2016,17:00,0,1,282,248,268,14,4,0,0,0,,0,250,250,250,248,250,254,258,262,266,272,278,280,280,280,276,274,274,272,272,268,270,268,270,274,274,278,280,278,276,,,1,1,1,1,1,1,1,1,1,1,1,1,1,1,1,1,1,1,1,1,1,1,1,1,1,1,1,1,1,0,0
17050001,1,01/02/2016,,1,1,282,248,268,14,4,0,0,0,,0,250,250,251,249,250,253,257,261,265,271,276,280,280,281,277,275,274,273,272,269,270,269,270,273,274,277,280,279,277,,,1,1,1,1,1,1,1,1,1,1,1,1,1,1,1,1,1,1,1,1,1,1,1,1,1,1,1,1,1,0,0
17050001,2,01/01/2016,,1,1,253,103,179,29,2,1,1,1,,,104,103,104,105,107,113,118,125,134,140,150,162,169,176,180,184,186,190,194,201,208,215,221,227,234,241,249,252,253,251,250,1,1,1,1,1,1,1,1,1,1,1,1,1,1,1,1,1,1,1,1,1,1,1,1,1,1,1,1,1,1,1
17050001,1,01/01/2016,17:00,0,1,254,102,179,29,2,0,0,0,,0,104,102,104,106,108,114,120,128,136,142,152,166,170,176,180,182,186,190,194,204,210,216,222,228,236,244,250,252,252,250,250,1,1,1,1,1,1,1,1,1,1,1,1,1,1,1,1,1,1,1,1,1,1,1,1,1,1,1,1,1,1,1
17050001,1,01/01/2016,07:00,0,1,254,102,179,29,2,0,0,0,,0,104,104,104,104,106,112,116,122,132,138,148,158,168,176,180,186,186,190,194,198,206,214,220,226,232,238,248,252,254,252,250,1,1,1,1,1,1,1,1,1,1,1,1,1,1,1,1,1,1,1,1,1,1,1,1,1,1,1,1,1,1,1
17050001,1,01/01/2016,,1,1,254,102,179,29,2,0,0,0,,0,104,103,104,105,107,113,118,125,134,140,150,162,169,176,180,184,186,190,194,201,208,215,221,227,234,241,249,252,253,251,250,1,1,1,1,1,1,1,1,1,1,1,1,1,1,1,1,1,1,1,1,1,1,1,1,1,1,1,1,1,1,1
17050001,2,01/12/2015,,1,1,113,66,89,29,5,1,1,1,,,78,74,69,68,66,66,66,69,74,77,80,84,90,95,95,96,92,90,90,92,92,93,97,100,103,105,107,111,113,112,108,1,1,1,1,1,1,1,1,1,1,1,1,1,1,1,1,1,1,1,1,1,1,1,1,1,1,1,1,1,1,1
17050001,1,01/12/2015,17:00,0,1,114,66,89,29,5,0,0,0,,0,74,72,68,68,66,66,66,70,74,78,80,86,92,94,94,96,90,90,90,92,92,94,98,100,104,106,108,112,112,110,104,,,,,,,,,,,,,,,,,,,,,,,,,,,,,,,
17050001,1,01/12/2015,07:00,0,1,114,66,89,29,5,0,0,0,,0,82,76,70,68,66,66,66,68,74,76,80,82,88,96,96,96,94,90,90,92,92,92,96,100,102,104,106,110,114,114,112,,,,,,,,,,,,,,,,,,,,,,,,,,,,,,,
17050001,1,01/12/2015,,1,1,114,66,89,29,5,0,0,0,,0,78,74,69,68,66,66,66,69,74,77,80,84,90,95,95,96,92,90,90,92,92,93,97,100,103,105,107,111,113,112,108,,,,,,,,,,,,,,,,,,,,,,,,,,,,,,,
17050001,2,01/11/2015,,1,1,84,46,61,28,7,1,1,1,,,69,60,54,52,48,48,46,46,49,55,61,63,65,70,70,69,63,58,55,53,51,52,56,61,66,72,79,84,83,81,,1,1,1,1,1,1,1,1,1,1,1,1,1,1,1,1,1,1,1,1,1,1,1,1,1,1,1,1,1,1,
17050001,1,01/11/2015,07:00,0,1,84,46,61,28,7,0,0,0,,0,70,64,56,52,48,48,46,46,48,54,60,62,64,70,70,72,66,60,56,54,52,52,54,60,64,70,78,84,82,82,,,,,,,,,,,,,,,,,,,,,,,,,,,,,,,,0
17050001,1,01/11/2015,17:00,0,1,84,46,61,28,7,0,0,0,,0,68,56,52,52,48,48,46,46,50,56,62,64,66,70,70,66,60,56,54,52,50,52,58,62,68,74,80,84,84,80,,,,,,,,,,,,,,,,,,,,,,,,,,,,,,,,0
17050001,1,01/11/2015,,1,1,84,46,61,28,7,0,0,0,,0,69,60,54,52,48,48,46,46,49,55,61,63,65,70,70,69,63,58,55,53,51,52,56,61,66,72,79,84,83,81,,,,,,,,,,,,,,,,,,,,,,,,,,,,,,,,0
17050001,2,01/10/2015,,1,1,458,74,244,1,31,1,1,1,,,458,447,437,427,415,403,391,371,353,338,322,307,292,276,259,241,223,204,183,162,142,124,109,97,89,85,80,80,81,79,74,1,1,1,1,1,1,1,1,1,1,1,1,1,1,1,1,1,1,1,1,1,1,1,1,1,1,1,1,1,1,1
17050001,1,01/10/2015,17:00,0,1,460,72,244,1,31,0,0,0,,0,456,444,434,424,412,400,388,366,350,334,318,304,288,272,254,236,218,198,178,158,136,120,106,94,88,84,80,80,82,78,72,,,,,,,,,,,,,,,,,,,,,,,,,,,,,,,
17050001,1,01/10/2015,07:00,0,1,460,72,244,1,31,0,0,0,,0,460,450,440,430,418,406,394,376,356,342,326,310,296,280,264,246,228,210,188,166,148,128,112,100,90,86,80,80,80,80,76,,,,,,,,,,,,,,,,,,,,,,,,,,,,,,,
17050001,1,01/10/2015,,1,1,460,72,244,1,31,0,0,0,,0,458,447,437,427,415,403,391,371,353,338,322,307,292,276,259,241,223,204,183,162,142,124,109,97,89,85,80,80,81,79,74,,,,,,,,,,,,,,,,,,,,,,,,,,,,,,,
17050001,2,01/09/2015,,1,1,646,468,566,1,30,1,1,1,,,646,643,639,635,631,626,621,614,608,602,597,590,585,581,574,569,562,556,550,544,536,527,520,512,504,496,489,483,476,468,,1,1,1,1,1,1,1,1,1,1,1,1,1,1,1,1,1,1,1,1,1,1,1,1,1,1,1,1,1,1,
17050001,1,01/09/2015,17:00,0,1,646,466,566,1,30,0,0,0,,0,646,642,638,634,630,624,620,612,606,600,596,588,584,580,572,568,560,554,548,542,534,524,518,510,502,494,488,482,474,466,,,,,,,,,,,,,,,,,,,,,,,,,,,,,,,,0
17050001,1,01/09/2015,07:00,0,1,646,466,566,1,30,0,0,0,,0,646,644,640,636,632,628,622,616,610,604,598,592,586,582,576,570,564,558,552,546,538,530,522,514,506,498,490,484,478,470,,,,,,,,,,,,,,,,,,,,,,,,,,,,,,,,0
17050001,1,01/09/2015,,1,1,646,466,566,1,30,0,0,0,,0,646,643,639,635,631,626,621,614,608,602,597,590,585,581,574,569,562,556,550,544,536,527,520,512,504,496,489,483,476,468,,,,,,,,,,,,,,,,,,,,,,,,,,,,,,,,0
17050001,2,01/08/2015,,1,1,747,649,703,1,31,1,1,1,,,747,746,744,743,740,740,737,735,731,726,723,719,716,713,709,707,703,699,697,692,686,681,679,675,671,666,663,659,655,651,649,1,1,1,1,1,1,1,1,1,1,1,1,1,1,1,1,1,1,1,1,1,1,1,1,1,1,1,1,1,1,1
17050001,1,01/08/2015,17:00,0,1,748,648,703,1,31,0,0,0,,0,746,746,744,742,740,740,736,734,730,724,722,718,714,712,708,706,702,698,696,690,684,680,678,674,670,664,662,658,654,650,648,,,,,,,,,,,,,,,,,,,,,,,,,,,,,,,
17050001,1,01/08/2015,07:00,0,1,748,648,703,1,31,0,0,0,,0,748,746,744,744,740,740,738,736,732,728,724,720,718,714,710,708,704,700,698,694,688,682,680,676,672,668,664,660,656,652,650,,,,,,,,,,,,,,,,,,,,,,,,,,,,,,,
17050001,1,01/08/2015,,1,1,748,648,703,1,31,0,0,0,,0,747,746,744,743,740,740,737,735,731,726,723,719,716,713,709,707,703,699,697,692,686,681,679,675,671,666,663,659,655,651,649,,,,,,,,,,,,,,,,,,,,,,,,,,,,,,,
17050001,2,01/07/2015,,1,1,797,749,776,1,31,1,1,1,,,797,796,794,794,794,794,793,793,791,789,787,786,783,781,779,776,775,772,770,770,768,766,764,762,760,759,757,755,753,750,749,1,1,1,1,1,1,1,1,1,1,1,1,1,1,1,1,1,1,1,1,1,1,1,1,1,1,1,1,1,1,1
17050001,1,01/07/2015,17:00,0,1,798,748,776,1,31,0,0,0,,0,796,796,794,794,794,794,794,792,790,788,786,786,782,780,778,776,774,772,770,770,768,766,764,762,760,758,756,754,752,750,748,,,,,,,,,,,,,,,,,,,,,,,,,,,,,,,
17050001,1,01/07/2015,07:00,0,1,798,748,776,1,31,0,0,0,,0,798,796,794,794,794,794,792,794,792,790,788,786,784,782,780,776,776,772,770,770,768,766,764,762,760,760,758,756,754,750,750,,,,,,,,,,,,,,,,,,,,,,,,,,,,,,,
17050001,1,01/07/2015,,1,1,798,748,776,1,31,0,0,0,,0,797,796,794,794,794,794,793,793,791,789,787,786,783,781,779,776,775,772,770,770,768,766,764,762,760,759,757,755,753,750,749,,,,,,,,,,,,,,,,,,,,,,,,,,,,,,,
17050001,2,01/06/2015,,1,1,816,798,809,1,30,1,1,1,,,816,814,814,814,814,815,814,814,813,810,811,812,811,810,810,812,812,810,810,810,808,808,808,807,804,803,802,801,799,798,,1,1,1,1,1,1,1,1,1,1,1,1,1,1,1,1,1,1,1,1,1,1,1,1,1,1,1,1,1,1,
17050001,1,01/06/2015,07:00,0,1,816,798,809,1,29,0,0,0,,0,816,814,814,814,814,814,814,814,814,810,810,812,812,810,810,812,812,810,810,810,808,808,808,808,804,804,802,802,800,798,,1,1,1,1,1,1,1,1,1,1,1,1,1,1,1,1,1,1,1,1,1,1,1,1,1,1,1,1,1,1,0
17050001,1,01/06/2015,17:00,0,1,816,798,809,1,29,0,0,0,,0,816,814,814,814,814,816,814,814,812,810,812,812,810,810,810,812,812,810,810,810,808,808,808,806,804,802,802,800,798,798,,1,1,1,1,1,1,1,1,1,1,1,1,1,1,1,1,1,1,1,1,1,1,1,1,1,1,1,1,1,1,0
17050001,1,01/06/2015,,1,1,816,798,809,1,29,0,0,0,,0,816,814,814,814,814,815,814,814,813,810,811,812,811,810,810,812,812,810,810,810,808,808,808,807,804,803,802,801,799,798,,1,1,1,1,1,1,1,1,1,1,1,1,1,1,1,1,1,1,1,1,1,1,1,1,1,1,1,1,1,1,0
17050001,2,01/05/2015,,1,1,818,766,800,24,1,1,1,1,,,766,767,772,773,776,777,781,785,789,793,796,799,802,802,804,804,804,806,809,811,813,814,815,818,818,818,818,818,818,818,816,1,1,1,1,1,1,1,1,1,1,1,1,1,1,1,1,1,1,1,1,1,1,1,1,1,1,1,1,1,1,1
17050001,1,01/05/2015,07:00,0,1,818,766,800,24,1,0,0,0,,0,766,766,772,772,776,776,780,784,788,792,796,798,802,802,804,804,804,806,808,810,812,814,814,818,818,818,818,818,818,818,816,1,1,1,1,1,1,1,1,1,1,1,1,1,1,1,1,1,1,1,1,1,1,1,1,1,1,1,1,1,1,1
17050001,1,01/05/2015,17:00,0,1,818,766,800,24,1,0,0,0,,0,766,768,772,774,776,778,782,786,790,794,796,800,802,802,804,804,804,806,810,812,814,814,816,818,818,818,818,818,818,818,816,1,1,1,1,1,1,1,1,1,1,1,1,1,1,1,1,1,1,1,1,1,1,1,1,1,1,1,1,1,1,1
17050001,1,01/05/2015,,1,1,818,766,800,24,1,0,0,0,,0,766,767,772,773,776,777,781,785,789,793,796,799,802,802,804,804,804,806,809,811,813,814,815,818,818,818,818,818,818,818,816,1,1,1,1,1,1,1,1,1,1,1,1,1,1,1,1,1,1,1,1,1,1,1,1,1,1,1,1,1,1,1
17050001,2,01/04/2015,,1,1,764,694,735,30,1,1,1,1,,,694,699,704,706,708,711,715,717,719,722,725,727,730,731,735,737,739,743,746,749,750,753,754,756,758,760,760,760,763,764,,1,1,1,1,1,1,1,1,1,1,1,1,1,1,1,1,1,1,1,1,1,1,1,1,1,1,1,1,1,1,
17050001,1,01/04/2015,17:00,0,1,764,692,735,29,1,0,0,0,,0,696,700,704,706,708,712,716,718,720,722,726,728,730,732,736,736,740,744,746,750,750,754,754,756,758,760,760,760,764,764,,1,1,1,1,1,1,1,1,1,1,1,1,1,1,1,1,1,1,1,1,1,1,1,1,1,1,1,1,1,1,0
17050001,1,01/04/2015,07:00,0,1,764,692,735,29,1,0,0,0,,0,692,698,704,706,708,710,714,716,718,722,724,726,730,730,734,738,738,742,746,748,750,752,754,756,758,760,760,760,762,764,,1,1,1,1,1,1,1,1,1,1,1,1,1,1,1,1,1,1,1,1,1,1,1,1,1,1,1,1,1,1,0
17050001,1,01/04/2015,,1,1,764,692,735,29,1,0,0,0,,0,694,699,704,706,708,711,715,717,719,722,725,727,730,731,735,737,739,743,746,749,750,753,754,756,758,760,760,760,763,764,,1,1,1,1,1,1,1,1,1,1,1,1,1,1,1,1,1,1,1,1,1,1,1,1,1,1,1,1,1,1,0
17050001,2,01/03/2015,,1,1,687,568,628,31,1,1,1,1,,,568,572,575,581,585,589,593,597,600,603,607,611,613,618,621,625,627,631,635,641,645,652,657,664,670,674,676,677,680,683,687,1,1,1,1,1,1,1,1,1,1,1,1,1,1,1,1,1,1,1,1,1,1,1,1,1,1,1,1,1,1,1
17050001,1,01/03/2015,07:00,0,1,688,568,628,31,1,0,0,0,,0,568,570,574,580,584,588,592,596,600,602,606,610,612,616,620,624,626,630,634,640,644,650,656,662,668,674,676,676,680,682,686,1,1,1,1,1,1,1,1,1,1,1,1,1,1,1,1,1,1,1,1,1,1,1,1,1,1,1,1,1,1,1
17050001,1,01/03/2015,17:00,0,1,688,568,628,31,1,0,0,0,,0,568,574,576,582,586,590,594,598,600,604,608,612,614,620,622,626,628,632,636,642,646,654,658,666,672,674,676,678,680,684,688,1,1,1,1,1,1,1,1,1,1,1,1,1,1,1,1,1,1,1,1,1,1,1,1,1,1,1,1,1,1,1
17050001,1,01/03/2015,,1,1,688,568,628,31,1,0,0,0,,0,568,572,575,581,585,589,593,597,600,603,607,611,613,618,621,625,627,631,635,641,645,652,657,664,670,674,676,677,680,683,687,1,1,1,1,1,1,1,1,1,1,1,1,1,1,1,1,1,1,1,1,1,1,1,1,1,1,1,1,1,1,1
17050001,2,01/02/2015,,1,1,566,453,511,28,1,1,1,1,,,453,460,465,471,475,481,486,490,495,499,501,502,504,506,508,510,516,521,525,529,535,539,546,553,557,559,563,566,,,,1,1,1,1,1,1,1,1,1,1,1,1,1,1,1,1,1,1,1,1,1,1,1,1,1,1,1,1,,,
17050001,1,01/02/2015,07:00,0,1,566,452,511,28,1,0,0,0,,0,452,458,464,470,474,480,486,490,494,498,500,502,504,506,508,510,514,520,524,528,534,538,544,552,556,558,562,566,,,,1,1,1,1,1,1,1,1,1,1,1,1,1,1,1,1,1,1,1,1,1,1,1,1,1,1,1,1,0,0,0
17050001,1,01/02/2015,17:00,0,1,566,452,511,28,1,0,0,0,,0,454,462,466,472,476,482,486,490,496,500,502,502,504,506,508,510,518,522,526,530,536,540,548,554,558,560,564,566,,,,1,1,1,1,1,1,1,1,1,1,1,1,1,1,1,1,1,1,1,1,1,1,1,1,1,1,1,1,0,0,0
17050001,1,01/02/2015,,1,1,566,452,511,28,1,0,0,0,,0,453,460,465,471,475,481,486,490,495,499,501,502,504,506,508,510,516,521,525,529,535,539,546,553,557,559,563,566,,,,1,1,1,1,1,1,1,1,1,1,1,1,1,1,1,1,1,1,1,1,1,1,1,1,1,1,1,1,0,0,0
17050001,2,01/01/2015,,1,1,449,339,388,31,1,1,1,1,,,339,343,347,351,355,358,360,362,366,368,370,372,374,374,376,376,379,383,387,393,399,405,412,420,425,429,433,437,441,445,449,1,1,1,1,1,1,1,1,1,1,1,1,1,1,1,1,1,1,1,1,1,1,1,1,1,1,1,1,1,1,1
17050001,1,01/01/2015,07:00,0,1,450,338,388,31,1,0,0,0,,0,338,342,346,350,354,358,360,362,366,368,370,372,374,374,376,376,378,382,386,392,398,404,410,418,424,428,432,436,440,444,448,1,1,1,1,1,1,1,1,1,1,1,1,1,1,1,1,1,1,1,1,1,1,1,1,1,1,1,1,1,1,1
17050001,1,01/01/2015,17:00,0,1,450,338,388,31,1,0,0,0,,0,340,344,348,352,356,358,360,362,366,368,370,372,374,374,376,376,380,384,388,394,400,406,414,422,426,430,434,438,442,446,450,1,1,1,1,1,1,1,1,1,1,1,1,1,1,1,1,1,1,1,1,1,1,1,1,1,1,1,1,1,1,1
17050001,1,01/01/2015,,1,1,450,338,388,31,1,0,0,0,,0,339,343,347,351,355,358,360,362,366,368,370,372,374,374,376,376,379,383,387,393,399,405,412,420,425,429,433,437,441,445,449,1,1,1,1,1,1,1,1,1,1,1,1,1,1,1,1,1,1,1,1,1,1,1,1,1,1,1,1,1,1,1
17050001,2,01/12/2014,,1,1,338,256,300,30,1,1,1,1,0,0,256,258,261,264,267,271,275,280,282,284,287,291,292,292,294,296,299,300,303,310,314,317,323,328,331,335,337,337,337,338,338,1,1,1,1,1,1,1,1,1,1,1,1,1,1,1,1,1,1,1,1,1,1,1,1,1,1,1,1,1,1,1
17050001,1,01/12/2014,07:00,0,1,338,256,300,29,1,0,0,0,,0,256,258,260,264,266,270,274,280,282,284,286,292,292,292,294,296,298,300,302,308,314,316,322,328,330,334,338,338,336,338,338,1,1,1,1,1,1,1,1,1,1,1,1,1,1,1,1,1,1,1,1,1,1,1,1,1,1,1,1,1,1,1
17050001,1,01/12/2014,17:00,0,1,338,256,300,29,1,0,0,0,,0,256,258,262,264,268,272,276,280,282,284,288,290,292,292,294,296,300,300,304,312,314,318,324,328,332,336,336,336,338,338,338,1,1,1,1,1,1,1,1,1,1,1,1,1,1,1,1,1,1,1,1,1,1,1,1,1,1,1,1,1,1,1
17050001,1,01/12/2014,,1,1,338,256,300,29,1,0,0,0,,0,256,258,261,264,267,271,275,280,282,284,287,291,292,292,294,296,299,300,303,310,314,317,323,328,331,335,337,337,337,338,338,1,1,1,1,1,1,1,1,1,1,1,1,1,1,1,1,1,1,1,1,1,1,1,1,1,1,1,1,1,1,1
17050001,2,01/11/2014,,1,1,255,225,236,28,18,1,1,1,0,0,230,230,229,227,226,231,234,235,239,241,238,235,232,233,229,228,226,225,226,230,231,235,241,245,248,250,251,255,254,254,,1,1,1,1,1,1,1,1,1,1,1,1,1,1,1,1,1,1,1,1,1,1,1,1,1,1,1,1,1,1,
17050001,1,01/11/2014,07:00,0,1,256,224,236,28,18,0,0,0,,0,230,230,228,228,226,230,234,234,238,242,240,236,232,234,230,228,226,226,226,230,230,234,240,244,248,250,252,256,254,254,,1,1,1,1,1,1,1,1,1,1,1,1,1,1,1,1,1,1,1,1,1,1,1,1,1,1,1,1,1,1,0
17050001,1,01/11/2014,17:00,0,1,256,224,236,28,18,0,0,0,,0,230,230,230,226,226,232,234,236,240,240,236,234,232,232,228,228,226,224,226,230,232,236,242,246,248,250,250,254,254,254,,1,1,1,1,1,1,1,1,1,1,1,1,1,1,1,1,1,1,1,1,1,1,1,1,1,1,1,1,1,1,0
17050001,1,01/11/2014,,1,1,256,224,236,28,18,0,0,0,,0,230,230,229,227,226,231,234,235,239,241,238,235,232,233,229,228,226,225,226,230,231,235,241,245,248,250,251,255,254,254,,1,1,1,1,1,1,1,1,1,1,1,1,1,1,1,1,1,1,1,1,1,1,1,1,1,1,1,1,1,1,0
17050001,2,01/10/2014,,1,1,453,232,335,1,31,1,1,1,0,0,453,442,434,425,416,408,401,398,392,385,380,372,363,353,343,331,321,310,300,292,285,277,273,267,263,262,259,254,248,240,232,1,1,1,1,1,1,1,1,1,1,1,1,1,1,1,1,1,1,1,1,1,1,1,1,1,1,1,1,1,1,1
17050001,1,01/10/2014,07:00,0,1,456,230,335,1,31,0,0,0,,0,456,444,436,428,418,410,402,400,394,386,382,374,366,356,346,334,324,312,302,294,286,280,274,268,264,262,260,256,250,242,234,1,1,1,1,1,1,1,1,1,1,1,1,1,1,1,1,1,1,1,1,1,1,1,1,1,1,1,1,1,1,1
17050001,1,01/10/2014,17:00,0,1,456,230,335,1,31,0,0,0,,0,450,440,432,422,414,406,400,396,390,384,378,370,360,350,340,328,318,308,298,290,284,274,272,266,262,262,258,252,246,238,230,1,1,1,1,1,1,1,1,1,1,1,1,1,1,1,1,1,1,1,1,1,1,1,1,1,1,1,1,1,1,1
17050001,1,01/10/2014,,1,1,456,230,335,1,31,0,0,0,,0,453,442,434,425,416,408,401,398,392,385,380,372,363,353,343,331,321,310,300,292,285,277,273,267,263,262,259,254,248,240,232,1,1,1,1,1,1,1,1,1,1,1,1,1,1,1,1,1,1,1,1,1,1,1,1,1,1,1,1,1,1,1
17050001,2,01/09/2014,,1,1,645,462,560,1,30,1,1,1,0,0,645,637,633,627,622,614,609,605,600,595,591,587,583,579,573,566,558,550,544,536,526,520,513,504,498,492,486,478,470,462,,1,1,1,1,1,1,1,1,1,1,1,1,1,1,1,1,1,1,1,1,1,1,1,1,1,1,1,1,1,1,
17050001,1,01/09/2014,07:00,0,1,648,460,560,1,30,0,0,0,,0,648,638,634,628,624,616,610,606,602,596,592,588,584,580,574,568,560,552,546,538,528,522,514,506,500,494,488,480,472,464,,1,1,1,1,1,1,1,1,1,1,1,1,1,1,1,1,1,1,1,1,1,1,1,1,1,1,1,1,1,1,0
17050001,1,01/09/2014,17:00,0,1,648,460,560,1,30,0,0,0,,0,642,636,632,626,620,612,608,604,598,594,590,586,582,578,572,564,556,548,542,534,524,518,512,502,496,490,484,476,468,460,,1,1,1,1,1,1,1,1,1,1,1,1,1,1,1,1,1,1,1,1,1,1,1,1,1,1,1,1,1,1,0
17050001,1,01/09/2014,,1,1,648,460,560,1,30,0,0,0,,0,645,637,633,627,622,614,609,605,600,595,591,587,583,579,573,566,558,550,544,536,526,520,513,504,498,492,486,478,470,462,,1,1,1,1,1,1,1,1,1,1,1,1,1,1,1,1,1,1,1,1,1,1,1,1,1,1,1,1,1,1,
17050001,2,01/08/2014,,1,1,759,650,710,1,31,1,1,1,0,0,759,757,755,751,747,743,740,740,737,733,729,727,725,723,721,718,715,711,707,700,694,689,684,679,674,669,665,663,659,653,650,1,1,1,1,1,1,1,1,1,1,1,1,1,1,1,1,1,1,1,1,1,1,1,1,1,1,1,1,1,1,1
17050001,1,01/08/2014,17:00,0,1,760,650,710,1,31,0,0,0,,0,758,756,754,750,746,742,740,740,736,732,728,726,724,722,720,718,714,710,706,698,692,688,682,678,672,668,664,662,658,652,650,1,1,1,1,1,1,1,1,1,1,1,1,1,1,1,1,1,1,1,1,1,1,1,1,1,1,1,1,1,1,1
17050001,1,01/08/2014,07:00,0,1,760,650,710,1,31,0,0,0,,0,760,758,756,752,748,744,740,740,738,734,730,728,726,724,722,718,716,712,708,702,696,690,686,680,676,670,666,664,660,654,650,1,1,1,1,1,1,1,1,1,1,1,1,1,1,1,1,1,1,1,1,1,1,1,1,1,1,1,1,1,1,1
17050001,1,01/08/2014,,1,1,760,650,710,1,31,0,0,0,,0,759,757,755,751,747,743,740,740,737,733,729,727,725,723,721,718,715,711,707,700,694,689,684,679,674,669,665,663,659,653,650,1,1,1,1,1,1,1,1,1,1,1,1,1,1,1,1,1,1,1,1,1,1,1,1,1,1,1,1,1,1,1
17050001,2,01/07/2014,,1,1,810,762,789,1,31,1,1,1,0,0,810,810,808,808,806,803,801,798,797,796,794,793,792,792,792,792,792,790,789,788,785,782,778,775,775,773,770,768,767,765,762,1,1,1,1,1,1,1,1,1,1,1,1,1,1,1,1,1,1,1,1,1,1,1,1,1,1,1,1,1,1,1
17050001,1,01/07/2014,17:00,0,1,810,762,789,1,31,0,0,0,,0,810,810,808,808,806,802,800,798,796,796,794,792,792,792,792,792,792,790,788,788,784,782,776,774,774,772,770,768,766,764,762,1,1,1,1,1,1,1,1,1,1,1,1,1,1,1,1,1,1,1,1,1,1,1,1,1,1,1,1,1,1,1
17050001,1,01/07/2014,07:00,0,1,810,762,789,1,31,0,0,0,,0,810,810,808,808,806,804,802,798,798,796,794,794,792,792,792,792,792,790,790,788,786,782,780,776,776,774,770,768,768,766,762,1,1,1,1,1,1,1,1,1,1,1,1,1,1,1,1,1,1,1,1,1,1,1,1,1,1,1,1,1,1,1
17050001,1,01/07/2014,,1,1,810,762,789,1,31,0,0,0,,0,810,810,808,808,806,803,801,798,797,796,794,793,792,792,792,792,792,790,789,788,785,782,778,775,775,773,770,768,767,765,762,1,1,1,1,1,1,1,1,1,1,1,1,1,1,1,1,1,1,1,1,1,1,1,1,1,1,1,1,1,1,1
17050001,2,01/06/2014,,1,1,840,810,828,1,30,1,1,1,0,0,840,840,840,840,840,838,836,836,834,832,832,832,832,830,829,828,826,826,826,826,826,824,823,821,819,817,816,815,812,810,,1,1,1,1,1,1,1,1,1,1,1,1,1,1,1,1,1,1,1,1,1,1,1,1,1,1,1,1,1,1,
17050001,1,01/06/2014,07:00,0,1,816,798,809,1,29,0,0,0,,0,816,814,814,814,814,814,814,814,814,810,810,812,812,810,810,812,812,810,810,810,808,808,808,808,804,804,802,802,800,798,,1,1,1,1,1,1,1,1,1,1,1,1,1,1,1,1,1,1,1,1,1,1,1,1,1,1,1,1,1,1,0
17050001,1,01/06/2014,17:00,0,1,816,798,809,1,29,0,0,0,,0,816,814,814,814,814,816,814,814,812,810,812,812,810,810,810,812,812,810,810,810,808,808,808,806,804,802,802,800,798,798,,1,1,1,1,1,1,1,1,1,1,1,1,1,1,1,1,1,1,1,1,1,1,1,1,1,1,1,1,1,1,0
17050001,1,01/06/2014,,1,1,840,810,828,1,30,2,2,2,,0,840,840,840,840,839,838,836,836,834,832,832,832,832,831,830,828,826,826,826,826,825,824,823,820,819,818,817,815,812,810,,2,2,2,2,2,2,2,2,2,2,2,2,2,2,2,2,2,2,2,2,2,2,2,2,2,2,2,2,2,2,
17050001,2,01/05/2014,,1,1,840,815,832,25,1,1,1,1,0,0,815,818,820,821,824,827,828,828,828,829,832,832,832,832,834,833,836,835,835,835,835,838,838,839,840,838,838,838,838,839,840,1,1,1,1,1,1,1,1,1,1,1,1,1,1,1,1,1,1,1,1,1,1,1,1,1,1,1,1,1,1,1
17050001,1,01/05/2014,07:00,0,1,840,814,832,24,1,0,0,0,,0,814,818,820,820,824,826,828,828,828,828,832,832,832,832,834,832,836,834,834,834,834,838,838,838,840,838,838,838,838,838,840,1,1,1,1,1,1,1,1,1,1,1,1,1,1,1,1,1,1,1,1,1,1,1,1,1,1,1,1,1,1,1
17050001,1,01/05/2014,17:00,0,1,840,814,832,24,1,0,0,0,,0,816,818,820,822,824,828,828,828,828,830,832,832,832,832,834,834,836,836,836,836,836,838,838,840,840,838,838,838,838,840,840,1,1,1,1,1,1,1,1,1,1,1,1,1,1,1,1,1,1,1,1,1,1,1,1,1,1,1,1,1,1,1
17050001,1,01/05/2014,,1,1,840,814,832,24,1,0,0,0,,0,815,818,820,821,824,827,828,828,828,829,832,832,832,832,834,833,836,835,835,835,835,838,838,839,840,838,838,838,838,839,840,1,1,1,1,1,1,1,1,1,1,1,1,1,1,1,1,1,1,1,1,1,1,1,1,1,1,1,1,1,1,1
17050001,2,01/04/2014,,1,1,812,746,781,30,1,1,1,1,0,0,746,755,759,763,764,766,768,768,769,771,771,772,772,773,774,776,779,783,786,787,792,794,795,798,801,802,805,809,810,812,,1,1,1,1,1,1,1,1,1,1,1,1,1,1,1,1,1,1,1,1,1,1,1,1,1,1,1,1,1,1,
17050001,1,01/04/2014,07:00,0,1,812,744,781,30,1,0,0,0,,0,744,754,758,762,764,766,768,768,768,770,772,772,772,772,774,776,778,782,786,786,790,794,794,798,800,802,804,808,810,812,,,,,,,,,,,,,,,,,,,,,,,,,,,,,,,,0
17050001,1,01/04/2014,17:00,0,1,812,744,781,30,1,0,0,0,,0,748,756,760,764,764,766,768,768,770,772,770,772,772,774,774,776,780,784,786,788,794,794,796,798,802,802,806,810,810,812,,,,,,,,,,,,,,,,,,,,,,,,,,,,,,,,0
17050001,1,01/04/2014,,1,1,812,744,781,30,1,0,0,0,,0,746,755,759,763,764,766,768,768,769,771,771,772,772,773,774,776,779,783,786,787,792,794,795,798,801,802,805,809,810,812,,,,,,,,,,,,,,,,,,,,,,,,,,,,,,,,0
17050001,2,01/03/2014,,1,1,741,601,677,31,1,1,1,1,0,0,601,612,616,622,627,631,635,639,645,654,659,665,668,670,677,681,684,687,691,696,699,705,710,714,719,720,725,729,733,737,741,1,1,1,1,1,1,1,1,1,1,1,1,1,1,1,1,1,1,1,1,1,1,1,1,1,1,1,1,1,1,1
17050001,1,01/03/2014,07:00,0,1,742,600,677,31,1,0,0,0,,0,600,608,616,620,626,630,634,638,642,654,658,664,668,670,676,680,684,686,690,694,698,704,710,712,718,720,724,728,732,736,740,,,,,,,,,,,,,,,,,,,,,,,,,,,,,,,
17050001,1,01/03/2014,17:00,0,1,742,600,677,31,1,0,0,0,,0,602,616,616,624,628,632,636,640,648,654,660,666,668,670,678,682,684,688,692,698,700,706,710,716,720,720,726,730,734,738,742,,,,,,,,,,,,,,,,,,,,,,,,,,,,,,,
17050001,1,01/03/2014,,1,1,742,600,677,31,1,0,0,0,,0,601,612,616,622,627,631,635,639,645,654,659,665,668,670,677,681,684,687,691,696,699,705,710,714,719,720,725,729,733,737,741,,,,,,,,,,,,,,,,,,,,,,,,,,,,,,,
17050001,2,01/02/2014,,1,1,598,487,545,28,1,1,1,1,0,0,487,494,499,502,507,508,512,517,518,521,528,533,537,540,546,553,559,563,569,571,577,580,583,585,588,589,595,598,,,,1,1,1,1,1,1,1,1,1,1,1,1,1,1,1,1,1,1,1,1,1,1,1,1,1,1,1,1,,,
17050001,1,01/02/2014,07:00,0,1,598,486,545,28,1,0,0,0,,0,486,492,498,500,506,508,510,516,518,520,526,532,536,540,544,552,558,562,568,570,576,580,582,584,588,588,594,598,,,,,,,,,,,,,,,,,,,,,,,,,,,,,,,,0,0,0
17050001,1,01/02/2014,17:00,0,1,598,486,545,28,1,0,0,0,,0,488,496,500,504,508,508,514,518,518,522,530,534,538,540,548,554,560,564,570,572,578,580,584,586,588,590,596,598,,,,,,,,,,,,,,,,,,,,,,,,,,,,,,,,0,0,0
17050001,1,01/02/2014,,1,1,598,486,545,28,1,0,0,0,,0,487,494,499,502,507,508,512,517,518,521,528,533,537,540,546,553,559,563,569,571,577,580,583,585,588,589,595,598,,,,,,,,,,,,,,,,,,,,,,,,,,,,,,,,0,0,0
17050001,2,01/01/2014,,1,1,482,396,442,31,1,1,1,1,0,0,396,403,407,411,415,421,425,428,428,428,431,432,435,436,439,442,444,447,449,455,458,460,460,462,465,465,464,465,472,478,482,1,1,1,1,1,1,1,1,1,1,1,1,1,1,1,1,1,1,1,1,1,1,1,1,1,1,1,1,1,1,1
17050001,1,01/01/2014,07:00,0,1,482,394,442,31,1,0,0,0,,0,394,402,406,410,414,420,424,428,428,428,430,432,434,436,438,442,444,446,448,454,458,460,460,462,464,466,464,464,470,478,482,,,,,,,,,,,,,,,,,,,,,,,,,,,,,,,
17050001,1,01/01/2014,17:00,0,1,482,394,442,31,1,0,0,0,,0,398,404,408,412,416,422,426,428,428,428,432,432,436,436,440,442,444,448,450,456,458,460,460,462,466,464,464,466,474,478,482,,,,,,,,,,,,,,,,,,,,,,,,,,,,,,,
17050001,1,01/01/2014,,1,1,482,394,442,31,1,0,0,0,,0,396,403,407,411,415,421,425,428,428,428,431,432,435,436,439,442,444,447,449,455,458,460,460,462,465,465,464,465,472,478,482,,,,,,,,,,,,,,,,,,,,,,,,,,,,,,,
17050001,2,01/12/2013,,1,1,389,278,334,31,1,1,1,1,0,0,278,285,291,299,305,311,317,319,321,322,322,324,326,327,330,332,335,339,341,342,344,346,347,349,352,355,362,370,378,384,389,1,1,1,1,1,1,1,1,1,1,1,1,1,1,1,1,1,1,1,1,1,1,1,1,1,1,1,1,1,1,1
17050001,1,01/12/2013,07:00,0,1,390,276,334,31,1,0,0,0,,0,276,284,290,298,304,310,316,320,320,322,322,324,326,326,330,332,334,338,340,342,344,346,346,348,352,354,360,368,376,382,388,1,1,1,1,1,1,1,1,1,1,1,1,1,1,1,1,1,1,1,1,1,1,1,1,1,1,1,1,1,1,1
17050001,1,01/12/2013,17:00,0,1,390,276,334,31,1,0,0,0,,0,280,286,292,300,306,312,318,318,322,322,322,324,326,328,330,332,336,340,342,342,344,346,348,350,352,356,364,372,380,386,390,1,1,1,1,1,1,1,1,1,1,1,1,1,1,1,1,1,1,1,1,1,1,1,1,1,1,1,1,1,1,1
17050001,1,01/12/2013,,1,1,390,276,334,31,1,0,0,0,,0,278,285,291,299,305,311,317,319,321,322,322,324,326,327,330,332,335,339,341,342,344,346,347,349,352,355,362,370,378,384,389,1,1,1,1,1,1,1,1,1,1,1,1,1,1,1,1,1,1,1,1,1,1,1,1,1,1,1,1,1,1,1
17050001,2,01/11/2013,,1,1,271,214,243,30,1,1,1,1,0,0,214,218,218,222,226,229,230,230,229,228,228,231,232,235,237,241,245,249,252,257,260,259,260,259,259,261,265,266,267,271,,1,1,1,1,1,1,1,1,1,1,1,1,1,1,1,1,1,1,1,1,1,1,1,1,1,1,1,1,1,1,
17050001,1,01/11/2013,07:00,0,1,272,214,243,30,1,0,0,0,,0,214,218,218,220,224,228,230,232,230,228,228,230,232,234,236,240,244,248,252,256,260,260,260,260,260,260,264,266,266,270,,1,1,1,1,1,1,1,1,1,1,1,1,1,1,1,1,1,1,1,1,1,1,1,1,1,1,1,1,1,1,0
17050001,1,01/11/2013,17:00,0,1,272,214,243,30,1,0,0,0,,0,214,218,218,224,228,230,230,228,228,228,228,232,232,236,238,242,246,250,252,258,260,258,260,258,258,262,266,266,268,272,,1,1,1,1,1,1,1,1,1,1,1,1,1,1,1,1,1,1,1,1,1,1,1,1,1,1,1,1,1,1,0
17050001,1,01/11/2013,,1,1,272,214,243,30,1,0,0,0,,0,214,218,218,222,226,229,230,230,229,228,228,231,232,235,237,241,245,249,252,257,260,259,260,259,259,261,265,266,267,271,,1,1,1,1,1,1,1,1,1,1,1,1,1,1,1,1,1,1,1,1,1,1,1,1,1,1,1,1,1,1,0
17050001,2,01/10/2013,,1,1,412,213,311,1,31,1,1,1,0,0,412,405,398,393,388,382,376,370,362,355,345,336,328,320,313,307,300,293,288,282,276,271,266,259,252,245,239,232,224,219,213,1,1,1,1,1,1,1,1,1,1,1,1,1,1,1,1,1,1,1,1,1,1,1,1,1,1,1,1,1,1,1
17050001,1,01/10/2013,07:00,0,1,414,212,311,1,31,0,0,0,,0,414,406,400,394,390,384,378,372,364,358,348,338,330,322,314,308,302,294,290,284,278,272,268,260,254,248,240,234,226,220,212,1,1,1,1,1,1,1,1,1,1,1,1,1,1,1,1,1,1,1,1,1,1,1,1,1,1,1,1,1,1,1
17050001,1,01/10/2013,17:00,0,1,414,212,311,1,31,0,0,0,,0,410,404,396,392,386,380,374,368,360,352,342,334,326,318,312,306,298,292,286,280,274,270,264,258,250,242,238,230,222,218,214,1,1,1,1,1,1,1,1,1,1,1,1,1,1,1,1,1,1,1,1,1,1,1,1,1,1,1,1,1,1,1
17050001,1,01/10/2013,,1,1,414,212,311,1,31,0,0,0,,0,412,405,398,393,388,382,376,370,362,355,345,336,328,320,313,307,300,293,288,282,276,271,266,259,252,245,239,232,224,219,213,1,1,1,1,1,1,1,1,1,1,1,1,1,1,1,1,1,1,1,1,1,1,1,1,1,1,1,1,1,1,1
17050001,2,01/09/2013,,1,1,568,418,503,1,30,1,1,1,0,0,568,563,560,554,549,547,544,539,537,533,529,525,520,514,508,503,500,494,491,487,483,478,472,466,460,452,444,436,427,418,,1,1,1,1,1,1,1,1,1,1,1,1,1,1,1,1,1,1,1,1,1,1,1,1,1,1,1,1,1,1,
17050001,1,01/09/2013,07:00,0,1,570,416,503,1,30,0,0,0,,0,570,564,560,556,550,548,546,540,538,534,530,526,522,516,510,504,500,496,492,488,484,480,474,468,462,454,446,438,430,420,,1,1,1,1,1,1,1,1,1,1,1,1,1,1,1,1,1,1,1,1,1,1,1,1,1,1,1,1,1,1,0
17050001,1,01/09/2013,17:00,0,1,570,416,503,1,30,0,0,0,,0,566,562,560,552,548,546,542,538,536,532,528,524,518,512,506,502,500,492,490,486,482,476,470,464,458,450,442,434,424,416,,1,1,1,1,1,1,1,1,1,1,1,1,1,1,1,1,1,1,1,1,1,1,1,1,1,1,1,1,1,1,0
17050001,1,01/09/2013,,1,1,570,416,503,1,30,0,0,0,,0,568,563,560,554,549,547,544,539,537,533,529,525,520,514,508,503,500,494,491,487,483,478,472,466,460,452,444,436,427,418,,1,1,1,1,1,1,1,1,1,1,1,1,1,1,1,1,1,1,1,1,1,1,1,1,1,1,1,1,1,1,0
17050001,2,01/08/2013,,1,1,691,573,633,1,31,1,1,1,0,0,691,686,681,677,673,669,665,661,657,654,651,649,645,640,637,634,629,627,623,619,615,613,609,605,603,599,593,587,584,580,573,1,1,1,1,1,1,1,1,1,1,1,1,1,1,1,1,1,1,1,1,1,1,1,1,1,1,1,1,1,1,1
17050001,1,01/08/2013,07:00,0,1,692,572,633,1,31,0,0,0,,0,692,688,682,678,674,670,666,662,658,654,652,650,646,642,638,636,630,628,624,620,616,614,610,606,604,600,594,588,584,582,574,1,1,1,1,1,1,1,1,1,1,1,1,1,1,1,1,1,1,1,1,1,1,1,1,1,1,1,1,1,1,1
17050001,1,01/08/2013,17:00,0,1,692,572,633,1,31,0,0,0,,0,690,684,680,676,672,668,664,660,656,654,650,648,644,638,636,632,628,626,622,618,614,612,608,604,602,598,592,586,584,578,572,1,1,1,1,1,1,1,1,1,1,1,1,1,1,1,1,1,1,1,1,1,1,1,1,1,1,1,1,1,1,1
17050001,1,01/08/2013,,1,1,692,572,633,1,31,0,0,0,,0,691,686,681,677,673,669,665,661,657,654,651,649,645,640,637,634,629,627,623,619,615,613,609,605,603,599,593,587,584,580,573,1,1,1,1,1,1,1,1,1,1,1,1,1,1,1,1,1,1,1,1,1,1,1,1,1,1,1,1,1,1,1
17050001,2,01/07/2013,,1,1,770,697,734,1,31,1,1,1,0,0,770,767,764,762,761,756,756,753,751,750,748,745,743,739,737,733,732,730,727,724,721,719,715,713,712,711,708,706,705,701,697,1,1,1,1,1,1,1,1,1,1,1,1,1,1,1,1,1,1,1,1,1,1,1,1,1,1,1,1,1,1,1
17050001,1,01/07/2013,07:00,0,1,770,696,734,1,31,0,0,0,,0,770,768,764,762,762,756,756,754,752,750,748,746,744,740,738,734,732,730,728,724,722,720,716,714,712,712,708,706,706,702,698,1,1,1,1,1,1,1,1,1,1,1,1,1,1,1,1,1,1,1,1,1,1,1,1,1,1,1,1,1,1,1
17050001,1,01/07/2013,17:00,0,1,770,696,734,1,31,0,0,0,,0,770,766,764,762,760,756,756,752,750,750,748,744,742,738,736,732,732,730,726,724,720,718,714,712,712,710,708,706,704,700,696,1,1,1,1,1,1,1,1,1,1,1,1,1,1,1,1,1,1,1,1,1,1,1,1,1,1,1,1,1,1,1
17050001,1,01/07/2013,,1,1,770,696,734,1,31,0,0,0,,0,770,767,764,762,761,756,756,753,751,750,748,745,743,739,737,733,732,730,727,724,721,719,715,713,712,711,708,706,705,701,697,1,1,1,1,1,1,1,1,1,1,1,1,1,1,1,1,1,1,1,1,1,1,1,1,1,1,1,1,1,1,1
17050001,2,01/06/2013,,1,1,820,770,795,1,30,1,1,1,0,0,820,818,818,815,813,812,808,807,806,803,801,800,798,798,796,794,793,791,787,785,784,783,781,780,778,778,775,773,772,770,,1,1,1,1,1,1,1,1,1,1,1,1,1,1,1,1,1,1,1,1,1,1,1,1,1,1,1,1,1,1,
17050001,1,01/06/2013,07:00,0,1,820,770,795,1,30,0,0,0,,0,820,818,818,816,814,812,808,808,806,804,802,800,798,798,796,794,794,792,788,786,784,784,782,780,778,778,776,774,772,770,,1,1,1,1,1,1,1,1,1,1,1,1,1,1,1,1,1,1,1,1,1,1,1,1,1,1,1,1,1,1,0
17050001,1,01/06/2013,17:00,0,1,820,770,795,1,30,0,0,0,,0,820,818,818,814,812,812,808,806,806,802,800,800,798,798,796,794,792,790,786,784,784,782,780,780,778,778,774,772,772,770,,1,1,1,1,1,1,1,1,1,1,1,1,1,1,1,1,1,1,1,1,1,1,1,1,1,1,1,1,1,1,0
17050001,1,01/06/2013,,1,1,820,770,795,1,30,0,0,0,,0,820,818,818,815,813,812,808,807,806,803,801,800,798,798,796,794,793,791,787,785,784,783,781,780,778,778,775,773,772,770,,1,1,1,1,1,1,1,1,1,1,1,1,1,1,1,1,1,1,1,1,1,1,1,1,1,1,1,1,1,1,0
17050001,2,01/05/2013,,1,1,820,777,803,28,1,1,1,1,0,0,777,781,784,786,788,790,791,794,794,798,798,799,800,802,803,806,809,810,809,808,808,809,810,810,815,816,818,820,819,820,820,1,1,1,1,1,1,1,1,1,1,1,1,1,1,1,1,1,1,1,1,1,1,1,1,1,1,1,1,1,1,1
17050001,1,01/05/2013,17:00,0,1,820,776,803,28,1,0,0,0,,0,778,782,784,786,788,790,792,794,794,798,798,800,800,802,804,806,810,810,810,808,808,810,810,810,816,816,818,820,820,820,820,1,1,1,1,1,1,1,1,1,1,1,1,1,1,1,1,1,1,1,1,1,1,1,1,1,1,1,1,1,1,1
17050001,1,01/05/2013,07:00,0,1,820,776,803,28,1,0,0,0,,0,776,780,784,786,788,790,790,794,794,798,798,798,800,802,802,806,808,810,808,808,808,808,810,810,814,816,818,820,818,820,820,1,1,1,1,1,1,1,1,1,1,1,1,1,1,1,1,1,1,1,1,1,1,1,1,1,1,1,1,1,1,1
17050001,1,01/05/2013,,1,1,820,776,803,28,1,0,0,0,,0,777,781,784,786,788,790,791,794,794,798,798,799,800,802,803,806,809,810,809,808,808,809,810,810,815,816,818,820,819,820,820,1,1,1,1,1,1,1,1,1,1,1,1,1,1,1,1,1,1,1,1,1,1,1,1,1,1,1,1,1,1,1
17050001,2,01/04/2013,,1,1,773,717,750,30,1,1,1,1,0,0,717,720,723,726,730,732,732,735,739,743,746,748,751,752,754,755,758,758,758,760,762,762,762,762,763,766,769,770,772,773,,1,1,1,1,1,1,1,1,1,1,1,1,1,1,1,1,1,1,1,1,1,1,1,1,1,1,1,1,1,1,
17050001,1,01/04/2013,17:00,0,1,774,716,750,30,1,0,0,0,,0,718,720,724,726,730,732,732,736,740,744,746,748,752,752,754,756,758,758,758,760,764,762,762,762,762,766,770,770,772,774,,1,1,1,1,1,1,1,1,1,1,1,1,1,1,1,1,1,1,1,1,1,1,1,1,1,1,1,1,1,1,0
17050001,1,01/04/2013,07:00,0,1,774,716,750,30,1,0,0,0,,0,716,720,722,726,730,732,732,734,738,742,746,748,750,752,754,754,758,758,758,760,760,762,762,762,764,766,768,770,772,772,,1,1,1,1,1,1,1,1,1,1,1,1,1,1,1,1,1,1,1,1,1,1,1,1,1,1,1,1,1,1,0
17050001,1,01/04/2013,,1,1,774,716,750,30,1,0,0,0,,0,717,720,723,726,730,732,732,735,739,743,746,748,751,752,754,755,758,758,758,760,762,762,762,762,763,766,769,770,772,773,,1,1,1,1,1,1,1,1,1,1,1,1,1,1,1,1,1,1,1,1,1,1,1,1,1,1,1,1,1,1,0
17050001,2,01/03/2013,,1,1,712,572,645,31,1,1,1,1,0,0,572,579,585,592,595,600,605,611,614,619,623,629,633,637,643,647,651,657,666,669,670,672,674,682,685,688,691,695,703,709,712,1,1,1,1,1,1,1,1,1,1,1,1,1,1,1,1,1,1,1,1,1,1,1,1,1,1,1,1,1,1,1
17050001,1,01/03/2013,17:00,0,1,714,570,645,31,1,0,0,0,,0,574,580,586,594,596,600,606,612,614,620,624,630,634,638,644,648,652,658,668,670,670,672,674,684,686,688,692,696,706,710,714,1,1,1,1,1,1,1,1,1,1,1,1,1,1,1,1,1,1,1,1,1,1,1,1,1,1,1,1,1,1,1
17050001,1,01/03/2013,07:00,0,1,714,570,645,31,1,0,0,0,,0,570,578,584,590,594,600,604,610,614,618,622,628,632,636,642,646,650,656,664,668,670,672,674,680,684,688,690,694,700,708,710,1,1,1,1,1,1,1,1,1,1,1,1,1,1,1,1,1,1,1,1,1,1,1,1,1,1,1,1,1,1,1
17050001,1,01/03/2013,,1,1,714,570,645,31,1,0,0,0,,0,572,579,585,592,595,600,605,611,614,619,623,629,633,637,643,647,651,657,666,669,670,672,674,682,685,688,691,695,703,709,712,1,1,1,1,1,1,1,1,1,1,1,1,1,1,1,1,1,1,1,1,1,1,1,1,1,1,1,1,1,1,1
17050001,2,01/02/2013,,1,1,565,416,488,28,1,1,1,1,0,0,416,420,422,425,429,432,441,446,451,457,465,474,485,489,497,501,505,509,515,520,525,530,537,541,548,554,560,565,,,,1,1,1,1,1,1,1,1,1,1,1,1,1,1,1,1,1,1,1,1,1,1,1,1,1,1,1,1,,,
17050001,1,01/02/2013,17:00,0,1,566,416,488,28,1,0,0,0,,0,416,420,422,426,430,434,442,446,452,458,466,478,484,490,498,502,506,510,516,522,526,532,538,542,550,556,560,566,,,,1,1,1,1,1,1,1,1,1,1,1,1,1,1,1,1,1,1,1,1,1,1,1,1,1,1,1,1,0,0,0
17050001,1,01/02/2013,07:00,0,1,566,416,488,28,1,0,0,0,,0,416,420,422,424,428,430,440,446,450,456,464,470,486,488,496,500,504,508,514,518,524,528,536,540,546,552,560,564,,,,1,1,1,1,1,1,1,1,1,1,1,1,1,1,1,1,1,1,1,1,1,1,1,1,1,1,1,1,0,0,0
17050001,1,01/02/2013,,1,1,566,416,488,28,1,0,0,0,,0,416,420,422,425,429,432,441,446,451,457,465,474,485,489,497,501,505,509,515,520,525,530,537,541,548,554,560,565,,,,1,1,1,1,1,1,1,1,1,1,1,1,1,1,1,1,1,1,1,1,1,1,1,1,1,1,1,1,0,0,0
17050001,2,01/01/2013,,1,1,413,193,303,31,1,1,1,1,0,0,193,199,204,211,215,219,226,235,244,254,265,276,284,294,302,309,316,321,329,337,342,347,352,363,369,376,386,394,403,409,413,1,1,1,1,1,1,1,1,1,1,1,1,1,1,1,1,1,1,1,1,1,1,1,1,1,1,1,1,1,1,1
17050001,1,01/01/2013,17:00,0,1,414,192,303,31,1,0,0,0,,0,194,200,206,212,216,220,228,238,246,256,268,278,286,296,304,308,316,322,332,338,344,348,354,366,370,378,388,396,406,410,414,1,1,1,1,1,1,1,1,1,1,1,1,1,1,1,1,1,1,1,1,1,1,1,1,1,1,1,1,1,1,1
17050001,1,01/01/2013,07:00,0,1,414,192,303,31,1,0,0,0,,0,192,198,202,210,214,218,224,232,242,252,262,274,282,292,300,310,316,320,326,336,340,346,350,360,368,374,384,392,400,408,412,1,1,1,1,1,1,1,1,1,1,1,1,1,1,1,1,1,1,1,1,1,1,1,1,1,1,1,1,1,1,1
17050001,1,01/01/2013,,1,1,414,192,303,31,1,0,0,0,,0,193,199,204,211,215,219,226,235,244,254,265,276,284,294,302,309,316,321,329,337,342,347,352,363,369,376,386,394,403,409,413,1,1,1,1,1,1,1,1,1,1,1,1,1,1,1,1,1,1,1,1,1,1,1,1,1,1,1,1,1,1,1
17050001,2,01/12/2012,,1,1,187,55,121,31,1,1,1,1,0,0,55,60,59,58,58,60,64,71,76,83,93,104,114,125,134,140,145,145,146,148,150,151,152,153,156,159,166,171,177,182,187,1,1,1,1,1,1,1,1,1,1,1,1,1,1,1,1,1,1,1,1,1,1,1,1,1,1,1,1,1,1,1
17050001,1,01/12/2012,17:00,0,1,188,54,121,31,1,0,0,0,,0,56,58,58,56,58,60,66,72,78,86,96,106,118,128,136,140,144,144,144,150,150,150,152,154,156,160,168,172,178,184,188,,,,,,,,,,,,,,,,,,,,,,,,,,,,,,,
17050001,1,01/12/2012,07:00,0,1,188,54,121,31,1,0,0,0,,0,54,62,60,60,58,60,62,70,74,80,90,102,110,122,132,140,146,146,148,146,150,152,152,152,156,158,164,170,176,180,186,,,,,,,,,,,,,,,,,,,,,,,,,,,,,,,
17050001,1,01/12/2012,,1,1,188,54,121,31,1,0,0,0,,0,55,60,59,58,58,60,64,71,76,83,93,104,114,125,134,140,145,145,146,148,150,151,152,153,156,159,166,171,177,182,187,,,,,,,,,,,,,,,,,,,,,,,,,,,,,,,
17050001,2,01/11/2012,,1,1,90,46,70,1,26,1,1,1,0,0,90,86,83,79,76,73,71,70,70,70,71,75,78,81,84,87,90,87,77,70,64,59,57,50,48,46,47,49,50,53,,1,1,1,1,1,1,1,1,1,1,1,1,1,1,1,1,1,1,1,1,1,1,1,1,1,1,1,1,1,1,
17050001,1,01/11/2012,17:00,0,1,90,46,70,1,26,0,0,0,,0,90,84,80,78,74,72,70,70,70,70,72,76,78,82,84,88,90,84,74,68,62,58,56,50,48,46,48,50,52,54,,1,1,1,1,1,1,1,1,1,1,1,1,1,1,1,1,1,1,1,1,1,1,1,1,1,1,1,1,1,1,0
17050001,1,01/11/2012,07:00,0,1,90,46,70,1,26,0,0,0,,0,90,88,86,80,78,74,72,70,70,70,70,74,78,80,84,86,90,90,80,72,66,60,58,50,48,46,46,48,48,52,,1,1,1,1,1,1,1,1,1,1,1,1,1,1,1,1,1,1,1,1,1,1,1,1,1,1,1,1,1,1,0
17050001,1,01/11/2012,,1,1,90,46,70,1,26,0,0,0,,0,90,86,83,79,76,73,71,70,70,70,71,75,78,81,84,87,90,87,77,70,64,59,57,50,48,46,47,49,50,53,,1,1,1,1,1,1,1,1,1,1,1,1,1,1,1,1,1,1,1,1,1,1,1,1,1,1,1,1,1,1,0
17050001,2,01/10/2012,,1,1,236,84,127,1,25,1,1,1,0,0,236,226,216,204,193,180,166,153,144,128,119,113,108,109,111,111,113,114,113,110,101,94,88,86,84,85,85,86,87,86,89,1,1,1,1,1,1,1,1,1,1,1,1,1,1,1,1,1,1,1,1,1,1,1,1,1,1,1,1,1,1,1
17050001,1,01/10/2012,07:00,0,1,238,84,127,1,25,0,0,0,,0,238,228,220,208,198,184,170,156,148,130,120,114,108,108,110,110,112,114,116,114,104,96,88,86,84,84,84,86,86,86,88,1,1,1,1,1,1,1,1,1,1,1,1,1,1,1,1,1,1,1,1,1,1,1,1,1,1,1,1,1,1,1
17050001,1,01/10/2012,17:00,0,1,238,84,127,1,25,0,0,0,,0,234,224,212,200,188,176,162,150,140,126,118,112,108,110,112,112,114,114,110,106,98,92,88,86,84,86,86,86,88,86,90,1,1,1,1,1,1,1,1,1,1,1,1,1,1,1,1,1,1,1,1,1,1,1,1,1,1,1,1,1,1,1
17050001,1,01/10/2012,,1,1,238,84,127,1,25,0,0,0,,0,236,226,216,204,193,180,166,153,144,128,119,113,108,109,111,111,113,114,113,110,101,94,88,86,84,85,85,86,87,86,89,1,1,1,1,1,1,1,1,1,1,1,1,1,1,1,1,1,1,1,1,1,1,1,1,1,1,1,1,1,1,1
17050001,2,01/09/2012,,1,1,532,246,388,1,30,1,1,1,0,0,532,524,516,503,496,488,479,467,451,446,435,421,409,399,392,382,373,365,357,347,335,324,312,301,287,279,269,260,253,246,,1,1,1,1,1,1,1,1,1,1,1,1,1,1,1,1,1,1,1,1,1,1,1,1,1,1,1,1,1,1,
17050001,1,01/09/2012,07:00,0,1,534,244,388,1,30,0,0,0,,0,534,526,518,510,498,490,482,470,450,448,438,424,412,400,394,384,374,366,360,350,338,328,314,304,290,282,272,262,254,248,,1,1,1,1,1,1,1,1,1,1,1,1,1,1,1,1,1,1,1,1,1,1,1,1,1,1,1,1,1,1,0
17050001,1,01/09/2012,17:00,0,1,534,244,388,1,30,0,0,0,,0,530,522,514,496,494,486,476,464,452,444,432,418,406,398,390,380,372,364,354,344,332,320,310,298,284,276,266,258,252,244,,1,1,1,1,1,1,1,1,1,1,1,1,1,1,1,1,1,1,1,1,1,1,1,1,1,1,1,1,1,1,0
17050001,1,01/09/2012,,1,1,534,244,388,1,30,0,0,0,,0,532,524,516,503,496,488,479,467,451,446,435,421,409,399,392,382,373,365,357,347,335,324,312,301,287,279,269,260,253,246,,1,1,1,1,1,1,1,1,1,1,1,1,1,1,1,1,1,1,1,1,1,1,1,1,1,1,1,1,1,1,0
17050001,2,01/08/2012,,1,1,699,538,628,1,31,1,1,1,0,0,699,695,691,689,683,679,674,671,667,661,656,651,646,641,635,630,627,621,619,613,607,601,596,590,584,575,568,559,554,546,538,1,1,1,1,1,1,1,1,1,1,1,1,1,1,1,1,1,1,1,1,1,1,1,1,1,1,1,1,1,1,1
17050001,1,01/08/2012,07:00,0,1,700,536,628,1,31,0,0,0,,0,700,696,692,690,684,680,676,672,668,662,658,652,648,642,636,632,628,622,620,614,608,602,598,592,586,576,570,560,556,548,540,1,1,1,1,1,1,1,1,1,1,1,1,1,1,1,1,1,1,1,1,1,1,1,1,1,1,1,1,1,1,1
17050001,1,01/08/2012,17:00,0,1,700,536,628,1,31,0,0,0,,0,698,694,690,688,682,678,672,670,666,660,654,650,644,640,634,628,626,620,618,612,606,600,594,588,582,574,566,558,552,544,536,1,1,1,1,1,1,1,1,1,1,1,1,1,1,1,1,1,1,1,1,1,1,1,1,1,1,1,1,1,1,1
17050001,1,01/08/2012,,1,1,700,536,628,1,31,0,0,0,,0,699,695,691,689,683,679,674,671,667,661,656,651,646,641,635,630,627,621,619,613,607,601,596,590,584,575,568,559,554,546,538,1,1,1,1,1,1,1,1,1,1,1,1,1,1,1,1,1,1,1,1,1,1,1,1,1,1,1,1,1,1,1
17050001,2,01/07/2012,,1,1,770,703,740,1,31,1,1,1,0,0,770,768,767,765,764,762,762,760,757,755,754,751,749,745,742,741,739,736,733,732,730,728,727,725,721,720,717,715,709,706,703,1,1,1,1,1,1,1,1,1,1,1,1,1,1,1,1,1,1,1,1,1,1,1,1,1,1,1,1,1,1,1
17050001,1,01/07/2012,07:00,0,1,770,702,740,1,31,0,0,0,,0,770,768,768,766,764,762,762,760,758,756,754,752,750,746,742,742,740,736,734,732,730,728,728,726,720,720,718,716,710,706,704,1,1,1,1,1,1,1,1,1,1,1,1,1,1,1,1,1,1,1,1,1,1,1,1,1,1,1,1,1,1,1
17050001,1,01/07/2012,17:00,0,1,770,702,740,1,31,0,0,0,,0,770,768,766,764,764,762,762,760,756,754,754,750,748,744,742,740,738,736,732,732,730,728,726,724,722,720,716,714,708,706,702,1,1,1,1,1,1,1,1,1,1,1,1,1,1,1,1,1,1,1,1,1,1,1,1,1,1,1,1,1,1,1
17050001,1,01/07/2012,,1,1,770,702,740,1,31,0,0,0,,0,770,768,767,765,764,762,762,760,757,755,754,751,749,745,742,741,739,736,733,732,730,728,727,725,721,720,717,715,709,706,703,,,,,,,,,,,,,,,,,,,,,,,,,,,,,,,
17050001,2,01/06/2012,,1,1,825,773,806,1,30,1,1,1,0,0,825,822,823,822,823,823,822,822,821,821,821,819,817,815,812,809,805,801,800,798,795,792,790,788,786,784,782,778,776,773,,1,1,1,1,1,1,1,1,1,1,1,1,1,1,1,1,1,1,1,1,1,1,1,1,1,1,1,1,1,1,
17050001,1,01/06/2012,07:00,0,1,826,772,806,1,30,0,0,0,,0,826,822,822,822,822,824,822,822,820,822,822,820,818,816,812,810,806,802,800,798,796,792,790,788,786,784,782,778,776,774,,,,,,,,,,,,,,,,,,,,,,,,,,,,,,,,0
17050001,1,01/06/2012,17:00,0,1,826,772,806,1,30,0,0,0,,0,824,822,824,822,824,822,822,822,822,820,820,818,816,814,812,808,804,800,800,798,794,792,790,788,786,784,782,778,776,772,,,,,,,,,,,,,,,,,,,,,,,,,,,,,,,,0
17050001,1,01/06/2012,,1,1,826,772,806,1,30,0,0,0,,0,825,822,823,822,823,823,822,822,821,821,821,819,817,815,812,809,805,801,800,798,795,792,790,788,786,784,782,778,776,773,,,,,,,,,,,,,,,,,,,,,,,,,,,,,,,,0
17050001,2,01/05/2012,,1,1,843,819,833,15,1,1,1,1,0,0,819,820,822,825,829,831,833,834,837,840,840,841,842,842,843,843,842,841,840,840,839,835,831,828,828,828,830,828,827,826,826,1,1,1,1,1,1,1,1,1,1,1,1,1,1,1,1,1,1,1,1,1,1,1,1,1,1,1,1,1,1,1
17050001,1,01/05/2012,17:00,0,1,844,818,833,15,1,0,0,0,,0,820,820,822,826,830,832,834,834,838,840,840,842,842,842,844,842,842,840,840,840,838,834,830,828,828,828,830,828,826,826,826,,,,,,,,,,,,,,,,,,,,,,,,,,,,,,,
17050001,1,01/05/2012,07:00,0,1,844,818,833,15,1,0,0,0,,0,818,820,822,824,828,830,832,834,836,840,840,840,842,842,842,844,842,842,840,840,840,836,832,828,828,828,830,828,828,826,826,,,,,,,,,,,,,,,,,,,,,,,,,,,,,,,
17050001,1,01/05/2012,,1,1,844,818,833,15,1,0,0,0,,0,819,820,822,825,829,831,833,834,837,840,840,841,842,842,843,843,842,841,840,840,839,835,831,828,828,828,830,828,827,826,826,,,,,,,,,,,,,,,,,,,,,,,,,,,,,,,
17050001,2,01/04/2012,,1,1,818,766,795,30,1,1,1,1,0,0,766,768,768,771,772,775,777,781,786,788,789,792,795,796,798,801,800,800,801,802,805,804,804,809,813,813,814,815,817,818,,1,1,1,1,1,1,1,1,1,1,1,1,1,1,1,1,1,1,1,1,1,1,1,1,1,1,1,1,1,1,
17050001,1,01/04/2012,17:00,0,1,818,766,795,29,1,0,0,0,,0,766,768,768,772,772,776,778,782,786,788,790,792,796,796,798,802,800,800,802,802,806,804,806,810,814,814,814,816,818,818,,,,,,,,,,,,,,,,,,,,,,,,,,,,,,,,0
17050001,1,01/04/2012,07:00,0,1,818,766,795,29,1,0,0,0,,0,766,768,768,770,772,774,776,780,786,788,788,792,794,796,798,800,800,800,800,802,804,804,802,808,812,812,814,814,816,818,,,,,,,,,,,,,,,,,,,,,,,,,,,,,,,,0
17050001,1,01/04/2012,,1,1,818,766,795,29,1,0,0,0,,0,766,768,768,771,772,775,777,781,786,788,789,792,795,796,798,801,800,800,801,802,805,804,804,809,813,813,814,815,817,818,,,,,,,,,,,,,,,,,,,,,,,,,,,,,,,,0
17050001,2,01/03/2012,,1,1,765,665,722,31,1,1,1,1,0,0,665,669,672,673,677,684,689,691,697,705,710,714,720,722,725,726,730,733,737,739,741,745,748,751,753,756,759,761,762,764,765,1,1,1,1,1,1,1,1,1,1,1,1,1,1,1,1,1,1,1,1,1,1,1,1,1,1,1,1,1,1,1
17050001,1,01/03/2012,07:00,0,1,766,664,722,31,1,0,0,0,,0,664,668,672,672,676,682,688,690,694,704,710,714,720,722,724,726,730,732,736,738,740,744,748,750,752,756,758,760,762,764,764,,,,,,,,,,,,,,,,,,,,,,,,,,,,,,,
17050001,1,01/03/2012,17:00,0,1,766,664,722,31,1,0,0,0,,0,666,670,672,674,678,686,690,692,700,706,710,714,720,722,726,726,730,734,738,740,742,746,748,752,754,756,760,762,762,764,766,,,,,,,,,,,,,,,,,,,,,,,,,,,,,,,
17050001,1,01/03/2012,,1,1,766,664,722,31,1,0,0,0,,0,665,669,672,673,677,684,689,691,697,705,710,714,720,722,725,726,730,733,737,739,741,745,748,751,753,756,759,761,762,764,765,,,,,,,,,,,,,,,,,,,,,,,,,,,,,,,
17050001,2,01/02/2012,,1,1,660,506,583,29,1,1,1,1,0,0,506,511,516,522,526,532,538,543,549,555,561,568,574,581,588,595,596,599,605,608,611,618,624,628,636,642,647,655,660,,,1,1,1,1,1,1,1,1,1,1,1,1,1,1,1,1,1,1,1,1,1,1,1,1,1,1,1,1,1,,
17050001,1,01/02/2012,07:00,0,1,660,506,583,29,1,0,0,0,,0,506,510,516,520,524,530,536,542,548,554,560,566,574,578,586,594,596,598,604,608,610,616,622,626,634,642,646,654,660,,,1,1,1,1,1,1,1,1,1,1,1,1,1,1,1,1,1,1,1,1,1,1,1,1,1,1,1,1,1,0,0
17050001,1,01/02/2012,17:00,0,1,660,506,583,29,1,0,0,0,,0,506,512,516,524,528,534,540,544,550,556,562,570,574,584,590,596,596,600,606,608,612,620,626,630,638,642,648,656,660,,,1,1,1,1,1,1,1,1,1,1,1,1,1,1,1,1,1,1,1,1,1,1,1,1,1,1,1,1,1,0,0
17050001,1,01/02/2012,,1,1,660,506,583,29,1,0,0,0,,0,506,511,516,522,526,532,538,543,549,555,561,568,574,581,588,595,596,599,605,608,611,618,624,628,636,642,647,655,660,,,1,1,1,1,1,1,1,1,1,1,1,1,1,1,1,1,1,1,1,1,1,1,1,1,1,1,1,1,1,0,0
17050001,2,01/01/2012,,1,1,500,274,383,31,1,1,1,1,0,0,274,278,283,291,296,299,308,316,324,335,345,353,358,368,379,386,393,399,405,413,418,426,435,446,455,463,469,478,486,492,500,1,1,1,1,1,1,1,1,1,1,1,1,1,1,1,1,1,1,1,1,1,1,1,1,1,1,1,1,1,1,1
17050001,1,01/01/2012,07:00,0,1,502,274,383,31,1,0,0,0,,0,274,276,282,290,296,298,306,314,322,332,344,352,358,364,378,384,390,398,404,412,416,424,432,444,454,462,468,476,486,490,498,1,1,1,1,1,1,1,1,1,1,1,1,1,1,1,1,1,1,1,1,1,1,1,1,1,1,1,1,1,1,1
17050001,1,01/01/2012,17:00,0,1,502,274,383,31,1,0,0,0,,0,274,280,284,292,296,300,310,318,326,338,346,354,358,372,380,388,396,400,406,414,420,428,438,448,456,464,470,480,486,494,502,1,1,1,1,1,1,1,1,1,1,1,1,1,1,1,1,1,1,1,1,1,1,1,1,1,1,1,1,1,1,1
17050001,1,01/01/2012,,1,1,502,274,383,31,1,0,0,0,,0,274,278,283,291,296,299,308,316,324,335,345,353,358,368,379,386,393,399,405,413,418,426,435,446,455,463,469,478,486,492,500,1,1,1,1,1,1,1,1,1,1,1,1,1,1,1,1,1,1,1,1,1,1,1,1,1,1,1,1,1,1,1
17050001,2,01/12/2011,,1,1,270,136,194,31,2,1,1,1,0,0,138,136,138,142,144,146,151,158,164,169,175,179,185,189,191,193,196,196,198,200,203,209,214,225,236,243,251,258,263,266,270,1,1,1,1,1,1,1,1,1,1,1,1,1,1,1,1,1,1,1,1,1,1,1,1,1,1,1,1,1,1,1
17050001,1,01/12/2011,07:00,0,1,270,136,194,31,1,0,0,0,,0,140,136,138,140,144,146,150,156,164,168,174,178,184,190,194,194,198,196,198,200,202,208,212,222,234,242,250,258,264,266,270,1,1,1,1,1,1,1,1,1,1,1,1,1,1,1,1,1,1,1,1,1,1,1,1,1,1,1,1,1,1,1
17050001,1,01/12/2011,17:00,0,1,270,136,194,31,1,0,0,0,,0,136,136,138,144,144,146,152,160,164,170,176,180,186,188,188,192,194,196,198,200,204,210,216,228,238,244,252,258,262,266,270,1,1,1,1,1,1,1,1,1,1,1,1,1,1,1,1,1,1,1,1,1,1,1,1,1,1,1,1,1,1,1
17050001,1,01/12/2011,,1,1,270,136,194,31,1,0,0,0,,0,138,136,138,142,144,146,151,158,164,169,175,179,185,189,191,193,196,196,198,200,203,209,214,225,236,243,251,258,263,266,270,1,1,1,1,1,1,1,1,1,1,1,1,1,1,1,1,1,1,1,1,1,1,1,1,1,1,1,1,1,1,1
17050001,2,01/11/2011,,1,1,141,110,125,1,19,1,1,1,0,0,141,135,134,133,130,128,128,128,125,124,124,124,124,125,123,117,113,112,110,110,110,113,116,120,125,130,135,138,137,138,,1,1,1,1,1,1,1,1,1,1,1,1,1,1,1,1,1,1,1,1,1,1,1,1,1,1,1,1,1,1,
17050001,1,01/11/2011,17:00,0,1,144,110,125,1,17,0,0,0,,0,138,134,134,132,130,128,128,128,124,124,124,124,124,124,120,114,110,112,110,110,110,114,116,122,126,132,136,138,134,136,,,,,,,,,,,,,,,,,,,,,,,,,,,,,,,,0
17050001,1,01/11/2011,07:00,0,1,144,110,125,1,17,0,0,0,,0,144,136,134,134,130,128,128,128,126,124,124,124,124,126,126,120,116,112,110,110,110,112,116,118,124,128,134,138,140,140,,,,,,,,,,,,,,,,,,,,,,,,,,,,,,,,0
17050001,1,01/11/2011,,1,1,144,110,125,1,17,0,0,0,,0,141,135,134,133,130,128,128,128,125,124,124,124,124,125,123,117,113,112,110,110,110,113,116,120,125,130,135,138,137,138,,,,,,,,,,,,,,,,,,,,,,,,,,,,,,,,0
17050001,2,01/10/2011,,1,1,161,84,109,1,20,1,1,1,0,0,161,155,140,128,115,107,101,96,92,90,90,91,93,94,96,93,94,91,86,84,85,84,90,96,105,118,129,138,143,145,148,1,1,1,1,1,1,1,1,1,1,1,1,1,1,1,1,1,1,1,1,1,1,1,1,1,1,1,1,1,1,1
17050001,1,01/10/2011,17:00,0,1,162,84,109,1,19,0,0,0,,0,160,150,138,126,112,106,100,96,92,90,90,92,94,94,96,90,94,88,84,84,86,84,92,98,108,122,132,140,144,144,144,,,,,,,,,,,,,,,,,,,,,,,,,,,,,,,
17050001,1,01/10/2011,07:00,0,1,162,84,109,1,19,0,0,0,,0,162,160,142,130,118,108,102,96,92,90,90,90,92,94,96,96,94,94,88,84,84,84,88,94,102,114,126,136,142,146,152,,,,,,,,,,,,,,,,,,,,,,,,,,,,,,,
17050001,1,01/10/2011,,1,1,162,84,109,1,19,0,0,0,,0,161,155,140,128,115,107,101,96,92,90,90,91,93,94,96,93,94,91,86,84,85,84,90,96,105,118,129,138,143,145,148,,,,,,,,,,,,,,,,,,,,,,,,,,,,,,,
17050001,2,01/09/2011,,1,1,511,168,347,1,30,1,1,1,0,0,511,506,499,490,482,471,462,449,437,426,413,403,391,379,367,349,334,319,302,284,267,251,239,227,215,204,193,182,176,168,,1,1,1,1,1,1,1,1,1,1,1,1,1,1,1,1,1,1,1,1,1,1,1,1,1,1,1,1,1,1,
17050001,1,01/09/2011,17:00,0,1,512,166,347,1,30,0,0,0,,0,510,504,498,488,480,468,460,446,434,424,410,400,388,376,364,346,330,316,298,280,262,248,236,224,212,202,190,180,174,166,,,,,,,,,,,,,,,,,,,,,,,,,,,,,,,,0
17050001,1,01/09/2011,07:00,0,1,512,166,347,1,30,0,0,0,,0,512,508,500,492,484,474,464,452,440,428,416,406,394,382,370,352,338,322,306,288,272,254,242,230,218,206,196,184,178,170,,,,,,,,,,,,,,,,,,,,,,,,,,,,,,,,0
17050001,1,01/09/2011,,1,1,512,166,347,1,30,0,0,0,,0,511,506,499,490,482,471,462,449,437,426,413,403,391,379,367,349,334,319,302,284,267,251,239,227,215,204,193,182,176,168,,,,,,,,,,,,,,,,,,,,,,,,,,,,,,,,0
17050001,2,01/08/2011,,1,1,663,523,600,1,31,1,1,1,0,0,663,660,655,653,651,649,645,641,636,631,625,620,615,611,606,603,599,595,590,585,580,573,567,561,557,551,546,540,533,527,523,1,1,1,1,1,1,1,1,1,1,1,1,1,1,1,1,1,1,1,1,1,1,1,1,1,1,1,1,1,1,1
17050001,1,01/08/2011,17:00,0,1,664,522,600,1,31,0,0,0,,0,662,658,654,652,650,648,644,640,634,630,624,618,614,610,604,602,598,594,588,584,578,572,566,560,556,550,544,538,532,524,522,1,1,1,1,1,1,1,1,1,1,1,1,1,1,1,1,1,1,1,1,1,1,1,1,1,1,1,1,1,1,1
17050001,1,01/08/2011,07:00,0,1,664,522,600,1,31,0,0,0,,0,664,662,656,654,652,650,646,642,638,632,626,622,616,612,608,604,600,596,592,586,582,574,568,562,558,552,548,542,534,530,524,1,1,1,1,1,1,1,1,1,1,1,1,1,1,1,1,1,1,1,1,1,1,1,1,1,1,1,1,1,1,1
17050001,1,01/08/2011,,1,1,664,522,600,1,31,0,0,0,,0,663,660,655,653,651,649,645,641,636,631,625,620,615,611,606,603,599,595,590,585,580,573,567,561,557,551,546,540,533,527,523,1,1,1,1,1,1,1,1,1,1,1,1,1,1,1,1,1,1,1,1,1,1,1,1,1,1,1,1,1,1,1
17050001,2,01/07/2011,,1,1,744,666,713,1,31,1,1,1,0,0,744,742,741,740,739,736,736,736,732,730,729,727,725,723,721,717,715,713,709,707,703,700,696,692,689,685,681,677,672,668,666,1,1,1,1,1,1,1,1,1,1,1,1,1,1,1,1,1,1,1,1,1,1,1,1,1,1,1,1,1,1,1
17050001,1,01/07/2011,07:00,0,1,744,666,713,1,31,0,0,0,,0,744,742,742,740,740,736,736,736,734,730,730,728,726,724,722,718,716,714,710,708,704,700,696,692,690,686,682,678,674,668,666,1,1,1,1,1,1,1,1,1,1,1,1,1,1,1,1,1,1,1,1,1,1,1,1,1,1,1,1,1,1,1
17050001,1,01/07/2011,17:00,0,1,744,666,713,1,31,0,0,0,,0,744,742,740,740,738,736,736,736,730,730,728,726,724,722,720,716,714,712,708,706,702,700,696,692,688,684,680,676,670,668,666,1,1,1,1,1,1,1,1,1,1,1,1,1,1,1,1,1,1,1,1,1,1,1,1,1,1,1,1,1,1,1
17050001,1,01/07/2011,,1,1,744,666,713,1,31,0,0,0,,0,744,742,741,740,739,736,736,736,732,730,729,727,725,723,721,717,715,713,709,707,703,700,696,692,689,685,681,677,672,668,666,1,1,1,1,1,1,1,1,1,1,1,1,1,1,1,1,1,1,1,1,1,1,1,1,1,1,1,1,1,1,1
17050001,2,01/06/2011,,1,1,780,745,768,1,30,1,1,1,0,0,780,780,780,780,779,776,776,776,775,774,773,772,772,772,772,770,770,768,767,766,763,762,760,759,755,753,752,751,749,745,,1,1,1,1,1,1,1,1,1,1,1,1,1,1,1,1,1,1,1,1,1,1,1,1,1,1,1,1,1,1,
17050001,1,01/06/2011,07:00,0,1,780,744,768,1,30,0,0,0,,0,780,780,780,780,780,776,776,776,776,774,774,772,772,772,772,770,770,768,768,766,764,762,760,760,756,754,752,752,750,746,,,,,,,,,,,,,,,,,,,,,,,,,,,,,,,,0
17050001,1,01/06/2011,17:00,0,1,780,744,768,1,30,0,0,0,,0,780,780,780,780,778,776,776,776,774,774,772,772,772,772,772,770,770,768,766,766,762,762,760,758,754,752,752,750,748,744,,,,,,,,,,,,,,,,,,,,,,,,,,,,,,,,0
17050001,1,01/06/2011,,1,1,780,744,768,1,30,0,0,0,,0,780,780,780,780,779,776,776,776,775,774,773,772,772,772,772,770,770,768,767,766,763,762,760,759,755,753,752,751,749,745,,,,,,,,,,,,,,,,,,,,,,,,,,,,,,,,0
17050001,2,01/05/2011,,1,1,779,748,767,31,1,1,1,1,0,0,748,749,753,753,757,758,760,760,760,760,760,760,764,764,764,766,767,771,772,774,775,775,776,777,778,778,778,778,778,778,779,1,1,1,1,1,1,1,1,1,1,1,1,1,1,1,1,1,1,1,1,1,1,1,1,1,1,1,1,1,1,1
17050001,1,01/05/2011,07:00,0,1,780,748,767,31,1,0,0,0,,0,748,748,752,752,756,758,760,760,760,760,760,760,764,764,764,766,766,770,772,774,774,774,776,776,778,778,778,778,778,778,778,1,1,1,1,1,1,1,1,1,1,1,1,1,1,1,1,1,1,1,1,1,1,1,1,1,1,1,1,1,1,1
17050001,1,01/05/2011,17:00,0,1,780,748,767,31,1,0,0,0,,0,748,750,754,754,758,758,760,760,760,760,760,760,764,764,764,766,768,772,772,774,776,776,776,778,778,778,778,778,778,778,780,1,1,1,1,1,1,1,1,1,1,1,1,1,1,1,1,1,1,1,1,1,1,1,1,1,1,1,1,1,1,1
17050001,1,01/05/2011,,1,1,780,748,767,31,1,0,0,0,,0,748,749,753,753,757,758,760,760,760,760,760,760,764,764,764,766,767,771,772,774,775,775,776,777,778,778,778,778,778,778,779,1,1,1,1,1,1,1,1,1,1,1,1,1,1,1,1,1,1,1,1,1,1,1,1,1,1,1,1,1,1,1
17050001,2,01/04/2011,,1,1,747,645,699,30,1,1,1,1,0,0,645,652,655,657,660,662,665,673,676,679,681,684,689,691,696,697,702,709,714,716,719,724,730,732,735,738,741,742,745,747,,1,1,1,1,1,1,1,1,1,1,1,1,1,1,1,1,1,1,1,1,1,1,1,1,1,1,1,1,1,1,
17050001,1,01/04/2011,07:00,0,1,748,644,699,30,1,0,0,0,,0,644,652,654,656,660,662,664,672,676,678,680,682,688,690,696,696,702,708,712,716,718,722,730,732,734,738,740,742,744,746,,1,1,1,1,1,1,1,1,1,1,1,1,1,1,1,1,1,1,1,1,1,1,1,1,1,1,1,1,1,1,0
17050001,1,01/04/2011,17:00,0,1,748,644,699,30,1,0,0,0,,0,646,652,656,658,660,662,666,674,676,680,682,686,690,692,696,698,702,710,716,716,720,726,730,732,736,738,742,742,746,748,,1,1,1,1,1,1,1,1,1,1,1,1,1,1,1,1,1,1,1,1,1,1,1,1,1,1,1,1,1,1,0
17050001,1,01/04/2011,,1,1,748,644,699,30,1,0,0,0,,0,645,652,655,657,660,662,665,673,676,679,681,684,689,691,696,697,702,709,714,716,719,724,730,732,735,738,741,742,745,747,,1,1,1,1,1,1,1,1,1,1,1,1,1,1,1,1,1,1,1,1,1,1,1,1,1,1,1,1,1,1,0
17050001,2,01/03/2011,,1,1,643,510,579,31,1,1,1,1,0,0,510,512,519,523,530,537,540,543,547,552,559,564,566,569,576,578,581,587,590,597,600,606,614,617,621,626,630,634,638,640,643,1,1,1,1,1,1,1,1,1,1,1,1,1,1,1,1,1,1,1,1,1,1,1,1,1,1,1,1,1,1,1
17050001,1,01/03/2011,07:00,0,1,644,510,579,31,1,0,0,0,,0,510,512,518,522,530,536,538,542,546,550,558,564,566,568,574,578,580,586,590,596,598,604,612,616,620,624,630,632,638,640,642,1,1,1,1,1,1,1,1,1,1,1,1,1,1,1,1,1,1,1,1,1,1,1,1,1,1,1,1,1,1,1
17050001,1,01/03/2011,17:00,0,1,644,510,579,31,1,0,0,0,,0,510,512,520,524,530,538,542,544,548,554,560,564,566,570,578,578,582,588,590,598,602,608,616,618,622,628,630,636,638,640,644,1,1,1,1,1,1,1,1,1,1,1,1,1,1,1,1,1,1,1,1,1,1,1,1,1,1,1,1,1,1,1
17050001,1,01/03/2011,,1,1,644,510,579,31,1,0,0,0,,0,510,512,519,523,530,537,540,543,547,552,559,564,566,569,576,578,581,587,590,597,600,606,614,617,621,626,630,634,638,640,643,1,1,1,1,1,1,1,1,1,1,1,1,1,1,1,1,1,1,1,1,1,1,1,1,1,1,1,1,1,1,1
17050001,2,01/02/2011,,1,1,508,352,430,28,1,1,1,1,0,0,352,358,365,372,380,386,394,400,405,411,413,414,417,423,427,432,438,447,453,459,466,471,477,483,488,496,502,508,,,,1,1,1,1,1,1,1,1,1,1,1,1,1,1,1,1,1,1,1,1,1,1,1,1,1,1,1,1,,,
17050001,1,01/02/2011,07:00,0,1,508,350,430,28,1,0,0,0,,0,350,356,364,370,378,384,392,400,404,410,412,414,416,422,426,430,436,446,450,458,464,470,476,482,486,494,500,508,,,,1,1,1,1,1,1,1,1,1,1,1,1,1,1,1,1,1,1,1,1,1,1,1,1,1,1,1,1,0,0,0
17050001,1,01/02/2011,17:00,0,1,508,350,430,28,1,0,0,0,,0,354,360,366,374,382,388,396,400,406,412,414,414,418,424,428,434,440,448,456,460,468,472,478,484,490,498,504,508,,,,1,1,1,1,1,1,1,1,1,1,1,1,1,1,1,1,1,1,1,1,1,1,1,1,1,1,1,1,0,0,0
17050001,1,01/02/2011,,1,1,508,350,430,28,1,0,0,0,,0,352,358,365,372,380,386,394,400,405,411,413,414,417,423,427,432,438,447,453,459,466,471,477,483,488,496,502,508,,,,1,1,1,1,1,1,1,1,1,1,1,1,1,1,1,1,1,1,1,1,1,1,1,1,1,1,1,1,0,0,0
17050001,2,01/01/2011,,1,1,343,188,257,31,1,1,1,1,0,0,188,190,195,195,199,207,211,215,218,222,226,230,232,236,239,243,249,256,264,275,287,293,300,306,313,320,325,331,335,337,343,1,1,1,1,1,1,1,1,1,1,1,1,1,1,1,1,1,1,1,1,1,1,1,1,1,1,1,1,1,1,1
17050001,1,01/01/2011,07:00,0,1,344,186,257,31,1,0,0,0,,0,186,190,192,194,198,206,210,214,218,222,226,230,232,234,238,242,248,254,262,272,284,292,300,306,312,320,324,330,334,336,342,1,1,1,1,1,1,1,1,1,1,1,1,1,1,1,1,1,1,1,1,1,1,1,1,1,1,1,1,1,1,1
17050001,1,01/01/2011,17:00,0,1,344,186,257,31,1,0,0,0,,0,190,190,198,196,200,208,212,216,218,222,226,230,232,238,240,244,250,258,266,278,290,294,300,306,314,320,326,332,336,338,344,1,1,1,1,1,1,1,1,1,1,1,1,1,1,1,1,1,1,1,1,1,1,1,1,1,1,1,1,1,1,1
17050001,1,01/01/2011,,1,1,344,186,257,31,1,0,0,0,,0,188,190,195,195,199,207,211,215,218,222,226,230,232,236,239,243,249,256,264,275,287,293,300,306,313,320,325,331,335,337,343,1,1,1,1,1,1,1,1,1,1,1,1,1,1,1,1,1,1,1,1,1,1,1,1,1,1,1,1,1,1,1
17050001,2,01/12/2010,,1,1,185,49,121,31,1,1,1,1,0,0,49,55,64,65,78,87,95,101,108,108,109,109,110,110,110,111,116,118,119,125,136,144,151,157,161,165,169,173,179,176,185,1,1,1,1,1,1,1,1,1,1,1,1,1,1,1,1,1,1,1,1,1,1,1,1,1,1,1,1,1,1,1
17050001,1,01/12/2010,07:00,0,1,186,48,121,31,1,0,0,0,,0,48,54,62,60,74,84,92,100,106,110,110,110,110,110,110,110,114,118,118,124,132,142,148,156,160,164,168,170,178,180,184,1,1,1,1,1,1,1,1,1,1,1,1,1,1,1,1,1,1,1,1,1,1,1,1,1,1,1,1,1,1,1
17050001,1,01/12/2010,17:00,0,1,186,48,121,31,1,0,0,0,,0,50,56,66,70,82,90,98,102,110,106,108,108,110,110,110,112,118,118,120,126,140,146,154,158,162,166,170,176,180,172,186,1,1,1,1,1,1,1,1,1,1,1,1,1,1,1,1,1,1,1,1,1,1,1,1,1,1,1,1,1,1,1
17050001,1,01/12/2010,,1,1,186,48,121,31,1,0,0,0,,0,49,55,64,65,78,87,95,101,108,108,109,109,110,110,110,111,116,118,119,125,136,144,151,157,161,165,169,173,179,176,185,1,1,1,1,1,1,1,1,1,1,1,1,1,1,1,1,1,1,1,1,1,1,1,1,1,1,1,1,1,1,1
17050001,2,01/11/2010,,1,1,57,2,31,1,22,1,1,1,0,0,57,52,48,53,35,27,17,9,11,17,24,26,37,42,47,50,44,33,30,21,11,2,13,18,27,32,33,36,35,40,,1,1,1,1,1,1,1,1,1,1,1,1,1,1,1,1,1,1,1,1,1,1,1,1,1,1,1,1,1,1,
17050001,1,01/11/2010,07:00,0,1,58,-2,31,4,22,0,0,0,,0,58,54,50,48,38,32,22,12,10,12,18,22,34,42,46,50,46,34,32,26,14,-2,12,16,26,34,36,38,34,38,,1,1,1,1,1,1,1,1,1,1,1,1,1,1,1,1,1,1,1,1,1,1,1,1,1,1,1,1,1,1,0
17050001,1,01/11/2010,17:00,0,1,58,-2,31,4,22,0,0,0,,0,56,50,46,58,32,22,12,6,12,22,30,30,40,42,48,50,42,32,28,16,8,6,14,20,28,30,30,34,36,42,,1,1,1,1,1,1,1,1,1,1,1,1,1,1,1,1,1,1,1,1,1,1,1,1,1,1,1,1,1,1,0
17050001,1,01/11/2010,,1,1,58,-2,31,4,22,0,0,0,,0,57,52,48,53,35,27,17,9,11,17,24,26,37,42,47,50,44,33,30,21,11,2,13,18,27,32,33,36,35,40,,1,1,1,1,1,1,1,1,1,1,1,1,1,1,1,1,1,1,1,1,1,1,1,1,1,1,1,1,1,1,0
17050001,2,01/10/2010,,1,1,86,3,49,1,15,1,1,1,0,0,86,79,72,63,61,61,63,63,65,63,59,47,33,17,3,11,21,35,46,50,48,50,47,43,37,45,44,49,52,61,60,1,1,1,1,1,1,1,1,1,1,1,1,1,1,1,1,1,1,1,1,1,1,1,1,1,1,1,1,1,1,1
17050001,1,01/10/2010,07:00,0,1,90,0,49,1,15,0,0,0,,0,90,82,74,64,60,60,62,62,64,64,62,54,40,22,6,10,18,32,42,50,50,50,48,46,38,40,42,42,54,60,62,1,1,1,1,1,1,1,1,1,1,1,1,1,1,1,1,1,1,1,1,1,1,1,1,1,1,1,1,1,1,1
17050001,1,01/10/2010,17:00,0,1,90,0,49,1,15,0,0,0,,0,82,76,70,62,62,62,64,64,66,62,56,40,26,12,0,12,24,38,50,50,46,50,46,40,36,50,46,56,50,62,58,1,1,1,1,1,1,1,1,1,1,1,1,1,1,1,1,1,1,1,1,1,1,1,1,1,1,1,1,1,1,1
17050001,1,01/10/2010,,1,1,90,0,49,1,15,0,0,0,,0,86,79,72,63,61,61,63,63,65,63,59,47,33,17,3,11,21,35,46,50,48,50,47,43,37,45,44,49,52,61,60,1,1,1,1,1,1,1,1,1,1,1,1,1,1,1,1,1,1,1,1,1,1,1,1,1,1,1,1,1,1,1
17050001,2,01/09/2010,,1,1,406,99,245,1,30,1,1,1,0,0,406,393,383,369,356,345,335,326,318,308,300,289,278,264,251,233,221,208,194,181,174,166,158,150,146,139,132,123,111,99,,1,1,1,1,1,1,1,1,1,1,1,1,1,1,1,1,1,1,1,1,1,1,1,1,1,1,1,1,1,1,
17050001,1,01/09/2010,07:00,0,1,410,94,245,1,30,0,0,0,,0,410,396,386,372,358,348,336,328,320,310,302,292,282,268,254,238,224,210,198,184,176,168,160,152,148,140,134,126,116,104,,1,1,1,1,1,1,1,1,1,1,1,1,1,1,1,1,1,1,1,1,1,1,1,1,1,1,1,1,1,1,0
17050001,1,01/09/2010,17:00,0,1,410,94,245,1,30,0,0,0,,0,402,390,380,366,354,342,334,324,316,306,298,286,274,260,248,228,218,206,190,178,172,164,156,148,144,138,130,120,106,94,,1,1,1,1,1,1,1,1,1,1,1,1,1,1,1,1,1,1,1,1,1,1,1,1,1,1,1,1,1,1,0
17050001,1,01/09/2010,,1,1,410,94,245,1,30,0,0,0,,0,406,393,383,369,356,345,335,326,318,308,300,289,278,264,251,233,221,208,194,181,174,166,158,150,146,139,132,123,111,99,,1,1,1,1,1,1,1,1,1,1,1,1,1,1,1,1,1,1,1,1,1,1,1,1,1,1,1,1,1,1,0
17050001,2,01/08/2010,,1,1,596,419,519,1,31,1,1,1,0,0,596,591,588,583,579,573,569,563,559,555,552,547,543,540,537,531,524,516,508,500,493,486,479,473,466,459,455,448,437,432,419,1,1,1,1,1,1,1,1,1,1,1,1,1,1,1,1,1,1,1,1,1,1,1,1,1,1,1,1,1,1,1
17050001,1,01/08/2010,17:00,0,1,598,416,519,1,31,0,0,0,,0,594,590,586,582,578,572,568,562,558,554,550,546,542,540,536,530,522,514,506,498,490,484,478,470,464,458,454,444,436,430,416,,,,,,,,,,,,,,,,,,,,,,,,,,,,,,,
17050001,1,01/08/2010,07:00,0,1,598,416,519,1,31,0,0,0,,0,598,592,590,584,580,574,570,564,560,556,554,548,544,540,538,532,526,518,510,502,496,488,480,476,468,460,456,452,438,434,422,,,,,,,,,,,,,,,,,,,,,,,,,,,,,,,
17050001,1,01/08/2010,,1,1,598,416,519,1,31,0,0,0,,0,596,591,588,583,579,573,569,563,559,555,552,547,543,540,537,531,524,516,508,500,493,486,479,473,466,459,455,448,437,432,419,,,,,,,,,,,,,,,,,,,,,,,,,,,,,,,
17050001,2,01/07/2010,,1,1,684,601,645,1,31,1,1,1,0,0,684,681,679,674,672,671,668,666,663,660,657,655,652,651,648,646,645,646,646,641,637,633,631,626,621,617,614,611,608,605,601,1,1,1,1,1,1,1,1,1,1,1,1,1,1,1,1,1,1,1,1,1,1,1,1,1,1,1,1,1,1,1
17050001,1,01/07/2010,07:00,0,1,684,600,645,1,31,0,0,0,,0,684,682,680,674,672,672,668,666,664,660,658,656,652,652,648,648,646,646,646,642,638,634,632,628,622,618,614,612,608,606,602,1,1,1,1,1,1,1,1,1,1,1,1,1,1,1,1,1,1,1,1,1,1,1,1,1,1,1,1,1,1,1
17050001,1,01/07/2010,17:00,0,1,684,600,645,1,31,0,0,0,,0,684,680,678,674,672,670,668,666,662,660,656,654,652,650,648,644,644,646,646,640,636,632,630,624,620,616,614,610,608,604,600,1,1,1,1,1,1,1,1,1,1,1,1,1,1,1,1,1,1,1,1,1,1,1,1,1,1,1,1,1,1,1
17050001,1,01/07/2010,,1,1,684,600,645,1,31,0,0,0,,0,684,681,679,674,672,671,668,666,663,660,657,655,652,651,648,646,645,646,646,641,637,633,631,626,621,617,614,611,608,605,601,1,1,1,1,1,1,1,1,1,1,1,1,1,1,1,1,1,1,1,1,1,1,1,1,1,1,1,1,1,1,1
17050001,2,01/06/2010,,1,1,730,687,715,1,30,1,1,1,0,0,730,730,728,728,728,728,727,726,724,724,723,722,721,720,718,717,716,714,714,713,710,708,706,703,700,700,697,693,691,687,,1,1,1,1,1,1,1,1,1,1,1,1,1,1,1,1,1,1,1,1,1,1,1,1,1,1,1,1,1,1,
17050001,1,01/06/2010,07:00,0,1,730,686,715,1,30,0,0,0,,0,730,730,728,728,728,728,728,728,724,724,724,722,722,720,718,718,716,714,714,714,710,708,706,704,700,700,698,694,692,688,,1,1,1,1,1,1,1,1,1,1,1,1,1,1,1,1,1,1,1,1,1,1,1,1,1,1,1,1,1,1,0
17050001,1,01/06/2010,17:00,0,1,730,686,715,1,30,0,0,0,,0,730,730,728,728,728,728,726,724,724,724,722,722,720,720,718,716,716,714,714,712,710,708,706,702,700,699,696,692,690,686,,1,1,1,1,1,1,1,1,1,1,1,1,1,1,1,1,1,1,1,1,1,1,1,1,1,1,1,1,1,1,0
17050001,1,01/06/2010,,1,1,730,686,715,1,30,0,0,0,,0,730,730,728,728,728,728,727,726,724,724,723,722,721,720,718,717,716,714,714,713,710,708,706,703,700,700,697,693,691,687,,1,1,1,1,1,1,1,1,1,1,1,1,1,1,1,1,1,1,1,1,1,1,1,1,1,1,1,1,1,1,0
17050001,2,01/05/2010,,1,1,734,696,716,30,2,1,1,1,0,0,697,696,701,702,703,708,706,706,706,707,708,710,712,715,718,718,719,720,722,722,723,724,725,726,726,726,726,728,732,734,731,1,1,1,1,1,1,1,1,1,1,1,1,1,1,1,1,1,1,1,1,1,1,1,1,1,1,1,1,1,1,1
17050001,1,01/05/2010,07:00,0,1,734,696,716,29,2,0,0,0,,0,696,696,700,702,702,708,706,706,706,706,708,710,712,714,718,718,718,720,722,722,722,724,724,726,726,726,726,728,730,734,732,1,1,1,1,1,1,1,1,1,1,1,1,1,1,1,1,1,1,1,1,1,1,1,1,1,1,1,1,1,1,1
17050001,1,01/05/2010,17:00,0,1,734,696,716,29,2,0,0,0,,0,698,696,702,702,704,708,706,706,706,708,708,710,712,716,718,718,720,720,722,722,724,724,726,726,726,726,726,728,734,734,730,1,1,1,1,1,1,1,1,1,1,1,1,1,1,1,1,1,1,1,1,1,1,1,1,1,1,1,1,1,1,1
17050001,1,01/05/2010,,1,1,734,696,716,29,2,0,0,0,,0,697,696,701,702,703,708,706,706,706,707,708,710,712,715,718,718,719,720,722,722,723,724,725,726,726,726,726,728,732,734,731,1,1,1,1,1,1,1,1,1,1,1,1,1,1,1,1,1,1,1,1,1,1,1,1,1,1,1,1,1,1,1
17050001,2,01/04/2010,,1,1,693,566,633,30,1,1,1,1,0,0,566,573,577,581,584,586,594,599,601,607,612,619,621,625,632,639,645,648,654,659,661,667,669,671,675,678,680,683,688,693,,1,1,1,1,1,1,1,1,1,1,1,1,1,1,1,1,1,1,1,1,1,1,1,1,1,1,1,1,1,1,
17050001,1,01/04/2010,07:00,0,1,694,564,633,30,1,0,0,0,,0,564,570,576,580,584,586,592,598,600,606,610,618,620,624,630,638,644,648,652,658,660,666,668,670,674,678,680,682,686,692,,1,1,1,1,1,1,1,1,1,1,1,1,1,1,1,1,1,1,1,1,1,1,1,1,1,1,1,1,1,1,0
17050001,1,01/04/2010,17:00,0,1,694,564,633,30,1,0,0,0,,0,568,576,578,582,584,586,596,600,602,608,614,620,622,626,634,640,646,648,656,660,662,668,670,672,676,678,680,684,690,694,,1,1,1,1,1,1,1,1,1,1,1,1,1,1,1,1,1,1,1,1,1,1,1,1,1,1,1,1,1,1,0
17050001,1,01/04/2010,,1,1,694,564,633,30,1,0,0,0,,0,566,573,577,581,584,586,594,599,601,607,612,619,621,625,632,639,645,648,654,659,661,667,669,671,675,678,680,683,688,693,,1,1,1,1,1,1,1,1,1,1,1,1,1,1,1,1,1,1,1,1,1,1,1,1,1,1,1,1,1,1,0
17050001,2,01/03/2010,,1,1,561,500,528,31,1,1,1,1,0,0,500,502,505,510,513,516,517,518,518,518,518,519,520,520,521,524,525,529,532,535,538,540,540,540,540,542,545,550,551,556,561,1,1,1,1,1,1,1,1,1,1,1,1,1,1,1,1,1,1,1,1,1,1,1,1,1,1,1,1,1,1,1
17050001,1,01/03/2010,07:00,0,1,562,500,528,31,1,0,0,0,,0,500,502,504,510,514,516,516,518,518,518,518,518,520,520,520,524,524,528,532,534,538,540,540,540,540,542,544,550,550,556,560,1,1,1,1,1,1,1,1,1,1,1,1,1,1,1,1,1,1,1,1,1,1,1,1,1,1,1,1,1,1,1
17050001,1,01/03/2010,17:00,0,1,562,500,528,31,1,0,0,0,,0,500,502,506,510,512,516,518,518,518,518,518,520,520,520,522,524,526,530,532,536,538,540,540,540,540,542,546,550,552,556,562,1,1,1,1,1,1,1,1,1,1,1,1,1,1,1,1,1,1,1,1,1,1,1,1,1,1,1,1,1,1,1
17050001,1,01/03/2010,,1,1,562,500,528,31,1,0,0,0,,0,500,502,505,510,513,516,517,518,518,518,518,519,520,520,521,524,525,529,532,535,538,540,540,540,540,542,545,550,551,556,561,1,1,1,1,1,1,1,1,1,1,1,1,1,1,1,1,1,1,1,1,1,1,1,1,1,1,1,1,1,1,1
17050001,2,01/02/2010,,1,1,497,419,465,28,1,1,1,1,0,0,419,425,431,437,441,444,445,447,448,455,456,460,464,468,471,473,477,480,482,483,484,486,486,486,487,489,495,497,,,,1,1,1,1,1,1,1,1,1,1,1,1,1,1,1,1,1,1,1,1,1,1,1,1,1,1,1,1,,,
17050001,1,01/02/2010,07:00,0,1,498,418,465,28,1,0,0,0,,0,418,424,430,436,440,444,446,446,448,456,456,458,464,466,470,472,476,480,482,482,484,488,486,486,486,488,494,496,,,,1,1,1,1,1,1,1,1,1,1,1,1,1,1,1,1,1,1,1,1,1,1,1,1,1,1,1,1,0,0,0
17050001,1,01/02/2010,17:00,0,1,498,418,465,28,1,0,0,0,,0,420,426,432,438,442,444,444,448,448,454,456,462,464,470,472,474,478,480,482,484,484,484,486,486,488,490,496,498,,,,1,1,1,1,1,1,1,1,1,1,1,1,1,1,1,1,1,1,1,1,1,1,1,1,1,1,1,1,0,0,0
17050001,1,01/02/2010,,1,1,498,418,465,28,1,0,0,0,,0,419,425,431,437,441,444,445,447,448,455,456,460,464,468,471,473,477,480,482,483,484,486,486,486,487,489,495,497,,,,1,1,1,1,1,1,1,1,1,1,1,1,1,1,1,1,1,1,1,1,1,1,1,1,1,1,1,1,0,0,0
17050001,2,01/01/2010,,1,1,414,261,344,31,1,2,2,2,0,0,261,272,280,289,296,302,307,312,315,319,322,327,331,336,341,346,356,357,362,365,368,374,379,382,385,387,391,395,400,406,414,1,1,1,1,1,1,1,1,1,1,1,1,1,1,1,1,1,2,1,1,1,1,1,1,1,1,1,1,1,1,1
17050001,1,01/01/2010,07:00,0,1,416,258,344,31,1,0,0,0,,0,258,270,278,288,296,302,306,312,314,318,322,326,330,336,340,346,359,346,362,366,368,374,378,382,384,386,390,394,400,404,412,1,1,1,1,1,1,1,1,1,1,1,1,1,1,1,1,1,1,1,1,1,1,1,1,1,1,1,1,1,1,1
17050001,1,01/01/2010,17:00,0,1,416,258,344,31,1,0,0,0,,0,264,274,282,290,296,302,308,312,316,320,322,328,332,336,342,346,352,348,362,364,368,374,380,382,386,388,392,396,400,408,416,1,1,1,1,1,1,1,1,1,1,1,1,1,1,1,1,1,1,1,1,1,1,1,1,1,1,1,1,1,1,1
17050001,1,01/01/2010,,1,1,416,258,344,31,1,0,0,0,,0,261,272,280,289,296,302,307,312,315,319,322,327,331,336,341,346,356,347,362,365,368,374,379,382,385,387,391,395,400,406,414,1,1,1,1,1,1,1,1,1,1,1,1,1,1,1,1,1,1,1,1,1,1,1,1,1,1,1,1,1,1,1
17050001,2,01/12/2009,,1,1,251,56,130,31,1,1,1,1,0,0,56,57,61,62,67,70,69,67,64,68,71,77,84,94,107,120,129,140,149,160,167,175,180,187,197,205,212,221,233,240,251,1,1,1,1,1,1,1,1,1,1,1,1,1,1,1,1,1,1,1,1,1,1,1,1,1,1,1,1,1,1,1
17050001,1,01/12/2009,07:00,0,1,254,56,130,31,1,0,0,0,,0,56,56,60,60,66,70,70,70,64,66,70,76,82,92,104,116,126,138,148,158,166,176,180,186,196,204,210,218,232,238,248,1,1,1,1,1,1,1,1,1,1,1,1,1,1,1,1,1,1,1,1,1,1,1,1,1,1,1,1,1,1,1
17050001,1,01/12/2009,17:00,0,1,254,56,130,31,1,0,0,0,,0,56,58,62,64,68,70,68,64,64,70,72,78,86,96,110,124,132,142,150,162,168,174,180,188,198,206,214,224,234,242,254,1,1,1,1,1,1,1,1,1,1,1,1,1,1,1,1,1,1,1,1,1,1,1,1,1,1,1,1,1,1,1
17050001,1,01/12/2009,,1,1,254,56,130,31,1,0,0,0,,0,56,57,61,62,67,70,69,67,64,68,71,77,84,94,107,120,129,140,149,160,167,175,180,187,197,205,212,221,233,240,251,1,1,1,1,1,1,1,1,1,1,1,1,1,1,1,1,1,1,1,1,1,1,1,1,1,1,1,1,1,1,1
17050001,2,01/11/2009,,1,1,139,56,109,6,30,1,1,1,0,0,130,131,133,135,137,139,137,134,128,125,121,117,116,119,120,122,120,118,116,114,109,103,94,84,76,68,65,59,57,56,,1,1,1,1,1,1,1,1,1,1,1,1,1,1,1,1,1,1,1,1,1,1,1,1,1,1,1,1,1,1,
17050001,1,01/11/2009,07:00,0,1,140,56,109,6,29,0,0,0,,0,130,132,132,134,136,140,140,138,130,126,122,118,116,118,120,122,120,118,116,116,112,108,98,86,78,70,66,60,58,56,,1,1,1,1,1,1,1,1,1,1,1,1,1,1,1,1,1,1,1,1,1,1,1,1,1,1,1,1,1,1,0
17050001,1,01/11/2009,17:00,0,1,140,56,109,6,29,0,0,0,,0,130,130,134,136,138,138,134,130,126,124,120,116,116,120,120,122,120,118,116,112,106,98,90,82,74,66,64,58,56,56,,1,1,1,1,1,1,1,1,1,1,1,1,1,1,1,1,1,1,1,1,1,1,1,1,1,1,1,1,1,1,0
17050001,1,01/11/2009,,1,1,140,56,109,6,29,0,0,0,,0,130,131,133,135,137,139,137,134,128,125,121,117,116,119,120,122,120,118,116,114,109,103,94,84,76,68,65,59,57,56,,1,1,1,1,1,1,1,1,1,1,1,1,1,1,1,1,1,1,1,1,1,1,1,1,1,1,1,1,1,1,0
17050001,2,01/10/2009,,1,1,393,130,241,1,31,1,1,1,0,0,393,382,371,362,350,338,327,317,306,293,279,265,255,244,235,228,219,213,206,198,195,186,175,164,155,146,137,134,132,132,130,1,1,1,1,1,1,1,1,1,1,1,1,1,1,1,1,1,1,1,1,1,1,1,1,1,1,1,1,1,1,1
17050001,1,01/10/2009,07:00,0,1,396,130,241,1,31,0,0,0,,0,396,384,374,364,352,342,330,320,310,296,282,268,258,246,238,230,220,214,208,200,196,190,180,168,158,148,138,134,132,132,130,1,1,1,1,1,1,1,1,1,1,1,1,1,1,1,1,1,1,1,1,1,1,1,1,1,1,1,1,1,1,1
17050001,1,01/10/2009,17:00,0,1,396,130,241,1,31,0,0,0,,0,390,380,368,360,348,334,324,314,302,290,276,262,252,242,232,226,218,212,204,196,194,182,170,160,152,144,136,134,132,132,130,1,1,1,1,1,1,1,1,1,1,1,1,1,1,1,1,1,1,1,1,1,1,1,1,1,1,1,1,1,1,1
17050001,1,01/10/2009,,1,1,396,130,241,1,31,0,0,0,,0,393,382,371,362,350,338,327,317,306,293,279,265,255,244,235,228,219,213,206,198,195,186,175,164,155,146,137,134,132,132,130,1,1,1,1,1,1,1,1,1,1,1,1,1,1,1,1,1,1,1,1,1,1,1,1,1,1,1,1,1,1,1
17050001,2,01/09/2009,,1,1,635,407,537,1,30,1,1,1,0,0,635,628,622,617,612,607,599,595,589,585,577,570,564,554,546,537,529,523,517,509,501,494,487,476,466,455,442,432,421,407,,1,1,1,1,1,1,1,1,1,1,1,1,1,1,1,1,1,1,1,1,1,1,1,1,1,1,1,1,1,1,
17050001,1,01/09/2009,07:00,0,1,638,404,537,1,30,0,0,0,,0,638,630,624,618,614,608,600,596,590,586,580,572,564,556,548,538,530,524,518,512,502,496,490,480,468,458,446,436,424,410,,1,1,1,1,1,1,1,1,1,1,1,1,1,1,1,1,1,1,1,1,1,1,1,1,1,1,1,1,1,1,0
17050001,1,01/09/2009,17:00,0,1,638,404,537,1,30,0,0,0,,0,632,626,620,616,610,606,598,594,588,584,574,568,564,552,544,536,528,522,516,506,500,492,484,472,464,452,438,428,418,404,,1,1,1,1,1,1,1,1,1,1,1,1,1,1,1,1,1,1,1,1,1,1,1,1,1,1,1,1,1,1,0
17050001,1,01/09/2009,,1,1,638,404,537,1,30,0,0,0,,0,635,628,622,617,612,607,599,595,589,585,577,570,564,554,546,537,529,523,517,509,501,494,487,476,466,455,442,432,421,407,,1,1,1,1,1,1,1,1,1,1,1,1,1,1,1,1,1,1,1,1,1,1,1,1,1,1,1,1,1,1,0
17050001,2,01/08/2009,,1,1,769,642,710,1,31,1,1,1,0,0,769,765,762,757,754,751,747,743,739,737,734,728,726,721,717,712,708,703,699,696,691,687,683,678,675,671,666,660,656,648,642,1,1,1,1,1,1,1,1,1,1,1,1,1,1,1,1,1,1,1,1,1,1,1,1,1,1,1,1,1,1,1
17050001,1,01/08/2009,07:00,0,1,770,640,710,1,31,0,0,0,,0,770,766,764,758,754,752,748,744,740,738,736,728,728,722,718,714,710,706,700,698,692,688,684,680,676,672,668,662,658,650,644,1,1,1,1,1,1,1,1,1,1,1,1,1,1,1,1,1,1,1,1,1,1,1,1,1,1,1,1,1,1,1
17050001,1,01/08/2009,17:00,0,1,770,640,710,1,31,0,0,0,,0,768,764,760,756,754,750,746,742,738,736,732,728,724,720,716,710,706,700,698,694,690,686,682,676,674,670,664,658,654,646,640,1,1,1,1,1,1,1,1,1,1,1,1,1,1,1,1,1,1,1,1,1,1,1,1,1,1,1,1,1,1,1
17050001,1,01/08/2009,,1,1,770,640,710,1,31,0,0,0,,0,769,765,762,757,754,751,747,743,739,737,734,728,726,721,717,712,708,703,699,696,691,687,683,678,675,671,666,660,656,648,642,1,1,1,1,1,1,1,1,1,1,1,1,1,1,1,1,1,1,1,1,1,1,1,1,1,1,1,1,1,1,1
17050001,2,01/07/2009,,1,1,837,773,805,1,31,1,1,1,0,0,837,835,833,831,827,826,823,819,816,814,812,812,811,809,807,805,803,800,797,795,794,791,788,788,788,788,786,783,780,776,773,1,1,1,1,1,1,1,1,1,1,1,1,1,1,1,1,1,1,1,1,1,1,1,1,1,1,1,1,1,1,1
17050001,1,01/07/2009,07:00,0,1,838,772,805,1,31,0,0,0,,0,838,836,834,832,828,826,824,820,816,814,812,812,812,810,808,806,804,800,798,796,794,792,788,788,788,788,786,784,780,776,774,1,1,1,1,1,1,1,1,1,1,1,1,1,1,1,1,1,1,1,1,1,1,1,1,1,1,1,1,1,1,1
17050001,1,01/07/2009,17:00,0,1,838,772,805,1,31,0,0,0,,0,836,834,832,830,826,826,822,818,816,814,812,812,810,808,806,804,802,800,796,794,794,790,788,788,788,788,786,782,780,776,772,1,1,1,1,1,1,1,1,1,1,1,1,1,1,1,1,1,1,1,1,1,1,1,1,1,1,1,1,1,1,1
17050001,1,01/07/2009,,1,1,838,772,805,1,31,0,0,0,,0,837,835,833,831,827,826,823,819,816,814,812,812,811,809,807,805,803,800,797,795,794,791,788,788,788,788,786,783,780,776,773,1,1,1,1,1,1,1,1,1,1,1,1,1,1,1,1,1,1,1,1,1,1,1,1,1,1,1,1,1,1,1
17050001,2,01/06/2009,,1,1,860,839,848,1,30,1,1,1,0,0,860,858,857,856,854,854,854,852,852,850,850,848,849,846,846,847,845,844,844,843,842,842,842,843,842,844,842,842,841,839,,1,1,1,1,1,1,1,1,1,1,1,1,1,1,1,1,1,1,1,1,1,1,1,1,1,1,1,1,1,1,
17050001,1,01/06/2009,07:00,0,1,860,838,848,1,30,0,0,0,,0,860,858,856,856,854,854,854,852,852,850,850,848,850,846,846,846,846,844,844,844,842,842,842,842,842,844,842,842,842,840,,1,1,1,1,1,1,1,1,1,1,1,1,1,1,1,1,1,1,1,1,1,1,1,1,1,1,1,1,1,1,0
17050001,1,01/06/2009,17:00,0,1,860,838,848,1,30,0,0,0,,0,860,858,858,856,854,854,854,852,852,850,850,848,848,846,846,848,844,844,844,842,842,842,842,844,842,844,842,842,840,838,,1,1,1,1,1,1,1,1,1,1,1,1,1,1,1,1,1,1,1,1,1,1,1,1,1,1,1,1,1,1,0
17050001,1,01/06/2009,,1,1,860,838,848,1,30,0,0,0,,0,860,858,857,856,854,854,854,852,852,850,850,848,849,846,846,847,845,844,844,843,842,842,842,843,842,844,842,842,841,839,,1,1,1,1,1,1,1,1,1,1,1,1,1,1,1,1,1,1,1,1,1,1,1,1,1,1,1,1,1,1,0
17050001,2,01/05/2009,,1,1,860,839,850,31,1,1,1,1,0,0,839,840,841,842,842,844,844,846,846,848,850,851,853,855,853,852,854,852,851,850,848,849,849,849,851,852,853,855,857,859,860,1,1,1,1,1,1,1,1,1,1,1,1,1,1,1,1,1,1,1,1,1,1,1,1,1,1,1,1,1,1,1
17050001,1,01/05/2009,07:00,0,1,860,838,850,30,1,0,0,0,,0,838,840,840,842,842,844,844,846,846,848,850,850,852,856,854,852,854,852,852,850,848,850,848,850,850,852,852,854,856,858,860,1,1,1,1,1,1,1,1,1,1,1,1,1,1,1,1,1,1,1,1,1,1,1,1,1,1,1,1,1,1,1
17050001,1,01/05/2009,17:00,0,1,860,838,850,30,1,0,0,0,,0,840,840,842,842,842,844,844,846,846,848,850,852,854,854,852,852,854,852,850,850,848,848,850,848,852,852,854,856,858,860,860,1,1,1,1,1,1,1,1,1,1,1,1,1,1,1,1,1,1,1,1,1,1,1,1,1,1,1,1,1,1,1
17050001,1,01/05/2009,,1,1,860,838,850,30,1,0,0,0,,0,839,840,841,842,842,844,844,846,846,848,850,851,853,855,853,852,854,852,851,850,848,849,849,849,851,852,853,855,857,859,860,1,1,1,1,1,1,1,1,1,1,1,1,1,1,1,1,1,1,1,1,1,1,1,1,1,1,1,1,1,1,1
17050001,2,01/04/2009,,1,1,829,771,800,30,1,1,1,1,0,0,771,773,776,776,777,780,779,781,784,789,791,794,796,797,798,800,806,807,808,809,812,814,814,816,820,820,822,823,827,829,,1,1,1,1,1,1,1,1,1,1,1,1,1,1,1,1,1,1,1,1,1,1,1,1,1,1,1,1,1,1,
17050001,1,01/04/2009,07:00,0,1,830,770,800,30,1,0,0,0,,0,770,772,776,776,776,780,778,780,784,788,790,794,796,796,798,800,806,806,808,808,812,814,814,816,820,820,822,822,826,828,,1,1,1,1,1,1,1,1,1,1,1,1,1,1,1,1,1,1,1,1,1,1,1,1,1,1,1,1,1,1,0
17050001,1,01/04/2009,17:00,0,1,830,770,800,30,1,0,0,0,,0,772,774,776,776,778,780,780,782,784,790,792,794,796,798,798,800,806,808,808,810,812,814,814,816,820,820,822,824,828,830,,1,1,1,1,1,1,1,1,1,1,1,1,1,1,1,1,1,1,1,1,1,1,1,1,1,1,1,1,1,1,0
17050001,1,01/04/2009,,1,1,830,770,800,30,1,0,0,0,,0,771,773,776,776,777,780,779,781,784,789,791,794,796,797,798,800,806,807,808,809,812,814,814,816,820,820,822,823,827,829,,1,1,1,1,1,1,1,1,1,1,1,1,1,1,1,1,1,1,1,1,1,1,1,1,1,1,1,1,1,1,0
17050001,2,01/03/2009,,1,1,769,665,723,31,1,1,1,1,0,0,665,670,676,679,686,691,695,700,702,704,710,713,718,723,727,730,732,736,736,738,738,742,745,746,750,755,756,759,760,766,769,1,1,1,1,1,1,1,1,1,1,1,1,1,1,1,1,1,1,1,1,1,1,1,1,1,1,1,1,1,1,1
17050001,1,01/03/2009,07:00,0,1,770,664,723,31,1,0,0,0,,0,664,668,676,678,684,690,694,698,702,704,708,712,716,722,726,730,732,736,736,738,738,742,744,746,750,754,756,758,760,764,768,1,1,1,1,1,1,1,1,1,1,1,1,1,1,1,1,1,1,1,1,1,1,1,1,1,1,1,1,1,1,1
17050001,1,01/03/2009,17:00,0,1,770,664,723,31,1,0,0,0,,0,666,672,676,680,688,692,696,702,702,704,712,714,720,724,728,730,732,736,736,738,738,742,746,746,750,756,756,760,760,768,770,1,1,1,1,1,1,1,1,1,1,1,1,1,1,1,1,1,1,1,1,1,1,1,1,1,1,1,1,1,1,1
17050001,1,01/03/2009,,1,1,770,664,723,31,1,0,0,0,,0,665,670,676,679,686,691,695,700,702,704,710,713,718,723,727,730,732,736,736,738,738,742,745,746,750,755,756,759,760,766,769,1,1,1,1,1,1,1,1,1,1,1,1,1,1,1,1,1,1,1,1,1,1,1,1,1,1,1,1,1,1,1
17050001,2,01/02/2009,,1,1,659,533,598,28,1,1,1,1,0,0,533,538,544,547,553,557,560,567,573,579,583,591,594,598,606,611,613,616,618,619,625,629,632,638,646,650,655,659,,,,1,1,1,1,1,1,1,1,1,1,1,1,1,1,1,1,1,1,1,1,1,1,1,1,1,1,1,1,,,
17050001,1,01/02/2009,17:00,0,1,660,532,598,28,1,0,0,0,,0,534,538,544,548,554,558,560,568,574,580,584,592,594,600,608,612,614,618,618,620,626,630,632,640,648,650,656,660,,,,1,1,1,1,1,1,1,1,1,1,1,1,1,1,1,1,1,1,1,1,1,1,1,1,1,1,1,1,0,0,0
17050001,1,01/02/2009,07:00,0,1,660,532,598,28,1,0,0,0,,0,532,538,544,546,552,556,560,566,572,578,582,590,594,596,604,610,612,614,618,618,624,628,632,636,644,650,654,658,,,,1,1,1,1,1,1,1,1,1,1,1,1,1,1,1,1,1,1,1,1,1,1,1,1,1,1,1,1,0,0,0
17050001,1,01/02/2009,,1,1,660,532,598,28,1,0,0,0,,0,533,538,544,547,553,557,560,567,573,579,583,591,594,598,606,611,613,616,618,619,625,629,632,638,646,650,655,659,,,,1,1,1,1,1,1,1,1,1,1,1,1,1,1,1,1,1,1,1,1,1,1,1,1,1,1,1,1,0,0,0
17050001,2,01/01/2009,,1,1,526,374,450,31,1,1,1,1,0,0,374,380,386,392,397,402,407,410,413,419,425,433,438,443,449,454,459,463,468,470,475,477,481,485,489,496,499,507,514,520,526,1,1,1,1,1,1,1,1,1,1,1,1,1,1,1,1,1,1,1,1,1,1,1,1,1,1,1,1,1,1,1
17050001,1,01/01/2009,07:00,0,1,526,374,450,31,1,0,0,0,,0,374,380,386,392,396,402,406,410,412,418,424,432,436,442,448,454,458,462,468,470,474,478,480,484,488,496,498,506,512,520,526,1,1,1,1,1,1,1,1,1,1,1,1,1,1,1,1,1,1,1,1,1,1,1,1,1,1,1,1,1,1,1
17050001,1,01/01/2009,17:00,0,1,526,374,450,31,1,0,0,0,,0,374,380,386,392,398,402,408,410,414,420,426,434,440,444,450,454,460,464,468,470,476,476,482,486,490,496,500,508,516,520,526,1,1,1,1,1,1,1,1,1,1,1,1,1,1,1,1,1,1,1,1,1,1,1,1,1,1,1,1,1,1,1
17050001,1,01/01/2009,,1,1,526,374,450,31,1,0,0,0,,0,374,380,386,392,397,402,407,410,413,419,425,433,438,443,449,454,459,463,468,470,475,477,481,485,489,496,499,507,514,520,526,1,1,1,1,1,1,1,1,1,1,1,1,1,1,1,1,1,1,1,1,1,1,1,1,1,1,1,1,1,1,1
17050001,2,01/12/2008,,1,1,368,238,296,31,1,2,2,2,0,0,238,242,246,249,253,258,261,266,270,273,274,277,280,284,287,292,296,298,304,309,315,317,319,323,331,335,341,348,353,359,368,2,2,2,2,2,2,2,2,2,2,2,2,2,2,2,2,2,1,1,1,1,1,1,1,1,1,1,1,1,1,1
17050001,1,01/12/2008,17:00,0,1,370,218,286,31,1,0,0,0,,0,218,224,224,226,228,230,234,242,246,250,258,264,272,278,284,288,292,300,306,310,316,316,320,324,332,336,342,350,354,360,370,1,1,1,1,1,1,1,1,1,1,1,1,1,1,1,1,1,1,1,1,1,1,1,1,1,1,1,1,1,1,1
17050001,1,01/12/2008,07:00,0,1,370,218,286,31,1,0,0,0,,0,220,224,226,226,230,230,234,242,244,248,254,260,268,274,282,288,288,296,302,308,314,318,318,322,330,334,340,346,352,358,366,1,1,1,1,1,1,1,1,1,1,1,1,1,1,1,1,1,1,1,1,1,1,1,1,1,1,1,1,1,1,1
17050001,1,01/12/2008,,1,1,370,218,286,31,1,0,0,0,,0,219,224,225,226,229,230,234,242,245,249,256,262,270,276,283,288,290,298,304,309,315,317,319,323,331,335,341,348,353,359,368,1,1,1,1,1,1,1,1,1,1,1,1,1,1,1,1,1,1,1,1,1,1,1,1,1,1,1,1,1,1,1
17050001,2,01/11/2008,,1,1,235,160,195,30,1,2,2,2,0,0,160,162,163,165,167,169,171,174,176,179,181,184,186,188,191,193,197,200,203,207,210,214,217,219,221,223,226,230,232,235,,2,2,2,2,2,2,2,2,2,2,2,2,2,2,2,2,2,2,2,2,2,2,2,2,2,2,2,2,2,2,
17050001,1,01/11/2008,,1,1,213,146,175,29,9,2,2,2,,0,163,162,161,156,152,152,150,148,146,147,152,156,163,169,174,179,184,185,183,182,186,189,190,194,196,201,205,210,213,212,,2,2,2,2,2,2,2,2,2,2,2,2,2,2,2,2,2,2,2,2,2,2,2,2,2,2,2,2,2,2,
17050001,2,01/10/2008,,1,1,257,164,196,1,28,1,1,1,0,0,257,253,248,241,233,224,218,212,207,199,197,195,194,195,197,198,199,196,193,185,180,173,171,169,167,166,165,164,164,164,164,1,1,1,1,1,1,1,1,1,1,1,1,1,1,1,1,1,1,1,1,1,1,1,1,1,1,1,1,1,1,1
17050001,1,01/10/2008,07:00,0,1,258,164,196,1,27,0,0,0,,0,258,254,250,244,236,226,220,212,210,200,198,194,194,196,196,198,200,198,196,188,182,174,172,170,168,166,166,164,164,164,164,1,1,1,1,1,1,1,1,1,1,1,1,1,1,1,1,1,1,1,1,1,1,1,1,1,1,1,1,1,1,1
17050001,1,01/10/2008,17:00,0,1,258,164,196,1,27,0,0,0,,0,256,252,246,238,230,222,216,212,204,198,196,196,194,194,198,198,198,194,190,182,178,172,170,168,166,166,164,164,164,164,164,1,1,1,1,1,1,1,1,1,1,1,1,1,1,1,1,1,1,1,1,1,1,1,1,1,1,1,1,1,1,1
17050001,1,01/10/2008,,1,1,258,164,196,1,27,0,0,0,,0,257,253,248,241,233,224,218,212,207,199,197,195,194,195,197,198,199,196,193,185,180,173,171,169,167,166,165,164,164,164,164,1,1,1,1,1,1,1,1,1,1,1,1,1,1,1,1,1,1,1,1,1,1,1,1,1,1,1,1,1,1,1
17050001,2,01/09/2008,,1,1,508,262,387,1,30,1,1,1,0,0,508,503,497,491,484,474,466,456,446,435,426,416,409,400,391,384,377,368,359,351,340,329,317,304,297,288,281,273,267,262,,1,1,1,1,1,1,1,1,1,1,1,1,1,1,1,1,1,1,1,1,1,1,1,1,1,1,1,1,1,1,
17050001,1,01/09/2008,07:00,0,1,510,260,387,1,30,0,0,0,,0,510,504,500,492,486,478,468,458,448,438,428,418,410,402,392,386,378,370,362,354,342,332,318,306,298,290,282,274,268,264,,1,1,1,1,1,1,1,1,1,1,1,1,1,1,1,1,1,1,1,1,1,1,1,1,1,1,1,1,1,1,0
17050001,1,01/09/2008,17:00,0,1,510,260,387,1,30,0,0,0,,0,506,502,494,490,482,470,464,454,444,432,424,414,408,398,390,382,376,366,356,348,338,326,316,302,296,286,280,272,266,260,,1,1,1,1,1,1,1,1,1,1,1,1,1,1,1,1,1,1,1,1,1,1,1,1,1,1,1,1,1,1,0
17050001,1,01/09/2008,,1,1,510,260,387,1,30,0,0,0,,0,508,503,497,491,484,474,466,456,446,435,426,416,409,400,391,384,377,368,359,351,340,329,317,304,297,288,281,273,267,262,,1,1,1,1,1,1,1,1,1,1,1,1,1,1,1,1,1,1,1,1,1,1,1,1,1,1,1,1,1,1,0
17050001,2,01/08/2008,,1,1,665,516,595,1,31,1,1,1,0,0,665,659,657,653,650,647,643,638,633,627,620,615,609,602,597,592,590,585,582,579,573,569,563,557,551,547,541,537,530,523,516,1,1,1,1,1,1,1,1,1,1,1,1,1,1,1,1,1,1,1,1,1,1,1,1,1,1,1,1,1,1,1
17050001,1,01/08/2008,07:00,0,1,666,516,595,1,31,0,0,0,,0,666,660,658,654,652,648,644,640,636,628,622,616,610,604,598,592,590,586,582,580,574,570,564,558,552,548,542,538,532,524,516,1,1,1,1,1,1,1,1,1,1,1,1,1,1,1,1,1,1,1,1,1,1,1,1,1,1,1,1,1,1,1
17050001,1,01/08/2008,17:00,0,1,666,516,595,1,31,0,0,0,,0,664,658,656,652,648,646,642,636,630,626,618,614,608,600,596,592,590,584,582,578,572,568,562,556,550,546,540,536,528,522,516,1,1,1,1,1,1,1,1,1,1,1,1,1,1,1,1,1,1,1,1,1,1,1,1,1,1,1,1,1,1,1
17050001,1,01/08/2008,,1,1,666,516,595,1,31,0,0,0,,0,665,659,657,653,650,647,643,638,633,627,620,615,609,602,597,592,590,585,582,579,573,569,563,557,551,547,541,537,530,523,516,1,1,1,1,1,1,1,1,1,1,1,1,1,1,1,1,1,1,1,1,1,1,1,1,1,1,1,1,1,1,1
17050001,2,01/07/2008,,1,1,761,666,718,1,31,2,2,2,0,0,761,760,757,756,754,751,748,745,743,741,740,737,731,730,724,719,715,712,708,702,700,697,696,690,682,686,681,678,674,670,666,1,2,1,1,1,1,1,1,1,1,1,1,1,1,1,1,1,1,1,2,2,1,1,2,1,1,1,1,2,2,2
17050001,1,01/07/2008,07:00,0,1,,,,,,0,0,0,,0,762,,758,756,754,752,750,746,744,742,740,738,732,730,724,720,716,714,708,704,702,698,696,684,682,688,682,678,676,,,,0,,,,,,,,,,,,,,,,,,,,,,,1,1,1,1,1,0,0
17050001,1,01/07/2008,17:00,0,1,,,,,,0,0,0,,0,760,,756,756,754,750,746,744,742,740,740,736,730,730,724,718,714,710,708,,,696,696,,682,684,680,678,,,,,0,,,,,,,,,,,,,,,,,,0,0,,,0,1,1,1,1,0,0,0
17050001,1,01/07/2008,,1,1,761,670,718,1,30,2,2,2,,0,761,759,757,756,754,751,748,745,743,741,740,737,731,730,724,719,715,712,708,707,702,697,696,689,682,686,681,678,672,670,673,,2,,,,,,,,,,,,,,,,,,2,2,,,2,1,1,1,1,2,2,2
17050001,2,01/06/2008,,1,1,785,764,777,1,30,1,1,1,0,0,785,783,782,782,781,782,781,782,781,782,780,780,780,778,778,777,776,777,778,777,776,774,774,772,771,770,770,768,766,764,,1,1,1,1,1,1,1,1,1,1,1,1,1,1,1,1,1,1,1,1,1,1,1,1,1,1,1,1,1,1,
17050001,1,01/06/2008,07:00,0,1,786,762,777,1,30,0,0,0,,0,786,782,782,782,782,782,782,782,780,782,780,780,780,778,778,778,776,776,778,778,776,774,774,772,772,770,770,768,766,766,,1,1,1,1,1,1,1,1,1,1,1,1,1,1,1,1,1,1,1,1,1,1,1,1,1,1,1,1,1,1,0
17050001,1,01/06/2008,17:00,0,1,786,762,777,1,30,0,0,0,,0,784,784,782,782,780,782,780,782,782,782,780,780,780,778,778,776,776,778,778,776,776,774,774,772,770,770,770,768,766,762,,1,1,1,1,1,1,1,1,1,1,1,1,1,1,1,1,1,1,1,1,1,1,1,1,1,1,1,1,1,1,0
17050001,1,01/06/2008,,1,1,786,762,777,1,30,0,0,0,,0,785,783,782,782,781,782,781,782,781,782,780,780,780,778,778,777,776,777,778,777,776,774,774,772,771,770,770,768,766,764,,1,1,1,1,1,1,1,1,1,1,1,1,1,1,1,1,1,1,1,1,1,1,1,1,1,1,1,1,1,1,0
17050001,2,01/05/2008,,1,1,784,757,775,20,2,1,1,1,0,0,758,757,760,760,760,762,764,766,769,772,773,775,777,782,782,782,782,782,782,784,784,784,782,783,782,782,781,780,780,779,782,1,1,1,1,1,1,1,1,1,1,1,1,1,1,1,1,1,1,1,1,1,1,1,1,1,1,1,1,1,1,1
17050001,1,01/05/2008,07:00,0,1,784,756,775,20,2,0,0,0,,0,758,756,760,760,760,762,764,766,768,772,772,774,776,782,782,782,782,782,782,784,784,784,782,782,782,782,782,780,780,778,782,1,1,1,1,1,1,1,1,1,1,1,1,1,1,1,1,1,1,1,1,1,1,1,1,1,1,1,1,1,1,1
17050001,1,01/05/2008,17:00,0,1,784,756,775,20,2,0,0,0,,0,758,758,760,760,760,762,764,766,770,772,774,776,778,782,782,782,782,782,782,784,784,784,782,784,782,782,780,780,780,780,782,1,1,1,1,1,1,1,1,1,1,1,1,1,1,1,1,1,1,1,1,1,1,1,1,1,1,1,1,1,1,1
17050001,1,01/05/2008,,1,1,784,756,775,20,2,0,0,0,,0,758,757,760,760,760,762,764,766,769,772,773,775,777,782,782,782,782,782,782,784,784,784,782,783,782,782,781,780,780,779,782,1,1,1,1,1,1,1,1,1,1,1,1,1,1,1,1,1,1,1,1,1,1,1,1,1,1,1,1,1,1,1
17050001,2,01/04/2008,,1,1,759,716,740,29,1,1,1,1,0,0,716,716,716,718,727,728,729,731,734,735,736,739,739,740,739,742,742,743,744,746,747,749,751,753,754,755,754,756,759,758,,1,1,1,1,1,1,1,1,1,1,1,1,1,1,1,1,1,1,1,1,1,1,1,1,1,1,1,1,1,1,
17050001,1,01/04/2008,07:00,0,1,760,716,740,29,1,0,0,0,,0,716,716,716,718,726,728,728,730,734,734,736,738,738,740,740,742,742,742,744,746,746,748,750,752,754,756,754,756,758,758,,1,1,1,1,1,1,1,1,1,1,1,1,1,1,1,1,1,1,1,1,1,1,1,1,1,1,1,1,1,1,0
17050001,1,01/04/2008,17:00,0,1,760,716,740,29,1,0,0,0,,0,716,716,716,718,728,728,730,732,734,736,736,740,740,740,738,742,742,744,744,746,748,750,752,754,754,754,754,756,760,758,,1,1,1,1,1,1,1,1,1,1,1,1,1,1,1,1,1,1,1,1,1,1,1,1,1,1,1,1,1,1,0
17050001,1,01/04/2008,,1,1,760,716,740,29,1,0,0,0,,0,716,716,716,718,727,728,729,731,734,735,736,739,739,740,739,742,742,743,744,746,747,749,751,753,754,755,754,756,759,758,,1,1,1,1,1,1,1,1,1,1,1,1,1,1,1,1,1,1,1,1,1,1,1,1,1,1,1,1,1,1,0
17050001,2,01/03/2008,,1,1,716,619,667,31,1,1,1,1,0,0,619,620,622,623,624,630,634,637,640,645,648,657,661,666,672,674,678,682,681,680,687,688,692,694,696,700,703,705,708,709,716,1,1,1,1,1,1,1,1,1,1,1,1,1,1,1,1,1,1,1,1,1,1,1,1,1,1,1,1,1,1,1
17050001,1,01/03/2008,07:00,0,1,718,618,668,31,1,0,0,0,,0,618,620,622,622,624,628,634,636,640,644,646,656,660,664,672,674,678,682,682,680,686,688,692,694,696,700,702,704,708,708,716,1,1,1,1,1,1,1,1,1,1,1,1,1,1,1,1,1,1,1,1,1,1,1,1,1,1,1,1,1,1,1
17050001,1,01/03/2008,17:00,0,1,718,618,668,31,1,0,0,0,,0,620,620,622,624,624,632,634,638,640,644,650,658,662,668,672,674,678,682,680,680,688,690,692,694,698,700,704,708,708,710,718,1,1,1,1,1,1,1,1,1,1,1,1,1,1,1,1,1,1,1,1,1,1,1,1,1,1,1,1,1,1,1
17050001,1,01/03/2008,,1,1,716,618,667,31,1,0,0,0,,0,619,620,622,623,624,630,635,637,640,645,648,657,661,666,672,674,678,682,681,680,687,688,692,694,696,700,703,705,708,709,716,,,1,1,1,1,1,1,1,1,1,1,1,1,1,1,1,1,1,1,1,1,1,1,1,1,1,1,1,1,1
17050001,2,01/02/2008,,1,1,612,505,558,29,1,1,1,1,0,0,505,506,507,511,515,519,523,527,533,537,543,547,551,557,560,565,567,568,571,578,584,588,593,597,601,605,608,610,612,,,1,1,1,1,1,1,1,1,1,1,1,1,1,1,1,1,1,1,1,1,1,1,1,1,1,1,1,1,1,,
17050001,1,01/02/2008,07:00,0,1,612,504,558,29,1,0,0,0,,0,504,506,506,510,514,518,522,526,532,536,542,546,550,556,560,564,566,568,570,576,584,588,592,596,600,604,608,610,612,,,,,,,,,,,,,,,,,,,,,,,,,,,,,,,,0,0
17050001,1,01/02/2008,17:00,0,1,612,504,558,29,1,0,0,0,,0,506,506,508,512,516,520,524,528,534,538,544,548,552,558,560,566,568,568,572,580,584,588,594,598,602,606,608,610,612,,,,,,,,,,,,,,,,,,,,,,,,,,,,,,,,0,0
17050001,1,01/02/2008,,1,1,612,504,558,29,1,0,0,0,,0,505,506,507,511,515,519,523,527,533,537,543,547,551,557,560,565,567,568,571,578,584,588,593,597,601,605,608,610,612,,,,,,,,,,,,,,,,,,,,,,,,,,,,,,,,0,0
17050001,2,01/01/2008,,1,1,502,330,412,31,1,1,1,1,0,0,330,331,335,339,343,344,352,358,369,374,379,385,391,397,404,412,417,426,432,438,444,450,457,462,470,479,485,488,492,495,502,1,1,1,1,1,1,1,1,1,1,1,1,1,1,1,1,1,1,1,1,1,1,1,1,1,1,1,1,1,1,1
17050001,1,01/01/2008,07:00,0,1,504,330,412,31,1,0,0,0,,0,330,330,334,338,342,340,350,356,368,372,378,384,390,396,404,410,416,424,430,438,444,448,454,460,468,478,484,488,492,494,500,1,1,1,1,1,1,1,1,1,1,1,1,1,1,1,1,1,1,1,1,1,1,1,1,1,1,1,1,1,1,1
17050001,1,01/01/2008,17:00,0,1,504,330,412,31,1,0,0,0,,0,330,332,336,340,344,348,354,360,370,376,380,386,392,398,404,414,418,428,434,438,444,452,460,464,472,480,486,488,492,496,504,1,1,1,1,1,1,1,1,1,1,1,1,1,1,1,1,1,1,1,1,1,1,1,1,1,1,1,1,1,1,1
17050001,1,01/01/2008,,1,1,504,330,412,31,1,0,0,0,,0,330,331,335,339,343,344,352,358,369,374,379,385,391,397,404,412,417,426,432,438,444,450,457,462,470,479,485,488,492,495,502,1,1,1,1,1,1,1,1,1,1,1,1,1,1,1,1,1,1,1,1,1,1,1,1,1,1,1,1,1,1,1
17050001,2,01/12/2007,,1,1,326,189,256,31,2,2,2,2,0,0,191,189,191,194,195,198,201,208,214,228,236,246,248,257,262,263,265,267,271,275,280,284,289,297,303,306,310,312,319,324,326,1,1,1,1,1,1,1,1,1,1,1,2,1,1,1,1,1,1,1,1,1,1,1,1,1,1,1,1,1,1,1
17050001,1,01/12/2007,07:00,0,1,326,188,256,31,2,0,0,0,,0,192,190,190,193,194,198,200,206,214,226,236,240,246,256,260,264,264,266,270,274,280,284,288,296,302,306,310,312,318,324,326,,,,,,,,,,,,,,,,,,,,,,,,,,,,,1,1,1
17050001,1,01/12/2007,17:00,0,1,326,188,256,31,2,0,0,0,,0,190,188,192,194,196,198,202,210,214,230,236,211,250,258,264,262,266,268,272,276,280,284,290,298,304,306,310,312,320,324,326,,,,,,,,,,,,,,,,,,,,,,,,,,,1,1,1,1,1
17050001,1,01/12/2007,,1,1,326,188,256,31,2,0,0,0,,0,191,189,191,194,195,198,201,208,214,228,236,226,248,257,262,263,265,267,271,275,280,284,289,297,303,306,310,312,319,324,326,,,,,,,,,,,,,,,,,,,,,,,,,,,1,1,1,1,1
17050001,2,01/11/2007,,1,1,192,114,148,28,4,1,1,1,0,0,125,119,115,114,116,119,122,126,131,133,137,139,142,143,143,144,146,146,150,152,155,158,164,170,177,181,188,192,191,191,,1,1,1,1,1,1,1,1,1,1,1,1,1,1,1,1,1,1,1,1,1,1,1,1,1,1,1,1,1,1,
17050001,1,01/11/2007,07:00,0,1,192,114,148,28,3,0,0,0,,0,128,120,116,114,116,118,120,124,130,132,136,138,142,144,144,144,146,146,150,152,154,158,162,168,176,180,186,192,192,192,,1,1,1,1,1,1,1,1,1,1,1,1,1,1,1,1,1,1,1,1,1,1,1,1,1,1,1,1,1,1,0
17050001,1,01/11/2007,17:00,0,1,192,114,148,28,3,0,0,0,,0,122,118,114,114,116,120,124,128,132,134,138,140,142,142,142,144,146,146,150,152,156,158,166,172,178,182,190,192,190,190,,1,1,1,1,1,1,1,1,1,1,1,1,1,1,1,1,1,1,1,1,1,1,1,1,1,1,1,1,1,1,0
17050001,1,01/11/2007,,1,1,192,114,148,28,3,0,0,0,,0,125,119,115,114,116,119,122,126,131,133,137,139,142,143,143,144,146,146,150,152,155,158,164,170,177,181,188,192,191,191,,1,1,1,1,1,1,1,1,1,1,1,1,1,1,1,1,1,1,1,1,1,1,1,1,1,1,1,1,1,1,0
17050001,2,01/10/2007,,1,1,245,112,158,1,23,1,1,1,0,0,245,237,225,215,204,193,188,182,179,176,174,171,167,162,158,151,145,136,128,123,117,113,112,114,116,119,124,129,132,132,130,1,1,1,1,1,1,1,1,1,1,1,1,1,1,1,1,1,1,1,1,1,1,1,1,1,1,1,1,1,1,1
17050001,1,01/10/2007,07:00,0,1,248,18,158,1,26,0,0,0,,0,248,240,228,218,206,196,190,182,180,176,174,170,168,162,160,154,148,138,130,124,118,114,112,114,116,118,122,128,132,132,130,1,1,1,1,1,1,1,1,1,1,1,1,1,1,1,1,1,1,1,1,1,1,1,1,1,1,1,1,1,1,1
17050001,1,01/10/2007,17:00,0,1,248,18,158,1,26,0,0,0,,0,242,234,222,212,202,190,186,182,178,176,174,172,166,162,156,148,142,134,126,122,116,112,112,114,116,120,126,130,132,132,130,1,1,1,1,1,1,1,1,1,1,1,1,1,1,1,1,1,1,1,1,1,1,1,1,1,1,1,1,1,1,1
17050001,1,01/10/2007,,1,1,248,18,158,1,26,0,0,0,,0,245,237,225,215,204,193,188,182,179,176,174,171,167,162,158,151,145,136,128,123,117,113,112,114,116,119,124,129,132,132,130,1,1,1,1,1,1,1,1,1,1,1,1,1,1,1,1,1,1,1,1,1,1,1,1,1,1,1,1,1,1,1
17050001,2,01/09/2007,,1,1,508,253,375,1,30,1,1,1,0,0,508,502,494,486,476,467,458,449,438,428,420,412,402,394,384,374,364,353,341,329,315,304,294,285,277,273,267,261,255,253,,1,1,1,1,1,1,1,1,1,1,1,1,1,1,1,1,1,1,1,1,1,1,1,1,1,1,1,1,1,1,
17050001,1,01/09/2007,07:00,0,1,510,252,375,1,30,0,0,0,,0,510,504,496,488,478,470,460,452,440,430,422,414,404,396,386,376,366,356,344,332,318,306,296,286,278,274,268,262,256,254,,,,,,,,,,,,,,,,,,,,,,,,,,,,,,,,0
17050001,1,01/09/2007,17:00,0,1,510,252,375,1,30,0,0,0,,0,506,500,492,484,474,464,456,446,436,426,418,410,400,392,382,372,362,350,338,326,312,302,292,284,276,272,266,260,254,252,,,,,,,,,,,,,,,,,,,,,,,,,,,,,,,,0
17050001,1,01/09/2007,,1,1,510,252,375,1,30,0,0,0,,0,508,502,494,486,476,467,458,449,438,428,420,412,402,394,384,374,364,353,341,329,315,304,294,285,277,273,267,261,255,253,,,,,,,,,,,,,,,,,,,,,,,,,,,,,,,,0
17050001,2,01/08/2007,,1,1,642,514,588,1,31,1,1,1,0,0,642,642,639,637,635,632,629,626,621,617,615,611,605,600,599,595,591,587,582,575,570,563,559,553,546,540,535,530,524,519,514,1,1,1,1,1,1,1,1,1,1,1,1,1,1,1,1,1,1,1,1,1,1,1,1,1,1,1,1,1,1,1
17050001,1,01/08/2007,07:00,0,1,642,512,588,1,31,0,0,0,,0,642,642,640,636,636,632,630,628,622,618,616,612,606,600,600,596,592,588,584,576,572,564,560,554,548,542,536,532,526,520,516,1,1,1,1,1,1,1,1,1,1,1,1,1,1,1,1,1,1,1,1,1,1,1,1,1,1,1,1,1,1,1
17050001,1,01/08/2007,17:00,0,1,642,512,588,1,31,0,0,0,,0,642,642,638,638,634,632,628,624,620,616,614,610,604,600,598,594,590,586,580,574,568,562,558,552,544,538,534,528,522,518,512,1,1,1,1,1,1,1,1,1,1,1,1,1,1,1,1,1,1,1,1,1,1,1,1,1,1,1,1,1,1,1
17050001,1,01/08/2007,,1,1,642,512,588,1,31,0,0,0,,0,642,642,639,637,635,632,629,626,621,617,615,611,605,600,599,595,591,587,582,575,570,563,559,553,546,540,535,530,524,519,514,1,1,1,1,1,1,1,1,1,1,1,1,1,1,1,1,1,1,1,1,1,1,1,1,1,1,1,1,1,1,1
17050001,2,01/07/2007,,1,1,710,646,683,1,31,1,1,1,0,0,710,709,708,707,705,703,702,701,699,698,696,696,692,690,687,686,684,684,681,679,677,673,671,667,664,658,656,654,652,649,646,1,1,1,1,1,1,1,1,1,1,1,1,1,1,1,1,1,1,1,1,1,1,1,1,1,1,1,1,1,1,1
17050001,1,01/07/2007,07:00,0,1,710,646,683,1,31,0,0,0,,0,710,710,708,708,706,704,702,702,700,698,696,696,692,690,688,686,684,684,682,680,678,674,672,668,666,658,656,654,652,650,646,,,,,,,,,,,,,,,,,,,,,,,,,,,,,,,
17050001,1,01/07/2007,17:00,0,1,710,646,683,1,31,0,0,0,,0,710,708,708,706,704,702,702,700,698,698,696,696,692,690,686,686,684,684,680,678,676,672,670,666,662,658,656,654,652,648,646,,,,,,,,,,,,,,,,,,,,,,,,,,,,,,,
17050001,1,01/07/2007,,1,1,710,646,683,1,31,0,0,0,,0,710,709,708,707,705,703,702,701,699,698,696,696,692,690,687,686,684,684,681,679,677,673,671,667,664,658,656,654,652,649,646,,,,,,,,,,,,,,,,,,,,,,,,,,,,,,,
17050001,2,01/06/2007,,1,1,738,712,731,12,30,1,1,1,0,0,733,733,736,736,736,736,736,736,736,736,736,738,738,736,736,736,735,736,735,734,734,731,730,727,725,722,718,716,713,712,,1,1,1,1,1,1,1,1,1,1,1,1,1,1,1,1,1,1,1,1,1,1,1,1,1,1,1,1,1,1,
17050001,1,01/06/2007,07:00,0,1,738,712,731,12,29,0,0,0,,0,732,732,736,736,736,736,736,736,736,736,736,738,738,736,736,736,734,736,736,734,734,732,730,728,724,724,720,716,714,712,,,,,,,,,,,,,,,,,,,,,,,,,,,,,,,,0
17050001,1,01/06/2007,17:00,0,1,738,712,731,12,29,0,0,0,,0,734,734,736,736,736,736,736,736,736,736,736,738,738,736,736,736,736,736,734,734,734,730,730,726,726,720,716,716,712,712,,,,,,,,,,,,,,,,,,,,,,,,,,,,,,,,0
17050001,1,01/06/2007,,1,1,738,712,731,12,29,0,0,0,,0,733,733,736,736,736,736,736,736,736,736,736,738,738,736,736,736,735,736,735,734,734,731,730,727,725,722,718,716,713,712,,,,,,,,,,,,,,,,,,,,,,,,,,,,,,,,0
17050001,2,01/05/2007,,1,1,734,677,709,31,1,1,1,1,0,0,677,680,682,684,686,686,691,694,697,704,705,702,704,704,707,710,712,714,716,719,720,723,724,723,724,728,727,730,730,732,734,1,1,1,1,1,1,1,1,1,1,1,1,1,1,1,1,1,1,1,1,1,1,1,1,1,1,1,1,1,1,1
17050001,1,01/05/2007,07:00,0,1,886,676,712,4,1,0,0,0,,0,676,678,682,682,686,686,690,694,696,700,707,702,704,704,706,710,712,714,716,718,720,722,724,724,724,728,726,730,730,732,734,,,,,,,,,,,,,,,,,,,,,,,,,,,,,,,
17050001,1,01/05/2007,17:00,0,1,886,676,712,4,1,0,0,0,,0,678,682,682,886,686,686,692,694,698,707,702,702,704,704,708,710,712,714,716,720,720,724,724,722,724,728,728,730,730,732,734,,,,,,,,,,,,,,,,,,,,,,,,,,,,,,,1
17050001,1,01/05/2007,,1,1,886,676,709,4,1,2,2,2,,0,677,680,682,684,686,686,691,694,697,704,705,702,704,704,707,710,712,714,716,719,720,723,724,723,724,728,727,730,730,732,734,,,,2,,,,,,,,,,,,,,,,,,,,,,,,,,,1
17050001,2,01/04/2007,,1,1,675,588,630,30,1,1,1,1,0,0,588,592,597,598,600,603,605,608,611,615,617,621,623,622,624,626,629,632,635,639,646,651,656,657,660,662,667,670,673,675,,1,1,1,1,1,1,1,1,1,1,1,1,1,1,1,1,1,1,1,1,1,1,1,1,1,1,1,1,1,1,
17050001,1,01/04/2007,07:00,0,1,676,588,630,30,1,0,0,0,,0,588,592,596,598,600,602,604,608,610,614,616,620,624,622,624,626,628,632,634,638,646,650,656,656,660,662,666,670,672,674,,,,,,,,,,,,,,,,,,,,,,,,,,,,,,,,0
17050001,1,01/04/2007,17:00,0,1,676,588,630,30,1,0,0,0,,0,588,592,598,598,600,604,606,608,612,616,618,622,622,622,624,626,630,632,636,640,646,652,656,658,660,662,668,670,674,676,,,,,,,,,,,,,,,,,,,,,,,,,,,,,,,,0
17050001,1,01/04/2007,,1,1,676,588,630,30,1,0,0,0,,0,588,592,597,598,600,603,605,608,611,615,617,621,623,622,624,626,629,632,635,639,646,651,656,657,660,662,667,670,673,675,,,,,,,,,,,,,,,,,,,,,,,,,,,,,,,,0
17050001,2,01/03/2007,,1,1,585,530,560,31,1,1,1,1,0,0,530,531,535,538,540,544,547,549,552,553,555,556,556,558,558,559,558,561,565,568,571,574,576,576,576,579,580,579,580,583,585,1,1,1,1,1,1,1,1,1,1,1,1,1,1,1,1,1,1,1,1,1,1,1,1,1,1,1,1,1,1,1
17050001,1,01/03/2007,07:00,0,1,586,530,560,31,1,0,0,0,,0,530,530,534,538,540,544,546,548,552,552,554,556,556,558,558,560,558,560,564,568,570,574,576,576,576,578,580,578,580,582,584,1,1,1,1,1,1,1,1,1,1,1,1,1,1,1,1,1,1,1,1,1,1,1,1,1,1,1,1,1,1,1
17050001,1,01/03/2007,17:00,0,1,586,530,560,31,1,0,0,0,,0,530,532,536,538,540,544,548,550,552,554,556,556,556,558,558,558,558,562,566,568,572,574,576,576,576,580,580,580,580,584,586,1,1,1,1,1,1,1,1,1,1,1,1,1,1,1,1,1,1,1,1,1,1,1,1,1,1,1,1,1,1,1
17050001,1,01/03/2007,,1,1,586,530,560,31,1,0,0,0,,0,530,531,535,538,540,544,547,549,552,553,555,556,556,558,558,559,558,561,565,568,571,574,576,576,576,579,580,579,580,583,585,1,1,1,1,1,1,1,1,1,1,1,1,1,1,1,1,1,1,1,1,1,1,1,1,1,1,1,1,1,1,1
17050001,2,01/02/2007,,1,1,527,458,496,28,1,1,1,1,0,0,458,463,461,466,469,473,475,480,482,485,490,489,491,493,495,497,502,506,509,511,519,521,522,522,522,522,524,527,,,,1,1,1,1,1,1,1,1,1,1,1,1,1,1,1,1,1,1,1,1,1,1,1,1,1,1,1,1,,,
17050001,1,01/02/2007,07:00,0,1,528,456,496,28,1,0,0,0,,0,456,466,460,466,468,472,474,480,482,484,490,488,490,492,496,496,500,504,508,510,520,520,522,522,522,522,524,526,,,,1,1,1,1,1,1,1,1,1,1,1,1,1,1,1,1,1,1,1,1,1,1,1,1,1,1,1,1,0,0,0
17050001,1,01/02/2007,17:00,0,1,528,456,496,28,1,0,0,0,,0,460,460,462,466,470,474,476,480,482,486,490,490,492,494,494,498,504,508,510,512,518,522,522,522,522,522,524,528,,,,1,1,1,1,1,1,1,1,1,1,1,1,1,1,1,1,1,1,1,1,1,1,1,1,1,1,1,1,0,0,0
17050001,1,01/02/2007,,1,1,528,456,496,28,1,0,0,0,,0,458,463,461,466,469,473,475,480,482,485,490,489,491,493,495,497,502,506,509,511,519,521,522,522,522,522,524,527,,,,1,1,1,1,1,1,1,1,1,1,1,1,1,1,1,1,1,1,1,1,1,1,1,1,1,1,1,1,0,0,0
17050001,2,01/01/2007,,1,1,450,324,389,31,1,1,1,1,0,0,324,328,333,338,345,347,353,358,359,362,364,368,373,376,380,383,388,394,399,408,415,421,426,430,434,437,440,444,445,447,450,1,1,1,1,1,1,1,1,1,1,1,1,1,1,1,1,1,1,1,1,1,1,1,1,1,1,1,1,1,1,1
17050001,1,01/01/2007,07:00,0,1,452,324,389,31,1,0,0,0,,0,324,326,332,336,344,346,350,358,358,362,364,368,372,374,380,382,386,392,398,406,414,420,426,430,434,436,438,444,444,446,448,1,1,1,1,1,1,1,1,1,1,1,1,1,1,1,1,1,1,1,1,1,1,1,1,1,1,1,1,1,1,1
17050001,1,01/01/2007,17:00,0,1,452,324,389,31,1,0,0,0,,0,324,330,334,340,346,348,356,358,360,362,364,368,374,378,380,384,390,396,400,410,416,422,426,430,434,438,442,444,446,448,452,1,1,1,1,1,1,1,1,1,1,1,1,1,1,1,1,1,1,1,1,1,1,1,1,1,1,1,1,1,1,1
17050001,1,01/01/2007,,1,1,452,324,389,31,1,0,0,0,,0,324,328,333,338,345,347,353,358,359,362,364,368,373,376,380,383,388,394,399,408,415,421,426,430,434,437,440,444,445,447,450,1,1,1,1,1,1,1,1,1,1,1,1,1,1,1,1,1,1,1,1,1,1,1,1,1,1,1,1,1,1,1
17050001,2,01/12/2006,,1,1,319,178,252,31,1,1,1,1,0,0,178,186,191,197,204,211,217,222,224,225,225,229,232,232,238,243,247,253,260,268,276,284,293,297,302,306,310,313,316,318,319,1,1,1,1,1,1,1,1,1,1,1,1,1,1,1,1,1,1,1,1,1,1,1,1,1,1,1,1,1,1,1
17050001,1,01/12/2006,07:00,0,1,320,176,252,31,1,0,0,0,,0,176,184,190,196,202,210,216,222,224,226,226,228,232,232,236,242,246,252,258,266,274,282,292,296,302,306,310,312,316,318,318,,,,,,,,,,,,,,,,,,,,,,,,,,,,,,,
17050001,1,01/12/2006,17:00,0,1,320,176,252,31,1,0,0,0,,0,180,188,192,198,206,212,218,222,224,224,224,230,232,232,240,244,248,254,262,270,278,286,294,298,302,306,310,314,316,318,320,,,,,,,,,,,,,,,,,,,,,,,,,,,,,,,
17050001,1,01/12/2006,,1,1,320,176,252,31,1,0,0,0,,0,178,186,191,197,204,211,217,222,224,225,225,229,232,232,238,243,247,253,260,268,276,284,293,297,302,306,310,313,316,318,319,,,,,,,,,,,,,,,,,,,,,,,,,,,,,,,
17050001,2,01/11/2006,,1,1,171,72,121,30,1,1,1,1,0,0,72,83,90,95,100,106,114,117,118,111,110,105,99,98,97,102,105,111,117,124,132,139,147,151,152,158,164,164,167,171,,1,1,1,1,1,1,1,1,1,1,1,1,1,1,1,1,1,1,1,1,1,1,1,1,1,1,1,1,1,1,
17050001,1,01/11/2006,07:00,0,1,172,72,121,30,1,0,0,0,,0,72,82,88,94,98,104,112,116,118,112,114,106,100,98,96,102,102,110,114,122,130,138,144,150,152,158,166,164,166,170,,,,,,,,,,,,,,,,,,,,,,,,,,,,,,,,0
17050001,1,01/11/2006,17:00,0,1,172,72,121,30,1,0,0,0,,0,72,84,92,96,102,108,116,118,118,110,106,104,98,98,98,102,108,112,120,126,134,140,150,152,152,158,162,164,168,172,,,,,,,,,,,,,,,,,,,,,,,,,,,,,,,,0
17050001,1,01/11/2006,,1,1,172,72,121,30,1,0,0,0,,0,72,83,90,95,100,106,114,117,118,111,110,105,99,98,97,102,105,111,117,124,132,139,147,151,152,158,164,164,167,171,,,,,,,,,,,,,,,,,,,,,,,,,,,,,,,,0
17050001,2,01/10/2006,,1,1,201,72,125,1,31,1,1,1,0,0,201,192,183,178,171,168,169,167,165,163,158,149,137,124,116,108,100,94,94,92,92,91,91,91,89,92,90,81,76,73,72,1,1,1,1,1,1,1,1,1,1,1,1,1,1,1,1,1,1,1,1,1,1,1,1,1,1,1,1,1,1,1
17050001,1,01/10/2006,07:00,0,1,204,72,125,1,30,0,0,0,,0,204,194,186,180,172,168,170,168,166,164,160,154,142,128,118,110,102,94,94,92,92,90,92,92,88,92,92,84,78,74,72,,,,,,,,,,,,,,,,,,,,,,,,,,,,,,,
17050001,1,01/10/2006,17:00,0,1,204,72,125,1,30,0,0,0,,0,198,190,180,176,170,168,168,166,164,162,156,144,132,120,114,106,98,94,94,92,92,92,90,90,90,92,88,78,74,72,72,,,,,,,,,,,,,,,,,,,,,,,,,,,,,,,
17050001,1,01/10/2006,,1,1,204,72,125,1,30,0,0,0,,0,201,192,183,178,171,168,169,167,165,163,158,149,137,124,116,108,100,94,94,92,92,91,91,91,89,92,90,81,76,73,72,,,,,,,,,,,,,,,,,,,,,,,,,,,,,,,
17050001,2,01/09/2006,,1,1,458,212,337,1,30,1,1,1,0,0,458,447,438,428,419,412,408,401,393,386,380,374,364,357,346,333,323,314,306,298,290,282,274,266,259,251,242,233,223,212,,1,1,1,1,1,1,1,1,1,1,1,1,1,1,1,1,1,1,1,1,1,1,1,1,1,1,1,1,1,1,
17050001,1,01/09/2006,,1,1,460,208,337,1,30,0,0,0,,0,458,447,438,428,419,412,408,401,393,386,380,374,364,357,346,333,323,314,306,298,290,282,274,266,259,251,242,233,223,212,,1,1,1,1,1,1,1,1,1,1,1,1,1,1,1,1,1,1,1,1,1,1,1,1,1,1,1,1,1,1,0
17050001,2,01/08/2006,,1,1,647,469,565,1,31,1,1,1,0,0,647,643,636,629,623,619,613,608,603,600,595,591,588,585,579,574,566,561,554,546,541,534,526,519,514,506,501,494,486,478,469,1,1,1,1,1,1,1,1,1,1,1,1,1,1,1,1,1,1,1,1,1,1,1,1,1,1,1,1,1,1,1
17050001,1,01/08/2006,07:00,0,1,648,466,565,1,31,0,0,0,,0,648,644,638,630,624,620,614,610,604,600,596,592,588,586,580,576,568,562,556,548,542,536,528,520,516,508,502,496,488,480,472,1,1,1,1,1,1,1,1,1,1,1,1,1,1,1,1,1,1,1,1,1,1,1,1,1,1,1,1,1,1,1
17050001,1,01/08/2006,17:00,0,1,648,466,565,1,31,0,0,0,,0,646,642,634,628,622,618,612,606,602,600,594,590,588,584,578,572,564,560,552,544,540,532,524,518,512,504,500,492,484,476,466,1,1,1,1,1,1,1,1,1,1,1,1,1,1,1,1,1,1,1,1,1,1,1,1,1,1,1,1,1,1,1
17050001,1,01/08/2006,,1,1,648,466,565,1,31,0,0,0,,0,647,643,636,629,623,619,613,608,603,600,595,591,588,585,579,574,566,561,554,546,541,534,526,519,514,506,501,494,486,478,469,1,1,1,1,1,1,1,1,1,1,1,1,1,1,1,1,1,1,1,1,1,1,1,1,1,1,1,1,1,1,1
17050001,2,01/07/2006,,1,1,755,651,706,1,31,1,1,1,0,0,755,753,752,751,745,740,736,733,729,725,721,718,716,714,711,709,706,703,699,695,689,686,682,676,673,669,665,661,657,654,651,1,1,1,1,1,1,1,1,1,1,1,1,1,1,1,1,1,1,1,1,1,1,1,1,1,1,1,1,1,1,1
17050001,1,01/07/2006,07:00,0,1,756,650,706,1,31,0,0,0,,0,756,754,752,752,746,742,736,734,730,726,722,718,716,716,712,710,706,704,700,696,690,686,684,676,674,670,666,662,658,654,652,1,1,1,1,1,1,1,1,1,1,1,1,1,1,1,1,1,1,1,1,1,1,1,1,1,1,1,1,1,1,1
17050001,1,01/07/2006,17:00,0,1,756,650,706,1,31,0,0,0,,0,754,752,752,750,744,738,736,732,728,724,720,718,716,712,710,708,706,702,698,694,688,686,680,676,672,668,664,660,656,654,650,1,1,1,1,1,1,1,1,1,1,1,1,1,1,1,1,1,1,1,1,1,1,1,1,1,1,1,1,1,1,1
17050001,1,01/07/2006,,1,1,756,650,706,1,31,0,0,0,,0,755,753,752,751,745,740,736,733,729,725,721,718,716,714,711,709,706,703,699,695,689,686,682,676,673,669,665,661,657,654,651,1,1,1,1,1,1,1,1,1,1,1,1,1,1,1,1,1,1,1,1,1,1,1,1,1,1,1,1,1,1,1
17050001,2,01/06/2006,,1,1,808,759,785,1,30,1,1,1,0,0,808,807,807,805,802,801,800,798,794,792,792,792,790,787,786,786,784,784,783,781,779,775,773,771,770,767,764,763,761,759,,1,1,1,1,1,1,1,1,1,1,1,1,1,1,1,1,1,1,1,1,1,1,1,1,1,1,1,1,1,1,
17050001,1,01/06/2006,07:00,0,1,810,758,785,1,30,0,0,0,,0,810,808,806,806,802,802,800,798,794,792,792,792,790,788,786,786,784,784,784,782,780,776,774,772,770,768,764,764,762,760,,1,1,1,1,1,1,1,1,1,1,1,1,1,1,1,1,1,1,1,1,1,1,1,1,1,1,1,1,1,1,0
17050001,1,01/06/2006,17:00,0,1,810,758,785,1,30,0,0,0,,0,806,806,808,804,802,800,800,798,794,792,792,792,790,786,786,786,784,784,782,780,778,774,772,770,770,766,764,762,760,758,,1,1,1,1,1,1,1,1,1,1,1,1,1,1,1,1,1,1,1,1,1,1,1,1,1,1,1,1,1,1,0
17050001,1,01/06/2006,,1,1,810,758,785,1,30,0,0,0,,0,808,807,807,805,802,801,800,798,794,792,792,792,790,787,786,786,784,784,783,781,779,775,773,771,770,767,764,763,761,759,,1,1,1,1,1,1,1,1,1,1,1,1,1,1,1,1,1,1,1,1,1,1,1,1,1,1,1,1,1,1,0
17050001,2,01/05/2006,,1,1,810,764,792,29,1,1,1,1,0,0,764,766,767,770,773,776,776,776,777,782,785,786,787,791,794,795,799,803,804,805,807,806,806,807,808,807,808,808,810,809,810,1,1,1,1,1,1,1,1,1,1,1,1,1,1,1,1,1,1,1,1,1,1,1,1,1,1,1,1,1,1,1
17050001,1,01/05/2006,07:00,0,1,810,764,792,29,1,0,0,0,,0,764,766,766,770,772,776,776,776,776,782,784,786,786,790,794,794,798,802,804,804,806,806,806,806,808,806,808,808,810,808,810,1,1,1,1,1,1,1,1,1,1,1,1,1,1,1,1,1,1,1,1,1,1,1,1,1,1,1,1,1,1,1
17050001,1,01/05/2006,17:00,0,1,810,764,792,29,1,0,0,0,,0,764,766,768,770,774,776,776,776,778,782,786,786,788,792,794,796,800,804,804,806,808,806,806,808,808,808,808,808,810,810,810,1,1,1,1,1,1,1,1,1,1,1,1,1,1,1,1,1,1,1,1,1,1,1,1,1,1,1,1,1,1,1
17050001,1,01/05/2006,,1,1,810,764,792,29,1,0,0,0,,0,764,766,767,770,773,776,776,776,777,782,785,786,787,791,794,795,799,803,804,805,807,806,806,807,808,807,808,808,810,809,810,1,1,1,1,1,1,1,1,1,1,1,1,1,1,1,1,1,1,1,1,1,1,1,1,1,1,1,1,1,1,1
17050001,2,01/04/2006,,1,1,762,710,730,30,1,1,1,1,0,0,710,712,715,716,716,716,716,716,715,717,718,718,719,723,725,729,730,732,733,737,740,740,740,743,745,747,749,755,760,762,,1,1,1,1,1,1,1,1,1,1,1,1,1,1,1,1,1,1,1,1,1,1,1,1,1,1,1,1,1,1,
17050001,1,01/04/2006,07:00,0,1,764,710,730,30,1,0,0,0,,0,710,712,714,716,716,716,716,716,714,716,718,718,718,722,724,728,730,732,732,736,740,740,740,742,744,746,748,754,760,760,,1,1,1,1,1,1,1,1,1,1,1,1,1,1,1,1,1,1,1,1,1,1,1,1,1,1,1,1,1,1,0
17050001,1,01/04/2006,17:00,0,1,764,710,730,30,1,0,0,0,,0,710,712,716,716,716,716,716,716,716,718,718,718,720,724,726,730,730,732,734,738,740,740,740,744,746,748,750,756,760,764,,1,1,1,1,1,1,1,1,1,1,1,1,1,1,1,1,1,1,1,1,1,1,1,1,1,1,1,1,1,1,0
17050001,1,01/04/2006,,1,1,764,710,730,30,1,0,0,0,,0,710,712,715,716,716,716,716,716,715,717,718,718,719,723,725,729,730,732,733,737,740,740,740,743,745,747,749,755,760,762,,1,1,1,1,1,1,1,1,1,1,1,1,1,1,1,1,1,1,1,1,1,1,1,1,1,1,1,1,1,1,0
17050001,2,01/03/2006,,1,1,708,617,668,31,1,1,1,1,0,0,617,622,629,635,639,643,648,650,652,655,658,659,662,666,666,667,673,677,678,680,682,686,687,690,692,694,695,699,703,706,708,1,1,1,1,1,1,1,1,1,1,1,1,1,1,1,1,1,1,1,1,1,1,1,1,1,1,1,1,1,1,1
17050001,1,01/03/2006,07:00,0,1,708,616,668,31,1,0,0,0,,0,616,622,628,634,638,642,648,650,652,654,658,658,662,666,666,666,672,676,678,680,680,686,686,690,692,694,694,698,702,706,708,1,1,1,1,1,1,1,1,1,1,1,1,1,1,1,1,1,1,1,1,1,1,1,1,1,1,1,1,1,1,1
17050001,1,01/03/2006,17:00,0,1,708,616,668,31,1,0,0,0,,0,618,622,630,636,640,644,648,650,652,656,658,660,662,666,666,668,674,678,678,680,684,686,688,690,692,694,696,700,704,706,708,1,1,1,1,1,1,1,1,1,1,1,1,1,1,1,1,1,1,1,1,1,1,1,1,1,1,1,1,1,1,1
17050001,1,01/03/2006,,1,1,708,616,668,31,1,0,0,0,,0,617,622,629,635,639,643,648,650,652,655,658,659,662,666,666,667,673,677,678,680,682,686,687,690,692,694,695,699,703,706,708,1,1,1,1,1,1,1,1,1,1,1,1,1,1,1,1,1,1,1,1,1,1,1,1,1,1,1,1,1,1,1
17050001,2,01/02/2006,,1,1,610,478,543,28,1,2,2,2,0,0,478,484,489,493,500,505,507,511,516,517,520,528,533,538,543,552,558,562,564,571,575,582,586,590,593,596,604,610,,,,2,2,2,2,2,2,2,2,2,2,2,2,2,2,2,2,2,2,2,2,2,2,2,2,2,2,2,2,,,
17050001,2,01/01/2006,,1,1,472,301,396,31,1,1,1,1,0,0,301,306,314,324,331,335,341,349,354,361,367,375,386,392,402,410,416,419,425,429,431,433,436,439,442,448,452,457,460,466,472,1,1,1,1,1,1,1,1,1,1,1,1,1,1,1,1,1,1,1,1,1,1,1,1,1,1,1,1,1,1,1
17050001,1,01/01/2006,07:00,0,1,474,300,396,31,1,0,0,0,,0,300,304,314,322,330,334,340,348,352,360,366,372,384,390,400,408,416,418,424,428,430,432,436,438,442,446,452,456,460,466,470,1,1,1,1,1,1,1,1,1,1,1,1,1,1,1,1,1,1,1,1,1,1,1,1,1,1,1,1,1,1,1
17050001,1,01/01/2006,17:00,0,1,474,300,396,31,1,0,0,0,,0,302,308,314,326,332,336,342,350,356,362,368,378,388,394,404,412,416,420,426,430,432,434,436,440,442,450,452,458,460,466,474,1,1,1,1,1,1,1,1,1,1,1,1,1,1,1,1,1,1,1,1,1,1,1,1,1,1,1,1,1,1,1
17050001,1,01/01/2006,,1,1,474,300,396,31,1,0,0,0,,0,301,306,314,324,331,335,341,349,354,361,367,375,386,392,402,410,416,419,425,429,431,433,436,439,442,448,452,457,460,466,472,1,1,1,1,1,1,1,1,1,1,1,1,1,1,1,1,1,1,1,1,1,1,1,1,1,1,1,1,1,1,1
17050001,2,01/12/2005,,1,1,287,144,219,31,1,1,1,1,0,0,144,153,159,166,173,176,178,180,184,187,190,197,203,206,214,221,227,230,232,239,243,249,252,257,260,261,269,274,281,284,287,1,1,1,1,1,1,1,1,1,1,1,1,1,1,1,1,1,1,1,1,1,1,1,1,1,1,1,1,1,1,1
17050001,1,01/12/2005,07:00,0,1,288,142,219,31,1,0,0,0,,0,142,150,156,164,172,176,180,180,182,186,190,196,202,204,212,220,226,230,232,238,242,248,252,256,260,260,266,272,280,284,286,1,1,1,1,1,1,1,1,1,1,1,1,1,1,1,1,1,1,1,1,1,1,1,1,1,1,1,1,1,1,1
17050001,1,01/12/2005,17:00,0,1,288,142,219,31,1,0,0,0,,0,146,156,162,168,174,176,176,180,186,188,190,198,204,208,216,222,228,230,232,240,244,250,252,258,260,262,272,276,282,284,288,1,1,1,1,1,1,1,1,1,1,1,1,1,1,1,1,1,1,1,1,1,1,1,1,1,1,1,1,1,1,1
17050001,1,01/12/2005,,1,1,288,142,219,31,1,0,0,0,,0,144,153,159,166,173,176,178,180,184,187,190,197,203,206,214,221,227,230,232,239,243,249,252,257,260,261,269,274,281,284,287,1,1,1,1,1,1,1,1,1,1,1,1,1,1,1,1,1,1,1,1,1,1,1,1,1,1,1,1,1,1,1
17050001,2,01/11/2005,,1,1,137,-12,67,30,1,1,1,1,0,0,-12,-3,8,15,21,28,26,23,25,31,37,43,52,62,71,81,88,94,99,102,102,101,101,102,104,107,112,118,127,137,,1,1,1,1,1,1,1,1,1,1,1,1,1,1,1,1,1,1,1,1,1,1,1,1,1,1,1,1,1,1,
17050001,1,01/11/2005,07:00,0,1,138,-14,67,30,1,0,0,0,,0,-14,-6,6,14,18,28,28,24,24,30,36,42,50,60,68,78,86,92,98,102,102,102,102,102,104,106,110,116,124,136,,1,1,1,1,1,1,1,1,1,1,1,1,1,1,1,1,1,1,1,1,1,1,1,1,1,1,1,1,1,1,0
17050001,1,01/11/2005,17:00,0,1,138,-14,67,30,1,0,0,0,,0,-10,0,10,16,24,28,24,22,26,32,38,44,54,64,74,84,90,96,100,102,102,100,100,102,104,108,114,120,130,138,,1,1,1,1,1,1,1,1,1,1,1,1,1,1,1,1,1,1,1,1,1,1,1,1,1,1,1,1,1,1,0
17050001,1,01/11/2005,,1,1,138,-14,67,30,1,0,0,0,,0,-12,-3,8,15,21,28,26,23,25,31,37,43,52,62,71,81,88,94,99,102,102,101,101,102,104,107,112,118,127,137,,1,1,1,1,1,1,1,1,1,1,1,1,1,1,1,1,1,1,1,1,1,1,1,1,1,1,1,1,1,1,0
17050001,2,01/10/2005,,1,1,60,-39,13,5,27,1,1,1,0,0,58,53,56,57,60,58,54,50,43,27,15,7,1,2,2,9,14,19,20,21,15,5,-5,-20,-28,-34,-39,-39,-36,-26,-18,1,1,1,1,1,1,1,1,1,1,1,1,1,1,1,1,1,1,1,1,1,1,1,1,1,1,1,1,1,1,1
17050001,1,01/10/2005,07:00,0,1,60,-40,13,5,27,0,0,0,,0,58,52,56,56,60,60,54,52,46,30,18,10,2,2,2,6,12,18,20,22,18,10,0,-16,-26,-34,-38,-40,-38,-28,-20,1,1,1,1,1,1,1,1,1,1,1,1,1,1,1,1,1,1,1,1,1,1,1,1,1,1,1,1,1,1,1
17050001,1,01/10/2005,17:00,0,1,60,-40,13,5,27,0,0,0,,0,58,54,56,58,60,56,54,48,40,24,12,4,0,2,2,12,16,20,20,20,12,0,-10,-24,-30,-34,-40,-38,-34,-24,-16,1,1,1,1,1,1,1,1,1,1,1,1,1,1,1,1,1,1,1,1,1,1,1,1,1,1,1,1,1,1,1
17050001,1,01/10/2005,,1,1,60,-40,13,5,27,0,0,0,,0,58,53,56,57,60,58,54,50,43,27,15,7,1,2,2,9,14,19,20,21,15,5,-5,-20,-28,-34,-39,-39,-36,-26,-18,1,1,1,1,1,1,1,1,1,1,1,1,1,1,1,1,1,1,1,1,1,1,1,1,1,1,1,1,1,1,1
17050001,2,01/09/2005,,1,1,304,61,184,1,30,1,1,1,0,0,304,294,288,278,272,266,256,248,238,229,219,207,197,188,179,170,166,161,159,154,150,150,136,123,108,95,83,73,68,61,,1,1,1,1,1,1,1,1,1,1,1,1,1,1,1,1,1,1,1,1,1,1,1,1,1,1,1,1,1,1,
17050001,1,01/09/2005,07:00,0,1,306,60,184,1,30,0,0,0,,0,306,296,290,280,274,268,260,250,240,232,222,210,200,190,182,170,166,160,160,156,148,152,142,128,112,100,86,76,68,62,,1,1,1,1,1,1,1,1,1,1,1,1,1,1,1,1,1,1,1,1,1,1,1,1,1,1,1,1,1,1,0
17050001,1,01/09/2005,17:00,0,1,306,60,184,1,30,0,0,0,,0,302,292,286,276,270,264,252,246,236,226,216,204,194,186,176,170,166,162,158,152,152,148,130,118,104,90,80,70,68,60,,1,1,1,1,1,1,1,1,1,1,1,1,1,1,1,1,1,1,1,1,1,1,1,1,1,1,1,1,1,1,0
17050001,1,01/09/2005,,1,1,306,60,184,1,30,0,0,0,,0,304,294,288,278,272,266,256,248,238,229,219,207,197,188,179,170,166,161,159,154,150,150,136,123,108,95,83,73,68,61,,1,1,1,1,1,1,1,1,1,1,1,1,1,1,1,1,1,1,1,1,1,1,1,1,1,1,1,1,1,1,0
17050001,2,01/08/2005,,1,1,553,315,451,1,31,1,1,1,0,0,553,548,541,536,530,523,519,514,506,501,496,490,483,472,463,455,448,442,437,429,422,412,405,396,388,375,362,353,340,327,315,1,1,1,1,1,1,1,1,1,1,1,1,1,1,1,1,1,1,1,1,1,1,1,1,1,1,1,1,1,1,1
17050001,1,01/08/2005,07:00,0,1,554,312,451,1,31,0,0,0,,0,554,550,542,538,532,524,520,516,508,502,498,492,486,474,466,456,450,444,438,430,424,414,408,398,390,378,364,356,344,330,318,1,1,1,1,1,1,1,1,1,1,1,1,1,1,1,1,1,1,1,1,1,1,1,1,1,1,1,1,1,1,1
17050001,1,01/08/2005,17:00,0,1,554,312,451,1,31,0,0,0,,0,552,546,540,534,528,522,518,512,504,500,494,488,480,470,460,454,446,440,436,428,420,410,402,394,386,372,360,350,336,324,312,1,1,1,1,1,1,1,1,1,1,1,1,1,1,1,1,1,1,1,1,1,1,1,1,1,1,1,1,1,1,1
17050001,1,01/08/2005,,1,1,554,312,451,1,31,0,0,0,,0,553,548,541,536,530,523,519,514,506,501,496,490,483,472,463,455,448,442,437,429,422,412,405,396,388,375,362,353,340,327,315,1,1,1,1,1,1,1,1,1,1,1,1,1,1,1,1,1,1,1,1,1,1,1,1,1,1,1,1,1,1,1
17050001,2,01/07/2005,,1,1,665,558,616,1,31,1,1,1,0,0,665,663,659,654,651,647,644,642,641,638,636,633,629,626,622,618,613,609,606,603,600,598,596,593,589,584,578,574,571,564,558,1,1,1,1,1,1,1,1,1,1,1,1,1,1,1,1,1,1,1,1,1,1,1,1,1,1,1,1,1,1,1
17050001,1,01/07/2005,07:00,0,1,666,556,616,1,31,0,0,0,,0,666,664,660,654,652,648,644,642,642,638,636,634,630,626,624,620,614,610,606,604,602,598,596,594,590,586,580,576,572,566,560,1,1,1,1,1,1,1,1,1,1,1,1,1,1,1,1,1,1,1,1,1,1,1,1,1,1,1,1,1,1,1
17050001,1,01/07/2005,17:00,0,1,666,556,616,1,31,0,0,0,,0,664,662,658,654,650,646,644,642,640,638,636,632,628,626,620,616,612,608,606,602,598,598,596,592,588,582,576,572,570,562,556,1,1,1,1,1,1,1,1,1,1,1,1,1,1,1,1,1,1,1,1,1,1,1,1,1,1,1,1,1,1,1
17050001,1,01/07/2005,,1,1,666,556,616,1,31,0,0,0,,0,665,663,659,654,651,647,644,642,641,638,636,633,629,626,622,618,613,609,606,603,600,598,596,593,589,584,578,574,571,564,558,1,1,1,1,1,1,1,1,1,1,1,1,1,1,1,1,1,1,1,1,1,1,1,1,1,1,1,1,1,1,1
17050001,2,01/06/2005,,1,1,728,666,698,1,30,1,1,1,0,0,728,726,724,722,722,720,716,714,712,710,708,706,702,700,700,699,696,692,688,686,684,682,682,680,678,676,674,672,670,666,,1,1,1,1,1,1,1,1,1,1,1,1,1,1,1,1,1,1,1,1,1,1,1,1,1,1,1,1,1,1,
17050001,1,01/06/2005,17:00,0,1,728,666,698,1,30,0,0,0,,0,728,726,724,722,722,720,716,714,712,710,708,706,702,700,700,699,696,692,688,686,684,682,682,680,678,676,674,672,670,666,,1,1,1,1,1,1,1,1,1,1,1,1,1,1,1,1,1,1,1,1,1,1,1,1,1,1,1,1,1,1,0
17050001,1,01/06/2005,,1,1,728,666,698,1,30,0,0,0,,0,728,726,724,722,722,720,716,714,712,710,708,706,702,700,700,699,696,692,688,686,684,682,682,680,678,676,674,672,670,666,,1,1,1,1,1,1,1,1,1,1,1,1,1,1,1,1,1,1,1,1,1,1,1,1,1,1,1,1,1,1,0
17050001,2,01/05/2005,,1,1,736,706,727,15,1,1,1,1,0,0,706,708,710,710,713,715,719,723,726,730,730,732,733,735,736,736,736,736,736,734,735,734,732,730,730,730,728,728,728,728,728,1,1,1,1,1,1,1,1,1,1,1,1,1,1,1,1,1,1,1,1,1,1,1,1,1,1,1,1,1,1,1
17050001,1,01/05/2005,07:00,0,1,736,706,727,14,1,0,0,0,,0,706,708,710,710,712,714,718,722,724,730,730,732,732,734,736,736,736,736,736,734,736,734,732,730,730,730,728,728,728,728,728,1,1,1,1,1,1,1,1,1,1,1,1,1,1,1,1,1,1,1,1,1,1,1,1,1,1,1,1,1,1,1
17050001,1,01/05/2005,17:00,0,1,736,706,727,14,1,0,0,0,,0,706,708,710,710,714,716,720,724,728,730,730,732,734,736,736,736,736,736,736,734,734,734,732,730,730,730,728,728,728,728,728,1,1,1,1,1,1,1,1,1,1,1,1,1,1,1,1,1,1,1,1,1,1,1,1,1,1,1,1,1,1,1
17050001,1,01/05/2005,,1,1,736,706,727,14,1,0,0,0,,0,706,708,710,710,713,715,719,723,726,730,730,732,733,735,736,736,736,736,736,734,735,734,732,730,730,730,728,728,728,728,728,1,1,1,1,1,1,1,1,1,1,1,1,1,1,1,1,1,1,1,1,1,1,1,1,1,1,1,1,1,1,1
17050001,2,01/04/2005,,1,1,706,664,689,30,1,1,1,1,0,0,664,666,668,669,670,673,676,678,681,685,688,690,692,692,694,694,695,696,696,695,694,694,696,698,699,700,701,704,705,706,,1,1,1,1,1,1,1,1,1,1,1,1,1,1,1,1,1,1,1,1,1,1,1,1,1,1,1,1,1,1,
17050001,1,01/04/2005,07:00,0,1,706,664,689,29,1,0,0,0,,0,664,666,668,668,670,672,676,678,680,684,686,690,692,692,694,694,694,696,696,696,694,694,696,698,698,700,700,704,704,706,,1,1,1,1,1,1,1,1,1,1,1,1,1,1,1,1,1,1,1,1,1,1,1,1,1,1,1,1,1,1,0
17050001,1,01/04/2005,17:00,0,1,706,664,689,29,1,0,0,0,,0,664,666,668,670,670,674,676,678,682,686,690,690,692,692,694,694,696,696,696,694,694,694,696,698,700,700,702,704,706,706,,1,1,1,1,1,1,1,1,1,1,1,1,1,1,1,1,1,1,1,1,1,1,1,1,1,1,1,1,1,1,0
17050001,1,01/04/2005,,1,1,706,664,689,29,1,0,0,0,,0,664,666,668,669,670,673,676,678,681,685,688,690,692,692,694,694,695,696,696,695,694,694,696,698,699,700,701,704,705,706,,1,1,1,1,1,1,1,1,1,1,1,1,1,1,1,1,1,1,1,1,1,1,1,1,1,1,1,1,1,1,0
17050001,2,01/03/2005,,1,1,662,483,576,31,1,1,1,1,0,0,483,489,496,502,507,513,521,525,532,539,544,553,561,572,581,587,593,598,602,604,605,609,617,622,627,631,637,644,648,653,662,1,1,1,1,1,1,1,1,1,1,1,1,1,1,1,1,1,1,1,1,1,1,1,1,1,1,1,1,1,1,1
17050001,1,01/03/2005,07:00,0,1,664,482,576,31,1,0,0,0,,0,482,488,496,500,506,512,520,524,530,538,542,550,560,570,580,584,592,596,602,604,604,608,616,620,626,630,636,642,646,652,660,1,1,1,1,1,1,1,1,1,1,1,1,1,1,1,1,1,1,1,1,1,1,1,1,1,1,1,1,1,1,1
17050001,1,01/03/2005,17:00,0,1,664,482,576,31,1,0,0,0,,0,484,490,496,504,508,514,522,526,534,540,546,556,562,574,582,590,594,600,602,604,606,610,618,624,628,632,638,646,650,654,664,1,1,1,1,1,1,1,1,1,1,1,1,1,1,1,1,1,1,1,1,1,1,1,1,1,1,1,1,1,1,1
17050001,1,01/03/2005,,1,1,664,482,576,31,1,0,0,0,,0,483,489,496,502,507,513,521,525,532,539,544,553,561,572,581,587,593,598,602,604,605,609,617,622,627,631,637,644,648,653,662,1,1,1,1,1,1,1,1,1,1,1,1,1,1,1,1,1,1,1,1,1,1,1,1,1,1,1,1,1,1,1
17050001,2,01/02/2005,,1,1,474,371,414,28,1,1,1,1,0,0,371,372,380,382,383,384,385,389,393,399,403,409,413,416,420,420,422,422,423,424,427,435,439,443,452,458,467,474,,,,1,1,1,1,1,1,1,1,1,1,1,1,1,1,1,1,1,1,1,1,1,1,1,1,1,1,1,1,,,
17050001,1,01/02/2005,07:00,0,1,476,370,414,28,1,0,0,0,,0,370,372,378,382,382,384,384,388,392,398,402,408,412,416,420,420,422,422,422,424,426,434,438,442,450,456,464,472,,,,1,1,1,1,1,1,1,1,1,1,1,1,1,1,1,1,1,1,1,1,1,1,1,1,1,1,1,1,0,0,0
17050001,1,01/02/2005,17:00,0,1,476,370,414,28,1,0,0,0,,0,372,372,382,382,384,384,386,390,394,400,404,410,414,416,420,420,422,422,424,424,428,436,440,444,454,460,470,476,,,,1,1,1,1,1,1,1,1,1,1,1,1,1,1,1,1,1,1,1,1,1,1,1,1,1,1,1,1,0,0,0
17050001,1,01/02/2005,,1,1,476,370,414,28,1,0,0,0,,0,371,372,380,382,383,384,385,389,393,399,403,409,413,416,420,420,422,422,423,424,427,435,439,443,452,458,467,474,,,,1,1,1,1,1,1,1,1,1,1,1,1,1,1,1,1,1,1,1,1,1,1,1,1,1,1,1,1,0,0,0
17050001,2,01/01/2005,,1,1,368,286,331,31,1,1,1,1,0,0,286,292,294,295,297,302,307,311,314,319,323,327,333,337,341,342,342,347,344,344,344,344,344,346,347,349,352,356,359,363,368,1,1,1,1,1,1,1,1,1,1,1,1,1,1,1,1,1,1,1,1,1,1,1,1,1,1,1,1,1,1,1
17050001,1,01/01/2005,07:00,0,1,368,286,331,31,1,0,0,0,,0,286,292,294,294,296,300,306,310,314,318,322,326,332,336,340,342,342,350,344,344,344,344,344,346,346,348,350,354,358,362,368,1,1,1,1,1,1,1,1,1,1,1,1,1,1,1,1,1,1,1,1,1,1,1,1,1,1,1,1,1,1,1
17050001,1,01/01/2005,17:00,0,1,368,286,331,31,1,0,0,0,,0,286,292,294,296,298,304,308,312,314,320,324,328,334,338,342,342,342,344,344,344,344,344,344,346,348,350,354,358,360,364,368,1,1,1,1,1,1,1,1,1,1,1,1,1,1,1,1,1,1,1,1,1,1,1,1,1,1,1,1,1,1,1
17050001,1,01/01/2005,,1,1,368,286,331,31,1,0,0,0,,0,286,292,294,295,297,302,307,311,314,319,323,327,333,337,341,342,342,347,344,344,344,344,344,346,347,349,352,356,359,363,368,1,1,1,1,1,1,1,1,1,1,1,1,1,1,1,1,1,1,1,1,1,1,1,1,1,1,1,1,1,1,1
17050001,2,01/12/2004,,1,1,284,192,233,31,1,1,1,1,0,0,192,192,194,195,194,196,198,201,206,211,216,222,229,233,237,240,243,243,245,243,245,249,251,257,259,264,269,273,277,280,284,1,1,1,1,1,1,1,1,1,1,1,1,1,1,1,1,1,1,1,1,1,1,1,1,1,1,1,1,1,1,1
17050001,1,01/12/2004,07:00,0,1,284,192,233,31,1,0,0,0,,0,192,192,194,196,194,196,198,200,206,210,216,220,228,232,236,240,244,244,246,244,244,248,250,256,258,262,268,272,276,280,284,1,1,1,1,1,1,1,1,1,1,1,1,1,1,1,1,1,1,1,1,1,1,1,1,1,1,1,1,1,1,1
17050001,1,01/12/2004,17:00,0,1,284,192,233,31,1,0,0,0,,0,192,192,194,194,194,196,198,202,206,212,216,224,230,234,238,240,242,242,244,242,246,250,252,258,260,266,270,274,278,280,284,1,1,1,1,1,1,1,1,1,1,1,1,1,1,1,1,1,1,1,1,1,1,1,1,1,1,1,1,1,1,1
17050001,1,01/12/2004,,1,1,284,192,233,31,1,0,0,0,,0,192,192,194,195,194,196,198,201,206,211,216,222,229,233,237,240,243,243,245,243,245,249,251,257,259,264,269,273,277,280,284,1,1,1,1,1,1,1,1,1,1,1,1,1,1,1,1,1,1,1,1,1,1,1,1,1,1,1,1,1,1,1
17050001,2,01/11/2004,,1,1,208,177,188,1,22,1,1,1,0,0,208,205,201,194,191,189,185,182,182,183,185,188,190,193,196,194,193,188,182,181,178,177,177,178,180,182,186,188,189,191,,1,1,1,1,1,1,1,1,1,1,1,1,1,1,1,1,1,1,1,1,1,1,1,1,1,1,1,1,1,1,
17050001,1,01/11/2004,07:00,0,1,208,176,188,1,21,0,0,0,,0,208,206,202,196,194,190,186,182,182,182,184,188,190,192,196,196,194,190,184,182,180,176,178,178,180,182,186,188,188,190,,1,1,1,1,1,1,1,1,1,1,1,1,1,1,1,1,1,1,1,1,1,1,1,1,1,1,1,1,1,1,0
17050001,1,01/11/2004,17:00,0,1,208,176,188,1,21,0,0,0,,0,208,204,200,192,188,188,184,182,182,184,186,188,190,194,196,192,192,186,180,180,176,178,176,178,180,182,186,188,190,192,,1,1,1,1,1,1,1,1,1,1,1,1,1,1,1,1,1,1,1,1,1,1,1,1,1,1,1,1,1,1,0
17050001,1,01/11/2004,,1,1,208,176,188,1,21,0,0,0,,0,208,205,201,194,191,189,185,182,182,183,185,188,190,193,196,194,193,188,182,181,178,177,177,178,180,182,186,188,189,191,,1,1,1,1,1,1,1,1,1,1,1,1,1,1,1,1,1,1,1,1,1,1,1,1,1,1,1,1,1,1,0
17050001,2,01/10/2004,,1,1,313,210,250,1,31,1,1,1,0,0,313,309,304,300,298,290,283,273,268,262,257,253,250,250,248,247,246,245,242,237,232,225,221,215,214,214,212,212,212,212,210,1,1,1,1,1,1,1,1,1,1,1,1,1,1,1,1,1,1,1,1,1,1,1,1,1,1,1,1,1,1,1
17050001,1,01/10/2004,07:00,0,1,314,210,250,1,31,0,0,0,,0,314,310,306,300,300,292,286,274,270,264,258,254,250,250,248,248,246,246,244,238,234,226,222,216,214,214,212,212,212,212,210,1,1,1,1,1,1,1,1,1,1,1,1,1,1,1,1,1,1,1,1,1,1,1,1,1,1,1,1,1,1,1
17050001,1,01/10/2004,17:00,0,1,314,210,250,1,31,0,0,0,,0,312,308,302,300,296,288,280,272,266,260,256,252,250,250,248,246,246,244,240,236,230,224,220,214,214,214,212,212,212,212,210,1,1,1,1,1,1,1,1,1,1,1,1,1,1,1,1,1,1,1,1,1,1,1,1,1,1,1,1,1,1,1
17050001,1,01/10/2004,,1,1,314,210,250,1,31,0,0,0,,0,313,309,304,300,298,290,283,273,268,262,257,253,250,250,248,247,246,245,242,237,232,225,221,215,214,214,212,212,212,212,210,1,1,1,1,1,1,1,1,1,1,1,1,1,1,1,1,1,1,1,1,1,1,1,1,1,1,1,1,1,1,1
17050001,2,01/09/2004,,1,1,467,316,394,1,30,1,1,1,0,0,467,463,461,458,453,447,438,432,426,421,415,411,408,402,399,394,391,385,378,375,366,359,353,343,338,333,331,326,319,316,,1,1,1,1,1,1,1,1,1,1,1,1,1,1,1,1,1,1,1,1,1,1,1,1,1,1,1,1,1,1,
17050001,1,01/09/2004,07:00,0,1,468,316,394,1,30,0,0,0,,0,468,464,462,460,454,450,440,434,428,422,416,412,410,404,400,394,392,386,380,376,368,360,356,346,340,334,332,328,320,316,,1,1,1,1,1,1,1,1,1,1,1,1,1,1,1,1,1,1,1,1,1,1,1,1,1,1,1,1,1,1,0
17050001,1,01/09/2004,17:00,0,1,468,316,394,1,30,0,0,0,,0,466,462,460,456,452,444,436,430,424,420,414,410,406,400,398,394,390,384,376,374,364,358,350,340,336,332,330,324,318,316,,1,1,1,1,1,1,1,1,1,1,1,1,1,1,1,1,1,1,1,1,1,1,1,1,1,1,1,1,1,1,0
17050001,1,01/09/2004,,1,1,468,316,394,1,30,0,0,0,,0,467,463,461,458,453,447,438,432,426,421,415,411,408,402,399,394,391,385,378,375,366,359,353,343,338,333,331,326,319,316,,1,1,1,1,1,1,1,1,1,1,1,1,1,1,1,1,1,1,1,1,1,1,1,1,1,1,1,1,1,1,0
17050001,2,01/08/2004,,1,1,559,471,520,1,31,1,1,1,0,0,559,556,555,552,549,545,541,539,536,534,531,529,525,523,521,520,520,520,516,513,510,508,505,501,499,496,495,490,485,479,471,1,1,1,1,1,1,1,1,1,1,1,1,1,1,1,1,1,1,1,1,1,1,1,1,1,1,1,1,1,1,1
17050001,1,01/08/2004,07:00,0,1,560,470,520,1,31,0,0,0,,0,560,557,556,552,550,546,542,540,536,534,532,530,526,524,522,520,520,520,518,514,510,508,506,502,500,496,496,492,486,480,472,1,1,1,1,1,1,1,1,1,1,1,1,1,1,1,1,1,1,1,1,1,1,1,1,1,1,1,1,1,1,1
17050001,1,01/08/2004,17:00,0,1,560,470,520,1,31,0,0,0,,0,558,556,554,552,548,544,540,538,536,534,530,528,524,522,520,520,520,520,515,512,510,508,504,500,498,496,494,488,484,478,470,1,1,1,1,1,1,1,1,1,1,1,1,1,1,1,1,1,1,1,1,1,1,1,1,1,1,1,1,1,1,1
17050001,1,01/08/2004,,1,1,560,470,520,1,31,0,0,0,,0,559,557,555,552,549,545,541,539,536,534,531,529,525,523,521,520,520,520,517,513,510,508,505,501,499,496,495,490,485,479,471,1,1,1,1,1,1,1,1,1,1,1,1,1,1,1,1,1,1,1,1,1,1,1,1,1,1,1,1,1,1,1
17050001,2,01/07/2004,,1,1,623,560,594,1,31,1,1,1,0,0,623,622,622,620,619,618,618,615,613,610,607,605,601,597,595,591,587,584,585,584,584,582,579,578,576,573,570,567,566,563,560,1,1,1,1,1,1,1,1,1,1,1,1,1,1,1,1,1,1,1,1,1,1,1,1,1,1,1,1,1,1,1
17050001,1,01/07/2004,07:00,0,1,624,560,594,1,30,0,0,0,,0,624,622,622,620,620,618,618,616,614,610,608,606,602,598,596,592,588,584,586,584,584,582,580,578,576,574,570,568,566,566,560,1,1,1,1,1,1,1,1,1,1,1,1,1,1,1,1,1,1,1,1,1,1,1,1,1,1,1,1,1,1,1
17050001,1,01/07/2004,17:00,0,1,624,560,594,1,30,0,0,0,,0,622,622,622,620,618,618,618,614,612,610,606,604,600,596,594,590,586,584,584,584,584,582,578,578,576,572,570,566,566,560,560,1,1,1,1,1,1,1,1,1,1,1,1,1,1,1,1,1,1,1,1,1,1,1,1,1,1,1,1,1,1,1
17050001,1,01/07/2004,,1,1,624,560,594,1,30,0,0,0,,0,623,622,622,620,619,618,618,615,613,610,607,605,601,597,595,591,587,584,585,584,584,582,579,578,576,573,570,567,566,563,560,1,1,1,1,1,1,1,1,1,1,1,1,1,1,1,1,1,1,1,1,1,1,1,1,1,1,1,1,1,1,1
17050001,2,01/06/2004,,1,1,662,626,648,1,29,1,1,1,0,0,662,662,660,660,660,660,660,660,660,660,660,657,655,654,652,650,647,646,642,643,645,642,641,636,633,632,630,627,626,626,,1,1,1,1,1,1,1,1,1,1,1,1,1,1,1,1,1,1,1,1,1,1,1,1,1,1,1,1,1,1,
17050001,1,01/06/2004,07:00,0,1,662,626,648,1,28,0,0,0,,0,662,662,660,660,660,660,660,660,660,660,660,658,656,654,652,650,648,646,642,642,646,642,642,636,634,632,630,628,626,626,,1,1,1,1,1,1,1,1,1,1,1,1,1,1,1,1,1,1,1,1,1,1,1,1,1,1,1,1,1,1,0
17050001,1,01/06/2004,17:00,0,1,662,626,648,1,28,0,0,0,,0,662,662,660,660,660,660,660,660,660,660,660,656,654,654,652,650,646,646,642,644,644,642,640,636,632,632,630,626,626,626,,1,1,1,1,1,1,1,1,1,1,1,1,1,1,1,1,1,1,1,1,1,1,1,1,1,1,1,1,1,1,0
17050001,1,01/06/2004,,1,1,662,626,648,1,28,0,0,0,,0,662,662,660,660,660,660,660,660,660,660,660,657,655,654,652,650,647,646,642,643,645,642,641,636,633,632,630,627,626,626,,1,1,1,1,1,1,1,1,1,1,1,1,1,1,1,1,1,1,1,1,1,1,1,1,1,1,1,1,1,1,0
17050001,2,01/05/2004,,1,1,676,650,669,14,1,1,1,1,0,0,650,651,653,656,658,663,668,672,674,674,674,674,674,676,676,676,676,676,676,676,676,676,676,674,671,669,667,664,664,664,662,1,1,1,1,1,1,1,1,1,1,1,1,1,1,1,1,1,1,1,1,1,1,1,1,1,1,1,1,1,1,1
17050001,1,01/05/2004,07:00,0,1,676,650,669,14,1,0,0,0,,0,650,650,652,656,658,664,668,672,674,674,674,674,674,676,676,676,676,676,676,676,676,676,676,674,672,670,668,664,664,664,662,1,1,1,1,1,1,1,1,1,1,1,1,1,1,1,1,1,1,1,1,1,1,1,1,1,1,1,1,1,1,1
17050001,1,01/05/2004,17:00,0,1,676,650,669,14,1,0,0,0,,0,650,652,654,656,658,662,668,672,674,674,674,674,674,676,676,676,676,676,676,676,676,676,676,674,670,668,666,664,664,664,662,1,1,1,1,1,1,1,1,1,1,1,1,1,1,1,1,1,1,1,1,1,1,1,1,1,1,1,1,1,1,1
17050001,1,01/05/2004,,1,1,676,650,669,14,1,0,0,0,,0,650,651,653,656,658,663,668,672,674,674,674,674,674,676,676,676,676,676,676,676,676,676,676,674,671,669,667,664,664,664,662,1,1,1,1,1,1,1,1,1,1,1,1,1,1,1,1,1,1,1,1,1,1,1,1,1,1,1,1,1,1,1
17050001,2,01/04/2004,,1,1,648,585,623,30,1,1,1,1,0,0,585,587,589,593,595,600,603,607,609,611,616,621,622,623,627,628,628,630,632,633,634,637,641,645,646,646,646,646,647,648,,1,1,1,1,1,1,1,1,1,1,1,1,1,1,1,1,1,1,1,1,1,1,1,1,1,1,1,1,1,1,
17050001,1,01/04/2004,07:00,0,1,648,584,623,29,1,0,0,0,,0,584,586,588,592,594,598,602,606,608,610,614,620,622,622,626,628,628,630,632,632,634,636,640,644,646,646,646,646,646,648,,1,1,1,1,1,1,1,1,1,1,1,1,1,1,1,1,1,1,1,1,1,1,1,1,1,1,1,1,1,1,0
17050001,1,01/04/2004,17:00,0,1,648,584,623,29,1,0,0,0,,0,586,588,590,594,596,602,604,608,610,612,618,622,622,624,628,628,628,630,632,634,634,638,642,646,646,646,646,646,648,648,,1,1,1,1,1,1,1,1,1,1,1,1,1,1,1,1,1,1,1,1,1,1,1,1,1,1,1,1,1,1,0
17050001,1,01/04/2004,,1,1,648,584,623,29,1,0,0,0,,0,585,587,589,593,595,600,603,607,609,611,616,621,622,623,627,628,628,630,632,633,634,637,641,645,646,646,646,646,647,648,,1,1,1,1,1,1,1,1,1,1,1,1,1,1,1,1,1,1,1,1,1,1,1,1,1,1,1,1,1,1,0
17050001,2,01/03/2004,,1,1,583,480,527,31,1,1,1,1,0,0,480,480,480,482,485,496,498,502,505,509,513,517,520,520,523,527,530,530,532,532,537,541,547,552,558,563,568,573,575,579,583,1,1,1,1,1,1,1,1,1,1,1,1,1,1,1,1,1,1,1,1,1,1,1,1,1,1,1,1,1,1,1
17050001,1,01/03/2004,07:00,0,1,584,480,527,31,1,0,0,0,,0,480,480,480,482,484,496,496,502,504,508,512,516,520,520,522,526,530,530,532,532,536,540,546,550,556,562,566,572,574,578,582,1,1,1,1,1,1,1,1,1,1,1,1,1,1,1,1,1,1,1,1,1,1,1,1,1,1,1,1,1,1,1
17050001,1,01/03/2004,17:00,0,1,584,480,527,31,1,0,0,0,,0,480,480,480,482,486,496,500,502,506,510,514,518,520,520,524,528,530,530,532,532,538,542,548,554,560,564,570,574,576,580,584,1,1,1,1,1,1,1,1,1,1,1,1,1,1,1,1,1,1,1,1,1,1,1,1,1,1,1,1,1,1,1
17050001,1,01/03/2004,,1,1,584,480,527,31,1,0,0,0,,0,480,480,480,482,485,496,498,502,505,509,513,517,520,520,523,527,530,530,532,532,537,541,547,552,558,563,568,573,575,579,583,1,1,1,1,1,1,1,1,1,1,1,1,1,1,1,1,1,1,1,1,1,1,1,1,1,1,1,1,1,1,1
17050001,2,01/02/2004,,1,1,480,398,443,28,1,1,1,1,0,0,398,401,405,410,415,418,421,425,428,431,434,436,438,441,443,444,446,447,452,456,460,465,468,471,477,478,479,480,480,,,1,1,1,1,1,1,1,1,1,1,1,1,1,1,1,1,1,1,1,1,1,1,1,1,1,1,1,1,1,,
17050001,1,01/02/2004,07:00,0,1,480,398,443,27,1,0,0,0,,0,398,400,404,408,414,418,420,424,428,430,434,435,438,440,443,444,446,446,452,456,458,464,468,470,476,478,478,480,480,,,1,1,1,1,1,1,1,1,1,1,1,1,1,1,1,1,1,1,1,1,1,1,1,1,1,1,1,1,1,0,0
17050001,1,01/02/2004,17:00,0,1,480,398,443,27,1,0,0,0,,0,398,402,406,412,416,418,422,426,428,432,434,436,438,442,444,444,446,448,452,456,462,466,468,472,478,478,480,480,480,,,1,1,1,1,1,1,1,1,1,1,1,1,1,1,1,1,1,1,1,1,1,1,1,1,1,1,1,1,1,0,0
17050001,1,01/02/2004,,1,1,480,398,443,27,1,0,0,0,,0,398,401,405,410,415,418,421,425,428,431,434,436,438,441,444,444,446,447,452,456,460,465,468,471,477,478,479,480,480,,,1,1,1,1,1,1,1,1,1,1,1,1,1,1,1,1,1,1,1,1,1,1,1,1,1,1,1,1,1,0,0
17050001,2,01/01/2004,,1,1,397,204,298,31,1,1,1,1,0,0,204,206,207,210,213,219,226,233,242,250,258,266,273,280,287,299,307,315,322,330,338,348,356,365,372,377,380,387,390,393,397,1,1,1,1,1,1,1,1,1,1,1,1,1,1,1,1,1,1,1,1,1,1,1,1,1,1,1,1,1,1,1
17050001,1,01/01/2004,07:00,0,1,398,204,298,31,1,0,0,0,,0,204,206,206,210,212,218,225,232,240,248,256,264,272,280,286,298,306,314,320,328,336,346,354,364,370,376,380,386,390,392,396,1,1,1,1,1,1,1,1,1,1,1,1,1,1,1,1,1,1,1,1,1,1,1,1,1,1,1,1,1,1,1
17050001,1,01/01/2004,17:00,0,1,398,204,298,31,1,0,0,0,,0,204,206,208,210,214,220,228,234,244,252,260,268,274,280,288,300,308,316,324,332,340,350,358,366,374,378,380,388,390,394,398,1,1,1,1,1,1,1,1,1,1,1,1,1,1,1,1,1,1,1,1,1,1,1,1,1,1,1,1,1,1,1
17050001,1,01/01/2004,,1,1,398,204,298,31,1,0,0,0,,0,204,206,207,210,213,219,227,233,242,250,258,266,273,280,287,299,307,315,322,330,338,348,356,365,372,377,380,387,390,393,397,1,1,1,1,1,1,1,1,1,1,1,1,1,1,1,1,1,1,1,1,1,1,1,1,1,1,1,1,1,1,1
17050001,2,01/12/2003,,1,1,211,186,194,28,6,1,1,1,0,0,188,188,188,188,187,186,188,188,186,188,189,190,190,189,190,189,188,190,188,190,190,192,195,199,203,207,210,211,210,209,205,1,1,1,1,1,1,1,1,1,1,1,1,1,1,1,1,1,1,1,1,1,1,1,1,1,1,1,1,1,1,1
17050001,1,01/12/2003,07:00,0,1,212,186,194,28,5,0,0,0,,0,188,188,188,188,188,186,188,188,186,188,190,192,190,190,190,190,188,190,188,190,190,191,194,198,202,206,210,212,210,210,206,1,1,1,1,1,1,1,1,1,1,1,1,1,1,1,1,1,1,1,1,1,1,1,1,1,1,1,1,1,1,1
17050001,1,01/12/2003,17:00,0,1,212,186,194,28,5,0,0,0,,0,188,188,188,188,186,186,188,188,186,188,188,188,190,188,190,188,188,190,188,190,190,192,196,200,204,208,210,210,210,208,204,1,1,1,1,1,1,1,1,1,1,1,1,1,1,1,1,1,1,1,1,1,1,1,1,1,1,1,1,1,1,1
17050001,1,01/12/2003,,1,1,212,186,194,28,5,0,0,0,,0,188,188,188,188,187,186,188,188,186,188,189,190,190,189,190,189,188,190,188,190,190,192,195,199,203,207,210,211,210,209,205,1,1,1,1,1,1,1,1,1,1,1,1,1,1,1,1,1,1,1,1,1,1,1,1,1,1,1,1,1,1,1
17050001,2,01/11/2003,,1,1,198,168,182,28,18,1,1,1,0,0,193,189,183,180,180,180,180,180,182,184,184,184,183,180,178,176,170,168,168,168,170,176,181,184,187,192,197,198,195,191,,1,1,1,1,1,1,1,1,1,1,1,1,1,1,1,1,1,1,1,1,1,1,1,1,1,1,1,1,1,1,
17050001,1,01/11/2003,07:00,0,1,198,168,182,27,18,0,0,0,,0,194,190,184,180,180,180,180,180,182,184,184,184,184,180,178,177,170,168,168,168,168,174,180,184,186,190,196,198,196,192,,1,1,1,1,1,1,1,1,1,1,1,1,1,1,1,1,1,1,1,1,1,1,1,1,1,1,1,1,1,1,0
17050001,1,01/11/2003,17:00,0,1,198,168,182,27,18,0,0,0,,0,192,188,182,180,180,180,180,180,182,184,184,184,182,180,178,174,170,168,168,168,172,178,182,184,188,194,198,198,194,190,,1,1,1,1,1,1,1,1,1,1,1,1,1,1,1,1,1,1,1,1,1,1,1,1,1,1,1,1,1,1,0
17050001,1,01/11/2003,,1,1,198,168,182,27,18,0,0,0,,0,193,189,183,180,180,180,180,180,182,184,184,184,183,180,178,176,170,168,168,168,170,176,181,184,187,192,197,198,195,191,,1,1,1,1,1,1,1,1,1,1,1,1,1,1,1,1,1,1,1,1,1,1,1,1,1,1,1,1,1,1,0
17050001,2,01/10/2003,,1,1,369,196,258,1,31,1,1,1,0,0,369,361,352,342,332,324,316,307,297,288,281,274,266,261,250,243,235,227,218,210,207,202,200,200,200,204,206,208,206,204,196,1,1,1,1,1,1,1,1,1,1,1,1,1,1,1,1,1,1,1,1,1,1,1,1,1,1,1,1,1,1,1
17050001,1,01/10/2003,07:00,0,1,370,196,258,1,31,0,0,0,,0,370,364,354,344,334,326,318,310,300,290,282,278,266,262,252,244,238,228,220,210,208,204,200,200,200,204,206,208,206,204,197,1,1,1,1,1,1,1,1,1,1,1,1,1,1,1,1,1,1,1,1,1,1,1,1,1,1,1,1,1,1,1
17050001,1,01/10/2003,17:00,0,1,370,196,258,1,31,0,0,0,,0,368,358,350,340,330,322,314,304,294,286,280,270,266,260,248,242,232,226,216,210,206,200,200,200,200,204,206,208,206,204,196,1,1,1,1,1,1,1,1,1,1,1,1,1,1,1,1,1,1,1,1,1,1,1,1,1,1,1,1,1,1,1
17050001,1,01/10/2003,,1,1,370,196,258,1,31,0,0,0,,0,369,361,352,342,332,324,316,307,297,288,281,274,266,261,250,243,235,227,218,210,207,202,200,200,200,204,206,208,206,204,197,1,1,1,1,1,1,1,1,1,1,1,1,1,1,1,1,1,1,1,1,1,1,1,1,1,1,1,1,1,1,1
17050001,2,01/09/2003,,1,1,550,378,472,1,30,1,1,1,0,0,550,549,543,539,532,525,523,519,513,509,506,503,497,491,487,479,469,462,455,448,438,431,424,416,406,400,396,391,386,378,,1,1,1,1,1,1,1,1,1,1,1,1,1,1,1,1,1,1,1,1,1,1,1,1,1,1,1,1,1,1,
17050001,1,01/09/2003,17:00,0,1,550,376,472,1,30,0,0,0,,0,550,548,542,538,530,524,522,518,512,508,506,502,496,490,486,476,468,460,454,446,436,430,422,414,404,400,394,390,384,376,,1,1,1,1,1,1,1,1,1,1,1,1,1,1,1,1,1,1,1,1,1,1,1,1,1,1,1,1,1,1,0
17050001,1,01/09/2003,07:00,0,1,550,376,472,1,30,0,0,0,,0,550,550,544,540,534,526,524,520,514,510,506,504,498,492,488,482,470,464,456,450,440,432,426,418,408,400,398,392,388,380,,1,1,1,1,1,1,1,1,1,1,1,1,1,1,1,1,1,1,1,1,1,1,1,1,1,1,1,1,1,1,0
17050001,1,01/09/2003,,1,1,550,376,472,1,30,0,0,0,,0,550,549,543,539,532,525,523,519,513,509,506,503,497,491,487,479,469,462,455,448,438,431,424,416,406,400,396,391,386,378,,1,1,1,1,1,1,1,1,1,1,1,1,1,1,1,1,1,1,1,1,1,1,1,1,1,1,1,1,1,1,0
17050001,2,01/08/2003,,1,1,636,551,598,1,31,1,1,1,0,0,636,636,634,633,630,627,623,620,618,616,614,613,610,608,606,605,601,597,594,591,587,581,577,573,569,565,561,559,557,554,551,1,1,1,1,1,1,1,1,1,1,1,1,1,1,1,1,1,1,1,1,1,1,1,1,1,1,1,1,1,1,1
17050001,1,01/08/2003,07:00,0,1,636,550,598,1,31,0,0,0,,0,636,636,634,634,630,628,624,620,618,616,614,614,610,608,606,606,602,598,594,592,588,582,578,574,570,566,562,560,558,554,552,1,1,1,1,1,1,1,1,1,1,1,1,1,1,1,1,1,1,1,1,1,1,1,1,1,1,1,1,1,1,1
17050001,1,01/08/2003,17:00,0,1,636,550,598,1,31,0,0,0,,0,636,636,634,632,630,626,622,620,618,616,614,612,610,608,606,604,600,596,594,590,586,580,576,572,568,564,560,558,556,554,550,1,1,1,1,1,1,1,1,1,1,1,1,1,1,1,1,1,1,1,1,1,1,1,1,1,1,1,1,1,1,1
17050001,1,01/08/2003,,1,1,636,550,598,1,31,0,0,0,,0,636,636,634,633,630,627,623,620,618,616,614,613,610,608,606,605,601,597,594,591,587,581,577,573,569,565,561,559,557,554,551,1,1,1,1,1,1,1,1,1,1,1,1,1,1,1,1,1,1,1,1,1,1,1,1,1,1,1,1,1,1,1
17050001,2,01/07/2003,,1,1,684,636,664,2,31,1,1,1,0,0,683,684,684,681,680,678,678,677,676,675,674,673,672,671,670,669,668,665,663,661,659,656,653,651,647,643,642,642,642,639,636,1,1,1,1,1,1,1,1,1,1,1,1,1,1,1,1,1,1,1,1,1,1,1,1,1,1,1,1,1,1,1
17050001,1,01/07/2003,07:00,0,1,684,636,664,2,31,0,0,0,,0,684,684,684,682,680,678,678,678,676,676,674,674,672,672,670,670,668,666,664,662,660,656,654,652,648,644,642,642,642,640,636,1,1,1,1,1,1,1,1,1,1,1,1,1,1,1,1,1,1,1,1,1,1,1,1,1,1,1,1,1,1,1
17050001,1,01/07/2003,17:00,0,1,684,636,664,2,31,0,0,0,,0,682,684,684,680,680,678,678,676,676,674,674,672,672,670,670,668,668,664,662,660,658,656,652,650,646,642,642,642,642,638,636,1,1,1,1,1,1,1,1,1,1,1,1,1,1,1,1,1,1,1,1,1,1,1,1,1,1,1,1,1,1,1
17050001,1,01/07/2003,,1,1,684,636,664,2,31,0,0,0,,0,683,684,684,681,680,678,678,677,676,675,674,673,672,671,670,669,668,665,663,661,659,656,653,651,647,643,642,642,642,639,636,1,1,1,1,1,1,1,1,1,1,1,1,1,1,1,1,1,1,1,1,1,1,1,1,1,1,1,1,1,1,1
17050001,2,01/06/2003,,1,1,698,686,691,19,1,1,1,1,0,0,686,686,686,686,686,686,686,688,688,688,688,688,688,691,692,693,694,696,698,698,698,696,696,695,694,693,691,688,686,686,,1,1,1,1,1,1,1,1,1,1,1,1,1,1,1,1,1,1,1,1,1,1,1,1,1,1,1,1,1,1,
17050001,1,01/06/2003,17:00,0,1,698,686,690,19,1,0,0,0,,0,686,686,686,686,686,686,686,688,688,688,688,688,688,692,692,694,694,696,698,698,698,696,696,694,694,692,690,686,686,686,,1,1,1,1,1,1,1,1,1,1,1,1,1,1,1,1,1,1,1,1,1,1,1,1,1,1,1,1,1,1,0
17050001,1,01/06/2003,07:00,0,1,698,686,690,19,1,0,0,0,,0,686,686,686,686,686,686,686,688,688,688,688,688,688,690,692,692,694,696,698,698,698,696,696,696,694,693,691,690,686,686,,1,1,1,1,1,1,1,1,1,1,1,1,1,1,1,1,1,1,1,1,1,1,1,1,1,1,1,1,1,1,0
17050001,1,01/06/2003,,1,1,698,686,690,19,1,0,0,0,,0,686,686,686,686,686,686,686,688,688,688,688,688,688,691,692,693,694,696,698,698,698,696,696,695,694,693,691,688,686,686,,1,1,1,1,1,1,1,1,1,1,1,1,1,1,1,1,1,1,1,1,1,1,1,1,1,1,1,1,1,1,0
17050001,2,01/05/2003,,1,1,686,662,679,20,1,1,1,1,0,0,662,664,669,670,672,675,677,678,678,678,678,678,678,678,678,679,682,682,684,686,686,686,686,686,686,685,684,684,684,684,686,1,1,1,1,1,1,1,1,1,1,1,1,1,1,1,1,1,1,1,1,1,1,1,1,1,1,1,1,1,1,1
17050001,1,01/05/2003,17:00,0,1,686,662,679,20,1,0,0,0,,0,662,666,669,670,672,676,678,678,678,678,678,678,678,678,678,680,682,682,684,686,686,686,686,686,686,684,684,684,684,684,686,1,1,1,1,1,1,1,1,1,1,1,1,1,1,1,1,1,1,1,1,1,1,1,1,1,1,1,1,1,1,1
17050001,1,01/05/2003,07:00,0,1,686,662,679,20,1,0,0,0,,0,662,662,668,669,672,674,676,678,678,678,678,678,678,678,678,678,682,682,684,685,686,686,686,686,686,685,684,684,684,684,686,1,1,1,1,1,1,1,1,1,1,1,1,1,1,1,1,1,1,1,1,1,1,1,1,1,1,1,1,1,1,1
17050001,1,01/05/2003,,1,1,686,662,679,20,1,0,0,0,,0,662,664,669,670,672,675,677,678,678,678,678,678,678,678,678,679,682,682,684,686,686,686,686,686,686,685,684,684,684,684,686,1,1,1,1,1,1,1,1,1,1,1,1,1,1,1,1,1,1,1,1,1,1,1,1,1,1,1,1,1,1,1
17050001,2,01/04/2003,,1,1,659,548,611,30,1,1,1,1,0,0,548,553,558,563,569,576,580,583,585,587,588,592,595,599,613,615,620,627,631,635,639,642,645,649,650,650,653,657,657,659,,1,1,1,1,1,1,1,1,1,1,1,1,1,1,1,1,1,1,1,1,1,1,1,1,1,1,1,1,1,1,
17050001,1,01/04/2003,17:00,0,1,660,546,611,30,1,0,0,0,,0,550,554,560,564,570,578,580,584,586,588,588,592,596,600,614,616,622,628,632,636,640,642,646,650,650,650,654,657,657,660,,1,1,1,1,1,1,1,1,1,1,1,1,1,1,1,1,1,1,1,1,1,1,1,1,1,1,1,1,1,1,0
17050001,1,01/04/2003,07:00,0,1,660,546,611,30,1,0,0,0,,0,546,552,556,562,568,574,580,582,584,586,588,592,594,598,611,614,618,626,630,634,638,641,644,648,650,650,652,656,657,658,,1,1,1,1,1,1,1,1,1,1,1,1,1,1,1,1,1,1,1,1,1,1,1,1,1,1,1,1,1,1,0
17050001,1,01/04/2003,,1,1,660,546,611,30,1,0,0,0,,0,548,553,558,563,569,576,580,583,585,587,588,592,595,599,613,615,620,627,631,635,639,642,645,649,650,650,653,657,657,659,,1,1,1,1,1,1,1,1,1,1,1,1,1,1,1,1,1,1,1,1,1,1,1,1,1,1,1,1,1,1,0
17050001,2,01/03/2003,,1,1,542,467,502,31,1,1,1,1,0,0,467,468,472,474,480,483,488,490,493,494,493,492,494,493,493,495,497,501,502,506,511,515,517,520,524,527,531,534,536,539,542,1,1,1,1,1,1,1,1,1,1,1,1,1,1,1,1,1,1,1,1,1,1,1,1,1,1,1,1,1,1,1
17050001,1,01/03/2003,07:00,0,1,542,466,502,31,1,0,0,0,,0,466,468,470,472,480,482,486,490,492,494,494,492,494,492,492,494,496,500,502,506,508,514,516,520,522,528,530,534,534,538,542,1,1,1,1,1,1,1,1,1,1,1,1,1,1,1,1,1,1,1,1,1,1,1,1,1,1,1,1,1,1,1
17050001,1,01/03/2003,17:00,0,1,542,466,502,31,1,0,0,0,,0,468,468,474,476,480,484,490,490,494,494,492,492,494,494,494,496,498,502,502,506,514,516,518,520,526,526,532,534,538,540,542,1,1,1,1,1,1,1,1,1,1,1,1,1,1,1,1,1,1,1,1,1,1,1,1,1,1,1,1,1,1,1
17050001,1,01/03/2003,,1,1,542,466,502,31,1,0,0,0,,0,467,468,472,474,480,483,488,490,493,494,493,492,494,493,493,495,497,501,502,506,511,515,517,520,524,527,531,534,536,539,542,1,1,1,1,1,1,1,1,1,1,1,1,1,1,1,1,1,1,1,1,1,1,1,1,1,1,1,1,1,1,1
17050001,2,01/02/2003,,1,1,464,390,429,28,1,1,1,1,0,0,390,395,399,403,407,410,413,417,416,417,419,420,420,422,424,428,432,436,442,445,449,451,453,455,456,457,461,464,,,,1,1,1,1,1,1,1,1,1,1,1,1,1,1,1,1,1,1,1,1,1,1,1,1,1,1,1,1,,,
17050001,1,01/02/2003,07:00,0,1,466,388,429,28,1,0,0,0,,0,388,394,398,402,406,410,414,416,416,418,418,420,420,422,424,426,430,436,440,444,448,452,454,454,456,456,460,462,,,,1,1,1,1,1,1,1,1,1,1,1,1,1,1,1,1,1,1,1,1,1,1,1,1,1,1,1,1,0,0,0
17050001,1,01/02/2003,17:00,0,1,466,388,429,28,1,0,0,0,,0,392,396,400,404,408,410,412,418,416,416,420,420,420,422,424,430,434,436,444,446,450,450,452,456,456,458,462,466,,,,1,1,1,1,1,1,1,1,1,1,1,1,1,1,1,1,1,1,1,1,1,1,1,1,1,1,1,1,0,0,0
17050001,1,01/02/2003,,1,1,466,388,429,28,1,0,0,0,,0,390,395,399,403,407,410,413,417,416,417,419,420,420,422,424,428,432,436,442,445,449,451,453,455,456,457,461,464,,,,1,1,1,1,1,1,1,1,1,1,1,1,1,1,1,1,1,1,1,1,1,1,1,1,1,1,1,1,0,0,0
17050001,2,01/01/2003,,1,1,385,315,353,31,1,1,1,1,0,0,315,320,324,330,335,337,339,341,341,343,343,344,345,346,349,352,355,358,360,361,364,365,366,369,371,374,374,376,379,383,385,1,1,1,1,1,1,1,1,1,1,1,1,1,1,1,1,1,1,1,1,1,1,1,1,1,1,1,1,1,1,1
17050001,1,01/01/2003,07:00,0,1,386,314,353,31,1,0,0,0,,0,314,320,324,330,334,338,340,342,342,344,344,342,344,346,348,352,354,358,360,360,364,364,366,368,370,374,372,376,378,382,384,1,1,1,1,1,1,1,1,1,1,1,1,1,1,1,1,1,1,1,1,1,1,1,1,1,1,1,1,1,1,1
17050001,1,01/01/2003,17:00,0,1,386,314,353,31,1,0,0,0,,0,316,320,324,330,336,336,338,340,340,342,342,346,346,346,350,352,356,358,360,362,364,366,366,370,372,374,376,376,380,384,386,1,1,1,1,1,1,1,1,1,1,1,1,1,1,1,1,1,1,1,1,1,1,1,1,1,1,1,1,1,1,1
17050001,1,01/01/2003,,1,1,386,314,353,31,1,0,0,0,,0,315,320,324,330,335,337,339,341,341,343,343,344,345,346,349,352,355,358,360,361,364,365,366,369,371,374,374,376,379,383,385,1,1,1,1,1,1,1,1,1,1,1,1,1,1,1,1,1,1,1,1,1,1,1,1,1,1,1,1,1,1,1
17050001,2,01/12/2002,,1,1,311,198,251,31,1,1,1,1,0,0,198,200,205,212,218,225,227,229,229,232,232,232,231,232,235,239,243,249,257,263,268,273,280,283,289,294,297,301,303,308,311,1,1,1,1,1,1,1,1,1,1,1,1,1,1,1,1,1,1,1,1,1,1,1,1,1,1,1,1,1,1,1
17050001,1,01/12/2002,07:00,0,1,312,198,251,31,1,0,0,0,,0,198,200,204,210,216,224,228,230,230,234,232,232,230,232,234,238,242,248,254,262,266,272,280,282,290,296,298,300,302,306,310,1,1,1,1,1,1,1,1,1,1,1,1,1,1,1,1,1,1,1,1,1,1,1,1,1,1,1,1,1,1,1
17050001,1,01/12/2002,17:00,0,1,312,198,251,31,1,0,0,0,,0,198,200,206,214,220,226,226,228,228,230,232,232,232,232,236,240,244,250,260,264,270,274,280,284,288,292,296,302,304,310,312,1,1,1,1,1,1,1,1,1,1,1,1,1,1,1,1,1,1,1,1,1,1,1,1,1,1,1,1,1,1,1
17050001,1,01/12/2002,,1,1,312,198,251,31,1,0,0,0,,0,198,200,205,212,218,225,227,229,229,232,232,232,231,232,235,239,243,249,257,263,268,273,280,283,289,294,297,301,303,308,311,1,1,1,1,1,1,1,1,1,1,1,1,1,1,1,1,1,1,1,1,1,1,1,1,1,1,1,1,1,1,1
17050001,2,01/11/2002,,1,1,190,102,145,30,2,1,1,1,0,0,104,102,102,109,113,119,123,125,130,130,130,129,126,126,133,136,139,146,154,159,167,171,177,178,179,184,184,184,186,190,,1,1,1,1,1,1,1,1,1,1,1,1,1,1,1,1,1,1,1,1,1,1,1,1,1,1,1,1,1,1,
17050001,1,01/11/2002,07:00,0,1,190,100,144,30,3,0,0,0,,0,104,102,100,108,112,118,122,124,129,130,130,130,126,126,132,136,138,144,153,158,166,170,176,178,178,184,184,184,186,190,,1,1,1,1,1,1,1,1,1,1,1,1,1,1,1,1,1,1,1,1,1,1,1,1,1,1,1,1,1,1,0
17050001,1,01/11/2002,17:00,0,1,190,100,144,30,3,0,0,0,,0,104,101,103,109,114,120,123,126,130,130,130,128,126,126,134,135,140,148,155,160,168,172,177,178,180,184,184,184,186,190,,1,1,1,1,1,1,1,1,1,1,1,1,1,1,1,1,1,1,1,1,1,1,1,1,1,1,1,1,1,1,0
17050001,1,01/11/2002,,1,1,190,100,144,30,3,0,0,0,,0,104,102,102,109,113,119,123,125,130,130,130,129,126,126,133,136,139,146,154,159,167,171,177,178,179,184,184,184,186,190,,1,1,1,1,1,1,1,1,1,1,1,1,1,1,1,1,1,1,1,1,1,1,1,1,1,1,1,1,1,1,0
17050001,2,01/10/2002,,1,1,394,106,253,1,31,1,1,1,0,0,394,382,373,365,359,352,345,340,332,326,314,303,291,279,264,252,241,228,217,208,200,193,183,176,166,152,142,135,128,112,106,1,1,1,1,1,1,1,1,1,1,1,1,1,1,1,1,1,1,1,1,1,1,1,1,1,1,1,1,1,1,1
17050001,1,01/10/2002,17:00,0,1,396,105,253,1,31,0,0,0,,0,391,379,372,364,358,350,344,338,330,324,309,300,288,276,260,248,238,224,215,205,198,190,181,174,164,150,140,134,124,110,105,,,,,,,,,,,,,,,,,,,,,,,,,,,,,,,
17050001,1,01/10/2002,07:00,0,1,396,105,253,1,31,0,0,0,,0,396,384,374,366,360,354,346,342,334,328,318,306,294,282,268,256,244,232,218,210,202,196,184,178,168,154,144,135,132,114,106,,,,,,,,,,,,,,,,,,,,,,,,,,,,,,,
17050001,1,01/10/2002,,1,1,394,105,253,1,31,1,1,1,,0,394,382,373,365,359,352,345,340,332,326,314,303,291,279,264,252,241,228,217,208,200,193,183,176,166,152,142,135,128,112,106,1,1,1,1,1,1,1,1,1,1,1,1,1,1,1,1,1,1,1,1,1,1,1,1,1,1,1,1,1,1,1
17050001,2,01/09/2002,,1,1,568,402,494,1,30,1,1,1,0,0,568,564,556,550,545,541,539,535,532,529,522,521,516,509,503,494,490,485,478,473,466,461,457,448,442,435,424,420,410,402,,1,1,1,1,1,1,1,1,1,1,1,1,1,1,1,1,1,1,1,1,1,1,1,1,1,1,1,1,1,1,
17050001,1,01/09/2002,17:00,0,1,570,400,494,1,30,0,0,0,,0,566,564,554,549,544,540,538,534,531,528,520,520,513,508,500,493,489,484,476,472,463,460,455,446,440,434,423,417,408,400,,1,1,1,1,1,1,1,1,1,1,1,1,1,1,1,1,1,1,1,1,1,1,1,1,1,1,1,1,1,1,0
17050001,1,01/09/2002,07:00,0,1,570,400,494,1,30,0,0,0,,0,570,565,558,551,546,542,540,536,532,530,524,522,518,510,505,495,492,486,480,474,470,462,458,450,444,436,426,422,412,404,,1,1,1,1,1,1,1,1,1,1,1,1,1,1,1,1,1,1,1,1,1,1,1,1,1,1,1,1,1,1,0
17050001,1,01/09/2002,,1,1,570,400,494,1,30,0,0,0,,0,568,565,556,550,545,541,539,535,532,529,522,521,516,509,503,494,491,485,478,473,467,461,457,448,442,435,425,420,410,402,,1,1,1,1,1,1,1,1,1,1,1,1,1,1,1,1,1,1,1,1,1,1,1,1,1,1,1,1,1,1,0
17050001,2,01/08/2002,,1,1,676,574,629,1,31,1,1,1,0,0,676,673,669,666,663,659,655,654,651,648,647,643,640,638,638,636,632,627,622,620,616,611,608,605,599,597,591,588,583,579,574,1,1,1,1,1,1,1,1,1,1,1,1,1,1,1,1,1,1,1,1,1,1,1,1,1,1,1,1,1,1,1
17050001,1,01/08/2002,07:00,0,1,676,573,629,1,31,0,0,0,,0,676,674,670,666,664,660,656,654,652,648,648,644,640,638,638,636,633,629,622,620,617,612,608,606,600,598,592,590,584,580,574,1,1,1,1,1,1,1,1,1,1,1,1,1,1,1,1,1,1,1,1,1,1,1,1,1,1,1,1,1,1,1
17050001,1,01/08/2002,17:00,0,1,676,573,629,1,31,0,0,0,,0,675,672,668,667,662,658,654,653,650,648,646,642,639,638,637,635,630,625,621,620,615,610,607,604,598,596,590,585,582,578,573,1,1,1,1,1,1,1,1,1,1,1,1,1,1,1,1,1,1,1,1,1,1,1,1,1,1,1,1,1,1,1
17050001,1,01/08/2002,,1,1,676,573,629,1,31,0,0,0,,0,676,673,669,667,663,659,655,654,651,648,647,643,640,638,638,636,632,627,622,620,616,611,608,605,599,597,591,588,583,579,574,1,1,1,1,1,1,1,1,1,1,1,1,1,1,1,1,1,1,1,1,1,1,1,1,1,1,1,1,1,1,1
17050001,2,01/07/2002,,1,1,722,678,701,1,31,1,1,1,0,0,722,722,720,719,715,714,712,710,708,707,706,706,706,704,706,704,702,700,698,696,696,694,691,688,688,686,684,682,682,680,678,1,1,1,1,1,1,1,1,1,1,1,1,1,1,1,1,1,1,1,1,1,1,1,1,1,1,1,1,1,1,1
17050001,1,01/07/2002,17:00,0,1,723,677,701,1,31,0,0,0,,0,722,721,720,718,714,713,712,709,708,707,706,706,705,705,705,703,701,699,697,696,695,693,690,688,687,685,683,682,681,679,677,1,1,1,1,1,1,1,1,1,1,1,1,1,1,1,1,1,1,1,1,1,1,1,1,1,1,1,1,1,1,1
17050001,1,01/07/2002,07:00,0,1,723,677,701,1,31,0,0,0,,0,723,722,720,720,716,714,712,710,708,707,706,706,706,704,706,704,702,700,698,696,696,694,692,689,688,686,684,682,682,680,678,1,1,1,1,1,1,1,1,1,1,1,1,1,1,1,1,1,1,1,1,1,1,1,1,1,1,1,1,1,1,1
17050001,1,01/07/2002,,1,1,723,677,701,1,31,0,0,0,,0,723,722,720,719,715,714,712,710,708,707,706,706,706,705,706,704,702,700,698,696,696,694,691,689,688,686,684,682,682,680,678,1,1,1,1,1,1,1,1,1,1,1,1,1,1,1,1,1,1,1,1,1,1,1,1,1,1,1,1,1,1,1
17050001,2,01/06/2002,,1,1,726,714,720,21,1,1,1,1,0,0,714,714,715,716,715,716,714,714,714,716,716,716,716,716,718,721,724,724,724,724,726,725,724,724,724,724,724,724,724,723,,1,1,1,1,1,1,1,1,1,1,1,1,1,1,1,1,1,1,1,1,1,1,1,1,1,1,1,1,1,1,
17050001,1,01/06/2002,07:00,0,1,726,714,720,21,1,0,0,0,,0,714,714,715,716,715,716,715,714,714,716,716,716,716,716,718,720,724,724,724,723,726,726,724,724,724,724,724,724,724,723,,1,1,1,1,1,1,1,1,1,1,1,1,1,1,1,1,1,1,1,1,1,1,1,1,1,1,1,1,1,1,0
17050001,1,01/06/2002,17:00,0,1,726,714,720,21,1,0,0,0,,0,714,714,715,716,715,715,714,714,714,716,716,716,716,717,718,722,724,724,724,724,726,724,724,724,724,724,724,724,723,723,,1,1,1,1,1,1,1,1,1,1,1,1,1,1,1,1,1,1,1,1,1,1,1,1,1,1,1,1,1,1,0
17050001,1,01/06/2002,,1,1,726,714,720,21,1,0,0,0,,0,714,714,715,716,715,716,715,714,714,716,716,716,716,717,718,721,724,724,724,724,726,725,724,724,724,724,724,724,724,723,,1,1,1,1,1,1,1,1,1,1,1,1,1,1,1,1,1,1,1,1,1,1,1,1,1,1,1,1,1,1,0
17050001,2,01/05/2002,,1,1,712,682,695,31,1,1,1,1,0,0,682,684,685,685,687,688,688,688,688,688,688,688,688,689,692,692,693,696,699,700,700,700,702,702,703,707,708,709,710,710,712,1,1,1,1,1,1,1,1,1,1,1,1,1,1,1,1,1,1,1,1,1,1,1,1,1,1,1,1,1,1,1
17050001,1,01/05/2002,07:00,0,1,712,682,695,31,1,0,0,0,,0,682,684,685,685,687,688,687,689,688,688,688,688,688,689,692,692,693,694,699,700,700,700,702,702,702,706,708,708,710,710,712,1,1,1,1,1,1,1,1,1,1,1,1,1,1,1,1,1,1,1,1,1,1,1,1,1,1,1,1,1,1,1
17050001,1,01/05/2002,17:00,0,1,712,682,695,31,1,0,0,0,,0,683,684,685,685,687,687,688,688,688,688,688,688,688,689,692,692,693,699,699,700,700,700,702,702,704,708,708,710,710,710,712,1,1,1,1,1,1,1,1,1,1,1,1,1,1,1,1,1,1,1,1,1,1,1,1,1,1,1,1,1,1,1
17050001,1,01/05/2002,,1,1,712,682,695,31,1,0,0,0,,0,683,684,685,685,687,688,688,689,688,688,688,688,688,689,692,692,693,697,699,700,700,700,702,702,703,707,708,709,710,710,712,1,1,1,1,1,1,1,1,1,1,1,1,1,1,1,1,1,1,1,1,1,1,1,1,1,1,1,1,1,1,1
17050001,2,01/04/2002,,1,1,682,602,645,30,1,1,1,1,0,0,602,604,607,611,616,620,622,624,628,636,638,639,640,644,646,650,652,654,654,655,658,660,663,666,669,674,676,678,680,682,,1,1,1,1,1,1,1,1,1,1,1,1,1,1,1,1,1,1,1,1,1,1,1,1,1,1,1,1,1,1,
17050001,1,01/04/2002,17:00,0,1,682,601,645,30,1,0,0,0,,0,603,604,608,612,617,621,622,624,630,637,638,639,640,644,647,650,653,654,654,655,659,660,664,666,670,674,676,679,681,682,,1,1,1,1,1,1,1,1,1,1,1,1,1,1,1,1,1,1,1,1,1,1,1,1,1,1,1,1,1,1,0
17050001,1,01/04/2002,07:00,0,1,682,601,645,30,1,0,0,0,,0,601,605,606,610,615,620,622,624,626,635,638,639,640,643,646,649,652,654,654,655,658,659,662,665,668,673,675,677,680,682,,1,1,1,1,1,1,1,1,1,1,1,1,1,1,1,1,1,1,1,1,1,1,1,1,1,1,1,1,1,1,0
17050001,1,01/04/2002,,1,1,682,601,645,30,1,0,0,0,,0,602,605,607,611,616,621,622,624,628,636,638,639,640,644,647,650,653,654,654,655,659,660,663,666,669,674,676,678,681,682,,1,1,1,1,1,1,1,1,1,1,1,1,1,1,1,1,1,1,1,1,1,1,1,1,1,1,1,1,1,1,0
17050001,2,01/03/2002,,1,1,598,510,560,31,1,1,1,1,0,0,510,518,522,527,530,534,538,539,540,548,550,551,551,554,556,562,564,566,569,571,574,582,582,584,584,588,588,593,594,597,598,1,1,1,1,1,1,1,1,1,1,1,1,1,1,1,1,1,1,1,1,1,1,1,1,1,1,1,1,1,1,1
17050001,1,01/03/2002,07:00,0,1,598,508,560,31,1,0,0,0,,0,508,517,520,527,529,534,536,539,540,547,550,551,551,553,556,561,563,565,569,570,573,582,582,584,584,587,588,593,594,597,598,1,1,1,1,1,1,1,1,1,1,1,1,1,1,1,1,1,1,1,1,1,1,1,1,1,1,1,1,1,1,1
17050001,1,01/03/2002,17:00,0,1,598,508,560,31,1,0,0,0,,0,512,518,523,527,530,534,539,539,541,548,551,551,551,554,557,562,564,567,569,572,574,582,582,584,585,588,589,593,595,597,598,1,1,1,1,1,1,1,1,1,1,1,1,1,1,1,1,1,1,1,1,1,1,1,1,1,1,1,1,1,1,1
17050001,1,01/03/2002,,1,1,598,508,560,31,1,0,0,0,,0,510,518,522,527,530,534,538,539,541,548,551,551,551,554,557,562,564,566,569,571,574,582,582,584,585,588,589,593,595,597,598,1,1,1,1,1,1,1,1,1,1,1,1,1,1,1,1,1,1,1,1,1,1,1,1,1,1,1,1,1,1,1
17050001,2,01/02/2002,,1,1,504,434,455,28,10,1,1,1,0,0,446,447,445,444,442,440,435,438,438,434,435,435,435,439,443,446,450,454,458,463,469,473,478,481,486,491,497,504,,,,1,1,1,1,1,1,1,1,1,1,1,1,1,1,1,1,1,1,1,1,1,1,1,1,1,1,1,1,,,
17050001,1,01/02/2002,17:00,0,1,507,434,455,28,10,0,0,0,,0,446,447,445,444,441,439,435,438,437,434,435,435,436,440,445,447,451,454,460,464,470,474,479,482,487,492,499,507,,,,1,1,1,1,1,1,1,1,1,1,1,1,1,1,1,1,1,1,1,1,1,1,1,1,1,1,1,1,0,0,0
17050001,1,01/02/2002,07:00,0,1,507,434,455,28,10,0,0,0,,0,446,447,445,444,443,441,435,437,438,435,435,435,434,438,442,446,450,454,455,462,468,472,478,480,484,490,495,500,,,,1,1,1,1,1,1,1,1,1,1,1,1,1,1,1,1,1,1,1,1,1,1,1,1,1,1,1,1,0,0,0
17050001,1,01/02/2002,,1,1,507,434,455,28,10,0,0,0,,0,446,447,445,444,442,440,435,438,438,435,435,435,435,439,444,447,451,454,458,463,469,473,479,481,486,491,497,504,,,,1,1,1,1,1,1,1,1,1,1,1,1,1,1,1,1,1,1,1,1,1,1,1,1,1,1,1,1,0,0,0
17050001,2,01/01/2002,,1,1,445,275,382,31,1,1,1,1,0,0,275,287,296,304,316,324,330,338,341,350,358,366,374,382,389,398,402,407,411,416,424,426,428,430,430,434,438,440,440,443,445,1,1,1,1,1,1,1,1,1,1,1,1,1,1,1,1,1,1,1,1,1,1,1,1,1,1,1,1,1,1,1
17050001,1,01/01/2002,07:00,0,1,445,272,382,31,1,0,0,0,,0,272,285,294,303,314,323,329,338,340,348,357,365,373,382,388,396,400,406,410,414,424,425,427,429,430,434,438,440,440,443,445,1,1,1,1,1,1,1,1,1,1,1,1,1,1,1,1,1,1,1,1,1,1,1,1,1,1,1,1,1,1,1
17050001,1,01/01/2002,17:00,0,1,445,272,382,31,1,0,0,0,,0,278,289,297,304,318,325,332,338,342,351,360,366,376,383,390,399,404,407,412,417,424,426,428,430,431,434,439,440,441,443,445,1,1,1,1,1,1,1,1,1,1,1,1,1,1,1,1,1,1,1,1,1,1,1,1,1,1,1,1,1,1,1
17050001,1,01/01/2002,,1,1,445,272,382,31,1,0,0,0,,0,275,287,296,304,316,324,331,338,341,350,359,366,375,383,389,398,402,407,411,416,424,426,428,430,431,434,439,440,441,443,445,1,1,1,1,1,1,1,1,1,1,1,1,1,1,1,1,1,1,1,1,1,1,1,1,1,1,1,1,1,1,1
17050001,2,01/12/2001,,1,1,264,124,177,31,1,1,1,1,0,0,124,130,132,135,136,136,130,130,132,134,138,142,150,160,167,175,181,189,193,195,198,199,202,209,215,221,228,235,241,254,264,1,1,1,1,1,1,1,1,1,1,1,1,1,1,1,1,1,1,1,1,1,1,1,1,1,1,1,1,1,1,1
17050001,1,01/12/2001,07:00,0,1,267,122,177,31,1,0,0,0,,0,122,128,132,135,135,138,131,129,131,134,138,140,148,158,165,174,179,188,193,194,198,199,200,208,214,218,227,234,240,252,262,1,1,1,1,1,1,1,1,1,1,1,1,1,1,1,1,1,1,1,1,1,1,1,1,1,1,1,1,1,1,1
17050001,1,01/12/2001,17:00,0,1,267,122,177,31,1,0,0,0,,0,125,132,133,135,136,135,130,130,132,134,139,143,152,162,169,176,183,190,193,196,198,199,203,210,216,224,230,236,242,256,267,1,1,1,1,1,1,1,1,1,1,1,1,1,1,1,1,1,1,1,1,1,1,1,1,1,1,1,1,1,1,1
17050001,1,01/12/2001,,1,1,267,122,177,31,1,0,0,0,,0,124,130,133,135,136,137,131,130,132,134,139,142,150,160,167,175,181,189,193,195,198,199,202,209,215,221,229,235,241,254,265,1,1,1,1,1,1,1,1,1,1,1,1,1,1,1,1,1,1,1,1,1,1,1,1,1,1,1,1,1,1,1
17050001,2,01/11/2001,,1,1,122,80,101,19,9,1,1,1,0,0,92,90,90,92,94,94,92,82,80,80,81,83,90,98,105,111,117,121,122,120,116,112,109,106,106,108,108,111,114,119,,1,1,1,1,1,1,1,1,1,1,1,1,1,1,1,1,1,1,1,1,1,1,1,1,1,1,1,1,1,1,
17050001,1,01/11/2001,07:00,0,1,122,80,101,19,9,0,0,0,,0,92,91,90,91,94,93,94,82,80,80,81,82,88,96,104,110,114,121,122,120,118,112,110,106,106,108,108,110,113,118,,1,1,1,1,1,1,1,1,1,1,1,1,1,1,1,1,1,1,1,1,1,1,1,1,1,1,1,1,1,1,0
17050001,1,01/11/2001,17:00,0,1,122,80,101,19,9,0,0,0,,0,92,90,90,93,93,94,90,81,80,80,81,84,91,100,106,112,120,121,121,120,115,112,108,106,107,108,108,112,115,120,,1,1,1,1,1,1,1,1,1,1,1,1,1,1,1,1,1,1,1,1,1,1,1,1,1,1,1,1,1,1,0
17050001,1,01/11/2001,,1,1,122,80,101,19,9,0,0,0,,0,92,91,90,92,94,94,92,82,80,80,81,83,90,98,105,111,117,121,122,120,117,112,109,106,107,108,108,111,114,119,,1,1,1,1,1,1,1,1,1,1,1,1,1,1,1,1,1,1,1,1,1,1,1,1,1,1,1,1,1,1,0
17050001,2,01/10/2001,,1,1,278,86,182,1,30,1,1,1,0,0,278,271,266,260,256,250,241,237,228,217,208,202,198,192,186,183,180,178,175,168,162,147,136,124,114,108,100,96,92,86,88,1,1,1,1,1,1,1,1,1,1,1,1,1,1,1,1,1,1,1,1,1,1,1,1,1,1,1,1,1,1,1
17050001,1,01/10/2001,07:00,0,1,280,85,181,1,30,0,0,0,,0,280,272,268,260,258,252,242,238,230,220,210,202,200,191,187,184,180,178,176,170,164,152,138,127,116,110,100,98,93,86,87,1,1,1,1,1,1,1,1,1,1,1,1,1,1,1,1,1,1,1,1,1,1,1,1,1,1,1,1,1,1,1
17050001,1,01/10/2001,17:00,0,1,280,85,181,1,30,0,0,0,,0,277,270,265,259,255,248,240,235,226,215,205,201,196,193,185,182,179,177,174,167,160,142,133,121,113,106,100,95,90,85,89,1,1,1,1,1,1,1,1,1,1,1,1,1,1,1,1,1,1,1,1,1,1,1,1,1,1,1,1,1,1,1
17050001,1,01/10/2001,,1,1,280,85,181,1,30,0,0,0,,0,279,271,267,260,257,250,241,237,228,218,208,202,198,192,186,183,180,178,175,169,162,147,136,124,115,108,100,97,92,86,88,1,1,1,1,1,1,1,1,1,1,1,1,1,1,1,1,1,1,1,1,1,1,1,1,1,1,1,1,1,1,1
17050001,2,01/09/2001,,1,1,495,286,395,1,30,1,1,1,0,0,495,489,484,479,472,466,462,454,446,438,430,422,412,405,398,389,383,376,371,366,360,352,343,334,324,316,306,296,291,286,,1,1,1,1,1,1,1,1,1,1,1,1,1,1,1,1,1,1,1,1,1,1,1,1,1,1,1,1,1,1,
17050001,1,01/09/2001,07:00,0,1,496,285,395,1,30,0,0,0,,0,496,490,485,480,474,467,463,456,449,440,432,424,414,407,400,390,386,377,372,367,361,355,346,337,326,318,309,298,292,288,,1,1,1,1,1,1,1,1,1,1,1,1,1,1,1,1,1,1,1,1,1,1,1,1,1,1,1,1,1,1,0
17050001,1,01/09/2001,17:00,0,1,496,285,395,1,30,0,0,0,,0,494,488,483,478,470,465,460,452,444,437,427,419,410,403,396,388,380,375,370,364,358,349,340,330,321,314,304,295,290,285,,1,1,1,1,1,1,1,1,1,1,1,1,1,1,1,1,1,1,1,1,1,1,1,1,1,1,1,1,1,1,0
17050001,1,01/09/2001,,1,1,496,285,395,1,30,0,0,0,,0,495,489,484,479,472,466,462,454,447,439,430,422,412,405,398,389,383,376,371,366,360,352,343,334,324,316,307,297,291,287,,1,1,1,1,1,1,1,1,1,1,1,1,1,1,1,1,1,1,1,1,1,1,1,1,1,1,1,1,1,1,0
17050001,2,01/08/2001,,1,1,631,501,573,1,31,1,1,1,0,0,631,628,625,623,619,614,610,606,603,600,596,591,585,581,576,573,567,564,561,558,555,550,549,544,541,535,530,520,512,507,501,1,1,1,1,1,1,1,1,1,1,1,1,1,1,1,1,1,1,1,1,1,1,1,1,1,1,1,1,1,1,1
17050001,1,01/08/2001,07:00,0,1,632,500,573,1,31,0,0,0,,0,632,629,625,624,620,615,612,606,604,600,598,592,586,582,578,574,568,565,562,559,556,551,550,546,542,536,532,522,514,509,502,1,1,1,1,1,1,1,1,1,1,1,1,1,1,1,1,1,1,1,1,1,1,1,1,1,1,1,1,1,1,1
17050001,1,01/08/2001,17:00,0,1,632,500,573,1,31,0,0,0,,0,630,627,625,622,618,612,609,605,602,599,595,590,584,580,575,572,566,563,560,556,554,550,548,542,540,534,528,517,511,505,500,1,1,1,1,1,1,1,1,1,1,1,1,1,1,1,1,1,1,1,1,1,1,1,1,1,1,1,1,1,1,1
17050001,1,01/08/2001,,1,1,632,500,573,1,31,0,0,0,,0,631,628,625,623,619,614,611,606,603,600,597,591,585,581,577,573,567,564,561,558,555,551,549,544,541,535,530,520,513,507,501,1,1,1,1,1,1,1,1,1,1,1,1,1,1,1,1,1,1,1,1,1,1,1,1,1,1,1,1,1,1,1
17050001,2,01/07/2001,,1,1,714,636,679,1,31,2,2,2,0,0,714,711,711,710,709,706,703,702,701,696,694,692,688,683,680,676,676,673,670,668,665,662,662,660,658,656,654,650,646,643,636,1,1,2,2,1,1,1,1,1,1,1,1,1,1,1,1,1,1,1,1,1,1,1,1,1,1,1,1,1,1,1
17050001,1,01/07/2001,17:00,0,1,718,635,680,3,31,0,0,0,,0,713,710,718,718,708,705,703,702,700,696,694,691,687,682,679,675,675,672,669,667,664,662,662,659,657,656,653,650,645,642,635,1,1,1,1,1,1,1,1,1,1,1,1,1,1,1,1,1,1,1,1,1,1,1,1,1,1,1,1,1,1,1
17050001,1,01/07/2001,07:00,0,1,718,635,680,3,31,0,0,0,,0,714,712,718,718,710,706,703,702,702,697,695,692,690,684,680,678,676,674,670,668,666,662,662,660,658,656,655,650,648,644,638,1,1,1,1,1,1,1,1,1,1,1,1,1,1,1,1,1,1,1,1,1,1,1,1,1,1,1,1,1,1,1
17050001,1,01/07/2001,,1,1,718,635,680,3,31,0,0,0,,0,714,711,718,718,709,706,703,702,701,697,695,692,689,683,680,677,676,673,670,668,665,662,662,660,658,656,654,650,647,643,637,,,,,,,,,,,,,,,,,,,,,,,,,,,,,,,
17050001,2,01/06/2001,,1,1,729,714,721,4,30,1,1,1,0,0,727,726,728,729,726,726,726,726,724,724,723,723,723,721,722,720,720,718,717,718,718,718,718,718,718,718,717,716,716,714,,1,1,1,1,1,1,1,1,1,1,1,1,1,1,1,1,1,1,1,1,1,1,1,1,1,1,1,1,1,1,
17050001,1,01/06/2001,17:00,0,1,730,714,721,4,30,0,0,0,,0,727,727,728,728,726,726,726,726,724,724,723,723,722,721,721,720,719,718,717,718,718,718,718,718,718,718,717,716,715,714,,1,1,1,1,1,1,1,1,1,1,1,1,1,1,1,1,1,1,1,1,1,1,1,1,1,1,1,1,1,1,0
17050001,1,01/06/2001,07:00,0,1,730,714,721,4,30,0,0,0,,0,727,726,727,730,726,727,726,726,724,724,723,723,724,721,722,720,720,718,717,718,718,718,717,718,718,718,717,716,716,714,,1,1,1,1,1,1,1,1,1,1,1,1,1,1,1,1,1,1,1,1,1,1,1,1,1,1,1,1,1,1,0
17050001,1,01/06/2001,,1,1,730,714,721,4,30,0,0,0,,0,727,727,728,729,726,727,726,726,724,724,723,723,723,721,722,720,720,718,717,718,718,718,718,718,718,718,717,716,716,714,,,,,,,,,,,,,,,,,,,,,,,,,,,,,,,,0
17050001,2,01/05/2001,,1,1,739,728,732,12,3,1,1,1,0,0,729,729,728,729,729,729,730,733,733,734,738,739,738,738,736,735,734,733,732,730,730,730,730,730,730,729,728,730,729,728,728,1,1,1,1,1,1,1,1,1,1,1,1,1,1,1,1,1,1,1,1,1,1,1,1,1,1,1,1,1,1,1
17050001,1,01/05/2001,17:00,0,1,739,728,732,12,3,0,0,0,,0,729,729,728,729,729,729,730,733,733,735,738,739,739,738,736,735,734,733,731,730,730,730,730,730,730,729,729,729,729,728,728,1,1,1,1,1,1,1,1,1,1,1,1,1,1,1,1,1,1,1,1,1,1,1,1,1,1,1,1,1,1,1
17050001,1,01/05/2001,07:00,0,1,739,728,732,12,3,0,0,0,,0,729,729,728,729,729,729,729,733,733,733,737,739,738,739,736,735,735,733,732,730,730,731,730,730,730,729,728,730,729,728,728,1,1,1,1,1,1,1,1,1,1,1,1,1,1,1,1,1,1,1,1,1,1,1,1,1,1,1,1,1,1,1
17050001,1,01/05/2001,,1,1,739,728,732,12,3,0,0,0,,0,729,729,728,729,729,729,730,733,733,734,738,739,739,739,736,735,735,733,732,730,730,731,730,730,730,729,729,730,729,728,728,,,,,,,,,,,,,,,,,,,,,,,,,,,,,,,
17050001,2,01/04/2001,,1,1,729,664,706,28,1,1,1,1,0,0,664,667,669,671,675,678,680,687,692,698,701,707,708,710,714,717,717,720,721,722,722,724,726,727,727,727,728,729,729,729,,1,1,1,1,1,1,1,1,1,1,1,1,1,1,1,1,1,1,1,1,1,1,1,1,1,1,1,1,1,1,
17050001,1,01/04/2001,17:00,0,1,729,664,706,28,1,0,0,0,,0,664,668,669,671,676,678,682,688,693,700,702,707,707,710,715,717,717,720,721,721,721,724,726,727,727,727,728,729,729,729,,1,1,1,1,1,1,1,1,1,1,1,1,1,1,1,1,1,1,1,1,1,1,1,1,1,1,1,1,1,1,0
17050001,1,01/04/2001,07:00,0,1,729,664,706,28,1,0,0,0,,0,664,666,669,670,674,677,678,685,691,696,700,706,708,709,713,717,717,720,720,722,722,724,725,727,727,727,728,729,729,729,,1,1,1,1,1,1,1,1,1,1,1,1,1,1,1,1,1,1,1,1,1,1,1,1,1,1,1,1,1,1,0
17050001,1,01/04/2001,,1,1,729,664,706,28,1,0,0,0,,0,664,667,669,671,675,678,680,687,692,698,701,707,708,710,714,717,717,720,721,722,722,724,726,727,727,727,728,729,729,729,,1,1,1,1,1,1,1,1,1,1,1,1,1,1,1,1,1,1,1,1,1,1,1,1,1,1,1,1,1,1,0
17050001,2,01/03/2001,,1,1,660,556,611,31,1,1,1,1,0,0,556,562,568,573,578,582,587,591,593,597,601,606,610,612,614,616,618,620,621,621,621,621,624,628,631,636,639,647,651,655,660,1,1,1,1,1,1,1,1,1,1,1,1,1,1,1,1,1,1,1,1,1,1,1,1,1,1,1,1,1,1,1
17050001,1,01/03/2001,17:00,0,1,660,555,611,31,1,0,0,0,,0,556,562,571,574,579,584,587,592,594,598,602,608,610,612,614,616,618,621,620,621,621,621,625,628,632,637,640,648,652,655,660,1,1,1,1,1,1,1,1,1,1,1,1,1,1,1,1,1,1,1,1,1,1,1,1,1,1,1,1,1,1,1
17050001,1,01/03/2001,07:00,0,1,660,555,611,31,1,0,0,0,,0,555,561,564,572,576,580,586,589,592,596,600,604,610,612,614,615,618,619,621,620,621,621,622,628,630,635,637,645,650,654,660,1,1,1,1,1,1,1,1,1,1,1,1,1,1,1,1,1,1,1,1,1,1,1,1,1,1,1,1,1,1,1
17050001,1,01/03/2001,,1,1,660,555,611,31,1,0,0,0,,0,556,562,568,573,578,582,587,591,593,597,601,606,610,612,614,616,618,620,621,621,621,621,624,628,631,636,639,647,651,655,660,1,1,1,1,1,1,1,1,1,1,1,1,1,1,1,1,1,1,1,1,1,1,1,1,1,1,1,1,1,1,1
17050001,2,01/02/2001,,1,1,551,428,496,28,1,1,1,1,0,0,428,431,438,445,451,455,460,466,472,482,488,493,499,504,509,514,514,515,517,518,523,527,531,534,541,543,547,551,,,,1,1,1,1,1,1,1,1,1,1,1,1,1,1,1,1,1,1,1,1,1,1,1,1,1,1,1,1,,,
17050001,1,01/02/2001,17:00,0,1,552,426,496,28,1,0,0,0,,0,429,432,439,446,451,456,461,467,473,483,489,494,499,504,510,514,514,515,518,518,524,528,531,534,541,544,547,552,,,,1,1,1,1,1,1,1,1,1,1,1,1,1,1,1,1,1,1,1,1,1,1,1,1,1,1,1,1,0,0,0
17050001,1,01/02/2001,07:00,0,1,552,426,496,28,1,0,0,0,,0,426,430,436,443,450,454,459,464,471,481,487,491,498,504,508,514,514,515,515,518,522,526,530,533,541,542,547,550,,,,1,1,1,1,1,1,1,1,1,1,1,1,1,1,1,1,1,1,1,1,1,1,1,1,1,1,1,1,0,0,0
17050001,1,01/02/2001,,1,1,552,426,496,28,1,0,0,0,,0,428,431,438,445,451,455,460,466,472,482,488,493,499,504,509,514,514,515,517,518,523,527,531,534,541,543,547,551,,,,1,1,1,1,1,1,1,1,1,1,1,1,1,1,1,1,1,1,1,1,1,1,1,1,1,1,1,1,0,0,0
17050001,2,01/01/2001,,1,1,422,264,324,31,4,1,1,1,0,0,265,266,265,264,264,264,265,269,277,286,292,297,301,306,310,311,315,322,329,336,345,353,363,374,382,385,393,400,408,415,422,1,1,1,1,1,1,1,1,1,1,1,1,1,1,1,1,1,1,1,1,1,1,1,1,1,1,1,1,1,1,1
17050001,1,01/01/2001,07:00,0,1,423,263,324,31,4,0,0,0,,0,265,266,265,263,264,264,264,268,275,284,290,296,300,305,310,310,313,320,327,334,344,351,360,372,379,384,391,398,406,413,421,1,1,1,1,1,1,1,1,1,1,1,1,1,1,1,1,1,1,1,1,1,1,1,1,1,1,1,1,1,1,1
17050001,1,01/01/2001,17:00,0,1,423,263,324,31,4,0,0,0,,0,265,265,264,264,264,264,266,270,279,288,294,298,302,307,310,311,316,323,330,337,346,354,365,375,384,386,394,402,410,417,423,1,1,1,1,1,1,1,1,1,1,1,1,1,1,1,1,1,1,1,1,1,1,1,1,1,1,1,1,1,1,1
17050001,1,01/01/2001,,1,1,423,263,324,31,4,0,0,0,,0,265,266,265,264,264,264,265,269,277,286,292,297,301,306,310,311,315,322,329,336,345,353,363,374,382,385,393,400,408,415,422,1,1,1,1,1,1,1,1,1,1,1,1,1,1,1,1,1,1,1,1,1,1,1,1,1,1,1,1,1,1,1
17050001,2,01/12/2000,,1,1,265,172,207,31,9,1,1,1,0,0,215,209,202,192,186,181,178,175,172,173,177,182,184,188,192,195,194,194,197,201,205,211,218,226,234,245,253,258,261,264,265,1,1,1,1,1,1,1,1,1,1,1,1,1,1,1,1,1,1,1,1,1,1,1,1,1,1,1,1,1,1,1
17050001,1,01/12/2000,07:00,0,1,265,172,207,30,9,0,0,0,,0,216,210,203,194,187,182,178,176,172,172,176,180,182,187,191,195,194,194,196,200,203,209,216,224,232,241,251,257,260,263,265,1,1,1,1,1,1,1,1,1,1,1,1,1,1,1,1,1,1,1,1,1,1,1,1,1,1,1,1,1,1,1
17050001,1,01/12/2000,17:00,0,1,265,172,207,30,9,0,0,0,,0,214,207,200,190,185,180,177,174,172,174,178,183,185,189,193,194,194,194,198,201,206,212,220,228,236,248,254,259,261,265,265,1,1,1,1,1,1,1,1,1,1,1,1,1,1,1,1,1,1,1,1,1,1,1,1,1,1,1,1,1,1,1
17050001,1,01/12/2000,,1,1,265,172,207,30,9,0,0,0,,0,215,209,202,192,186,181,178,175,172,173,177,182,184,188,192,195,194,194,197,201,205,211,218,226,234,245,253,258,261,264,265,1,1,1,1,1,1,1,1,1,1,1,1,1,1,1,1,1,1,1,1,1,1,1,1,1,1,1,1,1,1,1
17050001,2,01/11/2000,,1,1,266,221,235,1,30,1,1,1,0,0,266,262,252,245,242,238,235,231,232,233,232,233,234,237,242,240,236,233,231,229,229,230,231,231,230,229,228,226,224,221,,1,1,1,1,1,1,1,1,1,1,1,1,1,1,1,1,1,1,1,1,1,1,1,1,1,1,1,1,1,1,
17050001,1,01/11/2000,07:00,0,1,267,220,235,1,30,0,0,0,,0,267,263,254,246,243,238,236,231,231,234,232,233,233,236,244,240,237,235,231,229,229,229,231,231,230,229,228,227,224,222,,1,1,1,1,1,1,1,1,1,1,1,1,1,1,1,1,1,1,1,1,1,1,1,1,1,1,1,1,1,1,0
17050001,1,01/11/2000,17:00,0,1,267,220,235,1,30,0,0,0,,0,265,260,250,244,240,237,234,231,232,232,232,233,234,238,240,239,234,231,230,229,229,230,230,230,229,229,228,225,223,220,,1,1,1,1,1,1,1,1,1,1,1,1,1,1,1,1,1,1,1,1,1,1,1,1,1,1,1,1,1,1,0
17050001,1,01/11/2000,,1,1,267,220,235,1,30,0,0,0,,0,266,262,252,245,242,238,235,231,232,233,232,233,234,237,242,240,236,233,231,229,229,230,231,231,230,229,228,226,224,221,,1,1,1,1,1,1,1,1,1,1,1,1,1,1,1,1,1,1,1,1,1,1,1,1,1,1,1,1,1,1,0
17050001,2,01/10/2000,,1,1,434,271,334,1,31,1,1,1,0,0,434,430,422,413,403,392,382,372,362,356,348,343,336,334,330,326,322,316,310,304,301,298,292,286,284,281,280,278,277,275,271,1,1,1,1,1,1,1,1,1,1,1,1,1,1,1,1,1,1,1,1,1,1,1,1,1,1,1,1,1,1,1
17050001,1,01/10/2000,07:00,0,1,435,270,334,1,31,1,1,1,,0,435,431,425,416,405,394,384,373,364,357,350,344,337,334,331,328,323,318,312,304,302,298,295,287,285,282,280,279,277,276,272,1,1,1,1,1,1,1,1,1,1,1,1,1,1,1,1,1,1,1,1,1,1,1,1,1,1,1,1,1,1,1
17050001,1,01/10/2000,17:00,0,1,435,270,334,1,31,1,1,1,,0,433,429,420,410,400,390,380,370,360,354,347,342,335,333,330,325,320,315,308,303,300,297,290,286,284,280,280,278,277,274,270,1,1,1,1,1,1,1,1,1,1,1,1,1,1,1,1,1,1,1,1,1,1,1,1,1,1,1,1,1,1,1
17050001,2,01/09/2000,,1,1,598,442,521,1,30,1,1,1,0,0,598,592,588,584,578,574,570,567,555,548,544,539,534,530,524,520,517,512,504,501,492,486,478,472,466,460,456,451,446,442,,1,1,1,1,1,1,1,1,1,1,1,1,1,1,1,1,1,1,1,1,1,1,1,1,1,1,1,1,1,1,
17050001,1,01/09/2000,07:00,0,1,598,440,521,1,30,1,1,1,,0,598,593,591,585,580,574,572,565,557,550,545,540,536,531,526,521,518,514,505,503,494,488,480,474,468,460,456,453,447,444,,1,1,1,1,1,1,1,1,1,1,1,1,1,1,1,1,1,1,1,1,1,1,1,1,1,1,1,1,1,1,0
17050001,1,01/09/2000,17:00,0,1,598,440,521,1,30,1,1,1,,0,598,592,586,583,576,573,569,569,553,547,542,538,533,528,523,520,516,510,504,500,490,484,476,470,465,459,455,450,445,440,,1,1,1,1,1,1,1,1,1,1,1,1,1,1,1,1,1,1,1,1,1,1,1,1,1,1,1,1,1,1,0
17050001,2,01/08/2000,,1,1,689,599,647,1,31,1,1,1,0,0,689,688,686,683,681,679,676,674,671,668,664,659,656,653,649,647,644,641,640,636,631,630,627,625,621,616,613,609,606,604,599,1,1,1,1,1,1,1,1,1,1,1,1,1,1,1,1,1,1,1,1,1,1,1,1,1,1,1,1,1,1,1
17050001,2,01/07/2000,,1,1,726,690,711,2,31,1,1,1,0,0,724,726,726,726,726,723,723,721,720,718,717,719,717,717,716,714,710,709,708,708,706,705,704,703,700,699,698,697,695,691,690,1,1,1,1,1,1,1,1,1,1,1,1,1,1,1,1,1,1,1,1,1,1,1,1,1,1,1,1,1,1,1
17050001,2,01/06/2000,,1,1,756,725,741,4,30,1,1,1,0,0,753,754,755,756,755,754,756,754,752,750,748,745,744,742,740,739,739,738,736,734,733,731,731,730,730,728,728,727,726,725,,1,1,1,1,1,1,1,1,1,1,1,1,1,1,1,1,1,1,1,1,1,1,1,1,1,1,1,1,1,1,
17050001,2,01/05/2000,,1,1,753,713,738,23,1,1,1,1,0,0,713,713,714,717,719,724,728,730,732,734,734,734,734,735,736,738,742,744,746,748,750,752,753,752,753,753,752,753,753,753,753,1,1,1,1,1,1,1,1,1,1,1,1,1,1,1,1,1,1,1,1,1,1,1,1,1,1,1,1,1,1,1
17050001,2,01/04/2000,,1,1,710,614,665,30,1,1,1,1,0,0,614,620,624,626,631,637,640,643,647,649,653,653,657,658,660,664,667,670,672,680,684,688,694,695,697,698,703,705,708,710,,1,1,1,1,1,1,1,1,1,1,1,1,1,1,1,1,1,1,1,1,1,1,1,1,1,1,1,1,1,1,
17050001,2,01/03/2000,,1,1,613,484,551,31,1,1,1,1,0,0,484,486,488,493,500,503,507,513,519,522,527,533,537,537,542,547,555,564,571,574,578,584,588,592,596,600,601,607,609,610,613,1,1,1,1,1,1,1,1,1,1,1,1,1,1,1,1,1,1,1,1,1,1,1,1,1,1,1,1,1,1,1
17050001,2,01/02/2000,,1,1,487,366,429,29,1,1,1,1,0,0,366,369,372,375,383,389,395,401,405,409,414,417,422,423,425,429,436,438,444,450,457,466,469,475,479,483,485,485,487,,,1,1,1,1,1,1,1,1,1,1,1,1,1,1,1,1,1,1,1,1,1,1,1,1,1,1,1,1,1,,
17050001,2,01/01/2000,,1,1,366,195,297,31,1,1,1,1,0,0,195,201,214,222,228,237,246,254,261,265,272,280,286,287,295,302,307,313,321,324,331,337,345,351,359,362,363,362,363,363,366,1,1,1,1,1,1,1,1,1,1,1,1,1,1,1,1,1,1,1,1,1,1,1,1,1,1,1,1,1,1,1
17050001,2,01/12/1999,,1,1,188,96,129,31,1,1,1,1,0,0,96,98,99,99,106,107,111,113,115,116,116,117,115,113,111,108,109,111,115,121,132,139,150,158,164,167,173,175,176,181,188,1,1,1,1,1,1,1,1,1,1,1,1,1,1,1,1,1,1,1,1,1,1,1,1,1,1,1,1,1,1,1
17050001,1,01/12/1999,,1,1,188,96,129,31,1,1,1,1,,0,96,98,99,99,106,107,111,113,115,116,116,117,115,113,111,108,109,111,115,121,132,139,150,158,164,167,173,175,176,181,188,1,1,1,1,1,1,1,1,1,1,1,1,1,1,1,1,1,1,1,1,1,1,1,1,1,1,1,1,1,1,1
17050001,2,01/11/1999,,1,1,173,85,120,1,19,1,1,1,0,0,173,166,161,158,155,152,151,147,145,140,135,128,121,115,104,97,91,88,85,85,85,85,93,102,106,106,108,106,100,97,,1,1,1,1,1,1,1,1,1,1,1,1,1,1,1,1,1,1,1,1,1,1,1,1,1,1,1,1,1,1,
17050001,1,01/11/1999,,1,1,173,85,119,1,19,1,1,1,,0,173,166,161,158,155,152,151,147,145,140,135,128,121,115,104,97,91,88,85,85,85,85,93,102,106,106,108,106,100,97,,1,1,1,1,1,1,1,1,1,1,1,1,1,1,1,1,1,1,1,1,1,1,1,1,1,1,1,1,1,1,0
17050001,2,01/10/1999,,1,1,397,180,262,1,31,1,1,1,0,0,397,382,369,357,348,335,324,315,305,298,290,282,274,266,255,247,236,226,221,213,208,205,202,202,202,201,201,200,197,192,180,1,1,1,1,1,1,1,1,1,1,1,1,1,1,1,1,1,1,1,1,1,1,1,1,1,1,1,1,1,1,1
17050001,1,01/10/1999,,1,1,397,180,262,1,31,1,1,1,,0,397,382,369,357,348,335,324,315,305,298,290,282,274,266,255,247,236,226,221,213,208,205,202,202,202,201,201,200,197,192,180,1,1,1,1,1,1,1,1,1,1,1,1,1,1,1,1,1,1,1,1,1,1,1,1,1,1,1,1,1,1,1
17050001,2,01/09/1999,,1,1,612,408,525,1,30,1,1,1,0,0,612,609,604,601,595,588,584,578,573,570,564,560,555,549,542,534,526,517,508,498,489,478,470,461,452,445,436,427,418,408,,1,1,1,1,1,1,1,1,1,1,1,1,1,1,1,1,1,1,1,1,1,1,1,1,1,1,1,1,1,1,
17050001,1,01/09/1999,,1,1,612,408,525,1,30,1,1,1,,0,612,609,604,601,595,588,584,578,573,570,564,560,555,549,542,534,526,517,508,498,489,478,470,461,452,445,436,427,418,408,,1,1,1,1,1,1,1,1,1,1,1,1,1,1,1,1,1,1,1,1,1,1,1,1,1,1,1,1,1,1,0
17050001,2,01/08/1999,,1,1,708,616,665,1,31,1,1,1,0,0,708,706,704,701,699,695,692,689,685,682,680,679,679,677,674,673,668,663,658,653,649,646,639,635,631,630,628,625,622,618,616,1,1,1,1,1,1,1,1,1,1,1,1,1,1,1,1,1,1,1,1,1,1,1,1,1,1,1,1,1,1,1
17050001,1,01/08/1999,,1,1,708,616,665,1,31,1,1,1,,0,708,706,704,701,699,695,692,689,685,682,680,679,679,677,674,673,668,663,658,653,649,646,639,635,631,630,628,625,622,618,616,1,1,1,1,1,1,1,1,1,1,1,1,1,1,1,1,1,1,1,1,1,1,1,1,1,1,1,1,1,1,1
17050001,2,01/07/1999,,1,1,761,711,739,1,31,1,1,1,0,0,761,761,760,759,757,755,755,753,749,748,746,743,743,742,741,741,742,740,738,736,734,732,728,726,724,721,719,716,714,712,711,1,1,1,1,1,1,1,1,1,1,1,1,1,1,1,1,1,1,1,1,1,1,1,1,1,1,1,1,1,1,1
17050001,1,01/07/1999,,1,1,761,711,739,1,31,1,1,1,,0,761,761,760,759,757,755,755,753,749,748,746,743,743,742,741,741,742,740,738,736,734,732,728,726,724,721,719,716,714,712,711,1,1,1,1,1,1,1,1,1,1,1,1,1,1,1,1,1,1,1,1,1,1,1,1,1,1,1,1,1,1,1
17050001,2,01/06/1999,,1,1,785,764,778,2,29,1,1,1,0,0,784,785,784,784,782,783,784,783,781,781,780,781,781,782,781,781,781,782,780,779,779,776,775,774,771,769,768,766,764,764,,1,1,1,1,1,1,1,1,1,1,1,1,1,1,1,1,1,1,1,1,1,1,1,1,1,1,1,1,1,1,
17050001,1,01/06/1999,,1,1,785,764,778,2,29,1,1,1,,0,784,785,784,784,782,783,784,783,781,781,780,781,781,782,781,781,781,782,780,779,779,776,775,774,771,769,768,766,764,764,,1,1,1,1,1,1,1,1,1,1,1,1,1,1,1,1,1,1,1,1,1,1,1,1,1,1,1,1,1,1,0
17050001,2,01/05/1999,,1,1,784,726,756,30,1,1,1,1,0,0,726,728,732,734,734,736,735,736,739,739,739,743,743,747,751,755,758,760,765,767,769,772,775,780,781,781,781,783,783,784,784,1,1,1,1,1,1,1,1,1,1,1,1,1,1,1,1,1,1,1,1,1,1,1,1,1,1,1,1,1,1,1
17050001,1,01/05/1999,,1,1,784,726,756,30,1,1,1,1,,0,726,728,732,734,734,736,735,736,739,739,739,743,743,747,751,755,758,760,765,767,769,772,775,780,781,781,781,783,783,784,784,1,1,1,1,1,1,1,1,1,1,1,1,1,1,1,1,1,1,1,1,1,1,1,1,1,1,1,1,1,1,1
17050001,2,01/04/1999,,1,1,724,684,703,30,1,1,1,1,0,0,684,685,688,689,691,692,694,694,694,694,697,697,697,697,697,699,700,703,708,712,713,716,716,716,718,719,721,722,723,724,,1,1,1,1,1,1,1,1,1,1,1,1,1,1,1,1,1,1,1,1,1,1,1,1,1,1,1,1,1,1,
17050001,1,01/04/1999,,1,1,724,684,703,30,1,1,1,1,,0,684,685,688,689,691,692,694,694,694,694,697,697,697,697,697,699,700,703,708,712,713,716,716,716,718,719,721,722,723,724,,1,1,1,1,1,1,1,1,1,1,1,1,1,1,1,1,1,1,1,1,1,1,1,1,1,1,1,1,1,1,0
17050001,2,01/03/1999,,1,1,682,569,630,31,1,1,1,1,0,0,569,573,577,583,589,595,601,604,608,612,614,617,620,621,624,627,631,639,641,644,650,654,659,662,666,671,672,673,676,679,682,1,1,1,1,1,1,1,1,1,1,1,1,1,1,1,1,1,1,1,1,1,1,1,1,1,1,1,1,1,1,1
17050001,1,01/03/1999,,1,1,682,569,630,31,1,1,1,1,,0,569,573,577,583,589,595,601,604,608,612,614,617,620,621,624,627,631,639,641,644,650,654,659,662,666,671,672,673,676,679,682,1,1,1,1,1,1,1,1,1,1,1,1,1,1,1,1,1,1,1,1,1,1,1,1,1,1,1,1,1,1,1
17050001,2,01/02/1999,,1,1,557,418,486,28,1,1,1,1,0,0,418,424,428,430,437,441,449,455,458,459,462,465,470,475,481,488,495,502,512,517,524,530,535,540,545,549,553,557,,,,1,1,1,1,1,1,1,1,1,1,1,1,1,1,1,1,1,1,1,1,1,1,1,1,1,1,1,1,,,
17050001,1,01/02/1999,,1,1,557,418,486,28,1,1,1,1,,0,418,424,428,430,437,441,449,455,458,459,462,465,470,475,481,488,495,502,512,517,524,530,535,540,545,549,553,557,,,,1,1,1,1,1,1,1,1,1,1,1,1,1,1,1,1,1,1,1,1,1,1,1,1,1,1,1,1,0,0,0
17050001,2,01/01/1999,,1,1,413,252,316,31,1,1,1,1,0,0,252,254,257,260,264,267,268,265,268,266,271,271,273,283,290,302,312,321,332,339,349,355,363,369,375,381,391,393,398,404,413,1,1,1,1,1,1,1,1,1,1,1,1,1,1,1,1,1,1,1,1,1,1,1,1,1,1,1,1,1,1,1
17050001,1,01/01/1999,,1,1,413,252,316,31,1,1,1,1,,0,252,254,257,260,264,267,268,265,268,266,271,271,273,283,290,302,312,321,332,339,349,355,363,369,375,381,391,393,398,404,413,1,1,1,1,1,1,1,1,1,1,1,1,1,1,1,1,1,1,1,1,1,1,1,1,1,1,1,1,1,1,1
17050001,2,01/12/1998,,1,1,250,157,223,21,1,1,1,1,0,0,157,165,176,184,197,204,209,212,211,213,213,217,220,223,226,231,235,239,243,245,250,250,250,248,246,242,242,243,244,244,248,1,1,1,1,1,1,1,1,1,1,1,1,1,1,1,1,1,1,1,1,1,1,1,1,1,1,1,1,1,1,1
17050001,1,01/12/1998,,1,1,250,157,223,21,1,1,1,1,379,1,157,165,176,184,197,204,209,212,211,213,213,217,220,223,226,231,235,239,243,245,250,250,250,248,246,242,242,243,244,244,248,1,1,1,1,1,1,1,1,1,1,1,1,1,1,1,1,1,1,1,1,1,1,1,1,1,1,1,1,1,1,1
17050001,2,01/11/1998,,1,1,149,-17,67,30,1,1,1,1,0,0,-17,-12,-5,5,17,21,29,33,30,28,29,34,39,46,55,64,74,84,93,100,108,113,117,121,122,125,131,140,144,149,,1,1,1,1,1,1,1,1,1,1,1,1,1,1,1,1,1,1,1,1,1,1,1,1,1,1,1,1,1,1,
17050001,1,01/11/1998,,1,1,149,-17,67,30,1,1,1,1,379,1,-17,-12,-5,5,17,21,29,33,30,28,29,34,39,46,55,64,74,84,93,100,108,113,117,121,122,125,131,140,144,149,,1,1,1,1,1,1,1,1,1,1,1,1,1,1,1,1,1,1,1,1,1,1,1,1,1,1,1,1,1,1,0
17050001,2,01/10/1998,,1,1,140,-18,59,1,31,2,2,2,0,0,140,132,126,120,121,122,122,122,119,111,98,86,69,58,51,42,36,34,32,29,21,26,24,19,13,7,-2,-9,-13,-16,-18,1,1,1,1,2,1,1,1,1,1,1,1,1,1,1,1,1,1,1,1,1,1,1,1,1,1,1,1,1,1,1
17050001,1,01/10/1998,,1,1,140,-18,59,1,31,1,1,1,379,1,140,132,126,120,113,122,122,122,119,111,98,86,69,58,51,42,36,34,32,29,21,26,24,19,13,7,-2,-9,-13,-16,-18,1,1,1,1,1,1,1,1,1,1,1,1,1,1,1,1,1,1,1,1,1,1,1,1,1,1,1,1,1,1,1
17050001,2,01/09/1998,,1,1,435,151,304,1,30,1,1,1,0,0,435,428,420,416,406,398,391,386,378,371,362,352,339,326,313,300,288,274,265,254,246,239,227,217,209,197,187,173,162,151,,1,1,1,1,1,1,1,1,1,1,1,1,1,1,1,1,1,1,1,1,1,1,1,1,1,1,1,1,1,1,
17050001,1,01/09/1998,,1,1,435,151,304,1,30,1,1,1,379,1,435,428,420,416,406,398,391,386,378,371,362,352,339,326,313,300,288,274,265,254,246,239,227,217,209,197,187,173,162,151,,1,1,1,1,1,1,1,1,1,1,1,1,1,1,1,1,1,1,1,1,1,1,1,1,1,1,1,1,1,1,0
17050001,2,01/08/1998,,1,1,592,442,528,1,31,1,1,1,0,0,592,589,586,579,577,573,571,566,563,558,556,554,550,544,541,536,529,523,518,513,508,503,498,492,485,481,474,466,460,448,442,1,1,1,1,1,1,1,1,1,1,1,1,1,1,1,1,1,1,1,1,1,1,1,1,1,1,1,1,1,1,1
17050001,1,01/08/1998,,1,1,592,442,528,1,31,1,1,1,379,1,592,589,586,579,577,573,571,566,563,558,556,554,550,544,541,536,529,523,518,513,508,503,498,492,485,481,474,466,460,448,442,1,1,1,1,1,1,1,1,1,1,1,1,1,1,1,1,1,1,1,1,1,1,1,1,1,1,1,1,1,1,1
17050001,2,01/07/1998,,1,1,634,595,619,1,31,1,1,1,0,0,634,631,628,629,628,626,626,624,623,623,623,623,623,623,623,623,622,619,618,617,615,615,614,613,610,609,609,606,602,601,595,1,1,1,1,1,1,1,1,1,1,1,1,1,1,1,1,1,1,1,1,1,1,1,1,1,1,1,1,1,1,1
17050001,1,01/07/1998,,1,1,634,595,619,1,31,1,1,1,379,1,634,631,628,629,628,626,626,624,623,623,623,623,623,623,623,623,622,619,618,617,615,615,614,613,610,609,609,606,602,601,595,1,1,1,1,1,1,1,1,1,1,1,1,1,1,1,1,1,1,1,1,1,1,1,1,1,1,1,1,1,1,1
17050001,2,01/06/1998,,1,1,639,633,635,2,7,1,1,1,0,0,638,639,637,637,635,634,633,633,633,633,633,633,634,635,636,637,636,636,636,636,636,636,636,636,636,635,635,635,635,635,,1,1,1,1,1,1,1,1,1,1,1,1,1,1,1,1,1,1,1,1,1,1,1,1,1,1,1,1,1,1,
17050001,1,01/06/1998,,1,1,639,633,635,2,7,1,1,1,379,1,638,639,637,637,635,634,633,633,633,633,633,633,634,635,636,637,636,636,636,636,636,636,636,636,636,635,635,635,635,635,,1,1,1,1,1,1,1,1,1,1,1,1,1,1,1,1,1,1,1,1,1,1,1,1,1,1,1,1,1,1,0
17050001,2,01/05/1998,,1,1,637,564,605,31,1,1,1,1,0,0,564,569,573,575,578,579,580,582,585,590,590,594,598,601,605,609,610,612,617,618,619,621,623,627,629,631,634,636,636,636,637,1,1,1,1,1,1,1,1,1,1,1,1,1,1,1,1,1,1,1,1,1,1,1,1,1,1,1,1,1,1,1
17050001,1,01/05/1998,07:00,0,1,,,,,,0,0,0,,0,562,568,573,575,578,579,580,582,585,590,590,593,597,,,,,,,,,,,,,,,,,,,1,1,1,1,1,1,1,1,1,1,1,1,1,0,0,0,0,0,0,0,0,0,0,0,0,0,0,0,0,0,0
17050001,1,01/05/1998,17:00,0,1,,,,,,0,0,0,,0,566,570,574,575,578,580,581,582,586,590,591,595,,,,,,,,,,,,,,,,,,,,1,1,1,1,1,1,1,1,1,1,1,1,0,0,0,0,0,0,0,0,0,0,0,0,0,0,0,0,0,0,0
17050001,1,01/05/1998,,1,1,637,564,605,31,1,1,1,1,379,1,564,569,573,575,578,579,580,582,585,590,590,594,598,601,605,609,610,612,617,618,619,621,623,627,629,631,634,636,636,636,637,1,1,1,1,1,1,1,1,1,1,1,1,1,1,1,1,1,1,1,1,1,1,1,1,1,1,1,1,1,1,1
17050001,2,01/04/1998,,1,1,560,485,523,30,1,1,1,1,0,0,485,488,491,495,497,498,501,502,504,507,512,516,519,522,527,527,530,532,536,537,537,539,540,541,545,549,552,555,558,560,,1,1,1,1,1,1,1,1,1,1,1,1,1,1,1,1,1,1,1,1,1,1,1,1,1,1,1,1,1,1,
17050001,1,01/04/1998,07:00,0,1,560,484,524,30,1,1,1,1,,0,484,488,490,494,497,498,501,502,504,506,511,515,519,520,529,527,530,532,533,535,536,539,540,541,544,548,551,555,558,560,,1,1,1,1,1,1,1,1,1,1,1,1,1,1,1,1,1,1,1,1,1,1,1,1,1,1,1,1,1,1,0
17050001,1,01/04/1998,17:00,0,1,560,484,524,30,1,1,1,1,,0,486,489,492,496,498,499,501,503,505,508,513,517,519,524,526,528,531,533,539,539,538,539,540,542,546,550,553,556,559,560,,1,1,1,1,1,1,1,1,1,1,1,1,1,1,1,1,1,1,1,1,1,1,1,1,1,1,1,1,1,1,0
17050001,1,01/04/1998,,1,1,560,485,523,30,1,1,1,1,379,1,485,488,491,495,497,498,501,502,504,507,512,516,519,522,527,527,530,532,536,537,537,539,540,541,545,549,552,555,558,560,,1,1,1,1,1,1,1,1,1,1,1,1,1,1,1,1,1,1,1,1,1,1,1,1,1,1,1,1,1,1,0
17050001,2,01/03/1998,,1,1,481,361,425,31,1,1,1,1,0,0,361,369,374,379,382,383,387,392,401,404,408,411,415,418,420,430,437,440,442,445,446,447,451,453,457,460,464,467,473,478,481,1,1,1,1,1,1,1,1,1,1,1,1,1,1,1,1,1,1,1,1,1,1,1,1,1,1,1,1,1,1,1
17050001,1,01/03/1998,07:00,0,1,482,360,425,31,1,1,1,1,,0,360,368,373,378,382,382,386,390,400,403,408,410,414,418,418,428,436,440,442,445,446,447,450,453,456,459,464,467,472,478,480,1,1,1,1,1,1,1,1,1,1,1,1,1,1,1,1,1,1,1,1,1,1,1,1,1,1,1,1,1,1,1
17050001,1,01/03/1998,17:00,0,1,482,360,425,31,1,1,1,1,,0,363,370,375,380,382,384,388,394,402,405,408,412,416,418,423,432,438,441,443,445,446,448,452,453,458,462,465,468,475,479,482,1,1,1,1,1,1,1,1,1,1,1,1,1,1,1,1,1,1,1,1,1,1,1,1,1,1,1,1,1,1,1
17050001,1,01/03/1998,,1,1,481,361,425,31,1,1,1,1,379,1,361,369,374,379,382,383,387,392,401,404,408,411,415,418,420,430,437,440,442,445,446,447,451,453,457,460,464,467,473,478,481,1,1,1,1,1,1,1,1,1,1,1,1,1,1,1,1,1,1,1,1,1,1,1,1,1,1,1,1,1,1,1
17050001,2,01/02/1998,,1,1,354,303,322,28,1,1,1,1,0,0,303,306,307,308,308,309,310,310,310,312,313,316,318,320,323,325,326,327,326,324,328,330,331,334,339,344,349,354,,,,1,1,1,1,1,1,1,1,1,1,1,1,1,1,1,1,1,1,1,1,1,1,1,1,1,1,1,1,,,
17050001,1,01/02/1998,07:00,0,1,356,303,322,28,1,1,1,1,,0,303,306,307,309,308,308,310,310,310,312,312,316,318,320,323,325,326,328,326,325,327,330,330,334,337,343,348,352,,,,1,1,1,1,1,1,1,1,1,1,1,1,1,1,1,1,1,1,1,1,1,1,1,1,1,1,1,1,0,0,0
17050001,1,01/02/1998,17:00,0,1,356,303,322,28,1,1,1,1,,0,304,306,308,308,308,310,310,310,310,312,314,317,319,321,324,326,327,326,326,324,329,330,332,335,342,345,350,356,,,,1,1,1,1,1,1,1,1,1,1,1,1,1,1,1,1,1,1,1,1,1,1,1,1,1,1,1,1,0,0,0
17050001,1,01/02/1998,,1,1,354,303,322,28,1,1,1,1,379,1,303,306,307,308,308,309,310,310,310,312,313,316,318,320,323,325,326,327,326,324,328,330,331,334,339,344,349,354,,,,1,1,1,1,1,1,1,1,1,1,1,1,1,1,1,1,1,1,1,1,1,1,1,1,1,1,1,1,0,0,0
17050001,2,01/01/1998,,1,1,300,184,238,31,1,1,1,1,0,0,184,192,200,199,202,202,203,206,211,213,217,221,226,231,238,242,242,246,247,251,253,257,260,264,269,273,278,283,289,293,300,1,1,1,1,1,1,1,1,1,1,1,1,1,1,1,1,1,1,1,1,1,1,1,1,1,1,1,1,1,1,1
17050001,1,01/01/1998,07:00,0,1,300,183,239,31,1,1,1,1,,0,183,190,200,202,202,202,203,205,211,212,216,220,224,230,236,242,244,246,248,252,252,256,260,263,268,272,277,282,288,292,300,1,1,1,1,1,1,1,1,1,1,1,1,1,1,1,1,1,1,1,1,1,1,1,1,1,1,1,1,1,1,1
17050001,1,01/01/1998,17:00,0,1,300,183,239,31,1,1,1,1,,0,185,195,200,196,202,202,204,208,211,214,218,222,228,233,241,243,240,246,246,251,254,258,261,265,270,274,280,285,290,295,300,1,1,1,1,1,1,1,1,1,1,1,1,1,1,1,1,1,1,1,1,1,1,1,1,1,1,1,1,1,1,1
17050001,1,01/01/1998,,1,1,300,184,238,31,1,1,1,1,379,1,184,192,200,199,202,202,203,206,211,213,217,221,226,231,238,242,242,246,247,251,253,257,260,264,269,273,278,283,289,293,300,1,1,1,1,1,1,1,1,1,1,1,1,1,1,1,1,1,1,1,1,1,1,1,1,1,1,1,1,1,1,1
17050001,2,01/12/1997,,1,1,178,55,107,31,1,1,1,1,0,0,55,62,67,70,72,72,70,73,74,75,77,88,95,104,108,115,117,125,123,126,122,122,124,127,129,129,143,153,160,170,178,1,1,1,1,1,1,1,1,1,1,1,1,1,1,1,1,1,1,1,1,1,1,1,1,1,1,1,1,1,1,1
17050001,1,01/12/1997,07:00,0,1,181,52,107,31,1,1,1,1,,0,52,58,67,70,72,74,70,73,74,74,76,84,92,102,104,114,120,125,126,131,122,123,125,128,128,124,142,152,158,166,176,1,1,1,1,1,1,1,1,1,1,1,1,1,1,1,1,1,1,1,1,1,1,1,1,1,1,1,1,1,1,1
17050001,1,01/12/1997,17:00,0,1,181,52,107,31,1,1,1,1,,0,59,66,68,70,73,70,70,73,74,76,79,92,98,106,112,116,115,125,120,122,123,122,124,126,130,134,145,155,162,174,181,1,1,1,1,1,1,1,1,1,1,1,1,1,1,1,1,1,1,1,1,1,1,1,1,1,1,1,1,1,1,1
17050001,1,01/12/1997,,1,1,178,55,107,31,1,1,1,1,438,1,55,62,67,70,72,72,70,73,74,75,77,88,95,104,108,115,117,125,123,126,122,122,124,127,129,129,143,153,160,170,178,1,1,1,1,1,1,1,1,1,1,1,1,1,1,1,1,1,1,1,1,1,1,1,1,1,1,1,1,1,1,1
17050001,2,01/11/1997,,1,1,55,-44,-9,30,9,1,1,1,0,0,-27,-21,-22,-28,-30,-25,-36,-40,-44,-42,-42,-36,-30,-19,-10,-1,-6,5,3,-6,0,-2,0,6,10,16,21,32,39,55,,1,1,1,1,1,1,1,1,1,1,1,1,1,1,1,1,1,1,1,1,1,1,1,1,1,1,1,1,1,1,
17050001,1,01/11/1997,07:00,0,1,56,-46,-9,30,9,1,1,1,,0,-30,-20,-21,-24,-22,-24,-32,-38,-46,-44,-44,-40,-34,-28,-16,-2,-6,2,6,-6,0,0,0,4,7,12,18,27,36,56,,1,1,1,1,1,1,1,1,1,1,1,1,1,1,1,1,1,1,1,1,1,1,1,1,1,1,1,1,1,1,0
17050001,1,01/11/1997,17:00,0,1,56,-46,-9,30,9,1,1,1,,0,-24,-23,-24,-32,-38,-26,-40,-43,-42,-40,-40,-32,-26,-11,-4,0,-6,8,0,-6,0,-4,0,8,14,20,24,38,42,54,,1,1,1,1,1,1,1,1,1,1,1,1,1,1,1,1,1,1,1,1,1,1,1,1,1,1,1,1,1,1,0
17050001,1,01/11/1997,,1,1,55,-44,-9,30,9,1,1,1,438,1,-27,-21,-22,-28,-30,-25,-36,-40,-44,-42,-42,-36,-30,-19,-10,-1,-6,5,3,-6,0,-2,0,6,10,16,21,32,39,55,,1,1,1,1,1,1,1,1,1,1,1,1,1,1,1,1,1,1,1,1,1,1,1,1,1,1,1,1,1,1,0
17050001,2,01/10/1997,,1,1,96,-32,20,1,29,1,1,1,0,0,96,88,81,72,66,56,40,35,29,17,12,10,10,9,12,20,29,28,29,29,27,11,2,-8,-15,-23,-21,-26,-32,-28,-26,1,1,1,1,1,1,1,1,1,1,1,1,1,1,1,1,1,1,1,1,1,1,1,1,1,1,1,1,1,1,1
17050001,1,01/10/1997,07:00,0,1,,,,,,0,0,0,,0,98,90,81,75,68,60,44,40,30,18,12,10,9,10,10,15,26,24,28,28,28,14,4,-6,-13,-24,-22,-29,-32,-34,,1,1,1,1,1,1,1,1,1,1,1,1,1,1,1,1,1,1,1,1,1,1,1,1,1,1,1,1,1,1,0
17050001,1,01/10/1997,17:00,0,1,,,,,,0,0,0,,0,94,86,81,70,64,52,36,30,28,16,12,10,12,9,14,26,32,32,30,30,26,8,0,-10,-18,-22,-21,-24,-32,,,1,1,1,1,1,1,1,1,1,1,1,1,1,1,1,1,1,1,1,1,1,1,1,1,1,1,1,1,1,0,0
17050001,1,01/10/1997,,1,1,96,-32,20,1,29,1,1,1,438,1,96,88,81,72,66,56,40,35,29,17,12,10,10,9,12,20,29,28,29,29,27,11,2,-8,-15,-23,-21,-26,-32,-28,-26,1,1,1,1,1,1,1,1,1,1,1,1,1,1,1,1,1,1,1,1,1,1,1,1,1,1,1,1,1,1,1
17050001,2,01/09/1997,,1,1,436,109,285,1,30,1,1,1,0,0,436,429,419,411,402,391,381,372,361,348,335,322,310,301,294,284,275,266,260,249,236,221,207,191,173,160,146,131,119,109,,1,1,1,1,1,1,1,1,1,1,1,1,1,1,1,1,1,1,1,1,1,1,1,1,1,1,1,1,1,1,
17050001,1,01/09/1997,07:00,0,1,438,106,285,1,30,1,1,1,,0,438,430,420,412,404,395,384,375,363,351,338,326,313,303,298,285,276,267,262,252,242,227,211,196,179,165,149,133,121,112,,1,1,1,1,1,1,1,1,1,1,1,1,1,1,1,1,1,1,1,1,1,1,1,1,1,1,1,1,1,1,0
17050001,1,01/09/1997,17:00,0,1,438,106,285,1,30,1,1,1,,0,435,428,418,410,400,388,378,370,359,345,332,318,308,300,290,283,274,266,258,246,230,216,204,186,168,156,144,129,118,106,,1,1,1,1,1,1,1,1,1,1,1,1,1,1,1,1,1,1,1,1,1,1,1,1,1,1,1,1,1,1,0
17050001,1,01/09/1997,,1,1,436,109,285,1,30,1,1,1,438,1,436,429,419,411,402,391,381,372,361,348,335,322,310,301,294,284,275,266,260,249,236,221,207,191,173,160,146,131,119,109,,1,1,1,1,1,1,1,1,1,1,1,1,1,1,1,1,1,1,1,1,1,1,1,1,1,1,1,1,1,1,0
17050001,2,01/08/1997,,1,1,619,442,545,1,31,1,1,1,0,0,619,615,609,604,602,600,595,589,584,580,576,572,566,561,555,550,546,540,535,530,526,520,515,507,498,490,483,473,462,450,442,1,1,1,1,1,1,1,1,1,1,1,1,1,1,1,1,1,1,1,1,1,1,1,1,1,1,1,1,1,1,1
17050001,1,01/08/1997,07:00,0,1,620,441,545,1,31,1,1,1,,0,620,616,610,605,602,602,596,590,586,581,576,574,568,562,557,551,547,541,537,531,528,522,517,509,501,492,488,472,466,454,444,1,1,1,1,1,1,1,1,1,1,1,1,1,1,1,1,1,1,1,1,1,1,1,1,1,1,1,1,1,1,1
17050001,1,01/08/1997,17:00,0,1,620,441,545,1,31,1,1,1,,0,618,614,608,603,602,599,594,588,583,580,576,571,565,560,554,549,545,539,534,530,525,519,514,505,496,488,478,475,458,447,441,1,1,1,1,1,1,1,1,1,1,1,1,1,1,1,1,1,1,1,1,1,1,1,1,1,1,1,1,1,1,1
17050001,1,01/08/1997,,1,1,619,442,545,1,31,1,1,1,438,1,619,615,609,604,602,600,595,589,584,580,576,572,566,561,555,550,546,540,535,530,526,520,515,507,498,490,483,473,462,450,442,1,1,1,1,1,1,1,1,1,1,1,1,1,1,1,1,1,1,1,1,1,1,1,1,1,1,1,1,1,1,1
17050001,2,01/07/1997,,1,1,721,623,676,1,31,1,1,1,0,0,721,720,715,714,713,709,707,703,701,695,695,691,687,688,678,676,675,670,666,665,656,655,654,652,649,644,639,635,631,627,623,1,1,1,1,1,1,1,1,1,1,1,1,1,1,1,1,1,1,1,1,1,1,1,1,1,1,1,1,1,1,1
17050001,1,01/07/1997,17:00,0,1,722,622,676,1,31,1,1,1,,0,721,720,716,715,712,709,706,703,701,690,695,690,686,687,678,675,672,669,666,662,656,655,654,651,649,643,638,634,630,626,622,1,1,1,1,1,1,1,1,1,1,1,1,1,1,1,1,1,1,1,1,1,1,1,1,1,1,1,1,1,1,1
17050001,1,01/07/1997,07:00,0,1,722,622,676,1,31,1,1,1,,0,722,720,715,714,714,710,708,704,702,700,696,693,689,689,678,677,679,671,667,669,657,655,654,654,649,646,640,636,632,628,624,1,1,1,1,1,1,1,1,1,1,1,1,1,1,1,1,1,1,1,1,1,1,1,1,1,1,1,1,1,1,1
17050001,1,01/07/1997,,1,1,721,623,676,1,31,1,1,1,438,1,721,720,715,714,713,709,707,703,701,695,695,691,687,688,678,676,675,670,666,665,656,655,654,652,649,644,639,635,631,627,623,1,1,1,1,1,1,1,1,1,1,1,1,1,1,1,1,1,1,1,1,1,1,1,1,1,1,1,1,1,1,1
17050001,2,01/06/1997,,1,1,771,726,750,1,30,1,1,1,0,0,771,768,768,766,766,765,766,765,765,764,761,758,755,753,752,747,746,744,743,740,739,739,738,735,736,735,731,728,727,726,,1,1,1,1,1,1,1,1,1,1,1,1,1,1,1,1,1,1,1,1,1,1,1,1,1,1,1,1,1,1,
17050001,1,01/06/1997,07:00,0,1,771,725,750,1,30,1,1,1,,0,771,768,769,766,766,765,766,766,765,765,762,758,756,754,752,748,746,744,744,740,739,739,738,735,737,735,732,728,728,727,,1,1,1,1,1,1,1,1,1,1,1,1,1,1,1,1,1,1,1,1,1,1,1,1,1,1,1,1,1,1,0
17050001,1,01/06/1997,17:00,0,1,771,725,750,1,30,1,1,1,,0,771,768,768,766,767,765,766,765,765,764,761,758,755,753,752,747,746,744,742,740,739,739,738,736,736,735,730,728,727,725,,1,1,1,1,1,1,1,1,1,1,1,1,1,1,1,1,1,1,1,1,1,1,1,1,1,1,1,1,1,1,0
17050001,1,01/06/1997,,1,1,771,726,750,1,30,1,1,1,438,1,771,768,768,766,766,765,766,765,765,764,761,758,755,753,752,747,746,744,743,740,739,739,738,735,736,735,731,728,727,726,,1,1,1,1,1,1,1,1,1,1,1,1,1,1,1,1,1,1,1,1,1,1,1,1,1,1,1,1,1,1,0
17050001,2,01/05/1997,,1,1,779,752,771,13,1,1,1,1,0,0,752,752,752,754,756,759,763,766,770,773,776,778,779,779,779,779,778,778,778,777,776,776,776,775,775,775,774,774,773,771,771,1,1,1,1,1,1,1,1,1,1,1,1,1,1,1,1,1,1,1,1,1,1,1,1,1,1,1,1,1,1,1
17050001,1,01/05/1997,07:00,0,1,779,752,771,12,1,1,1,1,,0,752,752,752,754,756,758,762,766,770,773,776,778,779,779,779,779,779,779,778,777,777,776,776,775,775,775,774,774,774,771,771,1,1,1,1,1,1,1,1,1,1,1,1,1,1,1,1,1,1,1,1,1,1,1,1,1,1,1,1,1,1,1
17050001,1,01/05/1997,17:00,0,1,779,752,771,12,1,1,1,1,,0,753,752,752,754,757,760,764,766,771,774,777,779,779,779,779,779,778,778,778,777,776,776,776,775,775,775,774,774,772,771,771,1,1,1,1,1,1,1,1,1,1,1,1,1,1,1,1,1,1,1,1,1,1,1,1,1,1,1,1,1,1,1
17050001,1,01/05/1997,,1,1,779,752,771,13,1,1,1,1,438,1,752,752,752,754,756,759,763,766,770,773,776,778,779,779,779,779,778,778,778,777,776,776,776,775,775,775,774,774,773,771,771,1,1,1,1,1,1,1,1,1,1,1,1,1,1,1,1,1,1,1,1,1,1,1,1,1,1,1,1,1,1,1
17050001,2,01/04/1997,,1,1,750,665,713,30,1,1,1,1,0,0,665,667,672,674,677,681,686,693,698,701,704,709,715,718,719,724,725,727,726,727,729,730,732,737,738,739,743,746,748,750,,1,1,1,1,1,1,1,1,1,1,1,1,1,1,1,1,1,1,1,1,1,1,1,1,1,1,1,1,1,1,
17050001,1,01/04/1997,07:00,0,1,751,664,714,30,1,1,1,1,,0,666,665,672,674,676,681,685,692,696,700,704,708,715,718,718,724,725,727,726,728,728,730,731,737,738,738,743,746,748,750,,1,1,1,1,1,1,1,1,1,1,1,1,1,1,1,1,1,1,1,1,1,1,1,1,1,1,1,1,1,1,0
17050001,1,01/04/1997,17:00,0,1,751,664,714,30,1,1,1,1,,0,664,670,672,675,678,682,688,694,700,702,704,710,716,718,721,725,725,727,726,727,730,730,734,737,738,740,744,747,749,751,,1,1,1,1,1,1,1,1,1,1,1,1,1,1,1,1,1,1,1,1,1,1,1,1,1,1,1,1,1,1,0
17050001,1,01/04/1997,,1,1,750,665,713,30,1,1,1,1,438,1,665,667,672,674,677,681,686,693,698,701,704,709,715,718,719,724,725,727,726,727,729,730,732,737,738,739,743,746,748,750,,1,1,1,1,1,1,1,1,1,1,1,1,1,1,1,1,1,1,1,1,1,1,1,1,1,1,1,1,1,1,0
17050001,2,01/03/1997,,1,1,664,508,581,31,1,2,2,2,0,0,508,509,510,511,512,513,518,523,531,536,550,558,561,568,578,584,593,598,603,608,614,618,624,628,634,638,647,650,654,660,664,2,2,2,2,2,1,1,1,1,1,1,1,1,1,1,1,1,1,1,1,1,1,1,1,1,1,1,1,1,1,1
17050001,1,01/03/1997,07:00,0,1,664,497,579,31,1,1,1,1,,0,497,498,498,502,506,513,518,523,531,536,550,558,561,568,578,584,593,598,603,608,613,618,624,628,633,638,646,650,654,660,664,1,1,1,1,1,1,1,1,1,1,1,1,1,1,1,1,1,1,1,1,1,1,1,1,1,1,1,1,1,1,1
17050001,1,01/03/1997,17:00,0,1,664,497,579,31,1,1,1,1,,0,497,498,498,502,506,513,518,523,531,536,550,558,561,568,578,584,593,598,603,608,616,618,624,629,636,639,648,651,655,660,664,1,1,1,1,1,1,1,1,1,1,1,1,1,1,1,1,1,1,1,1,1,1,1,1,1,1,1,1,1,1,1
17050001,1,01/03/1997,,1,1,664,497,579,31,1,1,1,1,438,1,497,498,498,502,506,513,518,523,531,536,550,558,561,568,578,584,593,598,603,608,614,618,624,628,634,638,647,650,654,660,664,1,1,1,1,1,1,1,1,1,1,1,1,1,1,1,1,1,1,1,1,1,1,1,1,1,1,1,1,1,1,1
17050001,2,01/02/1997,,1,1,507,427,466,28,1,1,1,1,0,0,427,428,428,430,433,436,439,445,449,454,457,463,467,471,474,474,474,474,476,477,484,483,488,496,498,501,504,507,,,,1,1,1,1,1,1,1,1,1,1,1,1,1,1,1,1,1,1,1,1,1,1,1,1,1,1,1,1,,,
17050001,1,01/02/1997,07:00,0,1,508,426,466,28,1,1,1,1,,0,428,428,428,430,432,436,438,444,448,454,456,462,466,470,474,474,474,474,476,476,484,482,486,496,497,501,504,507,,,,1,1,1,1,1,1,1,1,1,1,1,1,1,1,1,1,1,1,1,1,1,1,1,1,1,1,1,1,0,0,0
17050001,1,01/02/1997,17:00,0,1,508,426,466,28,1,1,1,1,,0,426,428,429,430,434,437,440,446,450,455,459,464,468,472,474,474,474,475,476,478,484,484,490,496,499,502,505,508,,,,1,1,1,1,1,1,1,1,1,1,1,1,1,1,1,1,1,1,1,1,1,1,1,1,1,1,1,1,0,0,0
17050001,1,01/02/1997,,1,1,507,427,466,28,1,1,1,1,438,1,427,428,428,430,433,436,439,445,449,454,457,463,467,471,474,474,474,474,476,477,484,483,488,496,498,501,504,507,,,,1,1,1,1,1,1,1,1,1,1,1,1,1,1,1,1,1,1,1,1,1,1,1,1,1,1,1,1,0,0,0
17050001,2,01/01/1997,,1,1,428,289,358,31,2,1,1,1,0,0,292,289,290,292,297,300,304,311,321,324,331,340,350,356,361,362,371,375,377,380,386,390,395,398,401,408,411,414,424,423,428,1,1,1,1,1,1,1,1,1,1,1,1,1,1,1,1,1,1,1,1,1,1,1,1,1,1,1,1,1,1,1
17050001,1,01/01/1997,07:00,0,1,428,289,358,31,2,1,1,1,,0,293,290,290,292,294,300,302,310,320,324,330,340,350,355,362,360,371,374,376,380,386,389,394,396,400,408,410,414,424,424,428,1,1,1,1,1,1,1,1,1,1,1,1,1,1,1,1,1,1,1,1,1,1,1,1,1,1,1,1,1,1,1
17050001,1,01/01/1997,17:00,0,1,428,289,358,31,2,1,1,1,,0,291,289,290,293,300,300,306,313,322,325,332,340,350,358,360,365,372,377,378,380,387,392,396,400,402,409,412,415,424,422,428,1,1,1,1,1,1,1,1,1,1,1,1,1,1,1,1,1,1,1,1,1,1,1,1,1,1,1,1,1,1,1
17050001,1,01/01/1997,,1,1,428,289,358,31,2,1,1,1,438,1,292,289,290,292,297,300,304,311,321,324,331,340,350,356,361,362,371,375,377,380,386,390,395,398,401,408,411,414,424,423,428,1,1,1,1,1,1,1,1,1,1,1,1,1,1,1,1,1,1,1,1,1,1,1,1,1,1,1,1,1,1,1
17050001,2,01/12/1996,,1,1,291,246,272,30,1,1,1,1,0,0,246,247,249,250,253,256,259,263,265,268,271,275,278,280,280,279,278,276,274,274,274,274,275,277,280,282,286,288,289,291,291,1,1,1,1,1,1,1,1,1,1,1,1,1,1,1,1,1,1,1,1,1,1,1,1,1,1,1,1,1,1,1
17050001,1,01/12/1996,,1,1,291,246,272,30,1,1,1,1,499,1,246,247,249,250,253,256,259,263,265,268,271,275,278,280,280,279,278,276,274,274,274,274,275,277,280,282,286,288,289,291,291,1,1,1,1,1,1,1,1,1,1,1,1,1,1,1,1,1,1,1,1,1,1,1,1,1,1,1,1,1,1,1
17050001,2,01/11/1996,,1,1,248,173,201,30,5,1,1,1,0,0,187,187,179,175,173,175,174,174,177,179,186,191,194,200,201,201,205,200,200,202,207,212,215,219,223,228,235,239,243,248,,1,1,1,1,1,1,1,1,1,1,1,1,1,1,1,1,1,1,1,1,1,1,1,1,1,1,1,1,1,1,
17050001,1,01/11/1996,,1,1,248,173,201,30,5,1,1,1,499,1,187,187,179,175,173,175,174,174,177,179,186,191,194,200,201,201,205,200,200,202,207,212,215,219,223,228,235,239,243,248,,1,1,1,1,1,1,1,1,1,1,1,1,1,1,1,1,1,1,1,1,1,1,1,1,1,1,1,1,1,1,0
17050001,2,01/10/1996,,1,1,305,180,214,1,23,1,1,1,0,0,305,300,285,271,257,248,237,228,219,210,212,212,209,208,207,203,200,197,191,185,181,181,180,182,184,185,188,191,190,190,189,1,1,1,1,1,1,1,1,1,1,1,1,1,1,1,1,1,1,1,1,1,1,1,1,1,1,1,1,1,1,1
17050001,1,01/10/1996,,1,1,305,180,214,1,23,1,1,1,499,1,305,300,285,271,257,248,237,228,219,210,212,212,209,208,207,203,200,197,191,185,181,181,180,182,184,185,188,191,190,190,189,1,1,1,1,1,1,1,1,1,1,1,1,1,1,1,1,1,1,1,1,1,1,1,1,1,1,1,1,1,1,1
17050001,2,01/09/1996,,1,1,531,313,428,1,30,2,2,2,0,0,531,526,521,516,506,499,491,482,475,469,462,455,448,443,434,426,424,416,408,398,392,379,369,361,350,344,337,329,323,313,,1,1,1,1,1,1,1,1,1,1,1,1,1,1,2,1,1,1,1,1,2,1,1,1,1,1,1,1,1,1,
17050001,1,01/09/1996,,1,1,531,313,426,1,30,1,1,1,499,1,531,526,521,516,506,499,491,482,475,469,462,455,448,443,425,426,424,416,408,398,364,379,369,361,350,344,337,329,323,313,,1,1,1,1,1,1,1,1,1,1,1,1,1,1,1,1,1,1,1,1,1,1,1,1,1,1,1,1,1,1,0
17050001,2,01/08/1996,,1,1,655,531,597,1,31,1,1,1,0,0,655,653,652,649,647,643,640,635,630,624,619,614,610,607,602,599,595,592,584,580,577,570,565,559,553,550,545,541,537,535,531,1,1,1,1,1,1,1,1,1,1,1,1,1,1,1,1,1,1,1,1,1,1,1,1,1,1,1,1,1,1,1
17050001,1,01/08/1996,,1,1,655,531,597,1,31,1,1,1,499,1,655,653,652,649,647,643,640,635,630,624,619,614,610,607,602,599,595,592,584,580,577,570,565,559,553,550,545,541,537,535,531,1,1,1,1,1,1,1,1,1,1,1,1,1,1,1,1,1,1,1,1,1,1,1,1,1,1,1,1,1,1,1
17050001,2,01/07/1996,,1,1,714,656,688,1,31,1,1,1,0,0,714,714,713,712,712,710,710,709,705,700,699,696,695,693,690,688,687,685,684,682,679,677,674,673,671,667,663,660,658,657,656,1,1,1,1,1,1,1,1,1,1,1,1,1,1,1,1,1,1,1,1,1,1,1,1,1,1,1,1,1,1,1
17050001,1,01/07/1996,,1,1,714,656,688,1,31,1,1,1,499,1,714,714,713,712,712,710,710,709,705,700,699,696,695,693,690,688,687,685,684,682,679,677,674,673,671,667,663,660,658,657,656,1,1,1,1,1,1,1,1,1,1,1,1,1,1,1,1,1,1,1,1,1,1,1,1,1,1,1,1,1,1,1
17050001,2,01/06/1996,,1,1,742,716,733,5,30,1,1,1,0,0,732,734,734,738,742,741,739,741,741,740,741,740,739,738,737,733,735,734,734,733,733,731,728,728,724,722,721,719,717,716,,1,1,1,1,1,1,1,1,1,1,1,1,1,1,1,1,1,1,1,1,1,1,1,1,1,1,1,1,1,1,
17050001,1,01/06/1996,,1,1,742,716,733,5,30,1,1,1,499,1,732,734,734,738,742,741,739,741,741,740,741,740,739,738,737,733,735,734,734,733,733,731,728,728,724,722,721,719,717,716,,1,1,1,1,1,1,1,1,1,1,1,1,1,1,1,1,1,1,1,1,1,1,1,1,1,1,1,1,1,1,0
17050001,2,01/05/1996,,1,1,744,721,735,14,1,1,1,1,0,0,721,722,722,723,724,726,729,731,733,735,737,738,740,744,744,743,743,743,743,743,742,740,738,736,736,735,734,733,732,732,732,1,1,1,1,1,1,1,1,1,1,1,1,1,1,1,1,1,1,1,1,1,1,1,1,1,1,1,1,1,1,1
17050001,1,01/05/1996,,1,1,744,721,735,14,1,1,1,1,499,1,721,722,722,723,724,726,729,731,733,735,737,738,740,744,744,743,743,743,743,743,742,740,738,736,736,735,734,733,732,732,732,1,1,1,1,1,1,1,1,1,1,1,1,1,1,1,1,1,1,1,1,1,1,1,1,1,1,1,1,1,1,1
17050001,2,01/04/1996,,1,1,722,664,696,28,2,2,2,2,0,0,665,664,668,670,670,675,677,678,681,682,686,688,689,691,691,694,697,701,706,707,716,713,717,719,719,719,721,722,720,720,,1,1,1,1,1,1,1,2,1,1,1,1,1,1,1,1,1,1,1,1,1,1,1,1,1,1,1,1,1,1,
17050001,1,01/04/1996,,1,1,722,664,695,28,2,1,1,1,499,1,665,664,668,670,670,675,677,669,681,682,686,688,689,691,691,694,697,701,706,707,716,713,717,719,719,719,721,722,720,720,,1,1,1,1,1,1,1,1,1,1,1,1,1,1,1,1,1,1,1,1,1,1,1,1,1,1,1,1,1,1,0
17050001,2,01/03/1996,,1,1,664,531,603,31,1,1,1,1,0,0,531,534,539,547,553,560,564,569,571,576,581,586,589,594,596,606,611,616,620,625,630,637,640,642,647,651,654,655,657,658,664,1,1,1,1,1,1,1,1,1,1,1,1,1,1,1,1,1,1,1,1,1,1,1,1,1,1,1,1,1,1,1
17050001,1,01/03/1996,,1,1,664,531,603,31,1,1,1,1,499,1,531,534,539,547,553,560,564,569,571,576,581,586,589,594,596,606,611,616,620,625,630,637,640,642,647,651,654,655,657,658,664,1,1,1,1,1,1,1,1,1,1,1,1,1,1,1,1,1,1,1,1,1,1,1,1,1,1,1,1,1,1,1
17050001,2,01/02/1996,,1,1,529,419,477,29,1,1,1,1,0,0,419,422,426,432,438,445,448,451,455,458,461,461,461,465,471,475,481,488,494,500,506,508,512,517,522,523,525,527,529,,,1,1,1,1,1,1,1,1,1,1,1,1,1,1,1,1,1,1,1,1,1,1,1,1,1,1,1,1,1,,
17050001,1,01/02/1996,,1,1,529,419,477,29,1,1,1,1,499,1,419,422,426,432,438,445,448,451,455,458,461,461,461,465,471,475,481,488,494,500,506,508,512,517,522,523,525,527,529,,,1,1,1,1,1,1,1,1,1,1,1,1,1,1,1,1,1,1,1,1,1,1,1,1,1,1,1,1,1,0,0
17050001,2,01/01/1996,,1,1,417,283,351,31,1,1,1,1,0,0,283,285,284,289,295,301,307,316,317,321,326,328,331,335,344,348,353,356,365,374,382,387,395,401,405,406,408,410,412,414,417,1,1,1,1,1,1,1,1,1,1,1,1,1,1,1,1,1,1,1,1,1,1,1,1,1,1,1,1,1,1,1
17050001,1,01/01/1996,,1,1,417,283,351,31,1,1,1,1,499,1,283,285,284,289,295,301,307,316,317,321,326,328,331,335,344,348,353,356,365,374,382,387,395,401,405,406,408,410,412,414,417,1,1,1,1,1,1,1,1,1,1,1,1,1,1,1,1,1,1,1,1,1,1,1,1,1,1,1,1,1,1,1
17050001,2,01/12/1995,,1,1,283,113,213,31,1,1,1,1,0,0,113,118,128,135,145,153,161,171,180,188,193,198,201,207,211,215,219,225,231,238,245,252,260,268,275,279,279,280,281,281,283,1,1,1,1,1,1,1,1,1,1,1,1,1,1,1,1,1,1,1,1,1,1,1,1,1,1,1,1,1,1,1
17050001,1,01/12/1995,,1,1,283,113,213,31,1,1,1,1,398,1,113,118,128,135,145,153,161,171,180,188,193,198,201,207,211,215,219,225,231,238,245,252,260,268,275,279,279,280,281,281,283,1,1,1,1,1,1,1,1,1,1,1,1,1,1,1,1,1,1,1,1,1,1,1,1,1,1,1,1,1,1,1
17050001,2,01/11/1995,,1,1,114,-19,38,29,2,1,1,1,0,0,-14,-19,-15,-12,-9,-4,5,12,16,21,24,23,20,20,18,17,22,25,33,42,50,63,77,87,97,106,106,111,114,111,,1,1,1,1,1,1,1,1,1,1,1,1,1,1,1,1,1,1,1,1,1,1,1,1,1,1,1,1,1,1,
17050001,1,01/11/1995,,1,1,114,-19,38,29,2,1,1,1,398,1,-14,-19,-15,-12,-9,-4,5,12,16,21,24,23,20,20,18,17,22,25,33,42,50,63,77,87,97,106,106,111,114,111,,1,1,1,1,1,1,1,1,1,1,1,1,1,1,1,1,1,1,1,1,1,1,1,1,1,1,1,1,1,1,0
17050001,2,01/10/1995,,1,1,70,-22,17,1,28,1,1,1,0,0,70,59,51,45,39,36,36,42,43,43,46,43,42,40,29,6,-2,-6,-10,-12,-13,-12,-3,-4,-8,-15,-20,-22,-16,-2,-8,1,1,1,1,1,1,1,1,1,1,1,1,1,1,1,1,1,1,1,1,1,1,1,1,1,1,1,1,1,1,1
17050001,1,01/10/1995,,1,1,70,-22,17,1,28,1,1,1,398,1,70,59,51,45,39,36,36,42,43,43,46,43,42,40,29,6,-2,-6,-10,-12,-13,-12,-3,-4,-8,-15,-20,-22,-16,-2,-8,1,1,1,1,1,1,1,1,1,1,1,1,1,1,1,1,1,1,1,1,1,1,1,1,1,1,1,1,1,1,1
17050001,2,01/09/1995,,1,1,387,79,212,1,30,1,1,1,0,0,387,378,362,348,334,322,310,298,288,277,268,257,243,230,213,200,192,163,151,137,124,116,109,106,103,100,95,93,87,79,,1,1,1,1,1,1,1,1,1,1,1,1,1,1,1,1,1,1,1,1,1,1,1,1,1,1,1,1,1,1,
17050001,1,01/09/1995,,1,1,387,79,212,1,30,1,1,1,398,1,387,378,362,348,334,322,310,298,288,277,268,257,243,230,213,200,192,163,151,137,124,116,109,106,103,100,95,93,87,79,,1,1,1,1,1,1,1,1,1,1,1,1,1,1,1,1,1,1,1,1,1,1,1,1,1,1,1,1,1,1,0
17050001,2,01/08/1995,,1,1,576,401,506,1,31,1,1,1,0,0,576,573,569,565,563,556,554,551,547,543,539,535,532,529,526,521,514,508,500,494,489,477,468,462,453,445,443,432,421,411,401,1,1,1,1,1,1,1,1,1,1,1,1,1,1,1,1,1,1,1,1,1,1,1,1,1,1,1,1,1,1,1
17050001,1,01/08/1995,,1,1,576,401,506,1,31,1,1,1,398,1,576,573,569,565,563,556,554,551,547,543,539,535,532,529,526,521,514,508,500,494,489,477,468,462,453,445,443,432,421,411,401,1,1,1,1,1,1,1,1,1,1,1,1,1,1,1,1,1,1,1,1,1,1,1,1,1,1,1,1,1,1,1
17050001,2,01/07/1995,,1,1,656,579,624,1,31,1,1,1,0,0,656,655,656,654,652,650,647,644,641,640,639,638,637,635,633,630,629,626,621,617,613,610,606,601,599,596,594,589,587,584,579,1,1,1,1,1,1,1,1,1,1,1,1,1,1,1,1,1,1,1,1,1,1,1,1,1,1,1,1,1,1,1
17050001,1,01/07/1995,,1,1,656,579,624,1,31,1,1,1,398,1,656,655,656,654,652,650,647,644,641,640,639,638,637,635,633,630,629,626,621,617,613,610,606,601,599,596,594,589,587,584,579,1,1,1,1,1,1,1,1,1,1,1,1,1,1,1,1,1,1,1,1,1,1,1,1,1,1,1,1,1,1,1
17050001,2,01/06/1995,,1,1,680,657,672,2,30,1,1,1,0,0,678,680,680,680,678,680,680,680,678,677,675,674,673,674,674,674,675,675,674,672,671,666,664,665,663,661,660,659,658,657,,1,1,1,1,1,1,1,1,1,1,1,1,1,1,1,1,1,1,1,1,1,1,1,1,1,1,1,1,1,1,
17050001,1,01/06/1995,,1,1,680,657,672,2,30,1,1,1,398,1,678,680,680,680,678,680,680,680,678,677,675,674,673,674,674,674,675,675,674,672,671,666,664,665,663,661,660,659,658,657,,1,1,1,1,1,1,1,1,1,1,1,1,1,1,1,1,1,1,1,1,1,1,1,1,1,1,1,1,1,1,0
17050001,2,01/05/1995,,1,1,680,628,655,30,1,1,1,1,0,0,628,628,631,635,636,638,640,640,645,647,647,647,648,648,649,651,655,656,661,666,668,668,670,671,670,670,673,674,675,680,677,1,1,1,1,1,1,1,1,1,1,1,1,1,1,1,1,1,1,1,1,1,1,1,1,1,1,1,1,1,1,1
17050001,1,01/05/1995,,1,1,680,628,655,30,1,1,1,1,398,1,628,628,631,635,636,638,640,640,645,647,647,647,648,648,649,651,655,656,661,666,668,668,670,671,670,670,673,674,675,680,677,1,1,1,1,1,1,1,1,1,1,1,1,1,1,1,1,1,1,1,1,1,1,1,1,1,1,1,1,1,1,1
17050001,2,01/04/1995,,1,1,625,512,566,30,1,1,1,1,0,0,512,517,525,529,528,529,530,534,538,543,545,546,551,559,562,565,569,575,579,584,588,593,598,603,608,609,611,616,621,625,,1,1,1,1,1,1,1,1,1,1,1,1,1,1,1,1,1,1,1,1,1,1,1,1,1,1,1,1,1,1,
17050001,1,01/04/1995,,1,1,625,512,566,30,1,1,1,1,398,1,512,517,525,529,528,529,530,534,538,543,545,546,551,559,562,565,569,575,579,584,588,593,598,603,608,609,611,616,621,625,,1,1,1,1,1,1,1,1,1,1,1,1,1,1,1,1,1,1,1,1,1,1,1,1,1,1,1,1,1,1,0
17050001,2,01/03/1995,,1,1,508,453,477,31,1,1,1,1,0,0,453,455,458,460,462,462,462,464,466,466,466,465,462,464,468,470,474,481,482,485,488,492,494,494,494,494,496,500,503,506,508,1,1,1,1,1,1,1,1,1,1,1,1,1,1,1,1,1,1,1,1,1,1,1,1,1,1,1,1,1,1,1
17050001,1,01/03/1995,,1,1,508,453,477,31,1,1,1,1,398,1,453,455,458,460,462,462,462,464,466,466,466,465,462,464,468,470,474,481,482,485,488,492,494,494,494,494,496,500,503,506,508,1,1,1,1,1,1,1,1,1,1,1,1,1,1,1,1,1,1,1,1,1,1,1,1,1,1,1,1,1,1,1
17050001,2,01/02/1995,,1,1,450,408,424,28,7,1,1,1,0,0,411,414,415,414,413,410,408,410,408,408,410,411,414,415,419,424,425,429,433,435,438,440,442,445,446,446,448,450,,,,1,1,1,1,1,1,1,1,1,1,1,1,1,1,1,1,1,1,1,1,1,1,1,1,1,1,1,1,,,
17050001,1,01/02/1995,,1,1,450,408,424,28,7,1,1,1,398,1,411,414,415,414,413,410,408,410,408,408,410,411,414,415,419,424,425,429,433,435,438,440,442,445,446,446,448,450,,,,1,1,1,1,1,1,1,1,1,1,1,1,1,1,1,1,1,1,1,1,1,1,1,1,1,1,1,1,0,0,0
17050001,2,01/01/1995,,1,1,410,316,375,31,1,1,1,1,0,0,316,325,332,341,348,351,356,356,360,360,360,361,363,367,371,376,381,384,388,391,394,396,400,400,401,402,403,404,406,409,410,1,1,1,1,1,1,1,1,1,1,1,1,1,1,1,1,1,1,1,1,1,1,1,1,1,1,1,1,1,1,1
17050001,1,01/01/1995,,1,1,410,316,375,31,1,1,1,1,398,1,316,325,332,341,348,351,356,356,360,360,360,361,363,367,371,376,381,384,388,391,394,396,400,400,401,402,403,404,406,409,410,1,1,1,1,1,1,1,1,1,1,1,1,1,1,1,1,1,1,1,1,1,1,1,1,1,1,1,1,1,1,1
17050001,2,01/12/1994,,1,1,306,188,244,31,1,1,1,1,0,0,188,188,198,205,211,219,220,226,223,220,221,225,227,230,234,240,243,248,247,258,262,267,270,272,277,279,283,286,291,297,306,1,1,1,1,1,1,1,1,1,1,1,1,1,1,1,1,1,1,1,1,1,1,1,1,1,1,1,1,1,1,1
17050001,1,01/12/1994,,1,1,308,188,244,31,1,1,1,1,560,1,188,188,198,205,211,219,220,226,223,220,221,225,227,230,234,240,243,248,247,258,262,267,270,272,277,279,283,286,291,297,306,1,1,1,1,1,1,1,1,1,1,1,1,1,1,1,1,1,1,1,1,1,1,1,1,1,1,1,1,1,1,1
17050001,2,01/11/1994,,1,1,263,179,219,1,28,1,1,1,0,0,263,262,261,260,258,257,256,252,247,236,230,225,220,218,214,210,206,206,204,201,198,197,194,189,185,182,180,179,181,188,,1,1,1,1,1,1,1,1,1,1,1,1,1,1,1,1,1,1,1,1,1,1,1,1,1,1,1,1,1,1,
17050001,1,01/11/1994,,1,1,263,175,219,1,29,1,1,1,560,1,263,262,261,260,258,257,256,252,247,236,230,225,220,218,214,210,206,206,204,201,198,197,194,189,185,182,180,179,181,188,,1,1,1,1,1,1,1,1,1,1,1,1,1,1,1,1,1,1,1,1,1,1,1,1,1,1,1,1,1,1,0
17050001,2,01/10/1994,,1,1,434,265,350,1,31,1,1,1,0,0,434,427,416,416,411,408,404,399,396,380,379,376,370,362,353,345,342,338,330,326,322,319,315,309,305,298,290,281,276,269,265,1,1,1,1,1,1,1,1,1,1,1,1,1,1,1,1,1,1,1,1,1,1,1,1,1,1,1,1,1,1,1
17050001,1,01/10/1994,,1,1,434,265,350,1,31,1,1,1,560,1,434,427,416,416,411,408,404,399,396,380,379,376,370,362,353,345,342,338,330,326,322,319,315,309,305,298,290,281,276,269,265,1,1,1,1,1,1,1,1,1,1,1,1,1,1,1,1,1,1,1,1,1,1,1,1,1,1,1,1,1,1,1
17050001,2,01/09/1994,,1,1,589,439,524,1,30,1,1,1,0,0,589,583,578,571,569,568,566,562,559,556,552,545,540,535,531,527,522,516,510,505,500,496,495,491,478,470,463,454,447,439,,1,1,1,1,1,1,1,1,1,1,1,1,1,1,1,1,1,1,1,1,1,1,1,1,1,1,1,1,1,1,
17050001,1,01/09/1994,,1,1,589,439,524,1,30,1,1,1,560,1,589,583,578,571,569,568,566,562,559,556,552,545,540,535,531,527,522,516,510,505,500,496,495,491,478,470,463,454,447,439,,1,1,1,1,1,1,1,1,1,1,1,1,1,1,1,1,1,1,1,1,1,1,1,1,1,1,1,1,1,1,0
17050001,2,01/08/1994,,1,1,698,594,648,1,31,1,1,1,0,0,698,694,688,681,678,676,675,674,671,668,665,663,660,657,653,647,642,638,633,630,630,629,628,627,624,620,617,612,604,600,594,1,1,1,1,1,1,1,1,1,1,1,1,1,1,1,1,1,1,1,1,1,1,1,1,1,1,1,1,1,1,1
17050001,1,01/08/1994,,1,1,698,594,648,1,31,1,1,1,560,1,698,694,688,681,678,676,675,674,671,668,665,663,660,657,653,647,642,638,633,630,630,629,628,627,624,620,617,612,604,600,594,1,1,1,1,1,1,1,1,1,1,1,1,1,1,1,1,1,1,1,1,1,1,1,1,1,1,1,1,1,1,1
17050001,2,01/07/1994,,1,1,750,700,728,1,31,1,1,1,0,0,750,748,747,748,744,743,742,740,740,740,738,738,738,737,736,730,730,727,724,722,722,719,717,713,711,709,708,706,706,702,700,1,1,1,1,1,1,1,1,1,1,1,1,1,1,1,1,1,1,1,1,1,1,1,1,1,1,1,1,1,1,1
17050001,1,01/07/1994,,1,1,750,700,728,1,31,1,1,1,560,1,750,748,747,748,744,743,742,740,740,740,738,738,738,737,736,730,730,727,724,722,722,719,717,713,711,709,708,706,706,702,700,1,1,1,1,1,1,1,1,1,1,1,1,1,1,1,1,1,1,1,1,1,1,1,1,1,1,1,1,1,1,1
17050001,2,01/06/1994,,1,1,764,746,753,1,25,2,2,2,0,0,764,761,760,760,759,758,754,754,756,752,754,752,752,752,752,752,752,750,750,750,749,748,748,748,746,747,748,748,750,751,,1,1,1,1,1,1,1,1,1,1,1,1,2,1,1,1,1,1,1,1,1,1,1,1,1,1,1,1,1,1,
17050001,1,01/06/1994,,1,1,764,746,753,1,25,1,1,1,560,1,764,761,760,760,759,758,754,754,756,752,754,752,761,752,752,752,752,750,750,750,749,748,748,748,746,747,748,748,750,751,,1,1,1,1,1,1,1,1,1,1,1,1,1,1,1,1,1,1,1,1,1,1,1,1,1,1,1,1,1,1,0
17050001,2,01/05/1994,,1,1,764,748,752,30,1,1,1,1,0,0,748,748,748,748,749,750,750,750,750,750,751,750,750,749,750,749,750,750,750,750,754,754,755,754,754,756,756,757,756,764,763,1,1,1,1,1,1,1,1,1,1,1,1,1,1,1,1,1,1,1,1,1,1,1,1,1,1,1,1,1,1,1
17050001,1,01/05/1994,,1,1,764,748,752,30,1,1,1,1,560,1,748,748,748,748,749,750,750,750,750,750,751,750,750,749,750,749,750,750,750,750,754,754,755,754,754,756,756,757,756,764,763,1,1,1,1,1,1,1,1,1,1,1,1,1,1,1,1,1,1,1,1,1,1,1,1,1,1,1,1,1,1,1
17050001,2,01/04/1994,,1,1,744,706,724,30,1,1,1,1,0,0,706,710,710,711,713,714,716,716,721,722,724,724,724,724,729,727,727,726,727,726,726,728,729,731,732,733,734,739,740,744,,1,1,1,1,1,1,1,1,1,1,1,1,1,1,1,1,1,1,1,1,1,1,1,1,1,1,1,1,1,1,
17050001,1,01/04/1994,,1,1,744,706,724,30,1,1,1,1,560,1,706,710,710,711,713,714,716,716,721,722,724,724,724,724,729,727,727,726,727,726,726,728,729,731,732,733,734,739,740,744,,1,1,1,1,1,1,1,1,1,1,1,1,1,1,1,1,1,1,1,1,1,1,1,1,1,1,1,1,1,1,0
17050001,2,01/03/1994,,1,1,704,640,677,31,1,1,1,1,0,0,640,641,644,651,661,664,664,666,666,668,671,675,677,676,678,679,684,686,687,689,690,690,690,690,690,690,694,694,694,700,704,1,1,1,1,1,1,1,1,1,1,1,1,1,1,1,1,1,1,1,1,1,1,1,1,1,1,1,1,1,1,1
17050001,1,01/03/1994,,1,1,704,640,677,31,1,1,1,1,560,1,640,641,644,651,661,664,664,666,666,668,671,675,677,676,678,679,684,686,687,689,690,690,690,690,690,690,694,694,694,700,704,1,1,1,1,1,1,1,1,1,1,1,1,1,1,1,1,1,1,1,1,1,1,1,1,1,1,1,1,1,1,1
17050001,2,01/02/1994,,1,1,636,564,599,28,1,1,1,1,0,0,564,567,569,569,570,574,577,578,583,588,592,597,599,603,605,608,610,610,612,614,616,618,619,622,624,629,632,636,,,,1,1,1,1,1,1,1,1,1,1,1,1,1,1,1,1,1,1,1,1,1,1,1,1,1,1,1,1,,,
17050001,1,01/02/1994,,1,1,636,564,599,28,1,1,1,1,560,1,564,567,569,569,570,574,577,578,583,588,592,597,599,603,605,608,610,610,612,614,616,618,619,622,624,629,632,636,,,,1,1,1,1,1,1,1,1,1,1,1,1,1,1,1,1,1,1,1,1,1,1,1,1,1,1,1,1,0,0,0
17050001,2,01/01/1994,,1,1,559,434,507,31,1,1,1,1,0,0,434,439,447,457,461,468,471,477,481,488,493,497,501,504,511,517,520,524,525,526,527,530,535,538,538,543,546,546,546,554,559,1,1,1,1,1,1,1,1,1,1,1,1,1,1,1,1,1,1,1,1,1,1,1,1,1,1,1,1,1,1,1
17050001,1,01/01/1994,,1,1,559,434,507,31,1,1,1,1,560,1,434,439,447,457,461,468,471,477,481,488,493,497,501,504,511,517,520,524,525,526,527,530,535,538,538,543,546,546,546,554,559,1,1,1,1,1,1,1,1,1,1,1,1,1,1,1,1,1,1,1,1,1,1,1,1,1,1,1,1,1,1,1
17050001,2,01/12/1993,,1,1,427,286,357,31,1,1,1,1,0,0,286,290,290,304,309,314,319,324,332,336,339,344,348,353,357,365,367,368,369,373,377,380,383,386,387,391,398,407,413,420,427,1,1,1,1,1,1,1,1,1,1,1,1,1,1,1,1,1,1,1,1,1,1,1,1,1,1,1,1,1,1,1
17050001,1,01/12/1993,07:00,0,1,430,286,357,31,1,1,1,1,,0,286,290,290,304,308,313,318,323,330,335,338,343,348,352,356,362,366,368,368,372,376,380,383,386,386,390,397,406,412,418,424,1,1,1,1,1,1,1,1,1,1,1,1,1,1,1,1,1,1,1,1,1,1,1,1,1,1,1,1,1,1,1
17050001,1,01/12/1993,17:00,0,1,430,286,357,31,1,1,1,1,,0,286,290,290,305,310,315,321,325,334,337,340,345,349,354,358,368,368,368,370,374,378,381,384,386,388,392,400,408,415,422,430,1,1,1,1,1,1,1,1,1,1,1,1,1,1,1,1,1,1,1,1,1,1,1,1,1,1,1,1,1,1,1
17050001,1,01/12/1993,,1,1,427,286,357,31,1,1,1,1,509,1,286,290,290,304,309,314,319,324,332,336,339,344,348,353,357,365,367,368,369,373,377,380,383,386,387,391,398,407,413,420,427,1,1,1,1,1,1,1,1,1,1,1,1,1,1,1,1,1,1,1,1,1,1,1,1,1,1,1,1,1,1,1
17050001,2,01/11/1993,,1,1,280,181,218,30,7,1,1,1,0,0,187,187,189,189,186,182,181,181,182,190,191,196,202,212,219,222,226,228,230,232,234,234,237,243,249,254,259,264,271,280,,1,1,1,1,1,1,1,1,1,1,1,1,1,1,1,1,1,1,1,1,1,1,1,1,1,1,1,1,1,1,
17050001,1,01/11/1993,07:00,0,1,283,179,218,30,6,1,1,1,,0,184,189,190,190,186,185,183,182,181,190,190,195,200,210,218,222,225,227,230,232,234,234,237,242,248,253,258,263,270,278,,1,1,1,1,1,1,1,1,1,1,1,1,1,1,1,1,1,1,1,1,1,1,1,1,1,1,1,1,1,1,0
17050001,1,01/11/1993,17:00,0,1,283,179,218,30,6,1,1,1,,0,190,186,188,188,186,179,180,180,184,191,192,197,204,215,220,222,227,229,230,232,234,235,238,245,250,255,260,265,272,283,,1,1,1,1,1,1,1,1,1,1,1,1,1,1,1,1,1,1,1,1,1,1,1,1,1,1,1,1,1,1,0
17050001,1,01/11/1993,,1,1,280,181,218,30,7,1,1,1,509,1,187,187,189,189,186,182,181,181,182,190,191,196,202,212,219,222,226,228,230,232,234,234,237,243,249,254,259,264,271,280,,1,1,1,1,1,1,1,1,1,1,1,1,1,1,1,1,1,1,1,1,1,1,1,1,1,1,1,1,1,1,0
17050001,2,01/10/1993,,1,1,320,185,244,1,30,1,1,1,0,0,320,317,306,297,295,293,289,276,265,260,257,255,251,250,249,248,244,244,239,236,225,217,211,203,200,193,191,189,188,185,185,1,1,1,1,1,1,1,1,1,1,1,1,1,1,1,1,1,1,1,1,1,1,1,1,1,1,1,1,1,1,1
17050001,1,01/10/1993,07:00,0,1,325,184,245,2,31,1,1,1,,0,322,325,311,298,296,293,292,283,267,261,258,256,252,250,250,248,243,246,240,237,230,219,212,205,200,194,192,189,188,186,186,1,1,1,1,1,1,1,1,1,1,1,1,1,1,1,1,1,1,1,1,1,1,1,1,1,1,1,1,1,1,1
17050001,1,01/10/1993,17:00,0,1,325,184,245,2,31,1,1,1,,0,318,310,301,297,295,293,287,270,264,259,257,255,251,250,249,248,245,243,239,236,220,216,210,202,200,193,190,189,188,185,184,1,1,1,1,1,1,1,1,1,1,1,1,1,1,1,1,1,1,1,1,1,1,1,1,1,1,1,1,1,1,1
17050001,1,01/10/1993,,1,1,320,185,244,1,30,1,1,1,509,1,320,317,306,297,295,293,289,276,265,260,257,255,251,250,249,248,244,244,239,236,225,217,211,203,200,193,191,189,188,185,185,1,1,1,1,1,1,1,1,1,1,1,1,1,1,1,1,1,1,1,1,1,1,1,1,1,1,1,1,1,1,1
17050001,2,01/09/1993,,1,1,499,325,413,1,30,1,1,1,0,0,499,493,487,481,476,471,467,459,452,447,435,431,421,417,413,409,404,399,393,390,387,380,367,362,357,353,339,336,330,325,,1,1,1,1,1,1,1,1,1,1,1,1,1,1,1,1,1,1,1,1,1,1,1,1,1,1,1,1,1,1,
17050001,1,01/09/1993,07:00,0,1,500,324,413,1,30,1,1,1,,0,500,494,490,482,477,472,470,460,452,450,438,432,422,418,414,410,407,400,396,390,390,382,372,364,358,354,340,338,332,326,,1,1,1,1,1,1,1,1,1,1,1,1,1,1,1,1,1,1,1,1,1,1,1,1,1,1,1,1,1,1,0
17050001,1,01/09/1993,17:00,0,1,500,324,413,1,30,1,1,1,,0,498,492,485,480,475,471,465,459,452,444,432,430,420,417,412,408,402,398,390,390,384,378,362,360,356,352,338,335,328,324,,1,1,1,1,1,1,1,1,1,1,1,1,1,1,1,1,1,1,1,1,1,1,1,1,1,1,1,1,1,1,0
17050001,1,01/09/1993,,1,1,499,325,413,1,30,1,1,1,509,1,499,493,487,481,476,471,467,459,452,447,435,431,421,417,413,409,404,399,393,390,387,380,367,362,357,353,339,336,330,325,,1,1,1,1,1,1,1,1,1,1,1,1,1,1,1,1,1,1,1,1,1,1,1,1,1,1,1,1,1,1,0
17050001,2,01/08/1993,,1,1,636,505,575,1,31,1,1,1,0,0,636,631,629,624,620,619,613,610,606,601,597,591,586,581,579,575,572,567,566,565,559,556,551,547,541,536,526,521,516,509,505,1,1,1,1,1,1,1,1,1,1,1,1,1,1,1,1,1,1,1,1,1,1,1,1,1,1,1,1,1,1,1
17050001,1,01/08/1993,07:00,0,1,640,505,575,1,31,1,1,1,,0,640,632,630,624,620,620,614,610,608,602,600,592,589,582,579,576,572,568,566,564,560,558,552,548,542,538,528,522,517,510,505,1,1,1,1,1,1,1,1,1,1,1,1,1,1,1,1,1,1,1,1,1,1,1,1,1,1,1,1,1,1,1
17050001,1,01/08/1993,17:00,0,1,640,505,575,1,31,1,1,1,,0,633,630,628,624,620,619,612,610,604,600,595,590,584,580,579,575,572,566,566,566,558,555,551,546,540,535,524,520,515,508,505,1,1,1,1,1,1,1,1,1,1,1,1,1,1,1,1,1,1,1,1,1,1,1,1,1,1,1,1,1,1,1
17050001,1,01/08/1993,,1,1,636,505,575,1,31,1,1,1,509,1,636,631,629,624,620,619,613,610,606,601,597,591,586,581,579,575,572,567,566,565,559,556,551,547,541,536,526,521,516,509,505,1,1,1,1,1,1,1,1,1,1,1,1,1,1,1,1,1,1,1,1,1,1,1,1,1,1,1,1,1,1,1
17050001,2,01/07/1993,,1,1,700,640,671,1,31,1,1,1,0,0,700,697,694,692,692,690,688,688,685,682,682,679,678,675,674,672,665,665,665,663,660,660,660,657,656,654,651,650,648,645,640,1,1,1,1,1,1,1,1,1,1,1,1,1,1,1,1,1,1,1,1,1,1,1,1,1,1,1,1,1,1,1
17050001,1,01/07/1993,07:00,0,1,701,640,671,1,31,1,1,1,,0,701,697,694,693,692,690,690,688,686,682,682,680,678,676,674,672,670,664,666,664,660,661,660,658,656,654,653,650,648,646,640,1,1,1,1,1,1,1,1,1,1,1,1,1,1,1,1,1,1,1,1,1,1,1,1,1,1,1,1,1,1,1
17050001,1,01/07/1993,17:00,0,1,701,640,671,1,31,1,1,1,,0,700,697,694,692,692,690,687,688,685,682,682,678,678,674,674,672,661,666,664,662,661,660,660,656,656,654,650,650,648,644,640,1,1,1,1,1,1,1,1,1,1,1,1,1,1,1,1,1,1,1,1,1,1,1,1,1,1,1,1,1,1,1
17050001,1,01/07/1993,,1,1,700,640,671,1,31,1,1,1,509,1,700,697,694,692,692,690,688,688,685,682,682,679,678,675,674,672,665,665,665,663,660,660,660,657,656,654,651,650,648,645,640,1,1,1,1,1,1,1,1,1,1,1,1,1,1,1,1,1,1,1,1,1,1,1,1,1,1,1,1,1,1,1
17050001,2,01/06/1993,,1,1,729,701,716,1,30,1,1,1,0,0,729,725,725,725,725,724,724,725,724,723,723,722,721,720,720,717,713,711,710,708,709,706,708,708,710,708,705,704,705,701,,1,1,1,1,1,1,1,1,1,1,1,1,1,1,1,1,1,1,1,1,1,1,1,1,1,1,1,1,1,1,
17050001,1,01/06/1993,07:00,0,1,730,701,716,1,30,1,1,1,,0,730,725,725,725,725,723,724,725,725,723,723,722,722,721,720,718,713,713,710,708,710,707,708,709,710,708,706,704,706,702,,1,1,1,1,1,1,1,1,1,1,1,1,1,1,1,1,1,1,1,1,1,1,1,1,1,1,1,1,1,1,0
17050001,1,01/06/1993,17:00,0,1,730,701,716,1,30,1,1,1,,0,728,725,725,725,725,725,724,725,723,723,724,722,721,720,720,717,713,710,710,708,708,706,708,707,710,708,705,705,704,701,,1,1,1,1,1,1,1,1,1,1,1,1,1,1,1,1,1,1,1,1,1,1,1,1,1,1,1,1,1,1,0
17050001,1,01/06/1993,,1,1,729,701,716,1,30,1,1,1,509,1,729,725,725,725,725,724,724,725,724,723,723,722,721,720,720,717,713,711,710,708,709,706,708,708,710,708,705,704,705,701,,1,1,1,1,1,1,1,1,1,1,1,1,1,1,1,1,1,1,1,1,1,1,1,1,1,1,1,1,1,1,0
17050001,2,01/05/1993,,1,1,731,720,727,23,1,1,1,1,0,0,720,720,720,720,721,721,723,724,727,729,729,728,726,727,727,727,728,726,729,729,728,730,731,730,730,730,730,728,728,728,728,1,1,1,1,1,1,1,1,1,1,1,1,1,1,1,1,1,1,1,1,1,1,1,1,1,1,1,1,1,1,1
17050001,1,01/05/1993,,1,1,731,720,727,23,1,1,1,1,509,1,720,720,720,720,721,721,723,724,727,729,729,728,726,727,727,727,728,726,729,729,728,730,731,730,730,730,730,728,728,728,728,1,1,1,1,1,1,1,1,1,1,1,1,1,1,1,1,1,1,1,1,1,1,1,1,1,1,1,1,1,1,1
17050001,2,01/04/1993,,1,1,720,653,690,30,1,1,1,1,0,0,653,654,656,660,664,666,668,674,681,685,689,692,691,693,694,695,697,699,700,699,701,700,702,705,708,713,712,716,718,720,,1,1,1,1,1,1,1,1,1,1,1,1,1,1,1,1,1,1,1,1,1,1,1,1,1,1,1,1,1,1,
17050001,1,01/04/1993,,1,1,720,653,690,30,1,1,1,1,509,1,653,654,656,660,664,666,668,674,681,685,689,692,691,693,694,695,697,699,700,699,701,700,702,705,708,713,712,716,718,720,,1,1,1,1,1,1,1,1,1,1,1,1,1,1,1,1,1,1,1,1,1,1,1,1,1,1,1,1,1,1,0
17050001,2,01/03/1993,,1,1,651,555,607,31,1,2,2,2,0,0,555,558,560,565,568,570,576,579,585,590,595,600,602,605,608,610,615,618,621,621,624,622,628,631,634,638,641,644,648,650,651,1,1,1,1,1,1,1,1,1,1,1,1,1,2,1,1,1,1,1,1,1,1,1,1,1,1,1,1,1,1,1
17050001,1,01/03/1993,,1,1,651,555,607,31,1,1,1,1,509,1,555,558,560,565,568,570,576,579,585,590,595,600,602,608,608,610,615,618,621,621,624,622,628,631,634,638,641,644,648,650,651,1,1,1,1,1,1,1,1,1,1,1,1,1,1,1,1,1,1,1,1,1,1,1,1,1,1,1,1,1,1,1
17050001,2,01/02/1993,,1,1,548,455,498,28,2,1,1,1,0,0,456,455,455,457,462,467,468,472,478,486,490,494,496,498,501,503,505,509,510,514,517,523,527,531,536,543,545,548,,,,1,1,1,1,1,1,1,1,1,1,1,1,1,1,1,1,1,1,1,1,1,1,1,1,1,1,1,1,,,
17050001,1,01/02/1993,,1,1,548,455,498,28,2,1,1,1,509,1,456,455,455,457,462,467,468,472,478,486,490,494,496,498,501,503,505,509,510,514,517,523,527,531,536,543,545,548,,,,1,1,1,1,1,1,1,1,1,1,1,1,1,1,1,1,1,1,1,1,1,1,1,1,1,1,1,1,0,0,0
17050001,2,01/01/1993,,1,1,453,318,391,31,1,1,1,1,0,0,318,320,322,327,334,337,342,351,358,361,371,377,386,390,394,398,401,405,410,415,415,413,420,427,436,440,443,446,448,450,453,1,1,1,1,1,1,1,1,1,1,1,1,1,1,1,1,1,1,1,1,1,1,1,1,1,1,1,1,1,1,1
17050001,1,01/01/1993,,1,1,453,318,391,31,1,1,1,1,509,1,318,320,322,327,334,337,342,351,358,361,371,377,386,390,394,398,401,405,410,415,415,413,420,427,436,440,443,446,448,450,453,1,1,1,1,1,1,1,1,1,1,1,1,1,1,1,1,1,1,1,1,1,1,1,1,1,1,1,1,1,1,1
17050001,2,01/12/1992,,1,1,316,134,225,31,1,1,1,1,0,0,134,135,134,140,146,150,157,163,169,182,193,198,212,218,225,229,234,239,246,253,259,266,273,283,290,295,302,306,311,314,316,1,1,1,1,1,1,1,1,1,1,1,1,1,1,1,1,1,1,1,1,1,1,1,1,1,1,1,1,1,1,1
17050001,1,01/12/1992,,1,1,316,134,225,31,1,1,1,1,339,1,134,135,134,140,146,150,157,163,169,182,193,198,212,218,225,229,234,239,246,253,259,266,273,283,290,295,302,306,311,314,316,1,1,1,1,1,1,1,1,1,1,1,1,1,1,1,1,1,1,1,1,1,1,1,1,1,1,1,1,1,1,1
17050001,2,01/11/1992,,1,1,138,99,116,28,8,1,1,1,0,0,129,120,115,113,106,103,100,99,101,104,106,109,114,113,114,113,111,109,109,111,114,120,124,125,128,131,137,138,136,135,,1,1,1,1,1,1,1,1,1,1,1,1,1,1,1,1,1,1,1,1,1,1,1,1,1,1,1,1,1,1,
17050001,1,01/11/1992,,1,1,138,99,116,28,8,1,1,1,339,1,129,120,115,113,106,103,100,99,101,104,106,109,114,113,114,113,111,109,109,111,114,120,124,125,128,131,137,138,136,135,,1,1,1,1,1,1,1,1,1,1,1,1,1,1,1,1,1,1,1,1,1,1,1,1,1,1,1,1,1,1,0
17050001,2,01/10/1992,,1,1,209,139,171,1,31,1,1,1,0,0,209,205,200,195,191,187,182,182,180,180,180,180,181,182,180,180,176,173,167,161,156,155,150,148,148,150,148,148,146,143,139,1,1,1,1,1,1,1,1,1,1,1,1,1,1,1,1,1,1,1,1,1,1,1,1,1,1,1,1,1,1,1
17050001,1,01/10/1992,,1,1,209,139,171,1,31,1,1,1,339,1,209,205,200,195,191,187,182,182,180,180,180,180,181,182,180,180,176,173,167,161,156,155,150,148,148,150,148,148,146,143,139,1,1,1,1,1,1,1,1,1,1,1,1,1,1,1,1,1,1,1,1,1,1,1,1,1,1,1,1,1,1,1
17050001,2,01/09/1992,,1,1,274,203,231,1,25,1,1,1,0,0,274,269,266,260,256,249,245,241,238,236,234,235,234,234,233,232,231,230,227,219,212,207,204,204,203,204,206,209,212,212,,1,1,1,1,1,1,1,1,1,1,1,1,1,1,1,1,1,1,1,1,1,1,1,1,1,1,1,1,1,1,
17050001,1,01/09/1992,,1,1,274,203,231,1,25,1,1,1,339,1,274,269,266,260,256,249,245,241,238,236,234,235,234,234,233,232,231,230,227,219,212,207,204,204,203,204,206,209,212,212,,1,1,1,1,1,1,1,1,1,1,1,1,1,1,1,1,1,1,1,1,1,1,1,1,1,1,1,1,1,1,0
17050001,2,01/08/1992,,1,1,400,274,338,1,31,1,1,1,0,0,400,398,398,397,391,387,383,378,370,365,359,355,351,351,346,343,339,335,327,323,316,309,300,292,285,282,280,278,276,275,274,1,1,1,1,1,1,1,1,1,1,1,1,1,1,1,1,1,1,1,1,1,1,1,1,1,1,1,1,1,1,1
17050001,1,01/08/1992,,1,1,400,274,338,1,31,1,1,1,339,1,400,398,398,397,391,387,383,378,370,365,359,355,351,351,346,343,339,335,327,323,316,309,300,292,285,282,280,278,276,275,274,1,1,1,1,1,1,1,1,1,1,1,1,1,1,1,1,1,1,1,1,1,1,1,1,1,1,1,1,1,1,1
17050001,2,01/07/1992,,1,1,490,399,447,1,31,1,1,1,0,0,490,488,487,486,484,481,476,474,471,466,463,459,455,454,450,448,446,447,438,435,432,429,425,417,412,410,409,406,404,401,399,1,1,1,1,1,1,1,1,1,1,1,1,1,1,1,1,1,1,1,1,1,1,1,1,1,1,1,1,1,1,1
17050001,1,01/07/1992,,1,1,490,399,447,1,31,1,1,1,339,1,490,488,487,486,484,481,476,474,471,466,463,459,455,454,450,448,446,447,438,435,432,429,425,417,412,410,409,406,404,401,399,1,1,1,1,1,1,1,1,1,1,1,1,1,1,1,1,1,1,1,1,1,1,1,1,1,1,1,1,1,1,1
17050001,2,01/06/1992,,1,1,560,495,536,1,30,1,1,1,0,0,560,560,560,560,558,558,556,555,552,552,551,548,548,546,544,540,538,535,533,529,525,522,520,516,512,509,503,501,498,495,,1,1,1,1,1,1,1,1,1,1,1,1,1,1,1,1,1,1,1,1,1,1,1,1,1,1,1,1,1,1,
17050001,1,01/06/1992,,1,1,560,495,536,1,30,1,1,1,339,1,560,560,560,560,558,558,556,555,552,552,551,548,548,546,544,540,538,535,533,529,525,522,520,516,512,509,503,501,498,495,,1,1,1,1,1,1,1,1,1,1,1,1,1,1,1,1,1,1,1,1,1,1,1,1,1,1,1,1,1,1,0
17050001,2,01/05/1992,,1,1,589,562,581,8,31,1,1,1,0,0,577,579,581,583,585,586,586,589,589,589,587,587,589,589,588,586,587,587,587,586,585,583,579,578,575,573,569,567,567,564,562,1,1,1,1,1,1,1,1,1,1,1,1,1,1,1,1,1,1,1,1,1,1,1,1,1,1,1,1,1,1,1
17050001,1,01/05/1992,,1,1,589,562,581,8,31,1,1,1,339,1,577,579,581,583,585,586,586,589,589,589,587,587,589,589,588,586,587,587,587,586,585,583,579,578,575,573,569,567,567,564,562,1,1,1,1,1,1,1,1,1,1,1,1,1,1,1,1,1,1,1,1,1,1,1,1,1,1,1,1,1,1,1
17050001,2,01/04/1992,,1,1,578,496,549,30,1,1,1,1,0,0,496,502,508,513,517,522,528,532,535,536,540,543,547,551,554,558,559,563,567,567,571,572,574,575,575,575,575,575,576,578,,1,1,1,1,1,1,1,1,1,1,1,1,1,1,1,1,1,1,1,1,1,1,1,1,1,1,1,1,1,1,
17050001,1,01/04/1992,,1,1,578,496,549,30,1,1,1,1,339,1,496,502,508,513,517,522,528,532,535,536,540,543,547,551,554,558,559,563,567,567,571,572,574,575,575,575,575,575,576,578,,1,1,1,1,1,1,1,1,1,1,1,1,1,1,1,1,1,1,1,1,1,1,1,1,1,1,1,1,1,1,0
17050001,2,01/03/1992,,1,1,487,293,385,31,1,1,1,1,0,0,293,298,303,307,313,316,323,329,334,342,347,350,354,360,364,373,383,397,404,416,426,433,439,449,455,459,464,470,478,482,487,1,1,1,1,1,1,1,1,1,1,1,1,1,1,1,1,1,1,1,1,1,1,1,1,1,1,1,1,1,1,1
17050001,1,01/03/1992,,1,1,487,293,385,31,1,1,1,1,339,1,293,298,303,307,313,316,323,329,334,342,347,350,354,360,364,373,383,397,404,416,426,433,439,449,455,459,464,470,478,482,487,1,1,1,1,1,1,1,1,1,1,1,1,1,1,1,1,1,1,1,1,1,1,1,1,1,1,1,1,1,1,1
17050001,2,01/02/1992,,1,1,296,265,285,22,1,1,1,1,0,0,265,269,272,278,282,287,289,290,291,289,286,284,282,280,277,276,276,280,285,290,292,296,296,294,292,290,290,290,291,,,1,1,1,1,1,1,1,1,1,1,1,1,1,1,1,1,1,1,1,1,1,1,1,1,1,1,1,1,1,,
17050001,1,01/02/1992,,1,1,296,265,285,22,1,1,1,1,339,1,265,269,272,278,282,287,289,290,291,289,286,284,282,280,277,276,276,280,285,290,292,296,296,294,292,290,290,290,291,,,1,1,1,1,1,1,1,1,1,1,1,1,1,1,1,1,1,1,1,1,1,1,1,1,1,1,1,1,1,0,0
17050001,2,01/01/1992,,1,1,261,170,202,31,1,1,1,1,0,0,170,170,171,171,176,177,179,182,182,180,181,177,175,178,177,180,183,188,195,199,213,222,232,239,243,244,247,254,255,258,261,1,1,1,1,1,1,1,1,1,1,1,1,1,1,1,1,1,1,1,1,1,1,1,1,1,1,1,1,1,1,1
17050001,1,01/01/1992,,1,1,261,170,202,31,1,1,1,1,339,1,170,170,171,171,176,177,179,182,182,180,181,177,175,178,177,180,183,188,195,199,213,222,232,239,243,244,247,254,255,258,261,1,1,1,1,1,1,1,1,1,1,1,1,1,1,1,1,1,1,1,1,1,1,1,1,1,1,1,1,1,1,1
17050001,2,01/12/1991,,1,1,169,95,130,31,1,1,1,1,0,0,95,98,99,103,107,112,117,120,120,121,120,117,114,112,114,114,116,119,124,130,138,145,152,158,166,168,168,167,167,168,169,1,1,1,1,1,1,1,1,1,1,1,1,1,1,1,1,1,1,1,1,1,1,1,1,1,1,1,1,1,1,1
17050001,1,01/12/1991,,1,1,169,95,130,31,1,1,1,1,465,1,95,98,99,103,107,112,117,120,120,121,120,117,114,112,114,114,116,119,124,130,138,145,152,158,166,168,168,167,167,168,169,1,1,1,1,1,1,1,1,1,1,1,1,1,1,1,1,1,1,1,1,1,1,1,1,1,1,1,1,1,1,1
17050001,2,01/11/1991,,1,1,93,36,61,27,16,1,1,1,0,0,69,58,54,54,53,54,58,60,60,57,48,42,40,37,37,36,37,40,44,50,58,68,75,80,89,92,93,91,90,92,,1,1,1,1,1,1,1,1,1,1,1,1,1,1,1,1,1,1,1,1,1,1,1,1,1,1,1,1,1,1,
17050001,1,01/11/1991,,1,1,93,36,61,27,16,1,1,1,465,1,69,58,54,54,53,54,58,60,60,57,48,42,40,37,37,36,37,40,44,50,58,68,75,80,89,92,93,91,90,92,,1,1,1,1,1,1,1,1,1,1,1,1,1,1,1,1,1,1,1,1,1,1,1,1,1,1,1,1,1,1,0
17050001,2,01/10/1991,,1,1,294,75,170,1,31,1,1,1,0,0,294,282,272,261,250,242,235,228,221,216,208,200,190,173,165,152,144,134,128,121,117,117,116,114,114,114,107,96,92,81,75,1,1,1,1,1,1,1,1,1,1,1,1,1,1,1,1,1,1,1,1,1,1,1,1,1,1,1,1,1,1,1
17050001,1,01/10/1991,,1,1,294,75,170,1,31,1,1,1,465,1,294,282,272,261,250,242,235,228,221,216,208,200,190,173,165,152,144,134,128,121,117,117,116,114,114,114,107,96,92,81,75,1,1,1,1,1,1,1,1,1,1,1,1,1,1,1,1,1,1,1,1,1,1,1,1,1,1,1,1,1,1,1
17050001,2,01/09/1991,,1,1,543,305,435,1,30,1,1,1,0,0,543,537,529,522,516,510,504,500,495,490,485,477,468,462,451,442,435,418,408,395,384,377,368,358,349,344,336,325,314,305,,1,1,1,1,1,1,1,1,1,1,1,1,1,1,1,1,1,1,1,1,1,1,1,1,1,1,1,1,1,1,
17050001,1,01/09/1991,,1,1,543,305,435,1,30,1,1,1,465,1,543,537,529,522,516,510,504,500,495,490,485,477,468,462,451,442,435,418,408,395,384,377,368,358,349,344,336,325,314,305,,1,1,1,1,1,1,1,1,1,1,1,1,1,1,1,1,1,1,1,1,1,1,1,1,1,1,1,1,1,1,0
17050001,2,01/08/1991,,1,1,638,546,601,1,31,1,1,1,0,0,638,638,638,637,634,631,628,627,626,626,624,621,621,618,612,608,605,602,597,589,581,580,575,569,567,566,562,555,552,549,546,1,1,1,1,1,1,1,1,1,1,1,1,1,1,1,1,1,1,1,1,1,1,1,1,1,1,1,1,1,1,1
17050001,1,01/08/1991,,1,1,638,546,601,1,31,1,1,1,465,1,638,638,638,637,634,631,628,627,626,626,624,621,621,618,612,608,605,602,597,589,581,580,575,569,567,566,562,555,552,549,546,1,1,1,1,1,1,1,1,1,1,1,1,1,1,1,1,1,1,1,1,1,1,1,1,1,1,1,1,1,1,1
17050001,2,01/07/1991,,1,1,697,640,671,1,31,1,1,1,0,0,697,696,693,690,688,686,686,686,683,681,680,678,678,678,678,678,676,675,672,669,665,661,657,651,648,647,644,643,642,641,640,1,1,1,1,1,1,1,1,1,1,1,1,1,1,1,1,1,1,1,1,1,1,1,1,1,1,1,1,1,1,1
17050001,1,01/07/1991,,1,1,697,640,671,1,31,1,1,1,465,1,697,696,693,690,688,686,686,686,683,681,680,678,678,678,678,678,676,675,672,669,665,661,657,651,648,647,644,643,642,641,640,1,1,1,1,1,1,1,1,1,1,1,1,1,1,1,1,1,1,1,1,1,1,1,1,1,1,1,1,1,1,1
17050001,2,01/06/1991,,1,1,715,700,711,3,29,1,1,1,0,0,712,713,715,714,713,713,711,710,712,712,713,712,713,713,714,714,715,715,715,714,712,712,712,710,709,703,702,701,700,701,,1,1,1,1,1,1,1,1,1,1,1,1,1,1,1,1,1,1,1,1,1,1,1,1,1,1,1,1,1,1,
17050001,1,01/06/1991,,1,1,715,700,711,3,29,1,1,1,465,1,712,713,715,714,713,713,711,710,712,712,713,712,713,713,714,714,715,715,715,714,712,712,712,710,709,703,702,701,700,701,,1,1,1,1,1,1,1,1,1,1,1,1,1,1,1,1,1,1,1,1,1,1,1,1,1,1,1,1,1,1,0
17050001,2,01/05/1991,,1,1,713,672,696,29,1,1,1,1,0,0,672,675,677,679,681,683,685,684,686,687,688,689,691,691,692,695,696,699,703,707,710,710,710,710,712,711,711,712,713,713,713,1,1,1,1,1,1,1,1,1,1,1,1,1,1,1,1,1,1,1,1,1,1,1,1,1,1,1,1,1,1,1
17050001,1,01/05/1991,,1,1,713,672,696,29,1,1,1,1,465,1,672,675,677,679,681,683,685,684,686,687,688,689,691,691,692,695,696,699,703,707,710,710,710,710,712,711,711,712,713,713,713,1,1,1,1,1,1,1,1,1,1,1,1,1,1,1,1,1,1,1,1,1,1,1,1,1,1,1,1,1,1,1
17050001,2,01/04/1991,,1,1,670,592,635,30,1,1,1,1,0,0,592,594,598,602,605,608,607,613,615,617,623,625,630,633,636,640,644,646,650,653,655,659,659,660,662,663,666,667,669,670,,1,1,1,1,1,1,1,1,1,1,1,1,1,1,1,1,1,1,1,1,1,1,1,1,1,1,1,1,1,1,
17050001,1,01/04/1991,07:00,0,1,670,591,1270,30,1,1,1,1,,0,591,594,597,601,604,608,604,612,614,616,622,624,628,632,635,639,643,645,649,652,653,660,659,659,662,662,665,667,668,670,,1,1,1,1,1,1,1,1,1,1,1,1,1,1,1,1,1,1,1,1,1,1,1,1,1,1,1,1,1,1,0
17050001,1,01/04/1991,17:00,0,1,670,591,1270,30,1,1,1,1,,0,592,594,599,602,606,608,610,613,615,618,623,626,631,633,637,640,644,647,650,653,657,658,659,660,662,664,666,667,669,670,,1,1,1,1,1,1,1,1,1,1,1,1,1,1,1,1,1,1,1,1,1,1,1,1,1,1,1,1,1,1,0
17050001,1,01/04/1991,,1,1,670,592,635,30,1,1,1,1,465,1,592,594,598,602,605,608,607,613,615,617,623,625,630,633,636,640,644,646,650,653,655,659,659,660,662,663,666,667,669,670,,1,1,1,1,1,1,1,1,1,1,1,1,1,1,1,1,1,1,1,1,1,1,1,1,1,1,1,1,1,1,0
17050001,2,01/03/1991,,1,1,587,528,548,31,9,1,1,1,0,0,536,536,536,536,535,532,532,532,528,528,528,528,531,536,539,541,545,550,551,553,557,559,562,563,562,563,567,572,577,581,587,1,1,1,1,1,1,1,1,1,1,1,1,1,1,1,1,1,1,1,1,1,1,1,1,1,1,1,1,1,1,1
17050001,1,01/03/1991,07:00,0,1,588,528,1095,31,9,1,1,1,,0,535,536,536,536,536,532,532,532,528,528,528,528,530,535,539,540,544,550,550,552,557,558,561,563,563,562,566,571,576,580,586,1,1,1,1,1,1,1,1,1,1,1,1,1,1,1,1,1,1,1,1,1,1,1,1,1,1,1,1,1,1,1
17050001,1,01/03/1991,17:00,0,1,588,528,1095,31,9,1,1,1,,0,537,536,536,536,534,532,532,532,528,528,528,528,532,537,539,541,545,550,551,553,556,560,562,563,561,563,568,572,578,582,588,1,1,1,1,1,1,1,1,1,1,1,1,1,1,1,1,1,1,1,1,1,1,1,1,1,1,1,1,1,1,1
17050001,1,01/03/1991,,1,1,587,528,548,31,9,1,1,1,465,1,536,536,536,536,535,532,532,532,528,528,528,528,531,536,539,541,545,550,551,553,557,559,562,563,562,563,567,572,577,581,587,1,1,1,1,1,1,1,1,1,1,1,1,1,1,1,1,1,1,1,1,1,1,1,1,1,1,1,1,1,1,1
17050001,2,01/02/1991,,1,1,536,504,526,21,1,1,1,1,0,0,504,513,519,520,521,522,523,522,522,521,523,522,522,524,526,526,527,531,534,534,536,536,535,534,530,531,531,534,,,,1,1,1,1,1,1,1,1,1,1,1,1,1,1,1,1,1,1,1,1,1,1,1,1,1,1,1,1,,,
17050001,1,01/02/1991,07:00,0,1,536,500,1051,21,1,1,1,1,,0,500,511,518,520,521,522,523,522,522,520,523,522,522,524,526,526,526,530,534,534,536,536,535,532,530,531,530,533,,,,1,1,1,1,1,1,1,1,1,1,1,1,1,1,1,1,1,1,1,1,1,1,1,1,1,1,1,1,0,0,0
17050001,1,01/02/1991,17:00,0,1,536,500,1051,21,1,1,1,1,,0,508,515,519,520,521,522,523,522,522,522,523,522,522,523,526,526,528,532,534,534,536,535,534,535,530,530,532,534,,,,1,1,1,1,1,1,1,1,1,1,1,1,1,1,1,1,1,1,1,1,1,1,1,1,1,1,1,1,0,0,0
17050001,1,01/02/1991,,1,1,536,504,526,21,1,1,1,1,465,1,504,513,519,520,521,522,523,522,522,521,523,522,522,524,526,526,527,531,534,534,536,536,535,534,530,531,531,534,,,,1,1,1,1,1,1,1,1,1,1,1,1,1,1,1,1,1,1,1,1,1,1,1,1,1,1,1,1,0,0,0
17050001,2,01/01/1991,,1,1,499,320,401,31,1,1,1,1,0,0,320,324,331,335,340,343,348,351,353,356,358,373,377,379,387,396,401,408,419,426,432,437,442,449,456,462,469,475,483,493,499,1,1,1,1,1,1,1,1,1,1,1,1,1,1,1,1,1,1,1,1,1,1,1,1,1,1,1,1,1,1,1
17050001,1,01/01/1991,07:00,0,1,499,319,801,31,1,1,1,1,,0,319,322,330,334,339,342,347,350,352,356,357,370,377,377,384,394,400,406,418,424,430,436,440,448,454,460,467,474,480,488,498,1,1,1,1,1,1,1,1,1,1,1,1,1,1,1,1,1,1,1,1,1,1,1,1,1,1,1,1,1,1,1
17050001,1,01/01/1991,17:00,0,1,499,319,801,31,1,1,1,1,,0,320,325,332,336,340,344,348,351,354,356,359,376,376,380,390,397,402,409,420,427,434,438,443,450,457,464,470,476,486,497,499,1,1,1,1,1,1,1,1,1,1,1,1,1,1,1,1,1,1,1,1,1,1,1,1,1,1,1,1,1,1,1
17050001,1,01/01/1991,,1,1,499,320,401,31,1,1,1,1,465,1,320,324,331,335,340,343,348,351,353,356,358,373,377,379,387,396,401,408,419,426,432,437,442,449,456,462,469,475,483,493,499,1,1,1,1,1,1,1,1,1,1,1,1,1,1,1,1,1,1,1,1,1,1,1,1,1,1,1,1,1,1,1
17050001,2,01/12/1990,,1,1,312,131,227,31,1,1,1,1,0,0,131,137,147,158,163,168,179,187,189,188,201,205,207,213,222,235,235,241,246,254,261,265,269,277,279,283,289,293,298,303,312,1,1,1,1,1,1,1,1,1,1,1,1,1,1,1,1,1,1,1,1,1,1,1,1,1,1,1,1,1,1,1
17050001,1,01/12/1990,,1,1,312,131,227,31,1,1,1,1,454,1,131,137,147,158,163,168,179,187,189,188,201,205,207,213,222,235,235,241,246,254,261,265,269,277,279,283,289,293,298,303,312,1,1,1,1,1,1,1,1,1,1,1,1,1,1,1,1,1,1,1,1,1,1,1,1,1,1,1,1,1,1,1
17050001,2,01/11/1990,,1,1,122,54,93,30,1,2,2,2,0,0,54,59,66,74,79,83,89,84,81,81,75,80,80,80,87,91,97,101,107,107,110,113,115,108,107,109,109,113,114,122,,1,1,1,1,1,1,1,2,1,1,1,1,1,1,1,1,1,1,1,1,1,1,1,1,1,1,1,1,1,1,
17050001,1,01/11/1990,,1,1,122,54,93,30,1,1,1,1,454,1,54,59,66,74,79,83,89,94,81,81,75,80,80,80,87,91,97,101,107,107,110,113,115,108,107,109,109,113,114,122,,1,1,1,1,1,1,1,1,1,1,1,1,1,1,1,1,1,1,1,1,1,1,1,1,1,1,1,1,1,1,0
17050001,2,01/10/1990,,1,1,291,42,166,1,30,1,1,1,0,0,291,283,276,274,267,260,257,248,246,233,215,205,189,182,169,163,157,143,133,124,121,113,104,93,84,73,63,55,50,42,46,1,1,1,1,1,1,1,1,1,1,1,1,1,1,1,1,1,1,1,1,1,1,1,1,1,1,1,1,1,1,1
17050001,1,01/10/1990,07:00,0,1,291,42,166,1,30,1,1,1,,0,291,283,276,274,267,260,257,248,243,233,215,205,189,182,169,163,157,143,133,124,121,113,104,93,84,73,63,55,50,42,46,1,1,1,1,1,1,1,1,1,1,1,1,1,1,1,1,1,1,1,1,1,1,1,1,1,1,1,1,1,1,1
17050001,1,01/10/1990,17:00,0,1,291,42,166,1,30,1,1,1,,0,291,283,276,274,267,260,257,248,243,233,215,205,189,182,169,163,157,143,133,124,121,113,104,93,84,73,63,55,50,42,46,1,1,1,1,1,1,1,1,1,1,1,1,1,1,1,1,1,1,1,1,1,1,1,1,1,1,1,1,1,1,1
17050001,1,01/10/1990,,1,1,291,42,166,1,30,1,1,1,454,1,291,283,276,274,267,260,257,248,246,233,215,205,189,182,169,163,157,143,133,124,121,113,104,93,84,73,63,55,50,42,46,1,1,1,1,1,1,1,1,1,1,1,1,1,1,1,1,1,1,1,1,1,1,1,1,1,1,1,1,1,1,1
17050001,2,01/09/1990,,1,1,511,298,420,1,30,1,1,1,0,0,511,507,501,494,491,487,482,478,473,466,458,452,444,439,431,421,411,405,398,392,386,377,373,364,359,343,329,315,306,298,,1,1,1,1,1,1,1,1,1,1,1,1,1,1,1,1,1,1,1,1,1,1,1,1,1,1,1,1,1,1,
17050001,1,01/09/1990,07:00,0,1,511,298,420,1,30,1,1,1,,0,511,507,501,494,491,487,482,478,473,466,458,452,444,439,431,421,411,405,398,392,386,377,373,364,359,343,329,315,306,298,,1,1,1,1,1,1,1,1,1,1,1,1,1,1,1,1,1,1,1,1,1,1,1,1,1,1,1,1,1,1,0
17050001,1,01/09/1990,17:00,0,1,511,298,420,1,30,1,1,1,,0,511,507,501,494,491,487,482,478,473,466,458,452,444,439,431,421,411,405,398,392,386,377,373,364,359,343,329,315,306,298,,1,1,1,1,1,1,1,1,1,1,1,1,1,1,1,1,1,1,1,1,1,1,1,1,1,1,1,1,1,1,0
17050001,1,01/09/1990,,1,1,511,298,420,1,30,1,1,1,454,1,511,507,501,494,491,487,482,478,473,466,458,452,444,439,431,421,411,405,398,392,386,377,373,364,359,343,329,315,306,298,,1,1,1,1,1,1,1,1,1,1,1,1,1,1,1,1,1,1,1,1,1,1,1,1,1,1,1,1,1,1,0
17050001,2,01/08/1990,,1,1,628,516,581,1,31,1,1,1,0,0,628,623,620,618,616,613,610,608,607,606,604,602,599,593,590,586,579,576,572,566,564,562,560,556,551,545,540,536,529,522,516,1,1,1,1,1,1,1,1,1,1,1,1,1,1,1,1,1,1,1,1,1,1,1,1,1,1,1,1,1,1,1
17050001,1,01/08/1990,07:00,0,1,628,516,581,1,31,1,1,1,,0,628,623,620,618,616,613,610,608,607,606,604,602,599,593,590,586,579,576,572,566,564,562,560,556,551,545,540,536,529,522,516,1,1,1,1,1,1,1,1,1,1,1,1,1,1,1,1,1,1,1,1,1,1,1,1,1,1,1,1,1,1,1
17050001,1,01/08/1990,17:00,0,1,628,516,581,1,31,1,1,1,,0,628,623,620,618,616,613,610,608,607,606,604,602,599,593,590,586,579,576,572,566,564,562,560,556,551,545,540,536,529,522,516,1,1,1,1,1,1,1,1,1,1,1,1,1,1,1,1,1,1,1,1,1,1,1,1,1,1,1,1,1,1,1
17050001,1,01/08/1990,,1,1,628,516,581,1,31,1,1,1,454,1,628,623,620,618,616,613,610,608,607,606,604,602,599,593,590,586,579,576,572,566,564,562,560,556,551,545,540,536,529,522,516,1,1,1,1,1,1,1,1,1,1,1,1,1,1,1,1,1,1,1,1,1,1,1,1,1,1,1,1,1,1,1
17050001,2,01/07/1990,,1,1,682,631,656,1,31,1,1,1,0,0,682,680,678,676,673,669,667,666,665,665,665,666,665,663,662,659,657,653,650,649,645,644,644,644,642,640,640,640,637,632,631,1,1,1,1,1,1,1,1,1,1,1,1,1,1,1,1,1,1,1,1,1,1,1,1,1,1,1,1,1,1,1
17050001,1,01/07/1990,07:00,0,1,682,631,656,1,31,1,1,1,,0,682,680,678,676,673,669,667,666,665,665,665,666,665,663,662,659,657,653,650,649,645,644,644,644,642,640,640,640,637,632,631,1,1,1,1,1,1,1,1,1,1,1,1,1,1,1,1,1,1,1,1,1,1,1,1,1,1,1,1,1,1,1
17050001,1,01/07/1990,17:00,0,1,682,631,656,1,31,1,1,1,,0,682,680,678,676,673,669,667,666,665,665,665,666,665,663,662,659,657,653,650,649,645,644,644,644,642,640,640,640,637,632,631,1,1,1,1,1,1,1,1,1,1,1,1,1,1,1,1,1,1,1,1,1,1,1,1,1,1,1,1,1,1,1
17050001,1,01/07/1990,,1,1,682,631,656,1,31,1,1,1,454,1,682,680,678,676,673,669,667,666,665,665,665,666,665,663,662,659,657,653,650,649,645,644,644,644,642,640,640,640,637,632,631,1,1,1,1,1,1,1,1,1,1,1,1,1,1,1,1,1,1,1,1,1,1,1,1,1,1,1,1,1,1,1
17050001,2,01/06/1990,,1,1,700,682,689,2,29,1,1,1,0,0,698,700,697,697,696,694,692,690,691,691,691,692,691,689,690,690,690,688,686,686,686,686,685,684,686,685,684,684,682,682,,1,1,1,1,1,1,1,1,1,1,1,1,1,1,1,1,1,1,1,1,1,1,1,1,1,1,1,1,1,1,
17050001,1,01/06/1990,07:00,0,1,700,682,689,2,29,1,1,1,,0,698,700,697,697,696,694,692,690,691,691,691,692,691,689,690,690,690,688,686,686,686,686,685,684,686,685,684,684,682,682,,1,1,1,1,1,1,1,1,1,1,1,1,1,1,1,1,1,1,1,1,1,1,1,1,1,1,1,1,1,1,0
17050001,1,01/06/1990,17:00,0,1,700,682,689,2,29,1,1,1,,0,698,700,697,697,696,694,692,690,691,691,691,692,691,689,690,690,690,688,686,686,686,686,685,684,686,685,684,684,682,682,,1,1,1,1,1,1,1,1,1,1,1,1,1,1,1,1,1,1,1,1,1,1,1,1,1,1,1,1,1,1,0
17050001,1,01/06/1990,,1,1,700,682,689,2,29,1,1,1,454,1,698,700,697,697,696,694,692,690,691,691,691,692,691,689,690,690,690,688,686,686,686,686,685,684,686,685,684,684,682,682,,1,1,1,1,1,1,1,1,1,1,1,1,1,1,1,1,1,1,1,1,1,1,1,1,1,1,1,1,1,1,0
17050001,2,01/05/1990,,1,1,698,679,690,27,1,1,1,1,0,0,679,680,680,683,685,685,686,686,687,690,690,690,690,692,692,692,690,688,688,689,691,692,693,694,696,696,698,698,696,696,698,1,1,1,1,1,1,1,1,1,1,1,1,1,1,1,1,1,1,1,1,1,1,1,1,1,1,1,1,1,1,1
17050001,1,01/05/1990,,1,1,698,679,690,27,1,1,1,1,454,1,679,680,680,683,685,685,686,686,687,690,690,690,690,692,692,692,690,688,688,689,691,692,693,694,696,696,698,698,696,696,698,1,1,1,1,1,1,1,1,1,1,1,1,1,1,1,1,1,1,1,1,1,1,1,1,1,1,1,1,1,1,1
17050001,2,01/04/1990,,1,1,677,631,651,30,1,1,1,1,0,0,631,633,632,632,633,634,636,638,643,645,646,646,649,650,651,654,654,653,654,655,657,658,659,660,663,667,670,673,675,677,,1,1,1,1,1,1,1,1,1,1,1,1,1,1,1,1,1,1,1,1,1,1,1,1,1,1,1,1,1,1,
17050001,1,01/04/1990,,1,1,677,631,651,30,1,1,1,1,454,1,631,633,632,632,633,634,636,638,643,645,646,646,649,650,651,654,654,653,654,655,657,658,659,660,663,667,670,673,675,677,,1,1,1,1,1,1,1,1,1,1,1,1,1,1,1,1,1,1,1,1,1,1,1,1,1,1,1,1,1,1,0
17050001,2,01/03/1990,,1,1,631,520,587,31,1,1,1,1,0,0,520,528,534,539,544,553,560,564,568,573,579,584,587,591,595,596,600,600,600,601,603,605,605,608,611,615,618,623,626,627,631,1,1,1,1,1,1,1,1,1,1,1,1,1,1,1,1,1,1,1,1,1,1,1,1,1,1,1,1,1,1,1
17050001,1,01/03/1990,,1,1,631,520,587,31,1,1,1,1,454,1,520,528,534,539,544,553,560,564,568,573,579,584,587,591,595,596,600,600,600,601,603,605,605,608,611,615,618,623,626,627,631,1,1,1,1,1,1,1,1,1,1,1,1,1,1,1,1,1,1,1,1,1,1,1,1,1,1,1,1,1,1,1
17050001,2,01/02/1990,,1,1,515,323,413,28,1,1,1,1,0,0,323,328,333,336,341,348,354,362,368,378,387,395,407,415,424,429,434,439,441,447,454,463,468,477,486,495,507,515,,,,1,1,1,1,1,1,1,1,1,1,1,1,1,1,1,1,1,1,1,1,1,1,1,1,1,1,1,1,,,
17050001,1,01/02/1990,,1,1,515,323,413,28,1,1,1,1,454,1,323,328,333,336,341,348,354,362,368,378,387,395,407,415,424,429,434,439,441,447,454,463,468,477,486,495,507,515,,,,1,1,1,1,1,1,1,1,1,1,1,1,1,1,1,1,1,1,1,1,1,1,1,1,1,1,1,1,0,0,0
17050001,2,01/01/1990,,1,1,315,256,273,31,22,1,1,1,0,0,286,284,281,277,271,268,266,264,262,263,268,270,271,272,272,271,268,264,260,261,259,256,257,262,268,274,281,290,298,307,315,1,1,1,1,1,1,1,1,1,1,1,1,1,1,1,1,1,1,1,1,1,1,1,1,1,1,1,1,1,1,1
17050001,1,01/01/1990,,1,1,315,256,273,31,22,1,1,1,454,1,286,284,281,277,271,268,266,264,262,263,268,270,271,272,272,271,268,264,260,261,259,256,257,262,268,274,281,290,298,307,315,1,1,1,1,1,1,1,1,1,1,1,1,1,1,1,1,1,1,1,1,1,1,1,1,1,1,1,1,1,1,1
17050001,2,01/12/1989,,1,1,319,288,296,1,31,1,1,1,0,0,319,315,314,311,307,301,297,295,291,290,290,292,291,292,293,295,296,295,293,297,294,292,292,290,291,290,289,291,292,290,288,1,1,1,1,1,1,1,1,1,1,1,1,1,1,1,1,1,1,1,1,1,1,1,1,1,1,1,1,1,1,1
17050001,1,01/12/1989,,1,1,319,288,296,1,31,1,1,1,566,1,319,315,314,311,307,301,297,295,291,290,290,292,291,292,293,295,296,295,293,297,294,292,292,290,291,290,289,291,292,290,288,1,1,1,1,1,1,1,1,1,1,1,1,1,1,1,1,1,1,1,1,1,1,1,1,1,1,1,1,1,1,1
17050001,2,01/11/1989,,1,1,321,267,297,23,6,1,1,1,0,0,268,269,269,269,268,267,268,267,272,275,283,285,292,298,302,307,310,313,314,314,316,319,321,321,321,321,321,321,321,321,,1,1,1,1,1,1,1,1,1,1,1,1,1,1,1,1,1,1,1,1,1,1,1,1,1,1,1,1,1,1,
17050001,1,01/11/1989,,1,1,321,267,297,23,6,1,1,1,566,1,268,269,269,269,268,267,268,267,272,275,283,285,292,298,302,307,310,313,314,314,316,319,321,321,321,321,321,321,321,321,,1,1,1,1,1,1,1,1,1,1,1,1,1,1,1,1,1,1,1,1,1,1,1,1,1,1,1,1,1,1,0
17050001,2,01/10/1989,,1,1,446,266,334,1,31,1,1,1,0,0,446,439,432,424,414,406,395,384,373,364,355,348,342,334,329,323,319,314,308,301,294,284,280,277,273,270,268,268,269,268,266,1,1,1,1,1,1,1,1,1,1,1,1,1,1,1,1,1,1,1,1,1,1,1,1,1,1,1,1,1,1,1
17050001,1,01/10/1989,,1,1,446,266,334,1,31,1,1,1,566,1,446,439,432,424,414,406,395,384,373,364,355,348,342,334,329,323,319,314,308,301,294,284,280,277,273,270,268,268,269,268,266,1,1,1,1,1,1,1,1,1,1,1,1,1,1,1,1,1,1,1,1,1,1,1,1,1,1,1,1,1,1,1
17050001,2,01/09/1989,,1,1,623,455,546,1,30,1,1,1,0,0,623,619,615,610,604,601,595,589,583,579,570,563,558,551,551,543,541,538,532,527,522,512,505,498,498,481,476,468,462,455,,1,1,1,1,1,1,1,1,1,1,1,1,1,1,1,1,1,1,1,1,1,1,1,1,1,1,1,1,1,1,
17050001,1,01/09/1989,,1,1,623,455,546,1,30,1,1,1,566,1,623,619,615,610,604,601,595,589,583,579,570,563,558,551,551,543,541,538,532,527,522,512,505,498,498,481,476,468,462,455,,1,1,1,1,1,1,1,1,1,1,1,1,1,1,1,1,1,1,1,1,1,1,1,1,1,1,1,1,1,1,0
17050001,2,01/08/1989,,1,1,729,629,682,1,31,1,1,1,0,0,729,725,723,719,717,714,710,708,704,698,695,691,689,683,679,679,676,676,676,673,672,669,665,661,658,653,647,642,636,632,629,1,1,1,1,1,1,1,1,1,1,1,1,1,1,1,1,1,1,1,1,1,1,1,1,1,1,1,1,1,1,1
17050001,1,01/08/1989,,1,1,729,629,682,1,31,1,1,1,566,1,729,725,723,719,717,714,710,708,704,698,695,691,689,683,679,679,676,676,676,673,672,669,665,661,658,653,647,642,636,632,629,1,1,1,1,1,1,1,1,1,1,1,1,1,1,1,1,1,1,1,1,1,1,1,1,1,1,1,1,1,1,1
17050001,2,01/07/1989,,1,1,781,732,759,1,31,1,1,1,0,0,781,780,779,774,776,774,774,772,770,770,769,766,764,761,758,756,756,756,755,752,752,749,751,748,748,746,745,741,738,735,732,1,1,1,1,1,1,1,1,1,1,1,1,1,1,1,1,1,1,1,1,1,1,1,1,1,1,1,1,1,1,1
17050001,1,01/07/1989,,1,1,781,732,759,1,31,1,1,1,566,1,781,780,779,774,776,774,774,772,770,770,769,766,764,761,758,756,756,756,755,752,752,749,751,748,748,746,745,741,738,735,732,1,1,1,1,1,1,1,1,1,1,1,1,1,1,1,1,1,1,1,1,1,1,1,1,1,1,1,1,1,1,1
17050001,2,01/06/1989,,1,1,800,781,792,6,30,1,1,1,0,0,790,793,793,796,799,800,798,798,800,798,797,796,794,794,794,792,789,788,788,788,789,791,790,789,790,787,786,786,783,781,,1,1,1,1,1,1,1,1,1,1,1,1,1,1,1,1,1,1,1,1,1,1,1,1,1,1,1,1,1,1,
17050001,1,01/06/1989,,1,1,800,781,792,6,30,1,1,1,566,1,790,793,793,796,799,800,798,798,800,798,797,796,794,794,794,792,789,788,788,788,789,791,790,789,790,787,786,786,783,781,,1,1,1,1,1,1,1,1,1,1,1,1,1,1,1,1,1,1,1,1,1,1,1,1,1,1,1,1,1,1,0
17050001,2,01/05/1989,,1,1,795,761,781,26,2,1,1,1,0,0,762,761,763,763,766,767,768,771,775,775,778,778,779,777,780,782,784,784,784,787,789,791,793,792,792,795,794,792,792,792,791,1,1,1,1,1,1,1,1,1,1,1,1,1,1,1,1,1,1,1,1,1,1,1,1,1,1,1,1,1,1,1
17050001,1,01/05/1989,,1,1,795,761,781,26,2,1,1,1,566,1,762,761,763,763,766,767,768,771,775,775,778,778,779,777,780,782,784,784,784,787,789,791,793,792,792,795,794,792,792,792,791,1,1,1,1,1,1,1,1,1,1,1,1,1,1,1,1,1,1,1,1,1,1,1,1,1,1,1,1,1,1,1
17050001,2,01/04/1989,,1,1,762,705,740,29,1,1,1,1,0,0,705,706,710,713,717,721,724,726,730,734,736,740,741,744,746,744,745,746,746,746,750,751,751,753,757,759,760,761,762,762,,1,1,1,1,1,1,1,1,1,1,1,1,1,1,1,1,1,1,1,1,1,1,1,1,1,1,1,1,1,1,
17050001,1,01/04/1989,,1,1,762,705,740,29,1,1,1,1,566,1,705,706,710,713,717,721,724,726,730,734,736,740,741,744,746,744,745,746,746,746,750,751,751,753,757,759,760,761,762,762,,1,1,1,1,1,1,1,1,1,1,1,1,1,1,1,1,1,1,1,1,1,1,1,1,1,1,1,1,1,1,0
17050001,2,01/03/1989,,1,1,701,602,655,30,1,1,1,1,0,0,602,604,606,608,609,614,621,624,627,635,641,644,648,655,657,659,662,665,669,673,674,676,681,684,686,691,693,697,699,701,701,1,1,1,1,1,1,1,1,1,1,1,1,1,1,1,1,1,1,1,1,1,1,1,1,1,1,1,1,1,1,1
17050001,1,01/03/1989,,1,1,701,602,655,30,1,1,1,1,566,1,602,604,606,608,609,614,621,624,627,635,641,644,648,655,657,659,662,665,669,673,674,676,681,684,686,691,693,697,699,701,701,1,1,1,1,1,1,1,1,1,1,1,1,1,1,1,1,1,1,1,1,1,1,1,1,1,1,1,1,1,1,1
17050001,2,01/02/1989,,1,1,599,435,521,28,1,1,1,1,0,0,435,439,444,449,456,463,473,481,490,497,506,513,517,524,528,534,537,545,549,554,560,567,573,578,583,589,595,599,,,,1,1,1,1,1,1,1,1,1,1,1,1,1,1,1,1,1,1,1,1,1,1,1,1,1,1,1,1,,,
17050001,1,01/02/1989,,1,1,599,435,521,28,1,1,1,1,566,1,435,439,444,449,456,463,473,481,490,497,506,513,517,524,528,534,537,545,549,554,560,567,573,578,583,589,595,599,,,,1,1,1,1,1,1,1,1,1,1,1,1,1,1,1,1,1,1,1,1,1,1,1,1,1,1,1,1,0,0,0
17050001,2,01/01/1989,,1,1,432,352,389,31,1,1,1,1,0,0,352,352,352,355,357,357,359,363,369,374,379,380,382,387,389,392,392,394,395,398,399,403,406,410,413,415,420,423,426,427,432,1,1,1,1,1,1,1,1,1,1,1,1,1,1,1,1,1,1,1,1,1,1,1,1,1,1,1,1,1,1,1
17050001,1,01/01/1989,,1,1,432,352,389,31,1,1,1,1,566,1,352,352,352,355,357,357,359,363,369,374,379,380,382,387,389,392,392,394,395,398,399,403,406,410,413,415,420,423,426,427,432,1,1,1,1,1,1,1,1,1,1,1,1,1,1,1,1,1,1,1,1,1,1,1,1,1,1,1,1,1,1,1
17050001,2,01/12/1988,,1,1,351,192,277,31,1,1,1,1,0,0,192,198,201,203,210,215,222,229,237,244,250,258,266,268,273,280,285,290,296,300,306,311,318,326,331,336,342,344,348,350,351,1,1,1,1,1,1,1,1,1,1,1,1,1,1,1,1,1,1,1,1,1,1,1,1,1,1,1,1,1,1,1
17050001,1,01/12/1988,,1,1,351,192,277,31,1,1,1,1,453,1,192,198,201,203,210,215,222,229,237,244,250,258,266,268,273,280,285,290,296,300,306,311,318,326,331,336,342,344,348,350,351,1,1,1,1,1,1,1,1,1,1,1,1,1,1,1,1,1,1,1,1,1,1,1,1,1,1,1,1,1,1,1
17050001,2,01/11/1988,,1,1,188,111,138,30,6,1,1,1,0,0,121,119,114,116,112,111,115,117,121,125,126,130,132,131,129,127,127,130,132,136,141,147,155,162,167,175,180,180,184,188,,1,1,1,1,1,1,1,1,1,1,1,1,1,1,1,1,1,1,1,1,1,1,1,1,1,1,1,1,1,1,
17050001,1,01/11/1988,,1,1,188,111,138,30,6,1,1,1,453,1,121,119,114,116,112,111,115,117,121,125,126,130,132,131,129,127,127,130,132,136,141,147,155,162,167,175,180,180,184,188,,1,1,1,1,1,1,1,1,1,1,1,1,1,1,1,1,1,1,1,1,1,1,1,1,1,1,1,1,1,1,0
17050001,2,01/10/1988,,1,1,195,102,127,1,21,1,1,1,0,0,195,183,170,158,148,138,132,127,123,119,117,117,119,117,116,114,107,106,106,104,102,103,107,112,118,122,131,133,132,131,124,1,1,1,1,1,1,1,1,1,1,1,1,1,1,1,1,1,1,1,1,1,1,1,1,1,1,1,1,1,1,1
17050001,1,01/10/1988,,1,1,195,102,127,1,21,1,1,1,453,1,195,183,170,158,148,138,132,127,123,119,117,117,119,117,116,114,107,106,106,104,102,103,107,112,118,122,131,133,132,131,124,1,1,1,1,1,1,1,1,1,1,1,1,1,1,1,1,1,1,1,1,1,1,1,1,1,1,1,1,1,1,1
17050001,2,01/09/1988,,1,1,476,203,335,1,30,1,1,1,0,0,476,470,460,449,438,430,421,410,400,392,382,374,367,356,347,333,322,311,296,283,272,260,249,240,233,229,225,220,213,203,,1,1,1,1,1,1,1,1,1,1,1,1,1,1,1,1,1,1,1,1,1,1,1,1,1,1,1,1,1,1,
17050001,1,01/09/1988,,1,1,476,203,335,1,30,1,1,1,453,1,476,470,460,449,438,430,421,410,400,392,382,374,367,356,347,333,322,311,296,283,272,260,249,240,233,229,225,220,213,203,,1,1,1,1,1,1,1,1,1,1,1,1,1,1,1,1,1,1,1,1,1,1,1,1,1,1,1,1,1,1,0
17050001,2,01/08/1988,,1,1,617,482,555,1,31,1,1,1,0,0,617,614,611,609,606,602,598,594,590,586,582,580,573,569,564,561,557,551,545,539,533,528,521,515,509,504,499,496,492,487,482,1,1,1,1,1,1,1,1,1,1,1,1,1,1,1,1,1,1,1,1,1,1,1,1,1,1,1,1,1,1,1
17050001,1,01/08/1988,,1,1,617,482,555,1,31,1,1,1,453,1,617,614,611,609,606,602,598,594,590,586,582,580,573,569,564,561,557,551,545,539,533,528,521,515,509,504,499,496,492,487,482,1,1,1,1,1,1,1,1,1,1,1,1,1,1,1,1,1,1,1,1,1,1,1,1,1,1,1,1,1,1,1
17050001,2,01/07/1988,,1,1,681,619,654,1,31,1,1,1,0,0,681,681,681,680,680,679,677,672,670,668,664,662,660,660,657,658,656,653,651,649,646,643,640,637,634,630,627,624,622,620,619,1,1,1,1,1,1,1,1,1,1,1,1,1,1,1,1,1,1,1,1,1,1,1,1,1,1,1,1,1,1,1
17050001,1,01/07/1988,,1,1,681,619,654,1,31,1,1,1,453,1,681,681,681,680,680,679,677,672,670,668,664,662,660,660,657,658,656,653,651,649,646,643,640,637,634,630,627,624,622,620,619,1,1,1,1,1,1,1,1,1,1,1,1,1,1,1,1,1,1,1,1,1,1,1,1,1,1,1,1,1,1,1
17050001,2,01/06/1988,,1,1,692,681,687,8,27,1,1,1,0,0,685,686,687,689,690,691,691,692,691,690,690,689,688,688,691,688,690,688,688,688,687,685,684,682,682,682,681,681,683,681,,1,1,1,1,1,1,1,1,1,1,1,1,1,1,1,1,1,1,1,1,1,1,1,1,1,1,1,1,1,1,
17050001,1,01/06/1988,,1,1,692,681,687,8,27,1,1,1,453,1,685,686,687,689,690,691,691,692,691,690,690,689,688,688,691,688,690,688,688,688,687,685,684,682,682,682,681,681,683,681,,1,1,1,1,1,1,1,1,1,1,1,1,1,1,1,1,1,1,1,1,1,1,1,1,1,1,1,1,1,1,0
17050001,2,01/05/1988,,1,1,686,639,673,22,1,1,1,1,0,0,639,644,644,648,654,657,659,666,668,670,672,673,675,677,679,681,683,684,684,684,684,686,685,686,686,684,684,685,685,686,685,1,1,1,1,1,1,1,1,1,1,1,1,1,1,1,1,1,1,1,1,1,1,1,1,1,1,1,1,1,1,1
17050001,1,01/05/1988,,1,1,686,639,673,22,1,1,1,1,453,1,639,644,644,648,654,657,659,666,668,670,672,673,675,677,679,681,683,684,684,684,684,686,685,686,686,684,684,685,685,686,685,1,1,1,1,1,1,1,1,1,1,1,1,1,1,1,1,1,1,1,1,1,1,1,1,1,1,1,1,1,1,1
17050001,2,01/04/1988,,1,1,634,604,621,30,1,1,1,1,0,0,604,607,609,610,610,611,613,614,616,615,617,620,619,620,621,622,623,624,624,627,629,630,629,630,629,628,629,630,632,634,,1,1,1,1,1,1,1,1,1,1,1,1,1,1,1,1,1,1,1,1,1,1,1,1,1,1,1,1,1,1,
17050001,1,01/04/1988,,1,1,634,604,621,30,1,1,1,1,453,1,604,607,609,610,610,611,613,614,616,615,617,620,619,620,621,622,623,624,624,627,629,630,629,630,629,628,629,630,632,634,,1,1,1,1,1,1,1,1,1,1,1,1,1,1,1,1,1,1,1,1,1,1,1,1,1,1,1,1,1,1,0
17050001,2,01/03/1988,,1,1,606,531,579,29,1,1,1,1,0,0,531,535,538,542,547,551,555,560,565,568,571,572,577,579,579,582,587,589,593,595,598,600,602,602,600,601,601,603,606,606,604,1,1,1,1,1,1,1,1,1,1,1,1,1,1,1,1,1,1,1,1,1,1,1,1,1,1,1,1,1,1,1
17050001,1,01/03/1988,,1,1,606,531,579,29,1,1,1,1,453,1,531,535,538,542,547,551,555,560,565,568,571,572,577,579,579,582,587,589,593,595,598,600,602,602,600,601,601,603,606,606,604,1,1,1,1,1,1,1,1,1,1,1,1,1,1,1,1,1,1,1,1,1,1,1,1,1,1,1,1,1,1,1
17050001,2,01/02/1988,,1,1,527,403,464,29,1,1,1,1,0,0,403,409,412,416,421,424,429,435,438,443,444,447,448,450,455,462,470,476,484,489,495,499,503,509,513,517,519,523,527,,,1,1,1,1,1,1,1,1,1,1,1,1,1,1,1,1,1,1,1,1,1,1,1,1,1,1,1,1,1,,
17050001,1,01/02/1988,,1,1,527,403,464,29,1,1,1,1,453,1,403,409,412,416,421,424,429,435,438,443,444,447,448,450,455,462,470,476,484,489,495,499,503,509,513,517,519,523,527,,,1,1,1,1,1,1,1,1,1,1,1,1,1,1,1,1,1,1,1,1,1,1,1,1,1,1,1,1,1,0,0
17050001,2,01/01/1988,,1,1,399,262,330,31,1,1,1,1,0,0,262,265,269,273,277,283,286,289,294,297,301,306,308,311,317,322,328,337,343,351,358,363,372,372,384,390,392,394,396,398,399,1,1,1,1,1,1,1,1,1,1,1,1,1,1,1,1,1,1,1,1,1,1,1,1,1,1,1,1,1,1,1
17050001,1,01/01/1988,,1,1,399,262,330,31,1,1,1,1,453,1,262,265,269,273,277,283,286,289,294,297,301,306,308,311,317,322,328,337,343,351,358,363,372,372,384,390,392,394,396,398,399,1,1,1,1,1,1,1,1,1,1,1,1,1,1,1,1,1,1,1,1,1,1,1,1,1,1,1,1,1,1,1
17050001,2,01/12/1987,,1,1,259,143,197,31,1,1,1,1,0,0,143,147,152,154,158,161,166,167,171,169,174,174,175,178,181,184,189,193,198,205,212,223,232,241,245,248,249,252,255,258,259,1,1,1,1,1,1,1,1,1,1,1,1,1,1,1,1,1,1,1,1,1,1,1,1,1,1,1,1,1,1,1
17050001,1,01/12/1987,,1,1,259,143,197,31,1,1,1,1,451,1,143,147,152,154,158,161,166,167,171,169,174,174,175,178,181,184,189,193,198,205,212,223,232,241,245,248,249,252,255,258,259,1,1,1,1,1,1,1,1,1,1,1,1,1,1,1,1,1,1,1,1,1,1,1,1,1,1,1,1,1,1,1
17050001,2,01/11/1987,,1,1,142,101,119,28,1,2,2,2,0,0,101,101,103,110,113,118,119,120,120,120,114,107,111,112,102,102,105,105,108,113,118,125,132,138,141,141,141,142,142,142,,1,1,1,1,1,1,1,1,1,1,1,1,1,1,1,1,1,1,1,1,1,1,1,1,1,2,1,1,1,1,
17050001,1,01/11/1987,,1,1,146,101,119,26,1,1,1,1,451,1,101,101,103,110,113,118,119,120,120,120,114,107,111,112,102,102,105,105,108,113,118,125,132,138,141,146,141,142,142,142,,1,1,1,1,1,1,1,1,1,1,1,1,1,1,1,1,1,1,1,1,1,1,1,1,1,1,1,1,1,1,0
17050001,2,01/10/1987,,1,1,195,103,140,1,31,1,1,1,0,0,195,188,182,178,175,171,170,169,169,167,161,154,144,134,128,123,118,116,113,112,112,114,117,119,121,121,118,116,112,108,103,1,1,1,1,1,1,1,1,1,1,1,1,1,1,1,1,1,1,1,1,1,1,1,1,1,1,1,1,1,1,1
17050001,1,01/10/1987,,1,1,195,103,140,1,31,1,1,1,451,1,195,188,182,178,175,171,170,169,169,167,161,154,144,134,128,123,118,116,113,112,112,114,117,119,121,121,118,116,112,108,103,1,1,1,1,1,1,1,1,1,1,1,1,1,1,1,1,1,1,1,1,1,1,1,1,1,1,1,1,1,1,1
17050001,2,01/09/1987,,1,1,392,202,298,1,30,1,1,1,0,0,392,385,378,372,363,358,355,352,348,343,339,332,324,315,304,294,284,272,265,259,253,249,244,239,233,228,225,219,211,202,,1,1,1,1,1,1,1,1,1,1,1,1,1,1,1,1,1,1,1,1,1,1,1,1,1,1,1,1,1,1,
17050001,1,01/09/1987,,1,1,392,202,298,1,30,1,1,1,451,1,392,385,378,372,363,358,355,352,348,343,339,332,324,315,304,294,284,272,265,259,253,249,244,239,233,228,225,219,211,202,,1,1,1,1,1,1,1,1,1,1,1,1,1,1,1,1,1,1,1,1,1,1,1,1,1,1,1,1,1,1,0
17050001,2,01/08/1987,,1,1,557,402,483,1,31,1,1,1,0,0,557,553,548,541,536,532,527,522,521,517,513,509,505,498,495,489,482,475,467,460,454,450,444,439,434,430,424,418,414,410,402,1,1,1,1,1,1,1,1,1,1,1,1,1,1,1,1,1,1,1,1,1,1,1,1,1,1,1,1,1,1,1
17050001,1,01/08/1987,,1,1,557,402,483,1,31,1,1,1,451,1,557,553,548,541,536,532,527,522,521,517,513,509,505,498,495,489,482,475,467,460,454,450,444,439,434,430,424,418,414,410,402,1,1,1,1,1,1,1,1,1,1,1,1,1,1,1,1,1,1,1,1,1,1,1,1,1,1,1,1,1,1,1
17050001,2,01/07/1987,,1,1,648,558,608,1,31,1,1,1,0,0,648,645,643,640,638,635,633,628,629,625,626,623,621,620,616,615,613,609,605,601,595,590,585,581,577,574,571,566,564,560,558,1,1,1,1,1,1,1,1,1,1,1,1,1,1,1,1,1,1,1,1,1,1,1,1,1,1,1,1,1,1,1
17050001,1,01/07/1987,,1,1,648,558,608,1,31,1,1,1,451,1,648,645,643,640,638,635,633,628,629,625,626,623,621,620,616,615,613,609,605,601,595,590,585,581,577,574,571,566,564,560,558,1,1,1,1,1,1,1,1,1,1,1,1,1,1,1,1,1,1,1,1,1,1,1,1,1,1,1,1,1,1,1
17050001,2,01/06/1987,,1,1,686,650,670,1,30,1,1,1,0,0,686,684,683,681,677,676,677,675,674,672,672,672,672,673,674,673,672,674,673,670,669,667,665,661,661,659,658,656,653,650,,1,1,1,1,1,1,1,1,1,1,1,1,1,1,1,1,1,1,1,1,1,1,1,1,1,1,1,1,1,1,
17050001,1,01/06/1987,07:00,0,1,686,649,1340,1,30,1,1,1,,0,686,684,683,682,678,676,677,675,675,672,670,672,671,673,674,674,672,674,673,670,669,668,666,660,661,659,658,657,653,650,,1,1,1,1,1,1,1,1,1,1,1,1,1,1,1,1,1,1,1,1,1,1,1,1,1,1,1,1,1,1,0
17050001,1,01/06/1987,17:00,0,1,686,649,1340,1,30,1,1,1,,0,685,683,683,679,676,676,676,675,673,671,674,672,672,673,674,672,672,674,672,670,669,666,664,662,660,658,658,655,653,649,,1,1,1,1,1,1,1,1,1,1,1,1,1,1,1,1,1,1,1,1,1,1,1,1,1,1,1,1,1,1,0
17050001,1,01/06/1987,,1,1,686,650,670,1,30,1,1,1,451,1,686,684,683,681,677,676,677,675,674,672,672,672,672,673,674,673,672,674,673,670,669,667,665,661,661,659,658,656,653,650,,1,1,1,1,1,1,1,1,1,1,1,1,1,1,1,1,1,1,1,1,1,1,1,1,1,1,1,1,1,1,0
17050001,2,01/05/1987,,1,1,695,683,690,18,1,1,1,1,0,0,683,686,688,691,691,690,690,690,689,691,690,690,693,693,694,694,694,695,694,693,694,691,690,690,689,690,690,690,689,687,686,1,1,1,1,1,1,1,1,1,1,1,1,1,1,1,1,1,1,1,1,1,1,1,1,1,1,1,1,1,1,1
17050001,1,01/05/1987,07:00,0,1,695,682,1381,15,1,1,1,1,,0,682,686,687,690,690,690,690,689,689,690,692,690,692,693,693,694,694,695,694,694,694,692,690,690,690,690,690,689,689,687,686,1,1,1,1,1,1,1,1,1,1,1,1,1,1,1,1,1,1,1,1,1,1,1,1,1,1,1,1,1,1,1
17050001,1,01/05/1987,17:00,0,1,695,682,1381,15,1,1,1,1,,0,684,686,688,692,692,690,690,690,689,691,688,690,693,693,695,694,694,695,694,692,694,690,690,690,687,690,690,690,689,687,686,1,1,1,1,1,1,1,1,1,1,1,1,1,1,1,1,1,1,1,1,1,1,1,1,1,1,1,1,1,1,1
17050001,1,01/05/1987,,1,1,695,683,690,18,1,1,1,1,451,1,683,686,688,691,691,690,690,690,689,691,690,690,693,693,694,694,694,695,694,693,694,691,690,690,689,690,690,690,689,687,686,1,1,1,1,1,1,1,1,1,1,1,1,1,1,1,1,1,1,1,1,1,1,1,1,1,1,1,1,1,1,1
17050001,2,01/04/1987,,1,1,680,634,654,29,10,1,1,1,0,0,635,637,637,639,641,640,638,636,635,634,639,641,645,648,650,653,655,658,664,665,666,666,668,670,671,674,678,679,680,679,,1,1,1,1,1,1,1,1,1,1,1,1,1,1,1,1,1,1,1,1,1,1,1,1,1,1,1,1,1,1,
17050001,1,01/04/1987,07:00,0,1,680,632,1308,29,10,1,1,1,,0,636,637,636,638,641,640,638,636,636,632,639,640,644,647,649,653,654,656,664,665,666,665,668,668,670,673,678,679,680,679,,1,1,1,1,1,1,1,1,1,1,1,1,1,1,1,1,1,1,1,1,1,1,1,1,1,1,1,1,1,1,0
17050001,1,01/04/1987,17:00,0,1,680,632,1308,29,10,1,1,1,,0,634,636,637,639,641,640,637,635,634,636,639,642,645,648,650,653,655,660,664,665,666,667,668,672,672,675,678,679,680,678,,1,1,1,1,1,1,1,1,1,1,1,1,1,1,1,1,1,1,1,1,1,1,1,1,1,1,1,1,1,1,0
17050001,1,01/04/1987,,1,1,680,634,654,29,10,1,1,1,451,1,635,637,637,639,641,640,638,636,635,634,639,641,645,648,650,653,655,658,664,665,666,666,668,670,671,674,678,679,680,679,,1,1,1,1,1,1,1,1,1,1,1,1,1,1,1,1,1,1,1,1,1,1,1,1,1,1,1,1,1,1,0
17050001,2,01/03/1987,,1,1,634,555,595,31,1,1,1,1,0,0,555,559,564,568,570,572,574,576,574,574,574,580,581,583,585,588,594,600,603,607,609,615,618,618,621,625,629,631,632,633,634,1,1,1,1,1,1,1,1,1,1,1,1,1,1,1,1,1,1,1,1,1,1,1,1,1,1,1,1,1,1,1
17050001,1,01/03/1987,07:00,0,1,634,554,1190,31,1,1,1,1,,0,554,557,562,568,570,571,573,576,574,573,574,580,580,583,584,586,593,599,602,606,608,613,617,617,620,624,626,630,632,632,633,1,1,1,1,1,1,1,1,1,1,1,1,1,1,1,1,1,1,1,1,1,1,1,1,1,1,1,1,1,1,1
17050001,1,01/03/1987,17:00,0,1,634,554,1190,31,1,1,1,1,,0,555,560,565,568,570,572,574,576,574,574,574,580,581,583,585,590,594,600,604,608,610,616,618,619,622,625,632,631,632,633,634,1,1,1,1,1,1,1,1,1,1,1,1,1,1,1,1,1,1,1,1,1,1,1,1,1,1,1,1,1,1,1
17050001,1,01/03/1987,,1,1,634,555,595,31,1,1,1,1,451,1,555,559,564,568,570,572,574,576,574,574,574,580,581,583,585,588,594,600,603,607,609,615,618,618,621,625,629,631,632,633,634,1,1,1,1,1,1,1,1,1,1,1,1,1,1,1,1,1,1,1,1,1,1,1,1,1,1,1,1,1,1,1
17050001,2,01/02/1987,,1,1,551,485,512,28,1,1,1,1,0,0,485,488,490,491,492,491,491,490,490,491,494,497,501,504,508,513,520,524,526,530,533,535,538,539,540,544,547,551,,,,1,1,1,1,1,1,1,1,1,1,1,1,1,1,1,1,1,1,1,1,1,1,1,1,1,1,1,1,,,
17050001,1,01/02/1987,07:00,0,1,552,484,1024,28,1,1,1,1,,0,484,487,490,491,492,492,491,490,490,490,494,495,500,503,506,512,520,523,525,529,532,534,538,538,540,543,547,550,,,,1,1,1,1,1,1,1,1,1,1,1,1,1,1,1,1,1,1,1,1,1,1,1,1,1,1,1,1,0,0,0
17050001,1,01/02/1987,17:00,0,1,552,484,1024,28,1,1,1,1,,0,486,488,490,491,491,490,490,490,490,492,494,499,501,504,509,514,520,524,526,530,533,536,538,540,540,544,547,552,,,,1,1,1,1,1,1,1,1,1,1,1,1,1,1,1,1,1,1,1,1,1,1,1,1,1,1,1,1,0,0,0
17050001,1,01/02/1987,,1,1,551,485,512,28,1,1,1,1,451,1,485,488,490,491,492,491,491,490,490,491,494,497,501,504,508,513,520,524,526,530,533,535,538,539,540,544,547,551,,,,1,1,1,1,1,1,1,1,1,1,1,1,1,1,1,1,1,1,1,1,1,1,1,1,1,1,1,1,0,0,0
17050001,2,01/01/1987,,1,1,482,413,449,31,1,1,1,1,0,0,413,418,424,431,433,435,436,438,440,441,442,442,442,442,444,447,449,450,456,458,461,461,461,461,464,466,468,473,477,478,482,1,1,1,1,1,1,1,1,1,1,1,1,1,1,1,1,1,1,1,1,1,1,1,1,1,1,1,1,1,1,1
17050001,1,01/01/1987,07:00,0,1,482,412,899,31,1,1,1,1,,0,412,416,422,430,433,436,436,437,440,440,442,442,442,442,443,447,449,449,455,457,461,461,461,461,463,466,468,472,476,478,481,1,1,1,1,1,1,1,1,1,1,1,1,1,1,1,1,1,1,1,1,1,1,1,1,1,1,1,1,1,1,1
17050001,1,01/01/1987,17:00,0,1,482,412,899,31,1,1,1,1,,0,414,420,426,431,432,434,436,438,440,441,442,442,442,442,444,447,449,450,457,458,460,461,461,461,464,466,468,473,477,478,482,1,1,1,1,1,1,1,1,1,1,1,1,1,1,1,1,1,1,1,1,1,1,1,1,1,1,1,1,1,1,1
17050001,1,01/01/1987,,1,1,482,413,449,31,1,1,1,1,451,1,413,418,424,431,433,435,436,438,440,441,442,442,442,442,444,447,449,450,456,458,461,461,461,461,464,466,468,473,477,478,482,1,1,1,1,1,1,1,1,1,1,1,1,1,1,1,1,1,1,1,1,1,1,1,1,1,1,1,1,1,1,1
17050001,2,01/12/1986,,1,1,409,354,385,31,1,1,1,1,0,0,354,357,360,365,368,373,375,375,375,376,378,380,380,384,387,390,391,394,394,394,394,395,395,394,394,394,394,397,400,406,409,1,1,1,1,1,1,1,1,1,1,1,1,1,1,1,1,1,1,1,1,1,1,1,1,1,1,1,1,1,1,1
17050001,1,01/12/1986,07:00,0,1,410,354,769,31,1,1,1,1,1054,1,354,356,360,364,368,372,374,376,376,376,378,380,380,384,386,389,390,394,394,394,394,396,395,394,394,394,394,396,400,406,408,1,1,1,1,1,1,1,1,1,1,1,1,1,1,1,1,1,1,1,1,1,1,1,1,1,1,1,1,1,1,1
17050001,1,01/12/1986,17:00,0,1,410,354,769,31,1,1,1,1,1054,1,354,358,360,366,368,373,375,374,374,376,378,380,380,384,388,390,392,394,394,394,394,394,394,394,394,394,394,398,400,406,410,1,1,1,1,1,1,1,1,1,1,1,1,1,1,1,1,1,1,1,1,1,1,1,1,1,1,1,1,1,1,1
17050001,1,01/12/1986,,1,1,409,354,385,31,1,1,1,1,527,1,354,357,360,365,368,373,375,375,375,376,378,380,380,384,387,390,391,394,394,394,394,395,395,394,394,394,394,397,400,406,409,1,1,1,1,1,1,1,1,1,1,1,1,1,1,1,1,1,1,1,1,1,1,1,1,1,1,1,1,1,1,1
17050001,2,01/11/1986,,1,1,350,309,332,30,1,1,1,1,0,0,309,314,319,318,326,329,330,332,330,329,329,331,332,332,332,334,336,336,337,338,336,336,337,335,336,336,337,339,344,350,,1,1,1,1,1,1,1,1,1,1,1,1,1,1,1,1,1,1,1,1,1,1,1,1,1,1,1,1,1,1,
17050001,1,01/11/1986,07:00,0,1,351,214,660,30,4,1,1,1,1054,1,308,313,318,321,325,328,332,332,330,328,329,330,332,332,332,334,335,336,337,338,336,336,337,335,336,336,336,338,342,348,,1,1,1,1,1,1,1,1,1,1,1,1,1,1,1,1,1,1,1,1,1,1,1,1,1,1,1,1,1,1,0
17050001,1,01/11/1986,17:00,0,1,351,214,660,30,4,1,1,1,1054,1,310,315,319,214,326,330,328,331,329,329,329,331,332,332,332,334,336,336,337,337,336,336,336,335,336,336,337,340,345,351,,1,1,1,1,1,1,1,1,1,1,1,1,1,1,1,1,1,1,1,1,1,1,1,1,1,1,1,1,1,1,0
17050001,1,01/11/1986,,1,1,350,268,330,30,4,1,1,1,527,1,309,314,319,318,326,329,330,332,330,329,329,331,332,332,332,334,336,336,337,338,336,336,337,335,336,336,337,339,344,350,,1,1,1,1,1,1,1,1,1,1,1,1,1,1,1,1,1,1,1,1,1,1,1,1,1,1,1,1,1,1,0
17050001,2,01/10/1986,,1,1,356,299,315,1,27,1,1,1,0,0,356,350,346,343,341,338,333,329,323,317,313,308,305,302,304,306,304,305,307,309,308,306,305,304,303,301,299,300,300,300,305,1,1,1,1,1,1,1,1,1,1,1,1,1,1,1,1,1,1,1,1,1,1,1,1,1,1,1,1,1,1,1
17050001,1,01/10/1986,07:00,0,1,358,297,630,1,27,1,1,1,1054,1,358,351,346,344,342,338,333,332,326,320,314,308,306,302,303,306,304,304,306,309,308,307,306,305,303,301,300,300,300,300,304,1,1,1,1,1,1,1,1,1,1,1,1,1,1,1,1,1,1,1,1,1,1,1,1,1,1,1,1,1,1,1
17050001,1,01/10/1986,17:00,0,1,358,297,630,1,27,1,1,1,1054,1,354,349,346,341,340,337,332,326,320,314,311,307,304,302,304,305,304,305,307,308,308,304,303,302,302,301,297,299,300,300,306,1,1,1,1,1,1,1,1,1,1,1,1,1,1,1,1,1,1,1,1,1,1,1,1,1,1,1,1,1,1,1
17050001,1,01/10/1986,,1,1,356,299,315,1,27,1,1,1,527,1,356,350,346,343,341,338,333,329,323,317,313,308,305,302,304,306,304,305,307,309,308,306,305,304,303,301,299,300,300,300,305,1,1,1,1,1,1,1,1,1,1,1,1,1,1,1,1,1,1,1,1,1,1,1,1,1,1,1,1,1,1,1
17050001,2,01/09/1986,,1,1,551,361,467,1,30,1,1,1,0,0,551,546,539,535,533,529,524,520,514,508,502,496,489,483,475,469,461,456,449,444,439,430,423,413,403,394,385,374,366,361,,1,1,1,1,1,1,1,1,1,1,1,1,1,1,1,1,1,1,1,1,1,1,1,1,1,1,1,1,1,1,
17050001,1,01/09/1986,07:00,0,1,552,358,934,1,30,1,1,1,1054,1,552,548,540,536,533,530,524,522,516,510,504,498,490,484,477,470,462,457,450,446,440,432,425,416,406,397,388,376,368,363,,1,1,1,1,1,1,1,1,1,1,1,1,1,1,1,1,1,1,1,1,1,1,1,1,1,1,1,1,1,1,0
17050001,1,01/09/1986,17:00,0,1,552,358,934,1,30,1,1,1,1054,1,550,544,538,534,532,528,523,517,512,505,500,494,488,482,472,468,460,454,448,442,438,428,420,410,400,390,382,372,364,358,,1,1,1,1,1,1,1,1,1,1,1,1,1,1,1,1,1,1,1,1,1,1,1,1,1,1,1,1,1,1,0
17050001,1,01/09/1986,,1,1,551,361,467,1,30,1,1,1,527,1,551,546,539,535,533,529,524,520,514,508,502,496,489,483,475,469,461,456,449,444,439,430,423,413,403,394,385,374,366,361,,1,1,1,1,1,1,1,1,1,1,1,1,1,1,1,1,1,1,1,1,1,1,1,1,1,1,1,1,1,1,0
17050001,2,01/08/1986,,1,1,671,559,625,1,31,1,1,1,0,0,671,669,665,662,659,657,656,655,652,650,646,643,640,637,633,629,625,622,619,613,610,607,602,599,593,589,584,578,571,566,559,1,1,1,1,1,1,1,1,1,1,1,1,1,1,1,1,1,1,1,1,1,1,1,1,1,1,1,1,1,1,1
17050001,1,01/08/1986,07:00,0,1,672,556,1245,1,6,1,1,1,1054,1,672,669,666,662,660,658,656,655,652,650,647,644,641,638,633,630,626,622,619,613,610,608,603,600,595,590,585,579,572,565,560,1,1,1,1,1,1,1,1,1,1,1,1,1,1,1,1,1,1,1,1,1,1,1,1,1,1,1,1,1,1,1
17050001,1,01/08/1986,17:00,0,1,672,556,1245,1,6,1,1,1,1054,1,670,668,664,661,658,556,655,654,651,649,644,642,638,636,632,628,624,621,618,612,609,606,601,598,590,588,582,576,569,567,558,1,1,1,1,1,1,1,1,1,1,1,1,1,1,1,1,1,1,1,1,1,1,1,1,1,1,1,1,1,1,1
17050001,1,01/08/1986,,1,1,671,559,623,1,31,1,1,1,527,1,671,669,665,662,659,657,656,655,652,650,646,643,640,637,633,629,625,622,619,613,610,607,602,599,593,589,584,578,571,566,559,1,1,1,1,1,1,1,1,1,1,1,1,1,1,1,1,1,1,1,1,1,1,1,1,1,1,1,1,1,1,1
17050001,2,01/07/1986,,1,1,698,673,691,1,31,1,1,1,0,0,698,697,697,694,694,695,694,696,696,694,695,694,694,694,694,692,692,692,689,689,689,688,689,688,688,687,685,683,681,678,673,1,1,1,1,1,1,1,1,1,1,1,1,1,1,1,1,1,1,1,1,1,1,1,1,1,1,1,1,1,1,1
17050001,1,01/07/1986,07:00,0,1,698,672,1381,1,31,1,1,1,1054,1,698,697,697,694,694,696,694,696,696,694,696,694,694,694,694,692,692,692,688,689,689,688,689,688,690,687,685,683,681,679,674,1,1,1,1,1,1,1,1,1,1,1,1,1,1,1,1,1,1,1,1,1,1,1,1,1,1,1,1,1,1,1
17050001,1,01/07/1986,17:00,0,1,698,672,1381,1,31,1,1,1,1054,1,698,697,696,694,694,694,694,696,696,694,694,694,694,694,694,692,692,692,689,689,689,688,689,687,686,687,684,682,680,677,672,1,1,1,1,1,1,1,1,1,1,1,1,1,1,1,1,1,1,1,1,1,1,1,1,1,1,1,1,1,1,1
17050001,1,01/07/1986,,1,1,698,673,691,1,31,1,1,1,527,1,698,697,697,694,694,695,694,696,696,694,695,694,694,694,694,692,692,692,689,689,689,688,689,688,688,687,685,683,681,678,673,1,1,1,1,1,1,1,1,1,1,1,1,1,1,1,1,1,1,1,1,1,1,1,1,1,1,1,1,1,1,1
17050001,2,01/06/1986,,1,1,704,698,701,2,20,1,1,1,0,0,700,704,702,702,700,699,699,699,699,699,700,700,701,701,702,700,700,700,699,698,700,702,701,702,702,702,702,701,700,699,,1,1,1,1,1,1,1,1,1,1,1,1,1,1,1,1,1,1,1,1,1,1,1,1,1,1,1,1,1,1,
17050001,1,01/06/1986,07:00,0,1,704,698,1401,2,10,1,1,1,1054,1,700,704,702,702,700,699,699,699,699,698,700,700,701,702,702,700,700,700,700,698,700,702,702,702,701,701,702,701,700,699,,1,1,1,1,1,1,1,1,1,1,1,1,1,1,1,1,1,1,1,1,1,1,1,1,1,1,1,1,1,1,0
17050001,1,01/06/1986,17:00,0,1,704,698,1401,2,10,1,1,1,1054,1,700,704,701,701,700,699,699,699,699,700,700,700,700,700,702,700,700,700,698,698,700,702,700,702,702,702,701,700,700,698,,1,1,1,1,1,1,1,1,1,1,1,1,1,1,1,1,1,1,1,1,1,1,1,1,1,1,1,1,1,1,0
17050001,1,01/06/1986,,1,1,704,698,700,2,20,1,1,1,527,1,700,704,702,702,700,699,699,699,699,699,700,700,701,701,702,700,700,700,699,698,700,702,701,702,702,702,702,701,700,699,,1,1,1,1,1,1,1,1,1,1,1,1,1,1,1,1,1,1,1,1,1,1,1,1,1,1,1,1,1,1,0
17050001,2,01/05/1986,,1,1,711,693,702,13,1,1,1,1,0,0,693,694,693,694,696,703,705,706,706,708,709,710,711,710,709,709,706,702,702,701,700,699,698,700,700,700,702,702,701,699,700,1,1,1,1,1,1,1,1,1,1,1,1,1,1,1,1,1,1,1,1,1,1,1,1,1,1,1,1,1,1,1
17050001,1,01/05/1986,07:00,0,1,711,692,1404,13,1,1,1,1,1054,1,692,694,693,693,695,702,704,706,705,708,708,710,711,709,709,709,707,702,702,702,700,699,698,700,700,700,702,702,701,699,700,1,1,1,1,1,1,1,1,1,1,1,1,1,1,1,1,1,1,1,1,1,1,1,1,1,1,1,1,1,1,1
17050001,1,01/05/1986,17:00,0,1,711,692,1404,13,1,1,1,1,1054,1,693,693,693,694,696,703,705,705,707,708,709,710,710,710,709,709,705,702,702,700,699,698,698,700,700,700,702,702,701,699,700,1,1,1,1,1,1,1,1,1,1,1,1,1,1,1,1,1,1,1,1,1,1,1,1,1,1,1,1,1,1,1
17050001,1,01/05/1986,,1,1,711,693,702,13,1,1,1,1,527,1,693,694,693,694,696,703,705,706,706,708,709,710,711,710,709,709,706,702,702,701,700,699,698,700,700,700,702,702,701,699,700,1,1,1,1,1,1,1,1,1,1,1,1,1,1,1,1,1,1,1,1,1,1,1,1,1,1,1,1,1,1,1
17050001,2,01/04/1986,,1,1,691,631,660,30,1,1,1,1,0,0,631,633,634,635,636,637,641,645,647,650,652,654,655,657,660,663,663,666,668,668,669,671,672,675,678,681,684,687,690,691,,1,1,1,1,1,1,1,1,1,1,1,1,1,1,1,1,1,1,1,1,1,1,1,1,1,1,1,1,1,1,
17050001,1,01/04/1986,07:00,0,1,691,630,1319,30,1,1,1,1,1054,1,630,632,634,634,635,636,640,643,646,650,652,653,655,656,660,663,663,663,668,668,668,670,672,674,677,680,683,686,690,690,,1,1,1,1,1,1,1,1,1,1,1,1,1,1,1,1,1,1,1,1,1,1,1,1,1,1,1,1,1,1,0
17050001,1,01/04/1986,17:00,0,1,691,630,1319,30,1,1,1,1,1054,1,631,633,634,635,636,638,642,646,647,650,652,654,655,658,660,663,663,668,668,668,669,671,672,675,678,681,684,688,690,691,,1,1,1,1,1,1,1,1,1,1,1,1,1,1,1,1,1,1,1,1,1,1,1,1,1,1,1,1,1,1,0
17050001,1,01/04/1986,,1,1,691,631,660,30,1,1,1,1,527,1,631,633,634,635,636,637,641,645,647,650,652,654,655,657,660,663,663,666,668,668,669,671,672,675,678,681,684,687,690,691,,1,1,1,1,1,1,1,1,1,1,1,1,1,1,1,1,1,1,1,1,1,1,1,1,1,1,1,1,1,1,0
17050001,2,01/03/1986,,1,1,625,523,574,31,1,1,1,1,0,0,523,531,533,535,536,537,544,548,550,553,559,563,567,571,575,579,581,583,584,585,592,594,595,597,599,603,606,610,615,619,625,1,1,1,1,1,1,1,1,1,1,1,1,1,1,1,1,1,1,1,1,1,1,1,1,1,1,1,1,1,1,1
17050001,1,01/03/1986,07:00,0,1,626,522,1147,31,1,1,1,1,1054,1,522,530,533,534,536,537,541,547,549,552,558,562,566,570,574,578,580,582,584,584,590,593,593,597,598,602,606,609,614,618,624,1,1,1,1,1,1,1,1,1,1,1,1,1,1,1,1,1,1,1,1,1,1,1,1,1,1,1,1,1,1,1
17050001,1,01/03/1986,17:00,0,1,626,522,1147,31,1,1,1,1,1054,1,524,531,533,535,536,537,546,548,550,554,560,564,567,571,576,579,581,584,584,586,593,594,596,596,600,603,606,611,616,620,626,1,1,1,1,1,1,1,1,1,1,1,1,1,1,1,1,1,1,1,1,1,1,1,1,1,1,1,1,1,1,1
17050001,1,01/03/1986,,1,1,625,523,574,31,1,1,1,1,527,1,523,531,533,535,536,537,544,548,550,553,559,563,567,571,575,579,581,583,584,585,592,594,595,597,599,603,606,610,615,619,625,1,1,1,1,1,1,1,1,1,1,1,1,1,1,1,1,1,1,1,1,1,1,1,1,1,1,1,1,1,1,1
17050001,2,01/02/1986,,1,1,518,433,475,28,1,1,1,1,0,0,433,435,438,441,443,445,448,451,453,459,465,470,474,477,481,484,485,489,493,494,494,494,497,500,504,508,513,518,,,,1,1,1,1,1,1,1,1,1,1,1,1,1,1,1,1,1,1,1,1,1,1,1,1,1,1,1,1,,,
17050001,1,01/02/1986,07:00,0,1,519,432,949,28,1,1,1,1,1054,1,432,434,437,440,442,444,447,450,452,457,464,469,474,475,480,484,484,488,492,494,494,494,496,500,503,507,512,517,,,,1,1,1,1,1,1,1,1,1,1,1,1,1,1,1,1,1,1,1,1,1,1,1,1,1,1,1,1,0,0,0
17050001,1,01/02/1986,17:00,0,1,519,432,949,28,1,1,1,1,1054,1,433,435,438,441,443,445,449,451,454,460,466,470,474,479,482,484,486,490,493,494,494,494,498,500,504,509,514,519,,,,1,1,1,1,1,1,1,1,1,1,1,1,1,1,1,1,1,1,1,1,1,1,1,1,1,1,1,1,0,0,0
17050001,1,01/02/1986,,1,1,518,433,475,28,1,1,1,1,527,1,433,435,438,441,443,445,448,451,453,459,465,470,474,477,481,484,485,489,493,494,494,494,497,500,504,508,513,518,,,,1,1,1,1,1,1,1,1,1,1,1,1,1,1,1,1,1,1,1,1,1,1,1,1,1,1,1,1,0,0,0
17050001,2,01/01/1986,,1,1,430,374,406,31,1,1,1,1,0,0,374,375,377,380,383,388,396,403,407,411,415,419,420,420,420,419,416,413,410,409,403,404,404,404,405,408,410,416,419,423,430,1,1,1,1,1,1,1,1,1,1,1,1,1,1,1,1,1,1,1,1,1,1,1,1,1,1,1,1,1,1,1
17050001,1,01/01/1986,07:00,0,1,430,374,811,31,1,1,1,1,1054,1,374,374,377,379,382,386,393,402,406,410,414,418,420,420,420,420,416,414,410,410,403,404,404,404,404,407,410,414,420,422,430,1,1,1,1,1,1,1,1,1,1,1,1,1,1,1,1,1,1,1,1,1,1,1,1,1,1,1,1,1,1,1
17050001,1,01/01/1986,17:00,0,1,430,374,811,31,1,1,1,1,1054,1,374,375,377,380,384,390,398,404,408,412,416,419,420,420,419,418,415,412,410,408,403,404,404,404,405,408,410,417,418,424,430,1,1,1,1,1,1,1,1,1,1,1,1,1,1,1,1,1,1,1,1,1,1,1,1,1,1,1,1,1,1,1
17050001,1,01/01/1986,,1,1,430,374,406,31,1,1,1,1,527,1,374,375,377,380,383,388,396,403,407,411,415,419,420,420,420,419,416,413,410,409,403,404,404,404,405,408,410,416,419,423,430,1,1,1,1,1,1,1,1,1,1,1,1,1,1,1,1,1,1,1,1,1,1,1,1,1,1,1,1,1,1,1
17050001,2,01/12/1985,,1,1,369,224,295,30,2,1,1,1,0,0,225,224,226,226,228,231,234,240,247,259,267,274,283,291,299,302,308,312,315,322,328,331,333,337,342,349,354,359,363,369,369,1,1,1,1,1,1,1,1,1,1,1,1,1,1,1,1,1,1,1,1,1,1,1,1,1,1,1,1,1,1,1
17050001,1,01/12/1985,,1,1,369,224,295,30,2,1,1,1,461,1,225,224,226,226,228,231,234,240,247,259,267,274,283,291,299,302,308,312,315,322,328,331,333,337,342,349,354,359,363,369,369,1,1,1,1,1,1,1,1,1,1,1,1,1,1,1,1,1,1,1,1,1,1,1,1,1,1,1,1,1,1,1
17050001,2,01/11/1985,,1,1,246,221,230,16,25,1,1,1,0,0,232,232,231,229,225,225,225,223,224,227,230,233,239,242,245,246,244,238,234,232,228,225,223,222,221,223,224,221,223,222,,1,1,1,1,1,1,1,1,1,1,1,1,1,1,1,1,1,1,1,1,1,1,1,1,1,1,1,1,1,1,
17050001,1,01/11/1985,,1,1,246,221,230,16,25,1,1,1,461,1,232,232,231,229,225,225,225,223,224,227,230,233,239,242,245,246,244,238,234,232,228,225,223,222,221,223,224,221,223,222,,1,1,1,1,1,1,1,1,1,1,1,1,1,1,1,1,1,1,1,1,1,1,1,1,1,1,1,1,1,1,0
17050001,2,01/10/1985,,1,1,332,230,267,1,27,1,1,1,0,0,332,326,322,316,312,303,296,288,282,277,271,272,269,266,266,264,266,263,259,252,246,241,237,232,233,231,230,230,230,233,233,1,1,1,1,1,1,1,1,1,1,1,1,1,1,1,1,1,1,1,1,1,1,1,1,1,1,1,1,1,1,1
17050001,1,01/10/1985,,1,1,332,230,267,1,27,1,1,1,461,1,332,326,322,316,312,303,296,288,282,277,271,272,269,266,266,264,266,263,259,252,246,241,237,232,233,231,230,230,230,233,233,1,1,1,1,1,1,1,1,1,1,1,1,1,1,1,1,1,1,1,1,1,1,1,1,1,1,1,1,1,1,1
17050001,2,01/09/1985,,1,1,461,336,401,1,29,1,1,1,0,0,461,457,454,450,447,442,437,432,425,421,416,412,411,410,408,406,403,400,396,391,383,376,369,362,357,351,347,343,336,336,,1,1,1,1,1,1,1,1,1,1,1,1,1,1,1,1,1,1,1,1,1,1,1,1,1,1,1,1,1,1,
17050001,1,01/09/1985,,1,1,461,336,401,1,29,1,1,1,461,1,461,457,454,450,447,442,437,432,425,421,416,412,411,410,408,406,403,400,396,391,383,376,369,362,357,351,347,343,336,336,,1,1,1,1,1,1,1,1,1,1,1,1,1,1,1,1,1,1,1,1,1,1,1,1,1,1,1,1,1,1,0
17050001,2,01/08/1985,,1,1,550,462,505,1,31,1,1,1,0,0,550,548,545,541,537,534,529,525,521,517,513,510,507,503,502,500,500,500,500,500,498,496,492,486,483,479,475,471,467,465,462,1,1,1,1,1,1,1,1,1,1,1,1,1,1,1,1,1,1,1,1,1,1,1,1,1,1,1,1,1,1,1
17050001,1,01/08/1985,,1,1,550,462,505,1,31,1,1,1,461,1,550,548,545,541,537,534,529,525,521,517,513,510,507,503,502,500,500,500,500,500,498,496,492,486,483,479,475,471,467,465,462,1,1,1,1,1,1,1,1,1,1,1,1,1,1,1,1,1,1,1,1,1,1,1,1,1,1,1,1,1,1,1
17050001,2,01/07/1985,,1,1,605,551,581,1,31,1,1,1,0,0,605,605,605,604,603,602,602,600,596,594,591,587,585,584,583,580,578,576,575,574,572,569,567,565,564,563,560,558,556,552,551,1,1,1,1,1,1,1,1,1,1,1,1,1,1,1,1,1,1,1,1,1,1,1,1,1,1,1,1,1,1,1
17050001,1,01/07/1985,,1,1,605,551,581,1,31,1,1,1,461,1,605,605,605,604,603,602,602,600,596,594,591,587,585,584,583,580,578,576,575,574,572,569,567,565,564,563,560,558,556,552,551,1,1,1,1,1,1,1,1,1,1,1,1,1,1,1,1,1,1,1,1,1,1,1,1,1,1,1,1,1,1,1
17050001,2,01/06/1985,,1,1,620,606,614,1,30,1,1,1,0,0,620,619,620,619,618,618,620,620,620,620,617,614,614,611,612,612,610,611,612,612,611,613,612,612,612,611,609,608,608,606,,1,1,1,1,1,1,1,1,1,1,1,1,1,1,1,1,1,1,1,1,1,1,1,1,1,1,1,1,1,1,
17050001,1,01/06/1985,,1,1,620,606,614,1,30,1,1,1,461,1,620,619,620,619,618,618,620,620,620,620,617,614,614,611,612,612,610,611,612,612,611,613,612,612,612,611,609,608,608,606,,1,1,1,1,1,1,1,1,1,1,1,1,1,1,1,1,1,1,1,1,1,1,1,1,1,1,1,1,1,1,0
17050001,2,01/05/1985,,1,1,620,557,597,25,1,1,1,1,0,0,557,558,559,569,569,574,578,582,584,588,591,595,596,597,599,600,601,604,606,609,612,614,617,619,620,618,620,618,618,618,619,1,1,1,1,1,1,1,1,1,1,1,1,1,1,1,1,1,1,1,1,1,1,1,1,1,1,1,1,1,1,1
17050001,1,01/05/1985,,1,1,620,557,597,25,1,1,1,1,461,1,557,558,559,569,569,574,578,582,584,588,591,595,596,597,599,600,601,604,606,609,612,614,617,619,620,618,620,618,618,618,619,1,1,1,1,1,1,1,1,1,1,1,1,1,1,1,1,1,1,1,1,1,1,1,1,1,1,1,1,1,1,1
17050001,2,01/04/1985,,1,1,562,550,555,9,18,1,1,1,0,0,553,551,553,556,559,559,560,561,562,562,561,560,559,557,553,552,551,550,550,550,550,552,552,552,552,553,557,555,556,555,,1,1,1,1,1,1,1,1,1,1,1,1,1,1,1,1,1,1,1,1,1,1,1,1,1,1,1,1,1,1,
17050001,1,01/04/1985,,1,1,562,550,555,9,18,1,1,1,461,1,553,551,553,556,559,559,560,561,562,562,561,560,559,557,553,552,551,550,550,550,550,552,552,552,552,553,557,555,556,555,,1,1,1,1,1,1,1,1,1,1,1,1,1,1,1,1,1,1,1,1,1,1,1,1,1,1,1,1,1,1,0
17050001,2,01/03/1985,,1,1,556,528,543,26,3,1,1,1,0,0,532,530,528,528,528,530,532,534,537,539,540,541,541,541,539,538,541,545,545,548,551,554,553,553,554,556,556,555,554,553,553,1,1,1,1,1,1,1,1,1,1,1,1,1,1,1,1,1,1,1,1,1,1,1,1,1,1,1,1,1,1,1
17050001,1,01/03/1985,,1,1,556,528,543,26,3,1,1,1,461,1,532,530,528,528,528,530,532,534,537,539,540,541,541,541,539,538,541,545,545,548,551,554,553,553,554,556,556,555,554,553,553,1,1,1,1,1,1,1,1,1,1,1,1,1,1,1,1,1,1,1,1,1,1,1,1,1,1,1,1,1,1,1
17050001,2,01/02/1985,,1,1,545,510,534,12,1,1,1,1,0,0,510,511,514,522,525,527,531,531,539,540,541,545,544,544,543,542,540,539,539,538,537,539,539,540,538,537,535,532,,,,1,1,1,1,1,1,1,1,1,1,1,1,1,1,1,1,1,1,1,1,1,1,1,1,1,1,1,1,,,
17050001,1,01/02/1985,,1,1,545,510,534,12,1,1,1,1,461,1,510,511,514,522,525,527,531,531,539,540,541,545,544,544,543,542,540,539,539,538,537,539,539,540,538,537,535,532,,,,1,1,1,1,1,1,1,1,1,1,1,1,1,1,1,1,1,1,1,1,1,1,1,1,1,1,1,1,0,0,0
17050001,2,01/01/1985,,1,1,505,315,409,31,1,1,1,1,0,0,315,319,324,327,331,334,339,345,353,361,369,374,381,385,394,403,412,420,429,437,447,458,468,476,481,488,499,497,501,503,505,1,1,1,1,1,1,1,1,1,1,1,1,1,1,1,1,1,1,1,1,1,1,1,1,1,1,1,1,1,1,1
17050001,1,01/01/1985,,1,1,505,315,409,31,1,1,1,1,461,1,315,319,324,327,331,334,339,345,353,361,369,374,381,385,394,403,412,420,429,437,447,458,468,476,481,488,499,497,501,503,505,1,1,1,1,1,1,1,1,1,1,1,1,1,1,1,1,1,1,1,1,1,1,1,1,1,1,1,1,1,1,1
17050001,2,01/12/1984,,1,1,312,212,253,31,4,1,1,1,0,0,214,213,214,212,212,213,214,218,222,226,229,233,233,236,240,243,245,251,256,263,270,276,286,293,297,298,300,302,306,310,312,1,1,1,1,1,1,1,1,1,1,1,1,1,1,1,1,1,1,1,1,1,1,1,1,1,1,1,1,1,1,1
17050001,1,01/12/1984,,1,1,312,212,253,31,4,1,1,1,487,1,214,213,214,212,212,213,214,218,222,226,229,233,233,236,240,243,245,251,256,263,270,276,286,293,297,298,300,302,306,310,312,1,1,1,1,1,1,1,1,1,1,1,1,1,1,1,1,1,1,1,1,1,1,1,1,1,1,1,1,1,1,1
17050001,2,01/11/1984,,1,1,230,181,206,25,4,1,1,1,0,0,187,184,183,181,183,186,189,194,196,198,201,203,205,206,206,205,204,208,210,214,216,221,224,227,230,229,226,225,221,216,,1,1,1,1,1,1,1,1,1,1,1,1,1,1,1,1,1,1,1,1,1,1,1,1,1,1,1,1,1,1,
17050001,1,01/11/1984,,1,1,230,181,206,25,4,1,1,1,487,1,187,184,183,181,183,186,189,194,196,198,201,203,205,206,206,205,204,208,210,214,216,221,224,227,230,229,226,225,221,216,,1,1,1,1,1,1,1,1,1,1,1,1,1,1,1,1,1,1,1,1,1,1,1,1,1,1,1,1,1,1,0
17050001,2,01/10/1984,,1,1,344,193,254,1,31,1,1,1,0,0,344,335,327,318,310,304,295,291,287,282,276,271,267,263,254,246,238,232,225,219,216,212,210,208,208,210,210,210,204,199,193,1,1,1,1,1,1,1,1,1,1,1,1,1,1,1,1,1,1,1,1,1,1,1,1,1,1,1,1,1,1,1
17050001,1,01/10/1984,,1,1,344,193,254,1,31,1,1,1,487,1,344,335,327,318,310,304,295,291,287,282,276,271,267,263,254,246,238,232,225,219,216,212,210,208,208,210,210,210,204,199,193,1,1,1,1,1,1,1,1,1,1,1,1,1,1,1,1,1,1,1,1,1,1,1,1,1,1,1,1,1,1,1
17050001,2,01/09/1984,,1,1,514,356,433,1,30,1,1,1,0,0,514,511,502,495,491,487,480,476,471,466,461,456,450,445,437,433,427,419,411,404,396,390,385,381,377,369,366,365,361,356,,1,1,1,1,1,1,1,1,1,1,1,1,1,1,1,1,1,1,1,1,1,1,1,1,1,1,1,1,1,1,
17050001,1,01/09/1984,,1,1,514,356,433,1,30,1,1,1,487,1,514,511,502,495,491,487,480,476,471,466,461,456,450,445,437,433,427,419,411,404,396,390,385,381,377,369,366,365,361,356,,1,1,1,1,1,1,1,1,1,1,1,1,1,1,1,1,1,1,1,1,1,1,1,1,1,1,1,1,1,1,0
17050001,2,01/08/1984,,1,1,634,518,579,1,31,1,1,1,0,0,634,632,630,627,623,619,615,611,607,603,600,597,592,589,585,582,577,570,570,568,565,558,549,544,539,536,533,528,524,520,518,1,1,1,1,1,1,1,1,1,1,1,1,1,1,1,1,1,1,1,1,1,1,1,1,1,1,1,1,1,1,1
17050001,1,01/08/1984,,1,1,634,518,579,1,31,1,1,1,487,1,634,632,630,627,623,619,615,611,607,603,600,597,592,589,585,582,577,570,570,568,565,558,549,544,539,536,533,528,524,520,518,1,1,1,1,1,1,1,1,1,1,1,1,1,1,1,1,1,1,1,1,1,1,1,1,1,1,1,1,1,1,1
17050001,2,01/07/1984,,1,1,685,636,666,1,31,1,1,1,0,0,685,685,685,684,684,682,682,680,679,678,676,673,672,670,669,666,667,665,665,662,662,658,654,651,647,648,645,643,640,638,636,1,1,1,1,1,1,1,1,1,1,1,1,1,1,1,1,1,1,1,1,1,1,1,1,1,1,1,1,1,1,1
17050001,1,01/07/1984,,1,1,685,636,666,1,31,1,1,1,487,1,685,685,685,684,684,682,682,680,679,678,676,673,672,670,669,666,667,665,665,662,662,658,654,651,647,648,645,643,640,638,636,1,1,1,1,1,1,1,1,1,1,1,1,1,1,1,1,1,1,1,1,1,1,1,1,1,1,1,1,1,1,1
17050001,2,01/06/1984,,1,1,723,685,707,2,30,1,1,1,0,0,722,723,722,722,719,717,718,716,715,712,712,712,713,710,710,710,709,708,704,705,702,699,696,694,692,690,690,687,686,685,,1,1,1,1,1,1,1,1,1,1,1,1,1,1,1,1,1,1,1,1,1,1,1,1,1,1,1,1,1,1,
17050001,1,01/06/1984,,1,1,723,685,707,2,30,1,1,1,487,1,722,723,722,722,719,717,718,716,715,712,712,712,713,710,710,710,709,708,704,705,702,699,696,694,692,690,690,687,686,685,,1,1,1,1,1,1,1,1,1,1,1,1,1,1,1,1,1,1,1,1,1,1,1,1,1,1,1,1,1,1,0
17050001,2,01/05/1984,,1,1,728,697,718,23,1,1,1,1,0,0,697,702,705,707,709,711,712,712,715,716,716,716,717,717,718,722,724,726,724,724,723,726,728,726,724,724,723,722,723,723,723,1,1,1,1,1,1,1,1,1,1,1,1,1,1,1,1,1,1,1,1,1,1,1,1,1,1,1,1,1,1,1
17050001,1,01/05/1984,,1,1,728,697,718,23,1,1,1,1,487,1,697,702,705,707,709,711,712,712,715,716,716,716,717,717,718,722,724,726,724,724,723,726,728,726,724,724,723,722,723,723,723,1,1,1,1,1,1,1,1,1,1,1,1,1,1,1,1,1,1,1,1,1,1,1,1,1,1,1,1,1,1,1
17050001,2,01/04/1984,,1,1,695,620,656,30,1,1,1,1,0,0,620,626,630,631,631,634,636,638,638,637,639,640,640,645,648,653,656,664,667,669,673,675,676,680,681,681,687,690,690,695,,1,1,1,1,1,1,1,1,1,1,1,1,1,1,1,1,1,1,1,1,1,1,1,1,1,1,1,1,1,1,
17050001,1,01/04/1984,,1,1,695,620,656,30,1,1,1,1,487,1,620,626,630,631,631,634,636,638,638,637,639,640,640,645,648,653,656,664,667,669,673,675,676,680,681,681,687,690,690,695,,1,1,1,1,1,1,1,1,1,1,1,1,1,1,1,1,1,1,1,1,1,1,1,1,1,1,1,1,1,1,0
17050001,2,01/03/1984,,1,1,615,517,574,31,1,1,1,1,0,0,517,524,527,530,533,543,546,550,554,556,556,559,568,569,570,574,577,579,583,590,595,600,602,606,609,610,610,610,612,613,615,1,1,1,1,1,1,1,1,1,1,1,1,1,1,1,1,1,1,1,1,1,1,1,1,1,1,1,1,1,1,1
17050001,1,01/03/1984,,1,1,615,517,574,31,1,1,1,1,487,1,517,524,527,530,533,543,546,550,554,556,556,559,568,569,570,574,577,579,583,590,595,600,602,606,609,610,610,610,612,613,615,1,1,1,1,1,1,1,1,1,1,1,1,1,1,1,1,1,1,1,1,1,1,1,1,1,1,1,1,1,1,1
17050001,2,01/02/1984,,1,1,511,408,460,29,1,1,1,1,0,0,408,413,417,421,425,426,426,433,435,438,440,442,448,450,456,461,465,470,476,481,487,492,493,498,501,504,506,508,511,,,1,1,1,1,1,1,1,1,1,1,1,1,1,1,1,1,1,1,1,1,1,1,1,1,1,1,1,1,1,,
17050001,1,01/02/1984,,1,1,511,408,460,29,1,1,1,1,487,1,408,413,417,421,425,426,426,433,435,438,440,442,448,450,456,461,465,470,476,481,487,492,493,498,501,504,506,508,511,,,1,1,1,1,1,1,1,1,1,1,1,1,1,1,1,1,1,1,1,1,1,1,1,1,1,1,1,1,1,0,0
17050001,2,01/01/1984,,1,1,405,259,337,31,1,1,1,1,0,0,259,266,269,272,278,283,289,296,300,302,305,308,313,319,326,334,339,348,358,366,374,381,384,390,394,396,397,399,401,403,405,1,1,1,1,1,1,1,1,1,1,1,1,1,1,1,1,1,1,1,1,1,1,1,1,1,1,1,1,1,1,1
17050001,1,01/01/1984,,1,1,405,259,337,31,1,1,1,1,487,1,259,266,269,272,278,283,289,296,300,302,305,308,313,319,326,334,339,348,358,366,374,381,384,390,394,396,397,399,401,403,405,1,1,1,1,1,1,1,1,1,1,1,1,1,1,1,1,1,1,1,1,1,1,1,1,1,1,1,1,1,1,1
17050001,2,01/12/1983,,1,1,254,148,191,31,1,1,1,1,0,0,148,152,154,159,163,165,164,164,165,162,161,160,160,160,165,172,178,184,193,201,210,219,225,230,231,235,239,243,247,251,254,1,1,1,1,1,1,1,1,1,1,1,1,1,1,1,1,1,1,1,1,1,1,1,1,1,1,1,1,1,1,1
17050001,1,01/12/1983,,1,1,254,148,191,31,1,1,1,1,362,1,148,152,154,159,163,165,164,164,165,162,161,160,160,160,165,172,178,184,193,201,210,219,225,230,231,235,239,243,247,251,254,1,1,1,1,1,1,1,1,1,1,1,1,1,1,1,1,1,1,1,1,1,1,1,1,1,1,1,1,1,1,1
17050001,2,01/11/1983,,1,1,145,64,107,30,1,1,1,1,0,0,64,71,77,80,86,89,95,95,93,92,89,88,86,86,89,94,101,107,112,118,126,133,134,141,139,139,143,142,143,145,,1,1,1,1,1,1,1,1,1,1,1,1,1,1,1,1,1,1,1,1,1,1,1,1,1,1,1,1,1,1,
17050001,1,01/11/1983,,1,1,145,64,107,30,1,1,1,1,362,1,64,71,77,80,86,89,95,95,93,92,89,88,86,86,89,94,101,107,112,118,126,133,134,141,139,139,143,142,143,145,,1,1,1,1,1,1,1,1,1,1,1,1,1,1,1,1,1,1,1,1,1,1,1,1,1,1,1,1,1,1,0
17050001,2,01/10/1983,,1,1,133,61,95,9,30,1,1,1,0,0,123,121,122,122,123,125,129,131,133,132,123,119,106,97,88,81,77,73,70,70,73,73,74,74,75,72,70,68,64,61,62,1,1,1,1,1,1,1,1,1,1,1,1,1,1,1,1,1,1,1,1,1,1,1,1,1,1,1,1,1,1,1
17050001,1,01/10/1983,,1,1,133,61,95,9,30,1,1,1,362,1,123,121,122,122,123,125,129,131,133,132,123,119,106,97,88,81,77,73,70,70,73,73,74,74,75,72,70,68,64,61,62,1,1,1,1,1,1,1,1,1,1,1,1,1,1,1,1,1,1,1,1,1,1,1,1,1,1,1,1,1,1,1
17050001,2,01/09/1983,,1,1,208,126,159,1,30,1,1,1,0,0,208,200,191,186,183,180,184,182,183,180,181,173,166,157,152,146,142,138,138,136,136,138,140,142,141,142,140,136,133,126,,1,1,1,1,1,1,1,1,1,1,1,1,1,1,1,1,1,1,1,1,1,1,1,1,1,1,1,1,1,1,
17050001,1,01/09/1983,,1,1,208,126,159,1,30,1,1,1,362,1,208,200,191,186,183,180,184,182,183,180,181,173,166,157,152,146,142,138,138,136,136,138,140,142,141,142,140,136,133,126,,1,1,1,1,1,1,1,1,1,1,1,1,1,1,1,1,1,1,1,1,1,1,1,1,1,1,1,1,1,1,0
17050001,2,01/08/1983,,1,1,446,217,332,1,31,1,1,1,0,0,446,439,431,424,417,411,403,395,388,383,376,369,361,352,343,332,321,311,301,291,284,277,271,265,260,254,249,243,237,228,217,1,1,1,1,1,1,1,1,1,1,1,1,1,1,1,1,1,1,1,1,1,1,1,1,1,1,1,1,1,1,1
17050001,1,01/08/1983,,1,1,446,217,332,1,31,1,1,1,362,1,446,439,431,424,417,411,403,395,388,383,376,369,361,352,343,332,321,311,301,291,284,277,271,265,260,254,249,243,237,228,217,1,1,1,1,1,1,1,1,1,1,1,1,1,1,1,1,1,1,1,1,1,1,1,1,1,1,1,1,1,1,1
17050001,2,01/07/1983,,1,1,555,452,511,1,31,1,1,1,0,0,555,553,549,545,542,539,537,535,532,530,527,528,525,523,520,517,514,511,507,503,497,493,491,487,483,478,473,468,463,456,452,1,1,1,1,1,1,1,1,1,1,1,1,1,1,1,1,1,1,1,1,1,1,1,1,1,1,1,1,1,1,1
17050001,1,01/07/1983,,1,1,555,452,511,1,31,1,1,1,362,1,555,553,549,545,542,539,537,535,532,530,527,528,525,523,520,517,514,511,507,503,497,493,491,487,483,478,473,468,463,456,452,1,1,1,1,1,1,1,1,1,1,1,1,1,1,1,1,1,1,1,1,1,1,1,1,1,1,1,1,1,1,1
17050001,2,01/06/1983,,1,1,586,557,577,1,30,1,1,1,0,0,586,586,585,584,583,582,582,580,579,578,580,580,581,582,581,581,583,582,580,580,576,574,574,571,569,568,566,563,560,557,,1,1,1,1,1,1,1,1,1,1,1,1,1,1,1,1,1,1,1,1,1,1,1,1,1,1,1,1,1,1,
17050001,1,01/06/1983,,1,1,586,557,577,1,30,1,1,1,362,1,586,586,585,584,583,582,582,580,579,578,580,580,581,582,581,581,583,582,580,580,576,574,574,571,569,568,566,563,560,557,,1,1,1,1,1,1,1,1,1,1,1,1,1,1,1,1,1,1,1,1,1,1,1,1,1,1,1,1,1,1,0
17050001,2,01/05/1983,,1,1,587,559,572,30,9,1,1,1,0,0,562,561,561,562,560,560,560,560,559,561,563,566,566,570,572,574,574,576,577,579,579,579,579,579,582,581,582,584,585,587,586,1,1,1,1,1,1,1,1,1,1,1,1,1,1,1,1,1,1,1,1,1,1,1,1,1,1,1,1,1,1,1
17050001,1,01/05/1983,,1,1,587,559,572,30,9,1,1,1,362,1,562,561,561,562,560,560,560,560,559,561,563,566,566,570,572,574,574,576,577,579,579,579,579,579,582,581,582,584,585,587,586,1,1,1,1,1,1,1,1,1,1,1,1,1,1,1,1,1,1,1,1,1,1,1,1,1,1,1,1,1,1,1
17050001,2,01/04/1983,,1,1,562,502,534,29,1,1,1,1,0,0,502,507,508,510,511,514,516,517,520,522,526,529,529,532,534,537,539,541,544,544,545,546,549,553,554,556,558,560,562,562,,1,1,1,1,1,1,1,1,1,1,1,1,1,1,1,1,1,1,1,1,1,1,1,1,1,1,1,1,1,1,
17050001,1,01/04/1983,,1,1,562,502,534,29,1,1,1,1,362,1,502,507,508,510,511,514,516,517,520,522,526,529,529,532,534,537,539,541,544,544,545,546,549,553,554,556,558,560,562,562,,1,1,1,1,1,1,1,1,1,1,1,1,1,1,1,1,1,1,1,1,1,1,1,1,1,1,1,1,1,1,0
17050001,2,01/03/1983,,1,1,497,448,461,31,12,1,1,1,0,0,454,455,456,456,457,456,455,455,455,452,449,448,451,451,450,451,452,454,455,457,461,460,463,464,465,471,476,482,485,492,497,1,1,1,1,1,1,1,1,1,1,1,1,1,1,1,1,1,1,1,1,1,1,1,1,1,1,1,1,1,1,1
17050001,1,01/03/1983,,1,1,497,448,461,31,12,1,1,1,362,1,454,455,456,456,457,456,455,455,455,452,449,448,451,451,450,451,452,454,455,457,461,460,463,464,465,471,476,482,485,492,497,1,1,1,1,1,1,1,1,1,1,1,1,1,1,1,1,1,1,1,1,1,1,1,1,1,1,1,1,1,1,1
17050001,2,01/02/1983,,1,1,452,412,434,27,1,1,1,1,0,0,412,415,417,418,417,419,420,422,422,422,422,430,432,435,438,439,439,441,444,446,446,446,447,448,447,450,452,452,,,,1,1,1,1,1,1,1,1,1,1,1,1,1,1,1,1,1,1,1,1,1,1,1,1,1,1,1,1,,,
17050001,1,01/02/1983,,1,1,452,412,433,27,1,1,1,1,362,1,412,415,417,418,417,419,420,422,422,422,422,430,432,435,438,439,439,441,444,446,446,446,447,448,447,450,452,452,,,,1,1,1,1,1,1,1,1,1,1,1,1,1,1,1,1,1,1,1,1,1,1,1,1,1,1,1,1,0,0,0
17050001,2,01/01/1983,,1,1,409,318,366,31,1,1,1,1,0,0,318,324,330,335,339,341,346,349,351,352,356,359,362,365,366,369,370,374,376,377,379,380,381,382,384,387,390,394,399,403,409,1,1,1,1,1,1,1,1,1,1,1,1,1,1,1,1,1,1,1,1,1,1,1,1,1,1,1,1,1,1,1
17050001,1,01/01/1983,,1,1,409,318,366,31,1,1,1,1,362,1,318,324,330,335,339,341,346,349,351,352,356,359,362,365,366,369,370,374,376,377,379,380,381,382,384,387,390,394,399,403,409,1,1,1,1,1,1,1,1,1,1,1,1,1,1,1,1,1,1,1,1,1,1,1,1,1,1,1,1,1,1,1
17050001,2,01/12/1982,,1,1,311,184,246,31,1,1,1,1,0,0,184,192,199,205,211,212,214,215,218,222,226,231,234,237,242,248,253,255,259,260,263,265,268,270,275,281,286,292,299,306,311,1,1,1,1,1,1,1,1,1,1,1,1,1,1,1,1,1,1,1,1,1,1,1,1,1,1,1,1,1,1,1
17050001,1,01/12/1982,,1,1,311,184,246,31,1,1,1,1,505,1,184,192,199,205,211,212,214,215,218,222,226,231,234,237,242,248,253,255,259,260,263,265,268,270,275,281,286,292,299,306,311,1,1,1,1,1,1,1,1,1,1,1,1,1,1,1,1,1,1,1,1,1,1,1,1,1,1,1,1,1,1,1
17050001,2,01/11/1982,,1,1,176,143,155,30,10,1,1,1,0,0,145,147,152,154,153,150,148,146,144,143,144,146,147,151,155,159,161,162,162,161,160,159,158,156,156,157,162,165,169,176,,1,1,1,1,1,1,1,1,1,1,1,1,1,1,1,1,1,1,1,1,1,1,1,1,1,1,1,1,1,1,
17050001,1,01/11/1982,,1,1,176,143,155,30,10,1,1,1,505,1,145,147,152,154,153,150,148,146,144,143,144,146,147,151,155,159,161,162,162,161,160,159,158,156,156,157,162,165,169,176,,1,1,1,1,1,1,1,1,1,1,1,1,1,1,1,1,1,1,1,1,1,1,1,1,1,1,1,1,1,1,0
17050001,2,01/10/1982,,1,1,308,142,217,1,30,1,1,1,0,0,308,301,295,290,285,281,274,265,258,249,239,232,223,217,212,208,207,204,201,196,191,184,179,171,163,157,154,148,144,142,142,1,1,1,1,1,1,1,1,1,1,1,1,1,1,1,1,1,1,1,1,1,1,1,1,1,1,1,1,1,1,1
17050001,1,01/10/1982,,1,1,308,142,217,1,30,1,1,1,505,1,308,301,295,290,285,281,274,265,258,249,239,232,223,217,212,208,207,204,201,196,191,184,179,171,163,157,154,148,144,142,142,1,1,1,1,1,1,1,1,1,1,1,1,1,1,1,1,1,1,1,1,1,1,1,1,1,1,1,1,1,1,1
17050001,2,01/09/1982,,1,1,514,315,425,1,30,1,1,1,0,0,514,509,504,500,497,492,484,482,474,467,462,454,446,439,432,426,419,413,409,404,394,386,378,368,358,349,340,329,320,315,,1,1,1,1,1,1,1,1,1,1,1,1,1,1,1,1,1,1,1,1,1,1,1,1,1,1,1,1,1,1,
17050001,1,01/09/1982,,1,1,514,315,425,1,30,1,1,1,505,1,514,509,504,500,497,492,484,482,474,467,462,454,446,439,432,426,419,413,409,404,394,386,378,368,358,349,340,329,320,315,,1,1,1,1,1,1,1,1,1,1,1,1,1,1,1,1,1,1,1,1,1,1,1,1,1,1,1,1,1,1,0
17050001,2,01/08/1982,,1,1,659,520,596,1,31,1,1,1,0,0,659,656,653,649,645,640,637,633,628,624,619,614,609,605,601,596,593,589,584,581,577,574,569,564,559,553,546,540,533,526,520,1,1,1,1,1,1,1,1,1,1,1,1,1,1,1,1,1,1,1,1,1,1,1,1,1,1,1,1,1,1,1
17050001,1,01/08/1982,,1,1,659,520,596,1,31,1,1,1,505,1,659,656,653,649,645,640,637,633,628,624,619,614,609,605,601,596,593,589,584,581,577,574,569,564,559,553,546,540,533,526,520,1,1,1,1,1,1,1,1,1,1,1,1,1,1,1,1,1,1,1,1,1,1,1,1,1,1,1,1,1,1,1
17050001,2,01/07/1982,,1,1,739,664,705,1,31,1,1,1,0,0,739,736,734,733,730,729,727,724,722,720,718,715,712,712,709,705,702,700,698,695,693,691,689,688,686,684,681,675,672,669,664,1,1,1,1,1,1,1,1,1,1,1,1,1,1,1,1,1,1,1,1,1,1,1,1,1,1,1,1,1,1,1
17050001,1,01/07/1982,,1,1,739,664,705,1,31,1,1,1,505,1,739,736,734,733,730,729,727,724,722,720,718,715,712,712,709,705,702,700,698,695,693,691,689,688,686,684,681,675,672,669,664,1,1,1,1,1,1,1,1,1,1,1,1,1,1,1,1,1,1,1,1,1,1,1,1,1,1,1,1,1,1,1
17050001,2,01/06/1982,,1,1,768,741,758,1,30,1,1,1,0,0,768,768,767,767,766,766,766,766,766,765,765,763,763,762,760,758,757,756,755,752,750,750,751,750,749,748,746,745,743,741,,1,1,1,1,1,1,1,1,1,1,1,1,1,1,1,1,1,1,1,1,1,1,1,1,1,1,1,1,1,1,
17050001,1,01/06/1982,,1,1,768,741,758,1,30,1,1,1,505,1,768,768,767,767,766,766,766,766,766,765,765,763,763,762,760,758,757,756,755,752,750,750,751,750,749,748,746,745,743,741,,1,1,1,1,1,1,1,1,1,1,1,1,1,1,1,1,1,1,1,1,1,1,1,1,1,1,1,1,1,1,0
17050001,2,01/05/1982,,1,1,769,737,758,29,1,1,1,1,0,0,737,740,741,743,748,753,754,756,758,760,760,762,762,762,764,762,762,760,761,759,760,760,760,761,762,764,765,765,769,768,768,1,1,1,1,1,1,1,1,1,1,1,1,1,1,1,1,1,1,1,1,1,1,1,1,1,1,1,1,1,1,1
17050001,1,01/05/1982,,1,1,769,737,758,29,1,1,1,1,505,1,737,740,741,743,748,753,754,756,758,760,760,762,762,762,764,762,762,760,761,759,760,760,760,761,762,764,765,765,769,768,768,1,1,1,1,1,1,1,1,1,1,1,1,1,1,1,1,1,1,1,1,1,1,1,1,1,1,1,1,1,1,1
17050001,2,01/04/1982,,1,1,733,654,691,30,1,1,1,1,0,0,654,654,657,659,660,664,666,668,671,674,677,686,690,692,694,694,698,699,700,702,703,704,706,709,712,717,720,723,731,733,,1,1,1,1,1,1,1,1,1,1,1,1,1,1,1,1,1,1,1,1,1,1,1,1,1,1,1,1,1,1,
17050001,1,01/04/1982,,1,1,733,654,691,30,1,1,1,1,505,1,654,654,657,659,660,664,666,668,671,674,677,686,690,692,694,694,698,699,700,702,703,704,706,709,712,717,720,723,731,733,,1,1,1,1,1,1,1,1,1,1,1,1,1,1,1,1,1,1,1,1,1,1,1,1,1,1,1,1,1,1,0
17050001,2,01/03/1982,,1,1,652,584,621,31,1,1,1,1,0,0,584,594,596,596,596,599,605,608,611,615,616,618,621,623,624,626,626,627,626,627,629,630,630,633,634,637,641,644,644,648,652,1,1,1,1,1,1,1,1,1,1,1,1,1,1,1,1,1,1,1,1,1,1,1,1,1,1,1,1,1,1,1
17050001,1,01/03/1982,,1,1,652,584,621,31,1,1,1,1,505,1,584,594,596,596,596,599,605,608,611,615,616,618,621,623,624,626,626,627,626,627,629,630,630,633,634,637,641,644,644,648,652,1,1,1,1,1,1,1,1,1,1,1,1,1,1,1,1,1,1,1,1,1,1,1,1,1,1,1,1,1,1,1
17050001,2,01/02/1982,,1,1,579,477,534,28,1,1,1,1,0,0,477,479,486,490,494,499,506,512,516,520,524,530,536,538,542,545,550,550,550,552,557,559,563,565,570,574,576,579,,,,1,1,1,1,1,1,1,1,1,1,1,1,1,1,1,1,1,1,1,1,1,1,1,1,1,1,1,1,,,
17050001,1,01/02/1982,,1,1,579,477,534,28,1,1,1,1,505,1,477,479,486,490,494,499,506,512,516,520,524,530,536,538,542,545,550,550,550,552,557,559,563,565,570,574,576,579,,,,1,1,1,1,1,1,1,1,1,1,1,1,1,1,1,1,1,1,1,1,1,1,1,1,1,1,1,1,0,0,0
17050001,2,01/01/1982,,1,1,471,240,358,31,1,1,1,1,0,0,240,247,254,263,267,273,280,289,301,314,325,334,343,351,358,366,370,376,382,387,395,402,410,424,432,439,445,451,458,463,471,1,1,1,1,1,1,1,1,1,1,1,1,1,1,1,1,1,1,1,1,1,1,1,1,1,1,1,1,1,1,1
17050001,1,01/01/1982,,1,1,471,240,358,31,1,1,1,1,505,1,240,247,254,263,267,273,280,289,301,314,325,334,343,351,358,366,370,376,382,387,395,402,410,424,432,439,445,451,458,463,471,1,1,1,1,1,1,1,1,1,1,1,1,1,1,1,1,1,1,1,1,1,1,1,1,1,1,1,1,1,1,1
17050001,2,01/12/1981,,1,1,235,110,160,31,5,1,1,1,0,0,114,113,113,112,110,111,115,120,127,133,140,147,154,158,159,161,162,163,165,168,174,177,181,186,193,199,206,213,221,228,235,1,1,1,1,1,1,1,1,1,1,1,1,1,1,1,1,1,1,1,1,1,1,1,1,1,1,1,1,1,1,1
17050001,1,01/12/1981,,1,1,235,110,160,31,5,1,1,1,400,1,114,113,113,112,110,111,115,120,127,133,140,147,154,158,159,161,162,163,165,168,174,177,181,186,193,199,206,213,221,228,235,1,1,1,1,1,1,1,1,1,1,1,1,1,1,1,1,1,1,1,1,1,1,1,1,1,1,1,1,1,1,1
17050001,2,01/11/1981,,1,1,117,76,97,30,8,1,1,1,0,0,93,94,88,83,82,80,78,76,79,84,92,96,100,105,107,103,105,103,102,99,98,98,100,102,107,109,112,112,114,117,,1,1,1,1,1,1,1,1,1,1,1,1,1,1,1,1,1,1,1,1,1,1,1,1,1,1,1,1,1,1,
17050001,1,01/11/1981,,1,1,117,76,97,30,8,1,1,1,400,1,93,94,88,83,82,80,78,76,79,84,92,96,100,105,107,103,105,103,102,99,98,98,100,102,107,109,112,112,114,117,,1,1,1,1,1,1,1,1,1,1,1,1,1,1,1,1,1,1,1,1,1,1,1,1,1,1,1,1,1,1,0
17050001,2,01/10/1981,,1,1,200,89,126,1,23,2,2,2,0,0,200,193,184,178,165,156,148,140,132,129,128,129,127,129,131,130,128,118,116,106,100,95,89,89,90,91,92,95,98,96,92,1,1,1,1,1,1,1,1,1,1,1,1,1,1,1,2,1,1,1,1,1,1,1,1,1,1,1,1,1,1,1
17050001,1,01/10/1981,,1,1,200,89,126,1,23,1,1,1,400,1,200,193,184,178,165,156,148,140,132,129,128,129,127,129,131,134,128,118,116,106,100,95,89,89,90,91,92,95,98,96,92,1,1,1,1,1,1,1,1,1,1,1,1,1,1,1,1,1,1,1,1,1,1,1,1,1,1,1,1,1,1,1
17050001,2,01/09/1981,,1,1,425,205,312,1,30,1,1,1,0,0,425,423,413,407,398,388,378,368,358,349,341,334,326,319,314,309,303,298,290,282,270,260,251,241,236,227,222,215,211,205,,1,1,1,1,1,1,1,1,1,1,1,1,1,1,1,1,1,1,1,1,1,1,1,1,1,1,1,1,1,1,
17050001,1,01/09/1981,,1,1,425,205,312,1,30,1,1,1,400,1,425,423,413,407,398,388,378,368,358,349,341,334,326,319,314,309,303,298,290,282,270,260,251,241,236,227,222,215,211,205,,1,1,1,1,1,1,1,1,1,1,1,1,1,1,1,1,1,1,1,1,1,1,1,1,1,1,1,1,1,1,0
17050001,2,01/08/1981,,1,1,550,429,500,1,31,1,1,1,0,0,550,550,550,549,545,541,538,535,529,525,519,515,513,509,505,500,497,494,491,489,484,478,473,469,464,459,455,450,444,436,429,1,1,1,1,1,1,1,1,1,1,1,1,1,1,1,1,1,1,1,1,1,1,1,1,1,1,1,1,1,1,1
17050001,1,01/08/1981,,1,1,550,429,500,1,31,1,1,1,400,1,550,550,550,549,545,541,538,535,529,525,519,515,513,509,505,500,497,494,491,489,484,478,473,469,464,459,455,450,444,436,429,1,1,1,1,1,1,1,1,1,1,1,1,1,1,1,1,1,1,1,1,1,1,1,1,1,1,1,1,1,1,1
17050001,2,01/07/1981,,1,1,598,550,580,7,31,1,1,1,0,0,596,596,596,596,595,597,598,598,596,594,591,589,586,584,581,580,580,580,578,576,576,574,572,570,567,563,560,557,554,552,550,1,1,1,1,1,1,1,1,1,1,1,1,1,1,1,1,1,1,1,1,1,1,1,1,1,1,1,1,1,1,1
17050001,1,01/07/1981,,1,1,598,550,580,7,31,1,1,1,400,1,596,596,596,596,595,597,598,598,596,594,591,589,586,584,581,580,580,580,578,576,576,574,572,570,567,563,560,557,554,552,550,1,1,1,1,1,1,1,1,1,1,1,1,1,1,1,1,1,1,1,1,1,1,1,1,1,1,1,1,1,1,1
17050001,2,01/06/1981,,1,1,615,596,606,4,30,1,1,1,0,0,608,610,613,615,614,615,614,614,613,612,612,612,610,609,605,602,602,604,604,602,602,602,603,602,601,601,600,599,597,596,,1,1,1,1,1,1,1,1,1,1,1,1,1,1,1,1,1,1,1,1,1,1,1,1,1,1,1,1,1,1,
17050001,1,01/06/1981,,1,1,615,596,606,4,30,1,1,1,400,1,608,610,613,615,614,615,614,614,613,612,612,612,610,609,605,602,602,604,604,602,602,602,603,602,601,601,600,599,597,596,,1,1,1,1,1,1,1,1,1,1,1,1,1,1,1,1,1,1,1,1,1,1,1,1,1,1,1,1,1,1,0
17050001,2,01/05/1981,,1,1,622,606,615,8,1,1,1,1,0,0,606,607,610,610,614,616,620,622,622,622,621,620,618,617,616,616,614,617,616,615,616,615,616,615,614,613,612,611,611,610,610,1,1,1,1,1,1,1,1,1,1,1,1,1,1,1,1,1,1,1,1,1,1,1,1,1,1,1,1,1,1,1
17050001,1,01/05/1981,,1,1,622,606,615,8,1,1,1,1,400,1,606,607,610,610,614,616,620,622,622,622,621,620,618,617,616,616,614,617,616,615,616,615,616,615,614,613,612,611,611,610,610,1,1,1,1,1,1,1,1,1,1,1,1,1,1,1,1,1,1,1,1,1,1,1,1,1,1,1,1,1,1,1
17050001,2,01/04/1981,,1,1,606,556,591,22,1,1,1,1,0,0,556,559,564,567,572,576,581,584,586,590,590,592,591,593,594,597,596,597,599,603,605,606,606,606,606,606,605,604,604,606,,1,1,1,1,1,1,1,1,1,1,1,1,1,1,1,1,1,1,1,1,1,1,1,1,1,1,1,1,1,1,
17050001,1,01/04/1981,,1,1,606,556,591,22,1,1,1,1,400,1,556,559,564,567,572,576,581,584,586,590,590,592,591,593,594,597,596,597,599,603,605,606,606,606,606,606,605,604,604,606,,1,1,1,1,1,1,1,1,1,1,1,1,1,1,1,1,1,1,1,1,1,1,1,1,1,1,1,1,1,1,0
17050001,2,01/03/1981,,1,1,550,448,500,31,1,1,1,1,0,0,448,450,453,456,460,464,469,475,480,484,490,491,493,495,497,498,500,503,507,512,517,521,524,529,531,537,541,544,545,548,550,1,1,1,1,1,1,1,1,1,1,1,1,1,1,1,1,1,1,1,1,1,1,1,1,1,1,1,1,1,1,1
17050001,1,01/03/1981,,1,1,550,448,500,31,1,1,1,1,400,1,448,450,453,456,460,464,469,475,480,484,490,491,493,495,497,498,500,503,507,512,517,521,524,529,531,537,541,544,545,548,550,1,1,1,1,1,1,1,1,1,1,1,1,1,1,1,1,1,1,1,1,1,1,1,1,1,1,1,1,1,1,1
17050001,2,01/02/1981,,1,1,448,363,412,28,1,1,1,1,0,0,363,365,371,376,380,385,390,397,403,405,408,411,411,412,412,415,419,422,426,430,433,436,438,441,444,445,447,448,,,,1,1,1,1,1,1,1,1,1,1,1,1,1,1,1,1,1,1,1,1,1,1,1,1,1,1,1,1,,,
17050001,1,01/02/1981,,1,1,448,363,412,28,1,1,1,1,400,1,363,365,371,376,380,385,390,397,403,405,408,411,411,412,412,415,419,422,426,430,433,436,438,441,444,445,447,448,,,,1,1,1,1,1,1,1,1,1,1,1,1,1,1,1,1,1,1,1,1,1,1,1,1,1,1,1,1,0,0,0
17050001,2,01/01/1981,,1,1,359,265,306,31,1,1,1,1,0,0,265,266,268,272,273,276,279,282,287,289,292,293,293,294,295,299,302,302,309,312,316,322,328,335,339,343,344,346,347,352,359,1,1,1,1,1,1,1,1,1,1,1,1,1,1,1,1,1,1,1,1,1,1,1,1,1,1,1,1,1,1,1
17050001,1,01/01/1981,,1,1,359,265,306,31,1,1,1,1,400,1,265,266,268,272,273,276,279,282,287,289,292,293,293,294,295,299,302,302,309,312,316,322,328,335,339,343,344,346,347,352,359,1,1,1,1,1,1,1,1,1,1,1,1,1,1,1,1,1,1,1,1,1,1,1,1,1,1,1,1,1,1,1
17050001,2,01/12/1980,,1,1,267,218,244,26,3,1,1,1,0,0,222,220,218,219,222,224,227,229,230,233,235,237,238,242,240,240,243,246,250,251,255,259,263,264,265,267,266,266,266,265,266,1,1,1,1,1,1,1,1,1,1,1,1,1,1,1,1,1,1,1,1,1,1,1,1,1,1,1,1,1,1,1
17050001,1,01/12/1980,,1,1,267,218,244,26,3,1,1,1,367,1,222,220,218,219,222,224,227,229,230,233,235,237,238,242,240,240,243,246,250,251,255,259,263,264,265,267,266,266,266,265,266,1,1,1,1,1,1,1,1,1,1,1,1,1,1,1,1,1,1,1,1,1,1,1,1,1,1,1,1,1,1,1
17050001,2,01/11/1980,,1,1,234,130,185,26,1,1,1,1,0,0,130,133,134,136,143,145,149,155,162,169,173,174,175,179,181,182,184,188,195,205,212,218,221,227,230,234,232,229,227,225,,1,1,1,1,1,1,1,1,1,1,1,1,1,1,1,1,1,1,1,1,1,1,1,1,1,1,1,1,1,1,
17050001,1,01/11/1980,,1,1,234,130,185,26,1,1,1,1,367,1,130,133,134,136,143,145,149,155,162,169,173,174,175,179,181,182,184,188,195,205,212,218,221,227,230,234,232,229,227,225,,1,1,1,1,1,1,1,1,1,1,1,1,1,1,1,1,1,1,1,1,1,1,1,1,1,1,1,1,1,1,0
17050001,2,01/10/1980,,1,1,140,95,114,27,17,1,1,1,0,0,124,121,116,113,108,108,108,110,106,109,111,112,108,103,100,98,95,98,98,100,103,108,116,123,127,133,140,139,137,133,131,1,1,1,1,1,1,1,1,1,1,1,1,1,1,1,1,1,1,1,1,1,1,1,1,1,1,1,1,1,1,1
17050001,1,01/10/1980,,1,1,140,95,114,27,17,1,1,1,367,1,124,121,116,113,108,108,108,110,106,109,111,112,108,103,100,98,95,98,98,100,103,108,116,123,127,133,140,139,137,133,131,1,1,1,1,1,1,1,1,1,1,1,1,1,1,1,1,1,1,1,1,1,1,1,1,1,1,1,1,1,1,1
17050001,2,01/09/1980,,1,1,324,135,217,1,30,1,1,1,0,0,324,313,304,296,287,278,272,267,265,258,248,241,234,228,219,207,200,193,179,172,163,158,154,155,154,153,152,150,145,135,,1,1,1,1,1,1,1,1,1,1,1,1,1,1,1,1,1,1,1,1,1,1,1,1,1,1,1,1,1,1,
17050001,1,01/09/1980,,1,1,324,135,217,1,30,1,1,1,367,1,324,313,304,296,287,278,272,267,265,258,248,241,234,228,219,207,200,193,179,172,163,158,154,155,154,153,152,150,145,135,,1,1,1,1,1,1,1,1,1,1,1,1,1,1,1,1,1,1,1,1,1,1,1,1,1,1,1,1,1,1,0
17050001,2,01/08/1980,,1,1,492,333,414,1,31,1,1,1,0,0,492,488,486,479,474,469,463,459,455,450,447,441,437,429,425,418,414,406,398,389,382,376,369,364,357,353,349,346,342,338,333,1,1,1,1,1,1,1,1,1,1,1,1,1,1,1,1,1,1,1,1,1,1,1,1,1,1,1,1,1,1,1
17050001,1,01/08/1980,,1,1,492,333,414,1,31,1,1,1,367,1,492,488,486,479,474,469,463,459,455,450,447,441,437,429,425,418,414,406,398,389,382,376,369,364,357,353,349,346,342,338,333,1,1,1,1,1,1,1,1,1,1,1,1,1,1,1,1,1,1,1,1,1,1,1,1,1,1,1,1,1,1,1
17050001,2,01/07/1980,,1,1,560,494,534,1,31,1,1,1,0,0,560,560,559,558,558,558,557,554,553,550,550,548,547,547,545,541,540,536,532,527,523,519,515,511,508,505,503,500,499,495,494,1,1,1,1,1,1,1,1,1,1,1,1,1,1,1,1,1,1,1,1,1,1,1,1,1,1,1,1,1,1,1
17050001,1,01/07/1980,,1,1,560,494,534,1,31,1,1,1,367,1,560,560,559,558,558,558,557,554,553,550,550,548,547,547,545,541,540,536,532,527,523,519,515,511,508,505,503,500,499,495,494,1,1,1,1,1,1,1,1,1,1,1,1,1,1,1,1,1,1,1,1,1,1,1,1,1,1,1,1,1,1,1
17050001,2,01/06/1980,,1,1,575,560,567,15,27,1,1,1,0,0,562,563,566,568,567,568,570,570,571,571,574,574,574,574,575,574,572,571,570,568,565,564,563,562,562,561,560,560,560,560,,1,1,1,1,1,1,1,1,1,1,1,1,1,1,1,1,1,1,1,1,1,1,1,1,1,1,1,1,1,1,
17050001,1,01/06/1980,,1,1,575,560,567,15,27,1,1,1,367,1,562,563,566,568,567,568,570,570,571,571,574,574,574,574,575,574,572,571,570,568,565,564,563,562,562,561,560,560,560,560,,1,1,1,1,1,1,1,1,1,1,1,1,1,1,1,1,1,1,1,1,1,1,1,1,1,1,1,1,1,1,0
17050001,2,01/05/1980,,1,1,562,542,553,31,1,1,1,1,0,0,542,544,547,549,549,550,550,550,550,549,550,550,551,552,554,554,555,557,557,556,556,555,555,554,554,554,554,556,558,559,562,1,1,1,1,1,1,1,1,1,1,1,1,1,1,1,1,1,1,1,1,1,1,1,1,1,1,1,1,1,1,1
17050001,1,01/05/1980,,1,1,562,542,553,31,1,1,1,1,367,1,542,544,547,549,549,550,550,550,550,549,550,550,551,552,554,554,555,557,557,556,556,555,555,554,554,554,554,556,558,559,562,1,1,1,1,1,1,1,1,1,1,1,1,1,1,1,1,1,1,1,1,1,1,1,1,1,1,1,1,1,1,1
17050001,2,01/04/1980,,1,1,541,446,498,30,1,1,1,1,0,0,446,449,454,458,461,463,470,472,474,475,478,482,488,491,497,503,507,512,517,522,526,527,528,530,532,534,535,537,540,541,,1,1,1,1,1,1,1,1,1,1,1,1,1,1,1,1,1,1,1,1,1,1,1,1,1,1,1,1,1,1,
17050001,1,01/04/1980,,1,1,541,446,498,30,1,1,1,1,367,1,446,449,454,458,461,463,470,472,474,475,478,482,488,491,497,503,507,512,517,522,526,527,528,530,532,534,535,537,540,541,,1,1,1,1,1,1,1,1,1,1,1,1,1,1,1,1,1,1,1,1,1,1,1,1,1,1,1,1,1,1,0
17050001,2,01/03/1980,,1,1,441,394,415,31,1,1,1,1,0,0,394,395,396,399,402,402,402,403,402,402,402,401,402,402,403,407,412,417,420,426,430,433,432,434,433,434,434,434,436,439,441,1,1,1,1,1,1,1,1,1,1,1,1,1,1,1,1,1,1,1,1,1,1,1,1,1,1,1,1,1,1,1
17050001,1,01/03/1980,,1,1,441,394,415,31,1,1,1,1,367,1,394,395,396,399,402,402,402,403,402,402,402,401,402,402,403,407,412,417,420,426,430,433,432,434,433,434,434,434,436,439,441,1,1,1,1,1,1,1,1,1,1,1,1,1,1,1,1,1,1,1,1,1,1,1,1,1,1,1,1,1,1,1
17050001,2,01/02/1980,,1,1,399,348,374,21,1,1,1,1,0,0,348,350,352,355,358,360,359,360,358,358,359,359,360,364,370,375,381,387,392,396,399,398,398,396,393,391,392,392,394,,,1,1,1,1,1,1,1,1,1,1,1,1,1,1,1,1,1,1,1,1,1,1,1,1,1,1,1,1,1,,
17050001,1,01/02/1980,,1,1,399,348,374,21,1,1,1,1,367,1,348,350,352,355,358,360,359,360,358,358,359,359,360,364,370,375,381,387,392,396,399,398,398,396,393,391,392,392,394,,,1,1,1,1,1,1,1,1,1,1,1,1,1,1,1,1,1,1,1,1,1,1,1,1,1,1,1,1,1,0,0
17050001,2,01/01/1980,,1,1,345,227,292,31,1,1,1,1,0,0,227,235,242,247,257,261,264,265,267,273,274,276,278,279,283,287,290,295,300,306,311,317,320,327,328,331,335,336,339,342,345,1,1,1,1,1,1,1,1,1,1,1,1,1,1,1,1,1,1,1,1,1,1,1,1,1,1,1,1,1,1,1
17050001,1,01/01/1980,,1,1,345,227,292,31,1,1,1,1,367,1,227,235,242,247,257,261,264,265,267,273,274,276,278,279,283,287,290,295,300,306,311,317,320,327,328,331,335,336,339,342,345,1,1,1,1,1,1,1,1,1,1,1,1,1,1,1,1,1,1,1,1,1,1,1,1,1,1,1,1,1,1,1
17050001,2,01/12/1979,,1,1,219,120,162,31,1,1,1,1,0,0,120,127,132,135,141,145,145,142,142,142,140,139,140,141,145,148,151,155,162,170,175,186,189,190,194,199,199,203,204,212,219,1,1,1,1,1,1,1,1,1,1,1,1,1,1,1,1,1,1,1,1,1,1,1,1,1,1,1,1,1,1,1
17050001,1,01/12/1979,,1,1,219,120,162,31,1,1,1,1,458,1,120,127,132,135,141,145,145,142,142,142,140,139,140,141,145,148,151,155,162,170,175,186,189,190,194,199,199,203,204,212,219,1,1,1,1,1,1,1,1,1,1,1,1,1,1,1,1,1,1,1,1,1,1,1,1,1,1,1,1,1,1,1
17050001,2,01/11/1979,,1,1,142,109,124,7,1,1,1,1,0,0,109,117,123,128,136,139,142,142,142,138,134,129,124,121,120,119,124,120,119,122,125,124,125,119,122,115,112,110,110,114,,1,1,1,1,1,1,1,1,1,1,1,1,1,1,1,1,1,1,1,1,1,1,1,1,1,1,1,1,1,1,
17050001,1,01/11/1979,,1,1,142,109,124,7,1,1,1,1,458,1,109,117,123,128,136,139,142,142,142,138,134,129,124,121,120,119,124,120,119,122,125,124,125,119,122,115,112,110,110,114,,1,1,1,1,1,1,1,1,1,1,1,1,1,1,1,1,1,1,1,1,1,1,1,1,1,1,1,1,1,1,0
17050001,2,01/10/1979,,1,1,194,90,129,1,21,1,1,1,0,0,194,186,179,177,176,174,173,170,167,159,149,138,127,118,112,105,98,96,94,93,90,97,100,102,103,104,106,106,102,102,104,1,1,1,1,1,1,1,1,1,1,1,1,1,1,1,1,1,1,1,1,1,1,1,1,1,1,1,1,1,1,1
17050001,1,01/10/1979,,1,1,194,90,129,1,21,1,1,1,458,1,194,186,179,177,176,174,173,170,167,159,149,138,127,118,112,105,98,96,94,93,90,97,100,102,103,104,106,106,102,102,104,1,1,1,1,1,1,1,1,1,1,1,1,1,1,1,1,1,1,1,1,1,1,1,1,1,1,1,1,1,1,1
17050001,2,01/09/1979,,1,1,414,201,308,1,30,1,1,1,0,0,414,403,396,390,385,379,373,369,365,357,349,338,331,322,310,297,290,282,273,268,263,259,253,246,241,236,228,219,208,201,,1,1,1,1,1,1,1,1,1,1,1,1,1,1,1,1,1,1,1,1,1,1,1,1,1,1,1,1,1,1,
17050001,1,01/09/1979,,1,1,414,201,308,1,30,1,1,1,458,1,414,403,396,390,385,379,373,369,365,357,349,338,331,322,310,297,290,282,273,268,263,259,253,246,241,236,228,219,208,201,,1,1,1,1,1,1,1,1,1,1,1,1,1,1,1,1,1,1,1,1,1,1,1,1,1,1,1,1,1,1,0
17050001,2,01/08/1979,,1,1,610,423,526,1,31,1,1,1,0,0,610,605,601,596,591,585,581,577,572,568,563,559,552,548,541,533,525,517,509,502,493,487,482,477,472,463,456,448,439,432,423,1,1,1,1,1,1,1,1,1,1,1,1,1,1,1,1,1,1,1,1,1,1,1,1,1,1,1,1,1,1,1
17050001,1,01/08/1979,,1,1,610,423,526,1,31,1,1,1,458,1,610,605,601,596,591,585,581,577,572,568,563,559,552,548,541,533,525,517,509,502,493,487,482,477,472,463,456,448,439,432,423,1,1,1,1,1,1,1,1,1,1,1,1,1,1,1,1,1,1,1,1,1,1,1,1,1,1,1,1,1,1,1
17050001,2,01/07/1979,,1,1,708,615,667,1,31,1,1,1,0,0,708,705,701,698,695,693,692,690,685,681,680,678,676,676,674,673,671,667,663,659,656,653,649,646,641,639,633,628,626,621,615,1,1,1,1,1,1,1,1,1,1,1,1,1,1,1,1,1,1,1,1,1,1,1,1,1,1,1,1,1,1,1
17050001,1,01/07/1979,,1,1,708,615,667,1,31,1,1,1,458,1,708,705,701,698,695,693,692,690,685,681,680,678,676,676,674,673,671,667,663,659,656,653,649,646,641,639,633,628,626,621,615,1,1,1,1,1,1,1,1,1,1,1,1,1,1,1,1,1,1,1,1,1,1,1,1,1,1,1,1,1,1,1
17050001,2,01/06/1979,,1,1,736,709,725,1,30,1,1,1,0,0,736,736,735,732,731,729,728,726,726,726,724,727,729,730,730,730,730,730,728,726,723,721,720,718,718,716,714,712,712,709,,1,1,1,1,1,1,1,1,1,1,1,1,1,1,1,1,1,1,1,1,1,1,1,1,1,1,1,1,1,1,
17050001,1,01/06/1979,,1,1,736,709,725,1,30,1,1,1,458,1,736,736,735,732,731,729,728,726,726,726,724,727,729,730,730,730,730,730,728,726,723,721,720,718,718,716,714,712,712,709,,1,1,1,1,1,1,1,1,1,1,1,1,1,1,1,1,1,1,1,1,1,1,1,1,1,1,1,1,1,1,0
17050001,2,01/05/1979,,1,1,735,697,717,29,1,1,1,1,0,0,697,698,700,702,703,704,705,705,706,705,706,708,708,711,714,718,720,721,725,725,726,727,727,726,727,731,732,734,735,735,735,1,1,1,1,1,1,1,1,1,1,1,1,1,1,1,1,1,1,1,1,1,1,1,1,1,1,1,1,1,1,1
17050001,1,01/05/1979,,1,1,735,697,717,29,1,1,1,1,458,1,697,698,700,702,703,704,705,705,706,705,706,708,708,711,714,718,720,721,725,725,726,727,727,726,727,731,732,734,735,735,735,1,1,1,1,1,1,1,1,1,1,1,1,1,1,1,1,1,1,1,1,1,1,1,1,1,1,1,1,1,1,1
17050001,2,01/04/1979,,1,1,694,607,648,30,1,1,1,1,0,0,607,610,615,617,619,620,620,625,627,630,634,635,639,641,645,650,652,657,659,662,664,666,667,675,676,679,681,684,689,694,,1,1,1,1,1,1,1,1,1,1,1,1,1,1,1,1,1,1,1,1,1,1,1,1,1,1,1,1,1,1,
17050001,1,01/04/1979,,1,1,694,607,648,30,1,1,1,1,458,1,607,610,615,617,619,620,620,625,627,630,634,635,639,641,645,650,652,657,659,662,664,666,667,675,676,679,681,684,689,694,,1,1,1,1,1,1,1,1,1,1,1,1,1,1,1,1,1,1,1,1,1,1,1,1,1,1,1,1,1,1,0
17050001,2,01/03/1979,,1,1,600,524,554,31,1,1,1,1,0,0,524,526,526,529,529,530,529,528,527,531,533,536,540,546,550,554,559,565,566,570,568,569,572,572,574,576,582,585,589,594,600,1,1,1,1,1,1,1,1,1,1,1,1,1,1,1,1,1,1,1,1,1,1,1,1,1,1,1,1,1,1,1
17050001,1,01/03/1979,,1,1,600,524,554,31,1,1,1,1,458,1,524,526,526,529,529,530,529,528,527,531,533,536,540,546,550,554,559,565,566,570,568,569,572,572,574,576,582,585,589,594,600,1,1,1,1,1,1,1,1,1,1,1,1,1,1,1,1,1,1,1,1,1,1,1,1,1,1,1,1,1,1,1
17050001,2,01/02/1979,,1,1,520,487,499,28,1,1,1,1,0,0,487,490,491,493,492,492,492,490,491,490,491,492,494,495,498,500,500,500,502,503,500,502,505,508,511,514,515,520,,,,1,1,1,1,1,1,1,1,1,1,1,1,1,1,1,1,1,1,1,1,1,1,1,1,1,1,1,1,,,
17050001,1,01/02/1979,,1,1,520,487,499,28,1,1,1,1,458,1,487,490,491,493,492,492,492,490,491,490,491,492,494,495,498,500,500,500,502,503,500,502,505,508,511,514,515,520,,,,1,1,1,1,1,1,1,1,1,1,1,1,1,1,1,1,1,1,1,1,1,1,1,1,1,1,1,1,0,0,0
17050001,2,01/01/1979,,1,1,485,370,434,31,1,1,1,1,0,0,370,375,381,387,391,399,401,405,412,415,419,424,431,436,440,443,446,451,450,453,455,455,455,460,462,465,470,472,475,478,485,1,1,1,1,1,1,1,1,1,1,1,1,1,1,1,1,1,1,1,1,1,1,1,1,1,1,1,1,1,1,1
17050001,1,01/01/1979,,1,1,485,370,434,31,1,1,1,1,458,1,370,375,381,387,391,399,401,405,412,415,419,424,431,436,440,443,446,451,450,453,455,455,455,460,462,465,470,472,475,478,485,1,1,1,1,1,1,1,1,1,1,1,1,1,1,1,1,1,1,1,1,1,1,1,1,1,1,1,1,1,1,1
17050001,2,01/12/1978,,1,1,360,229,271,31,9,1,1,1,0,0,231,234,235,234,235,234,232,230,229,230,230,235,242,247,252,259,264,269,275,282,287,293,299,306,312,318,326,334,342,351,360,1,1,1,1,1,1,1,1,1,1,1,1,1,1,1,1,1,1,1,1,1,1,1,1,1,1,1,1,1,1,1
17050001,1,01/12/1978,,1,1,360,229,271,31,9,1,1,1,506,1,231,234,235,234,235,234,232,230,229,230,230,235,242,247,252,259,264,269,275,282,287,293,299,306,312,318,326,334,342,351,360,1,1,1,1,1,1,1,1,1,1,1,1,1,1,1,1,1,1,1,1,1,1,1,1,1,1,1,1,1,1,1
17050001,2,01/11/1978,,1,1,244,220,233,4,26,1,1,1,0,0,236,239,243,244,244,242,240,237,236,236,235,235,237,234,234,235,237,237,236,233,233,228,226,223,221,220,220,221,224,226,,1,1,1,1,1,1,1,1,1,1,1,1,1,1,1,1,1,1,1,1,1,1,1,1,1,1,1,1,1,1,
17050001,1,01/11/1978,,1,1,244,220,233,4,26,1,1,1,506,1,236,239,243,244,244,242,240,237,236,236,235,235,237,234,234,235,237,237,236,233,233,228,226,223,221,220,220,221,224,226,,1,1,1,1,1,1,1,1,1,1,1,1,1,1,1,1,1,1,1,1,1,1,1,1,1,1,1,1,1,1,0
17050001,2,01/10/1978,,1,1,299,226,249,1,25,1,1,1,0,0,299,295,290,283,283,276,269,265,257,249,242,240,240,240,240,240,243,244,243,242,239,239,234,229,226,226,227,228,228,229,234,1,1,1,1,1,1,1,1,1,1,1,1,1,1,1,1,1,1,1,1,1,1,1,1,1,1,1,1,1,1,1
17050001,1,01/10/1978,,1,1,299,226,249,1,25,1,1,1,506,1,299,295,290,283,283,276,269,265,257,249,242,240,240,240,240,240,243,244,243,242,239,239,234,229,226,226,227,228,228,229,234,1,1,1,1,1,1,1,1,1,1,1,1,1,1,1,1,1,1,1,1,1,1,1,1,1,1,1,1,1,1,1
17050001,2,01/09/1978,,1,1,505,309,416,1,30,1,1,1,0,0,505,500,494,491,485,478,474,467,461,456,449,441,435,429,423,418,414,408,403,395,388,378,370,360,349,339,328,318,312,309,,1,1,1,1,1,1,1,1,1,1,1,1,1,1,1,1,1,1,1,1,1,1,1,1,1,1,1,1,1,1,
17050001,1,01/09/1978,,1,1,505,309,416,1,30,1,1,1,506,1,505,500,494,491,485,478,474,467,461,456,449,441,435,429,423,418,414,408,403,395,388,378,370,360,349,339,328,318,312,309,,1,1,1,1,1,1,1,1,1,1,1,1,1,1,1,1,1,1,1,1,1,1,1,1,1,1,1,1,1,1,0
17050001,2,01/08/1978,,1,1,635,509,579,1,31,1,1,1,0,0,635,632,630,626,622,620,616,613,609,605,602,597,593,592,585,580,574,570,566,565,564,560,555,551,543,538,533,526,519,514,509,1,1,1,1,1,1,1,1,1,1,1,1,1,1,1,1,1,1,1,1,1,1,1,1,1,1,1,1,1,1,1
17050001,1,01/08/1978,,1,1,635,509,579,1,31,1,1,1,506,1,635,632,630,626,622,620,616,613,609,605,602,597,593,592,585,580,574,570,566,565,564,560,555,551,543,538,533,526,519,514,509,1,1,1,1,1,1,1,1,1,1,1,1,1,1,1,1,1,1,1,1,1,1,1,1,1,1,1,1,1,1,1
17050001,2,01/07/1978,,1,1,696,636,669,1,31,1,1,1,0,0,696,693,690,690,686,685,682,681,680,679,678,677,675,675,672,670,667,665,664,662,662,660,660,659,657,655,650,647,644,641,636,1,1,1,1,1,1,1,1,1,1,1,1,1,1,1,1,1,1,1,1,1,1,1,1,1,1,1,1,1,1,1
17050001,1,01/07/1978,,1,1,696,636,669,1,31,1,1,1,506,1,696,693,690,690,686,685,682,681,680,679,678,677,675,675,672,670,667,665,664,662,662,660,660,659,657,655,650,647,644,641,636,1,1,1,1,1,1,1,1,1,1,1,1,1,1,1,1,1,1,1,1,1,1,1,1,1,1,1,1,1,1,1
17050001,2,01/06/1978,,1,1,725,695,711,1,30,1,1,1,0,0,725,722,722,723,721,720,719,717,719,716,716,713,713,710,710,709,707,706,706,706,706,706,706,706,706,705,704,701,698,695,,1,1,1,1,1,1,1,1,1,1,1,1,1,1,1,1,1,1,1,1,1,1,1,1,1,1,1,1,1,1,
17050001,1,01/06/1978,,1,1,725,695,711,1,30,1,1,1,506,1,725,722,722,723,721,720,719,717,719,716,716,713,713,710,710,709,707,706,706,706,706,706,706,706,706,705,704,701,698,695,,1,1,1,1,1,1,1,1,1,1,1,1,1,1,1,1,1,1,1,1,1,1,1,1,1,1,1,1,1,1,0
17050001,2,01/05/1978,,1,1,724,681,707,31,1,1,1,1,0,0,681,681,684,687,690,692,694,695,697,702,702,703,705,707,708,709,712,712,711,712,715,715,718,720,722,723,723,723,723,723,724,1,1,1,1,1,1,1,1,1,1,1,1,1,1,1,1,1,1,1,1,1,1,1,1,1,1,1,1,1,1,1
17050001,1,01/05/1978,,1,1,724,681,707,31,1,1,1,1,506,1,681,681,684,687,690,692,694,695,697,702,702,703,705,707,708,709,712,712,711,712,715,715,718,720,722,723,723,723,723,723,724,1,1,1,1,1,1,1,1,1,1,1,1,1,1,1,1,1,1,1,1,1,1,1,1,1,1,1,1,1,1,1
17050001,2,01/04/1978,,1,1,681,625,653,28,2,1,1,1,0,0,626,625,627,634,635,634,635,636,639,641,643,643,645,649,651,653,654,656,657,659,662,664,669,671,676,677,680,681,681,681,,1,1,1,1,1,1,1,1,1,1,1,1,1,1,1,1,1,1,1,1,1,1,1,1,1,1,1,1,1,1,
17050001,1,01/04/1978,,1,1,681,625,653,28,2,1,1,1,506,1,626,625,627,634,635,634,635,636,639,641,643,643,645,649,651,653,654,656,657,659,662,664,669,671,676,677,680,681,681,681,,1,1,1,1,1,1,1,1,1,1,1,1,1,1,1,1,1,1,1,1,1,1,1,1,1,1,1,1,1,1,0
17050001,2,01/03/1978,,1,1,625,547,588,31,1,1,1,1,0,0,547,550,555,557,560,562,563,569,572,576,581,582,584,588,591,595,594,595,596,598,599,601,603,607,608,610,612,617,620,624,625,1,1,1,1,1,1,1,1,1,1,1,1,1,1,1,1,1,1,1,1,1,1,1,1,1,1,1,1,1,1,1
17050001,1,01/03/1978,,1,1,625,547,588,31,1,1,1,1,506,1,547,550,555,557,560,562,563,569,572,576,581,582,584,588,591,595,594,595,596,598,599,601,603,607,608,610,612,617,620,624,625,1,1,1,1,1,1,1,1,1,1,1,1,1,1,1,1,1,1,1,1,1,1,1,1,1,1,1,1,1,1,1
17050001,2,01/02/1978,,1,1,547,511,518,28,8,1,1,1,0,0,519,517,516,514,513,513,513,511,513,515,513,515,515,514,512,513,512,511,511,511,515,518,523,526,530,535,543,547,,,,1,1,1,1,1,1,1,1,1,1,1,1,1,1,1,1,1,1,1,1,1,1,1,1,1,1,1,1,,,
17050001,1,01/02/1978,,1,1,547,511,518,28,8,1,1,1,506,1,519,517,516,514,513,513,513,511,513,515,513,515,515,514,512,513,512,511,511,511,515,518,523,526,530,535,543,547,,,,1,1,1,1,1,1,1,1,1,1,1,1,1,1,1,1,1,1,1,1,1,1,1,1,1,1,1,1,0,0,0
17050001,2,01/01/1978,,1,1,520,411,479,30,1,1,1,1,0,0,411,414,414,419,425,432,438,445,453,462,468,476,480,486,489,491,497,498,500,500,503,506,507,510,512,515,516,518,519,520,517,1,1,1,1,1,1,1,1,1,1,1,1,1,1,1,1,1,1,1,1,1,1,1,1,1,1,1,1,1,1,1
17050001,1,01/01/1978,,1,1,520,411,479,30,1,1,1,1,506,1,411,414,414,419,425,432,438,445,453,462,468,476,480,486,489,491,497,498,500,500,503,506,507,510,512,515,516,518,519,520,517,1,1,1,1,1,1,1,1,1,1,1,1,1,1,1,1,1,1,1,1,1,1,1,1,1,1,1,1,1,1,1
17050001,2,01/12/1977,,1,1,407,318,354,31,1,1,1,1,0,0,318,319,320,320,320,320,321,325,329,333,337,342,347,351,353,354,355,355,357,360,362,367,369,372,378,385,389,395,399,403,407,1,1,1,1,1,1,1,1,1,1,1,1,1,1,1,1,1,1,1,1,1,1,1,1,1,1,1,1,1,1,1
17050001,1,01/12/1977,,1,1,407,318,354,31,1,1,1,1,492,1,318,319,320,320,320,320,321,325,329,333,337,342,347,351,353,354,355,355,357,360,362,367,369,372,378,385,389,395,399,403,407,1,1,1,1,1,1,1,1,1,1,1,1,1,1,1,1,1,1,1,1,1,1,1,1,1,1,1,1,1,1,1
17050001,2,01/11/1977,,1,1,317,262,290,30,3,1,1,1,0,0,263,264,262,263,262,264,265,269,275,278,283,287,293,298,298,300,302,300,299,298,300,300,300,303,306,308,310,313,313,317,,1,1,1,1,1,1,1,1,1,1,1,1,1,1,1,1,1,1,1,1,1,1,1,1,1,1,1,1,1,1,
17050001,1,01/11/1977,,1,1,317,262,290,30,3,1,1,1,492,1,263,264,262,263,262,264,265,269,275,278,283,287,293,298,298,300,302,300,299,298,300,300,300,303,306,308,310,313,313,317,,1,1,1,1,1,1,1,1,1,1,1,1,1,1,1,1,1,1,1,1,1,1,1,1,1,1,1,1,1,1,0
17050001,2,01/10/1977,,1,1,326,253,270,1,23,1,1,1,0,0,326,320,310,301,293,284,277,273,267,263,262,262,263,263,265,268,266,263,258,258,258,255,253,253,256,256,258,259,261,263,262,1,1,1,1,1,1,1,1,1,1,1,1,1,1,1,1,1,1,1,1,1,1,1,1,1,1,1,1,1,1,1
17050001,1,01/10/1977,,1,1,326,253,270,1,23,1,1,1,492,1,326,320,310,301,293,284,277,273,267,263,262,262,263,263,265,268,266,263,258,258,258,255,253,253,256,256,258,259,261,263,262,1,1,1,1,1,1,1,1,1,1,1,1,1,1,1,1,1,1,1,1,1,1,1,1,1,1,1,1,1,1,1
17050001,2,01/09/1977,,1,1,529,332,432,1,30,1,1,1,0,0,529,524,519,515,507,498,492,485,478,470,463,457,451,445,440,434,428,419,412,404,394,384,378,368,352,351,348,342,336,332,,1,1,1,1,1,1,1,1,1,1,1,1,1,1,1,1,1,1,1,1,1,1,1,1,1,1,1,1,1,1,
17050001,1,01/09/1977,,1,1,529,332,432,1,30,1,1,1,492,1,529,524,519,515,507,498,492,485,478,470,463,457,451,445,440,434,428,419,412,404,394,384,378,368,352,351,348,342,336,332,,1,1,1,1,1,1,1,1,1,1,1,1,1,1,1,1,1,1,1,1,1,1,1,1,1,1,1,1,1,1,0
17050001,2,01/08/1977,,1,1,659,532,599,1,31,1,1,1,0,0,659,655,653,651,649,644,641,636,629,625,621,616,611,608,604,600,598,595,589,585,581,576,571,564,559,555,549,545,541,537,532,1,1,1,1,1,1,1,1,1,1,1,1,1,1,1,1,1,1,1,1,1,1,1,1,1,1,1,1,1,1,1
17050001,1,01/08/1977,,1,1,659,532,599,1,31,1,1,1,492,1,659,655,653,651,649,644,641,636,629,625,621,616,611,608,604,600,598,595,589,585,581,576,571,564,559,555,549,545,541,537,532,1,1,1,1,1,1,1,1,1,1,1,1,1,1,1,1,1,1,1,1,1,1,1,1,1,1,1,1,1,1,1
17050001,2,01/07/1977,,1,1,718,660,696,1,31,1,1,1,0,0,718,718,718,717,715,715,716,714,711,709,705,704,704,702,702,699,696,694,691,690,690,686,683,681,677,675,672,670,667,663,660,1,1,1,1,1,1,1,1,1,1,1,1,1,1,1,1,1,1,1,1,1,1,1,1,1,1,1,1,1,1,1
17050001,1,01/07/1977,,1,1,718,660,696,1,31,1,1,1,492,1,718,718,718,717,715,715,716,714,711,709,705,704,704,702,702,699,696,694,691,690,690,686,683,681,677,675,672,670,667,663,660,1,1,1,1,1,1,1,1,1,1,1,1,1,1,1,1,1,1,1,1,1,1,1,1,1,1,1,1,1,1,1
17050001,2,01/06/1977,,1,1,738,719,731,6,30,1,1,1,0,0,731,732,732,733,736,738,738,738,738,736,736,736,735,733,733,731,730,730,730,730,730,730,729,727,726,724,723,722,721,719,,1,1,1,1,1,1,1,1,1,1,1,1,1,1,1,1,1,1,1,1,1,1,1,1,1,1,1,1,1,1,
17050001,1,01/06/1977,,1,1,738,719,731,6,30,1,1,1,492,1,731,732,732,733,736,738,738,738,738,736,736,736,735,733,733,731,730,730,730,730,730,730,729,727,726,724,723,722,721,719,,1,1,1,1,1,1,1,1,1,1,1,1,1,1,1,1,1,1,1,1,1,1,1,1,1,1,1,1,1,1,0
17050001,2,01/05/1977,,1,1,731,671,710,31,1,1,1,1,0,0,671,674,677,681,686,691,694,699,701,702,704,707,708,708,711,711,715,718,723,722,722,724,725,727,726,728,728,728,728,729,731,1,1,1,1,1,1,1,1,1,1,1,1,1,1,1,1,1,1,1,1,1,1,1,1,1,1,1,1,1,1,1
17050001,1,01/05/1977,,1,1,731,671,710,31,1,1,1,1,492,1,671,674,677,681,686,691,694,699,701,702,704,707,708,708,711,711,715,718,723,722,722,724,725,727,726,728,728,728,728,729,731,1,1,1,1,1,1,1,1,1,1,1,1,1,1,1,1,1,1,1,1,1,1,1,1,1,1,1,1,1,1,1
17050001,2,01/04/1977,,1,1,666,550,610,30,1,1,1,1,0,0,550,554,557,562,566,571,576,581,585,589,593,596,600,602,604,609,613,619,623,629,633,639,644,646,650,655,658,661,664,666,,1,1,1,1,1,1,1,1,1,1,1,1,1,1,1,1,1,1,1,1,1,1,1,1,1,1,1,1,1,1,
17050001,1,01/04/1977,,1,1,666,550,610,30,1,1,1,1,492,1,550,554,557,562,566,571,576,581,585,589,593,596,600,602,604,609,613,619,623,629,633,639,644,646,650,655,658,661,664,666,,1,1,1,1,1,1,1,1,1,1,1,1,1,1,1,1,1,1,1,1,1,1,1,1,1,1,1,1,1,1,0
17050001,2,01/03/1977,,1,1,549,399,486,31,1,1,1,1,0,0,399,403,409,416,423,431,440,446,453,461,467,474,480,483,486,490,495,500,505,510,516,521,525,531,536,538,539,540,542,547,549,1,1,1,1,1,1,1,1,1,1,1,1,1,1,1,1,1,1,1,1,1,1,1,1,1,1,1,1,1,1,1
17050001,1,01/03/1977,,1,1,549,399,486,31,1,1,1,1,492,1,399,403,409,416,423,431,440,446,453,461,467,474,480,483,486,490,495,500,505,510,516,521,525,531,536,538,539,540,542,547,549,1,1,1,1,1,1,1,1,1,1,1,1,1,1,1,1,1,1,1,1,1,1,1,1,1,1,1,1,1,1,1
17050001,2,01/02/1977,,1,1,411,391,402,9,1,1,1,1,0,0,391,396,401,402,402,405,407,409,411,409,411,408,407,406,404,400,400,400,400,400,400,400,399,399,398,399,401,398,,,,1,1,1,1,1,1,1,1,1,1,1,1,1,1,1,1,1,1,1,1,1,1,1,1,1,1,1,1,,,
17050001,1,01/02/1977,,1,1,411,391,402,9,1,1,1,1,492,1,391,396,401,402,402,405,407,409,411,409,411,408,407,406,404,400,400,400,400,400,400,400,399,399,398,399,401,398,,,,1,1,1,1,1,1,1,1,1,1,1,1,1,1,1,1,1,1,1,1,1,1,1,1,1,1,1,1,0,0,0
17050001,2,01/01/1977,,1,1,389,235,325,31,1,1,1,1,0,0,235,241,245,251,258,266,274,278,287,293,299,302,306,313,317,324,334,342,352,359,367,373,377,380,384,384,388,388,388,388,389,1,1,1,1,1,1,1,1,1,1,1,1,1,1,1,1,1,1,1,1,1,1,1,1,1,1,1,1,1,1,1
17050001,1,01/01/1977,,1,1,389,235,325,31,1,1,1,1,492,1,235,241,245,251,258,266,274,278,287,293,299,302,306,313,317,324,334,342,352,359,367,373,377,380,384,384,388,388,388,388,389,1,1,1,1,1,1,1,1,1,1,1,1,1,1,1,1,1,1,1,1,1,1,1,1,1,1,1,1,1,1,1
17050001,2,01/12/1976,,1,1,232,139,192,31,1,1,1,1,0,0,139,141,142,147,152,161,165,171,175,180,181,186,190,190,190,190,192,196,200,203,210,214,218,221,225,226,224,224,229,231,232,1,1,1,1,1,1,1,1,1,1,1,1,1,1,1,1,1,1,1,1,1,1,1,1,1,1,1,1,1,1,1
17050001,1,01/12/1976,,1,1,232,139,192,31,1,1,1,1,514,1,139,141,142,147,152,161,165,171,175,180,181,186,190,190,190,190,192,196,200,203,210,214,218,221,225,226,224,224,229,231,232,1,1,1,1,1,1,1,1,1,1,1,1,1,1,1,1,1,1,1,1,1,1,1,1,1,1,1,1,1,1,1
17050001,2,01/11/1976,,1,1,152,120,137,1,18,1,1,1,0,0,152,150,145,143,141,146,142,142,141,142,140,137,133,133,128,122,122,120,120,122,125,133,139,141,141,143,141,140,140,140,,1,1,1,1,1,1,1,1,1,1,1,1,1,1,1,1,1,1,1,1,1,1,1,1,1,1,1,1,1,1,
17050001,1,01/11/1976,,1,1,152,120,137,1,18,1,1,1,514,1,152,150,145,143,141,146,142,142,141,142,140,137,133,133,128,122,122,120,120,122,125,133,139,141,141,143,141,140,140,140,,1,1,1,1,1,1,1,1,1,1,1,1,1,1,1,1,1,1,1,1,1,1,1,1,1,1,1,1,1,1,0
17050001,2,01/10/1976,,1,1,349,159,239,1,31,1,1,1,0,0,349,340,332,324,314,305,299,293,285,278,269,261,250,240,227,218,213,209,198,194,190,190,190,190,190,190,188,181,171,163,159,1,1,1,1,1,1,1,1,1,1,1,1,1,1,1,1,1,1,1,1,1,1,1,1,1,1,1,1,1,1,1
17050001,1,01/10/1976,,1,1,349,159,239,1,31,1,1,1,514,1,349,340,332,324,314,305,299,293,285,278,269,261,250,240,227,218,213,209,198,194,190,190,190,190,190,190,188,181,171,163,159,1,1,1,1,1,1,1,1,1,1,1,1,1,1,1,1,1,1,1,1,1,1,1,1,1,1,1,1,1,1,1
17050001,2,01/09/1976,,1,1,569,361,470,1,30,1,1,1,0,0,569,561,558,551,545,539,533,527,519,514,508,501,494,486,480,472,462,453,445,438,426,418,412,406,399,394,389,381,371,361,,1,1,1,1,1,1,1,1,1,1,1,1,1,1,1,1,1,1,1,1,1,1,1,1,1,1,1,1,1,1,
17050001,1,01/09/1976,,1,1,569,361,470,1,30,1,1,1,514,1,569,561,558,551,545,539,533,527,519,514,508,501,494,486,480,472,462,453,445,438,426,418,412,406,399,394,389,381,371,361,,1,1,1,1,1,1,1,1,1,1,1,1,1,1,1,1,1,1,1,1,1,1,1,1,1,1,1,1,1,1,0
17050001,2,01/08/1976,,1,1,702,573,640,1,31,1,1,1,0,0,702,699,696,692,688,683,679,675,671,668,663,660,657,651,647,643,639,632,627,619,615,611,605,600,598,595,591,587,583,579,573,1,1,1,1,1,1,1,1,1,1,1,1,1,1,1,1,1,1,1,1,1,1,1,1,1,1,1,1,1,1,1
17050001,1,01/08/1976,,1,1,702,573,640,1,31,1,1,1,514,1,702,699,696,692,688,683,679,675,671,668,663,660,657,651,647,643,639,632,627,619,615,611,605,600,598,595,591,587,583,579,573,1,1,1,1,1,1,1,1,1,1,1,1,1,1,1,1,1,1,1,1,1,1,1,1,1,1,1,1,1,1,1
17050001,2,01/07/1976,,1,1,766,703,740,1,31,1,1,1,0,0,766,765,765,763,762,761,758,756,755,754,753,753,753,753,750,748,745,742,739,735,732,729,725,721,718,715,711,707,707,705,703,1,1,1,1,1,1,1,1,1,1,1,1,1,1,1,1,1,1,1,1,1,1,1,1,1,1,1,1,1,1,1
17050001,1,01/07/1976,,1,1,766,703,740,1,31,1,1,1,514,1,766,765,765,763,762,761,758,756,755,754,753,753,753,753,750,748,745,742,739,735,732,729,725,721,718,715,711,707,707,705,703,1,1,1,1,1,1,1,1,1,1,1,1,1,1,1,1,1,1,1,1,1,1,1,1,1,1,1,1,1,1,1
17050001,2,01/06/1976,,1,1,783,765,778,4,30,1,1,1,0,0,782,782,782,783,782,782,782,783,782,782,783,782,781,782,782,781,782,781,780,778,777,776,775,772,771,769,768,766,766,765,,1,1,1,1,1,1,1,1,1,1,1,1,1,1,1,1,1,1,1,1,1,1,1,1,1,1,1,1,1,1,
17050001,1,01/06/1976,,1,1,783,765,778,4,30,1,1,1,514,1,782,782,782,783,782,782,782,783,782,782,783,782,781,782,782,781,782,781,780,778,777,776,775,772,771,769,768,766,766,765,,1,1,1,1,1,1,1,1,1,1,1,1,1,1,1,1,1,1,1,1,1,1,1,1,1,1,1,1,1,1,0
17050001,2,01/05/1976,,1,1,788,760,778,20,1,1,1,1,0,0,760,761,765,767,769,770,771,772,773,775,775,778,779,781,784,784,784,786,786,788,786,786,785,784,783,782,781,781,780,782,782,1,1,1,1,1,1,1,1,1,1,1,1,1,1,1,1,1,1,1,1,1,1,1,1,1,1,1,1,1,1,1
17050001,1,01/05/1976,,1,1,788,760,778,20,1,1,1,1,514,1,760,761,765,767,769,770,771,772,773,775,775,778,779,781,784,784,784,786,786,788,786,786,785,784,783,782,781,781,780,782,782,1,1,1,1,1,1,1,1,1,1,1,1,1,1,1,1,1,1,1,1,1,1,1,1,1,1,1,1,1,1,1
17050001,2,01/04/1976,,1,1,757,667,715,30,1,1,1,1,0,0,667,670,674,677,681,685,686,690,692,694,695,699,708,711,714,719,725,727,730,735,737,738,738,740,742,747,750,753,756,757,,1,1,1,1,1,1,1,1,1,1,1,1,1,1,1,1,1,1,1,1,1,1,1,1,1,1,1,1,1,1,
17050001,1,01/04/1976,,1,1,757,667,715,30,1,1,1,1,514,1,667,670,674,677,681,685,686,690,692,694,695,699,708,711,714,719,725,727,730,735,737,738,738,740,742,747,750,753,756,757,,1,1,1,1,1,1,1,1,1,1,1,1,1,1,1,1,1,1,1,1,1,1,1,1,1,1,1,1,1,1,0
17050001,2,01/03/1976,,1,1,664,570,611,31,1,1,1,1,0,0,570,572,575,576,576,579,578,580,580,580,585,589,593,597,601,606,611,616,622,626,631,637,641,642,645,645,646,651,657,660,664,1,1,1,1,1,1,1,1,1,1,1,1,1,1,1,1,1,1,1,1,1,1,1,1,1,1,1,1,1,1,1
17050001,1,01/03/1976,,1,1,664,570,611,31,1,1,1,1,514,1,570,572,575,576,576,579,578,580,580,580,585,589,593,597,601,606,611,616,622,626,631,637,641,642,645,645,646,651,657,660,664,1,1,1,1,1,1,1,1,1,1,1,1,1,1,1,1,1,1,1,1,1,1,1,1,1,1,1,1,1,1,1
17050001,2,01/02/1976,,1,1,568,445,516,29,1,1,1,1,0,0,445,452,457,464,473,478,480,488,489,494,500,506,509,517,521,528,531,534,537,542,548,551,552,552,554,558,559,565,568,,,1,1,1,1,1,1,1,1,1,1,1,1,1,1,1,1,1,1,1,1,1,1,1,1,1,1,1,1,1,,
17050001,1,01/02/1976,,1,1,568,445,516,29,1,1,1,1,514,1,445,452,457,464,473,478,480,488,489,494,500,506,509,517,521,528,531,534,537,542,548,551,552,552,554,558,559,565,568,,,1,1,1,1,1,1,1,1,1,1,1,1,1,1,1,1,1,1,1,1,1,1,1,1,1,1,1,1,1,0,0
17050001,2,01/01/1976,,1,1,439,268,353,31,1,1,1,1,0,0,268,272,280,287,295,302,304,308,312,315,319,323,327,335,342,349,358,366,374,384,389,395,398,400,405,409,415,419,425,429,439,1,1,1,1,1,1,1,1,1,1,1,1,1,1,1,1,1,1,1,1,1,1,1,1,1,1,1,1,1,1,1
17050001,1,01/01/1976,,1,1,439,268,353,31,1,1,1,1,514,1,268,272,280,287,295,302,304,308,312,315,319,323,327,335,342,349,358,366,374,384,389,395,398,400,405,409,415,419,425,429,439,1,1,1,1,1,1,1,1,1,1,1,1,1,1,1,1,1,1,1,1,1,1,1,1,1,1,1,1,1,1,1
17050001,2,01/12/1975,,1,1,265,179,226,31,1,1,1,1,0,0,179,190,190,194,198,201,206,206,206,208,210,213,214,218,220,223,227,231,234,239,243,249,250,251,251,254,256,257,258,261,265,1,1,1,1,1,1,1,1,1,1,1,1,1,1,1,1,1,1,1,1,1,1,1,1,1,1,1,1,1,1,1
17050001,1,01/12/1975,,1,1,265,179,226,31,1,1,1,1,552,1,179,190,190,194,198,201,206,206,206,208,210,213,214,218,220,223,227,231,234,239,243,249,250,251,251,254,256,257,258,261,265,1,1,1,1,1,1,1,1,1,1,1,1,1,1,1,1,1,1,1,1,1,1,1,1,1,1,1,1,1,1,1
17050001,2,01/11/1975,,1,1,297,179,229,1,27,1,1,1,0,0,297,292,290,285,282,280,273,269,260,255,249,241,233,226,219,215,211,210,206,199,200,198,198,195,189,184,179,180,180,179,,1,1,1,1,1,1,1,1,1,1,1,1,1,1,1,1,1,1,1,1,1,1,1,1,1,1,1,1,1,1,
17050001,1,01/11/1975,,1,1,297,179,229,1,27,1,1,1,552,1,297,292,290,285,282,280,273,269,260,255,249,241,233,226,219,215,211,210,206,199,200,198,198,195,189,184,179,180,180,179,,1,1,1,1,1,1,1,1,1,1,1,1,1,1,1,1,1,1,1,1,1,1,1,1,1,1,1,1,1,1,0
17050001,2,01/10/1975,,1,1,499,304,411,1,31,1,1,1,0,0,499,495,491,487,483,479,477,472,465,462,453,447,438,428,421,412,404,399,391,383,380,372,364,357,350,344,333,323,318,311,304,1,1,1,1,1,1,1,1,1,1,1,1,1,1,1,1,1,1,1,1,1,1,1,1,1,1,1,1,1,1,1
17050001,1,01/10/1975,,1,1,499,304,411,1,31,1,1,1,552,1,499,495,491,487,483,479,477,472,465,462,453,447,438,428,421,412,404,399,391,383,380,372,364,357,350,344,333,323,318,311,304,1,1,1,1,1,1,1,1,1,1,1,1,1,1,1,1,1,1,1,1,1,1,1,1,1,1,1,1,1,1,1
17050001,2,01/09/1975,,1,1,632,508,578,1,30,1,1,1,0,0,632,629,625,620,618,616,615,613,610,609,605,601,596,590,585,579,574,569,562,557,553,550,549,544,538,532,527,521,515,508,,1,1,1,1,1,1,1,1,1,1,1,1,1,1,1,1,1,1,1,1,1,1,1,1,1,1,1,1,1,1,
17050001,1,01/09/1975,,1,1,632,508,578,1,30,1,1,1,552,1,632,629,625,620,618,616,615,613,610,609,605,601,596,590,585,579,574,569,562,557,553,550,549,544,538,532,527,521,515,508,,1,1,1,1,1,1,1,1,1,1,1,1,1,1,1,1,1,1,1,1,1,1,1,1,1,1,1,1,1,1,0
17050001,2,01/08/1975,,1,1,708,634,675,1,31,1,1,1,0,0,708,705,702,700,698,698,695,694,693,691,690,689,687,685,682,679,675,671,667,663,659,658,656,655,653,649,648,648,644,637,634,1,1,1,1,1,1,1,1,1,1,1,1,1,1,1,1,1,1,1,1,1,1,1,1,1,1,1,1,1,1,1
17050001,1,01/08/1975,,1,1,708,634,675,1,31,1,1,1,552,1,708,705,702,700,698,698,695,694,693,691,690,689,687,685,682,679,675,671,667,663,659,658,656,655,653,649,648,648,644,637,634,1,1,1,1,1,1,1,1,1,1,1,1,1,1,1,1,1,1,1,1,1,1,1,1,1,1,1,1,1,1,1
17050001,2,01/07/1975,,1,1,749,709,732,1,31,1,1,1,0,0,749,746,744,742,741,738,737,735,734,734,736,738,740,742,742,740,740,738,735,731,728,726,724,721,719,718,715,715,713,711,709,1,1,1,1,1,1,1,1,1,1,1,1,1,1,1,1,1,1,1,1,1,1,1,1,1,1,1,1,1,1,1
17050001,1,01/07/1975,,1,1,749,709,732,1,31,1,1,1,552,1,749,746,744,742,741,738,737,735,734,734,736,738,740,742,742,740,740,738,735,731,728,726,724,721,719,718,715,715,713,711,709,1,1,1,1,1,1,1,1,1,1,1,1,1,1,1,1,1,1,1,1,1,1,1,1,1,1,1,1,1,1,1
17050001,2,01/06/1975,,1,1,773,752,765,15,30,1,1,1,0,0,764,766,766,766,765,764,764,764,768,766,768,770,768,770,773,771,770,769,766,766,766,764,763,762,762,760,759,757,754,752,,1,1,1,1,1,1,1,1,1,1,1,1,1,1,1,1,1,1,1,1,1,1,1,1,1,1,1,1,1,1,
17050001,1,01/06/1975,,1,1,773,752,765,15,30,1,1,1,552,1,764,766,766,766,765,764,764,764,768,766,768,770,768,770,773,771,770,769,766,766,766,764,763,762,762,760,759,757,754,752,,1,1,1,1,1,1,1,1,1,1,1,1,1,1,1,1,1,1,1,1,1,1,1,1,1,1,1,1,1,1,0
17050001,2,01/05/1975,,1,1,766,738,753,28,4,1,1,1,0,0,740,740,740,738,743,744,744,744,744,745,746,749,749,753,754,756,758,759,759,758,759,760,759,761,762,763,763,766,766,766,764,1,1,1,1,1,1,1,1,1,1,1,1,1,1,1,1,1,1,1,1,1,1,1,1,1,1,1,1,1,1,1
17050001,1,01/05/1975,,1,1,766,738,753,28,4,1,1,1,552,1,740,740,740,738,743,744,744,744,744,745,746,749,749,753,754,756,758,759,759,758,759,760,759,761,762,763,763,766,766,766,764,1,1,1,1,1,1,1,1,1,1,1,1,1,1,1,1,1,1,1,1,1,1,1,1,1,1,1,1,1,1,1
17050001,2,01/04/1975,,1,1,739,663,703,30,1,1,1,1,0,0,663,669,671,670,671,673,678,681,682,685,688,694,694,697,702,704,708,716,716,717,721,722,724,726,728,730,733,736,738,739,,1,1,1,1,1,1,1,1,1,1,1,1,1,1,1,1,1,1,1,1,1,1,1,1,1,1,1,1,1,1,
17050001,1,01/04/1975,,1,1,739,663,703,30,1,1,1,1,552,1,663,669,671,670,671,673,678,681,682,685,688,694,694,697,702,704,708,716,716,717,721,722,724,726,728,730,733,736,738,739,,1,1,1,1,1,1,1,1,1,1,1,1,1,1,1,1,1,1,1,1,1,1,1,1,1,1,1,1,1,1,0
17050001,2,01/03/1975,,1,1,661,577,616,31,1,1,1,1,0,0,577,580,584,586,589,590,594,594,594,594,596,600,603,606,609,616,620,622,624,626,626,631,634,638,642,646,652,656,658,660,661,1,1,1,1,1,1,1,1,1,1,1,1,1,1,1,1,1,1,1,1,1,1,1,1,1,1,1,1,1,1,1
17050001,1,01/03/1975,,1,1,661,577,616,31,1,1,1,1,552,1,577,580,584,586,589,590,594,594,594,594,596,600,603,606,609,616,620,622,624,626,626,631,634,638,642,646,652,656,658,660,661,1,1,1,1,1,1,1,1,1,1,1,1,1,1,1,1,1,1,1,1,1,1,1,1,1,1,1,1,1,1,1
17050001,2,01/02/1975,,1,1,572,464,524,28,1,1,1,1,0,0,464,473,477,482,488,492,494,499,503,507,511,516,521,526,530,534,540,545,546,547,548,550,550,555,561,565,568,572,,,,1,1,1,1,1,1,1,1,1,1,1,1,1,1,1,1,1,1,1,1,1,1,1,1,1,1,1,1,,,
17050001,1,01/02/1975,,1,1,572,464,524,28,1,1,1,1,552,1,464,473,477,482,488,492,494,499,503,507,511,516,521,526,530,534,540,545,546,547,548,550,550,555,561,565,568,572,,,,1,1,1,1,1,1,1,1,1,1,1,1,1,1,1,1,1,1,1,1,1,1,1,1,1,1,1,1,0,0,0
17050001,2,01/01/1975,,1,1,457,363,411,31,1,1,1,1,0,0,363,367,373,382,386,387,390,395,397,399,401,405,408,410,412,415,417,418,419,420,420,421,422,422,423,428,435,440,445,450,457,1,1,1,1,1,1,1,1,1,1,1,1,1,1,1,1,1,1,1,1,1,1,1,1,1,1,1,1,1,1,1
17050001,1,01/01/1975,,1,1,457,363,411,31,1,1,1,1,552,1,363,367,373,382,386,387,390,395,397,399,401,405,408,410,412,415,417,418,419,420,420,421,422,422,423,428,435,440,445,450,457,1,1,1,1,1,1,1,1,1,1,1,1,1,1,1,1,1,1,1,1,1,1,1,1,1,1,1,1,1,1,1
17050001,2,01/12/1974,,1,1,358,309,328,31,5,1,1,1,0,0,311,310,311,311,309,315,314,313,312,314,315,317,319,320,323,327,330,332,335,335,337,338,338,337,340,341,343,346,351,355,358,1,1,1,1,1,1,1,1,1,1,1,1,1,1,1,1,1,1,1,1,1,1,1,1,1,1,1,1,1,1,1
17050001,1,01/12/1974,,1,1,358,309,328,31,5,1,1,1,558,1,311,310,311,311,309,315,314,313,312,314,315,317,319,320,323,327,330,332,335,335,337,338,338,337,340,341,343,346,351,355,358,1,1,1,1,1,1,1,1,1,1,1,1,1,1,1,1,1,1,1,1,1,1,1,1,1,1,1,1,1,1,1
17050001,2,01/11/1974,,1,1,348,309,326,2,25,1,1,1,0,0,344,348,346,346,340,336,336,335,330,330,330,327,326,327,329,330,330,327,325,321,319,316,313,310,309,309,310,309,309,310,,1,1,1,1,1,1,1,1,1,1,1,1,1,1,1,1,1,1,1,1,1,1,1,1,1,1,1,1,1,1,
17050001,1,01/11/1974,,1,1,348,309,326,2,25,1,1,1,558,1,344,348,346,346,340,336,336,335,330,330,330,327,326,327,329,330,330,327,325,321,319,316,313,310,309,309,310,309,309,310,,1,1,1,1,1,1,1,1,1,1,1,1,1,1,1,1,1,1,1,1,1,1,1,1,1,1,1,1,1,1,0
17050001,2,01/10/1974,,1,1,461,342,395,1,31,1,1,1,0,0,461,458,455,451,446,441,436,428,423,416,408,405,403,400,395,391,385,383,379,375,372,369,366,360,356,354,351,347,346,344,342,1,1,1,1,1,1,1,1,1,1,1,1,1,1,1,1,1,1,1,1,1,1,1,1,1,1,1,1,1,1,1
17050001,1,01/10/1974,,1,1,461,342,395,1,31,1,1,1,558,1,461,458,455,451,446,441,436,428,423,416,408,405,403,400,395,391,385,383,379,375,372,369,366,360,356,354,351,347,346,344,342,1,1,1,1,1,1,1,1,1,1,1,1,1,1,1,1,1,1,1,1,1,1,1,1,1,1,1,1,1,1,1
17050001,2,01/09/1974,,1,1,586,465,533,1,30,1,1,1,0,0,586,584,581,580,574,571,569,567,562,557,552,547,543,539,537,535,531,527,525,522,517,514,507,500,495,488,481,476,470,465,,1,1,1,1,1,1,1,1,1,1,1,1,1,1,1,1,1,1,1,1,1,1,1,1,1,1,1,1,1,1,
17050001,1,01/09/1974,,1,1,586,465,533,1,30,1,1,1,558,1,586,584,581,580,574,571,569,567,562,557,552,547,543,539,537,535,531,527,525,522,517,514,507,500,495,488,481,476,470,465,,1,1,1,1,1,1,1,1,1,1,1,1,1,1,1,1,1,1,1,1,1,1,1,1,1,1,1,1,1,1,0
17050001,2,01/08/1974,,1,1,674,589,637,1,31,1,1,1,0,0,674,671,668,667,665,663,660,658,656,654,651,649,647,643,639,638,635,634,632,630,629,627,625,620,617,613,607,601,598,595,589,1,1,1,1,1,1,1,1,1,1,1,1,1,1,1,1,1,1,1,1,1,1,1,1,1,1,1,1,1,1,1
17050001,1,01/08/1974,,1,1,674,589,637,1,31,1,1,1,558,1,674,671,668,667,665,663,660,658,656,654,651,649,647,643,639,638,635,634,632,630,629,627,625,620,617,613,607,601,598,595,589,1,1,1,1,1,1,1,1,1,1,1,1,1,1,1,1,1,1,1,1,1,1,1,1,1,1,1,1,1,1,1
17050001,2,01/07/1974,,1,1,727,677,702,1,30,1,1,1,0,0,727,725,724,722,719,717,714,712,712,711,709,706,705,704,702,695,698,696,694,693,693,694,694,694,691,690,687,685,681,677,677,1,1,1,1,1,1,1,1,1,1,1,1,1,1,1,1,1,1,1,1,1,1,1,1,1,1,1,1,1,1,1
17050001,1,01/07/1974,,1,1,727,677,702,1,30,1,1,1,558,1,727,725,724,722,719,717,714,712,712,711,709,706,705,704,702,695,698,696,694,693,693,694,694,694,691,690,687,685,681,677,677,1,1,1,1,1,1,1,1,1,1,1,1,1,1,1,1,1,1,1,1,1,1,1,1,1,1,1,1,1,1,1
17050001,2,01/06/1974,,1,1,749,729,738,5,20,1,1,1,0,0,747,747,748,748,749,747,746,745,744,742,742,741,739,736,736,734,731,730,730,729,730,732,731,733,734,734,733,732,730,730,,1,1,1,1,1,1,1,1,1,1,1,1,1,1,1,1,1,1,1,1,1,1,1,1,1,1,1,1,1,1,
17050001,1,01/06/1974,,1,1,749,729,738,5,20,1,1,1,558,1,747,747,748,748,749,747,746,745,744,742,742,741,739,736,736,734,731,730,730,729,730,732,731,733,734,734,733,732,730,730,,1,1,1,1,1,1,1,1,1,1,1,1,1,1,1,1,1,1,1,1,1,1,1,1,1,1,1,1,1,1,0
17050001,2,01/05/1974,,1,1,748,724,740,24,1,1,1,1,0,0,724,725,726,726,727,730,732,734,735,736,738,739,740,742,744,744,744,742,742,742,743,744,746,748,748,748,748,748,748,747,748,1,1,1,1,1,1,1,1,1,1,1,1,1,1,1,1,1,1,1,1,1,1,1,1,1,1,1,1,1,1,1
17050001,1,01/05/1974,,1,1,748,724,740,24,1,1,1,1,558,1,724,725,726,726,727,730,732,734,735,736,738,739,740,742,744,744,744,742,742,742,743,744,746,748,748,748,748,748,748,747,748,1,1,1,1,1,1,1,1,1,1,1,1,1,1,1,1,1,1,1,1,1,1,1,1,1,1,1,1,1,1,1
17050001,2,01/04/1974,,1,1,723,668,698,30,1,1,1,1,0,0,668,669,669,678,678,682,686,689,691,695,699,700,701,704,699,700,702,700,700,701,704,705,706,707,710,713,716,718,720,723,,1,1,1,1,1,1,1,1,1,1,1,1,1,1,1,1,1,1,1,1,1,1,1,1,1,1,1,1,1,1,
17050001,1,01/04/1974,,1,1,723,668,698,30,1,1,1,1,558,1,668,669,669,678,678,682,686,689,691,695,699,700,701,704,699,700,702,700,700,701,704,705,706,707,710,713,716,718,720,723,,1,1,1,1,1,1,1,1,1,1,1,1,1,1,1,1,1,1,1,1,1,1,1,1,1,1,1,1,1,1,0
17050001,2,01/03/1974,,1,1,664,596,630,31,1,1,1,1,0,0,596,598,600,601,603,607,611,615,615,623,625,628,630,631,633,635,635,635,636,635,637,637,638,641,645,651,653,656,660,662,664,1,1,1,1,1,1,1,1,1,1,1,1,1,1,1,1,1,1,1,1,1,1,1,1,1,1,1,1,1,1,1
17050001,1,01/03/1974,,1,1,664,596,630,31,1,1,1,1,558,1,596,598,600,601,603,607,611,615,615,623,625,628,630,631,633,635,635,635,636,635,637,637,638,641,645,651,653,656,660,662,664,1,1,1,1,1,1,1,1,1,1,1,1,1,1,1,1,1,1,1,1,1,1,1,1,1,1,1,1,1,1,1
17050001,2,01/02/1974,,1,1,594,487,544,28,1,1,1,1,0,0,487,490,492,497,501,506,516,524,533,537,541,544,547,547,548,550,553,556,555,559,564,573,576,579,582,585,589,594,,,,1,1,1,1,1,1,1,1,1,1,1,1,1,1,1,1,1,1,1,1,1,1,1,1,1,1,1,1,,,
17050001,1,01/02/1974,,1,1,594,487,544,28,1,1,1,1,558,1,487,490,492,497,501,506,516,524,533,537,541,544,547,547,548,550,553,556,555,559,564,573,576,579,582,585,589,594,,,,1,1,1,1,1,1,1,1,1,1,1,1,1,1,1,1,1,1,1,1,1,1,1,1,1,1,1,1,0,0,0
17050001,2,01/01/1974,,1,1,484,396,429,31,2,1,1,1,0,0,397,396,398,396,397,398,401,405,408,411,417,418,420,424,426,428,431,430,431,433,433,439,445,449,454,458,464,467,471,477,484,1,1,1,1,1,1,1,1,1,1,1,1,1,1,1,1,1,1,1,1,1,1,1,1,1,1,1,1,1,1,1
17050001,1,01/01/1974,,1,1,484,396,429,31,2,1,1,1,558,1,397,396,398,396,397,398,401,405,408,411,417,418,420,424,426,428,431,430,431,433,433,439,445,449,454,458,464,467,471,477,484,1,1,1,1,1,1,1,1,1,1,1,1,1,1,1,1,1,1,1,1,1,1,1,1,1,1,1,1,1,1,1
17050001,2,01/12/1973,,1,1,397,293,352,29,1,1,1,1,0,0,293,295,296,299,301,307,310,316,323,329,337,341,349,354,357,363,366,368,368,370,373,378,380,382,385,388,391,395,397,397,397,1,1,1,1,1,1,1,1,1,1,1,1,1,1,1,1,1,1,1,1,1,1,1,1,1,1,1,1,1,1,1
17050001,1,01/12/1973,,1,1,397,293,352,29,1,1,1,1,521,1,293,295,296,299,301,307,310,316,323,329,337,341,349,354,357,363,366,368,368,370,373,378,380,382,385,388,391,395,397,397,397,1,1,1,1,1,1,1,1,1,1,1,1,1,1,1,1,1,1,1,1,1,1,1,1,1,1,1,1,1,1,1
17050001,2,01/11/1973,,1,1,371,288,328,1,28,1,1,1,0,0,371,367,363,359,355,352,351,349,346,344,341,337,335,331,331,333,329,327,324,321,315,309,303,297,293,290,289,288,291,291,,1,1,1,1,1,1,1,1,1,1,1,1,1,1,1,1,1,1,1,1,1,1,1,1,1,1,1,1,1,1,
17050001,1,01/11/1973,,1,1,371,288,328,1,28,1,1,1,521,1,371,367,363,359,355,352,351,349,346,344,341,337,335,331,331,333,329,327,324,321,315,309,303,297,293,290,289,288,291,291,,1,1,1,1,1,1,1,1,1,1,1,1,1,1,1,1,1,1,1,1,1,1,1,1,1,1,1,1,1,1,0
17050001,2,01/10/1973,,1,1,499,375,436,1,31,1,1,1,0,0,499,495,490,485,479,473,469,463,460,457,453,450,447,443,440,436,430,427,424,421,417,414,411,408,406,403,398,390,383,380,375,1,1,1,1,1,1,1,1,1,1,1,1,1,1,1,1,1,1,1,1,1,1,1,1,1,1,1,1,1,1,1
17050001,1,01/10/1973,,1,1,499,375,436,1,31,1,1,1,521,1,499,495,490,485,479,473,469,463,460,457,453,450,447,443,440,436,430,427,424,421,417,414,411,408,406,403,398,390,383,380,375,1,1,1,1,1,1,1,1,1,1,1,1,1,1,1,1,1,1,1,1,1,1,1,1,1,1,1,1,1,1,1
17050001,2,01/09/1973,,1,1,601,502,549,1,30,1,1,1,0,0,601,597,591,587,583,581,575,571,567,563,560,558,555,552,550,548,546,543,539,536,532,528,525,521,518,515,511,508,505,502,,1,1,1,1,1,1,1,1,1,1,1,1,1,1,1,1,1,1,1,1,1,1,1,1,1,1,1,1,1,1,
17050001,1,01/09/1973,,1,1,601,502,549,1,30,1,1,1,521,1,601,597,591,587,583,581,575,571,567,563,560,558,555,552,550,548,546,543,539,536,532,528,525,521,518,515,511,508,505,502,,1,1,1,1,1,1,1,1,1,1,1,1,1,1,1,1,1,1,1,1,1,1,1,1,1,1,1,1,1,1,0
17050001,2,01/08/1973,,1,1,677,602,641,1,31,1,1,1,0,0,677,675,673,671,669,669,666,663,661,659,656,653,649,645,642,640,638,637,634,633,630,628,625,619,616,614,612,610,607,605,602,1,1,1,1,1,1,1,1,1,1,1,1,1,1,1,1,1,1,1,1,1,1,1,1,1,1,1,1,1,1,1
17050001,1,01/08/1973,,1,1,677,602,641,1,31,1,1,1,521,1,677,675,673,671,669,669,666,663,661,659,656,653,649,645,642,640,638,637,634,633,630,628,625,619,616,614,612,610,607,605,602,1,1,1,1,1,1,1,1,1,1,1,1,1,1,1,1,1,1,1,1,1,1,1,1,1,1,1,1,1,1,1
17050001,2,01/07/1973,,1,1,710,677,692,5,26,1,1,1,0,0,707,708,708,709,710,709,705,703,702,699,697,696,694,691,693,695,691,689,687,686,686,685,685,682,680,677,678,677,679,678,677,1,1,1,1,1,1,1,1,1,1,1,1,1,1,1,1,1,1,1,1,1,1,1,1,1,1,1,1,1,1,1
17050001,1,01/07/1973,,1,1,710,677,692,5,26,1,1,1,521,1,707,708,708,709,710,709,705,703,702,699,697,696,694,691,693,695,691,689,687,686,686,685,685,682,680,677,678,677,679,678,677,1,1,1,1,1,1,1,1,1,1,1,1,1,1,1,1,1,1,1,1,1,1,1,1,1,1,1,1,1,1,1
17050001,2,01/06/1973,,1,1,718,708,713,10,29,1,1,1,0,0,710,711,713,714,715,716,716,714,716,718,716,714,714,713,712,713,712,712,712,712,713,712,712,713,712,713,712,710,708,708,,1,1,1,1,1,1,1,1,1,1,1,1,1,1,1,1,1,1,1,1,1,1,1,1,1,1,1,1,1,1,
17050001,1,01/06/1973,,1,1,718,708,713,10,29,1,1,1,521,1,710,711,713,714,715,716,716,714,716,718,716,714,714,713,712,713,712,712,712,712,713,712,712,713,712,713,712,710,708,708,,1,1,1,1,1,1,1,1,1,1,1,1,1,1,1,1,1,1,1,1,1,1,1,1,1,1,1,1,1,1,0
17050001,2,01/05/1973,,1,1,707,633,677,31,1,1,1,1,0,0,633,638,639,642,647,651,655,658,663,667,671,672,672,673,676,678,681,685,689,693,695,697,698,698,701,702,702,703,704,705,707,1,1,1,1,1,1,1,1,1,1,1,1,1,1,1,1,1,1,1,1,1,1,1,1,1,1,1,1,1,1,1
17050001,1,01/05/1973,,1,1,707,633,677,31,1,1,1,1,521,1,633,638,639,642,647,651,655,658,663,667,671,672,672,673,676,678,681,685,689,693,695,697,698,698,701,702,702,703,704,705,707,1,1,1,1,1,1,1,1,1,1,1,1,1,1,1,1,1,1,1,1,1,1,1,1,1,1,1,1,1,1,1
17050001,2,01/04/1973,,1,1,631,548,593,30,1,1,1,1,0,0,548,551,555,557,561,565,572,579,583,587,590,591,592,594,594,596,600,601,602,604,606,608,609,612,617,619,620,624,627,631,,1,1,1,1,1,1,1,1,1,1,1,1,1,1,1,1,1,1,1,1,1,1,1,1,1,1,1,1,1,1,
17050001,1,01/04/1973,,1,1,631,548,593,30,1,1,1,1,521,1,548,551,555,557,561,565,572,579,583,587,590,591,592,594,594,596,600,601,602,604,606,608,609,612,617,619,620,624,627,631,,1,1,1,1,1,1,1,1,1,1,1,1,1,1,1,1,1,1,1,1,1,1,1,1,1,1,1,1,1,1,0
17050001,2,01/03/1973,,1,1,546,458,508,31,1,1,1,1,0,0,458,459,463,471,474,479,481,488,491,496,503,505,504,505,508,509,512,514,517,519,521,526,530,531,535,537,539,544,542,544,546,1,1,1,1,1,1,1,1,1,1,1,1,1,1,1,1,1,1,1,1,1,1,1,1,1,1,1,1,1,1,1
17050001,1,01/03/1973,,1,1,546,458,508,31,1,1,1,1,521,1,458,459,463,471,474,479,481,488,491,496,503,505,504,505,508,509,512,514,517,519,521,526,530,531,535,537,539,544,542,544,546,1,1,1,1,1,1,1,1,1,1,1,1,1,1,1,1,1,1,1,1,1,1,1,1,1,1,1,1,1,1,1
17050001,2,01/02/1973,,1,1,456,374,413,28,1,1,1,1,0,0,374,378,381,384,389,393,396,396,397,401,401,403,405,406,410,414,417,419,423,429,435,436,438,445,448,448,448,456,,,,1,1,1,1,1,1,1,1,1,1,1,1,1,1,1,1,1,1,1,1,1,1,1,1,1,1,1,1,,,
17050001,1,01/02/1973,,1,1,456,374,413,28,1,1,1,1,521,1,374,378,381,384,389,393,396,396,397,401,401,403,405,406,410,414,417,419,423,429,435,436,438,445,448,448,448,456,,,,1,1,1,1,1,1,1,1,1,1,1,1,1,1,1,1,1,1,1,1,1,1,1,1,1,1,1,1,0,0,0
17050001,2,01/01/1973,,1,1,378,304,354,28,1,1,1,1,0,0,304,309,313,319,326,330,337,341,345,350,354,357,357,358,358,359,361,362,364,367,368,371,373,374,377,372,373,378,369,369,371,1,1,1,1,1,1,1,1,1,1,1,1,1,1,1,1,1,1,1,1,1,1,1,1,1,1,1,1,1,1,1
17050001,1,01/01/1973,,1,1,378,304,354,28,1,1,1,1,521,1,304,309,313,319,326,330,337,341,345,350,354,357,357,358,358,359,361,362,364,367,368,371,373,374,377,372,373,378,369,369,371,1,1,1,1,1,1,1,1,1,1,1,1,1,1,1,1,1,1,1,1,1,1,1,1,1,1,1,1,1,1,1
17050001,2,01/12/1972,,1,1,302,205,253,31,1,1,1,1,0,0,205,208,211,215,218,223,228,231,234,236,239,241,244,242,242,241,245,250,255,260,268,274,278,283,287,289,292,295,296,299,302,1,1,1,1,1,1,1,1,1,1,1,1,1,1,1,1,1,1,1,1,1,1,1,1,1,1,1,1,1,1,1
17050001,1,01/12/1972,,1,1,302,205,253,31,1,1,1,1,512,1,205,208,211,215,218,223,228,231,234,236,239,241,244,242,242,241,245,250,255,260,268,274,278,283,287,289,292,295,296,299,302,1,1,1,1,1,1,1,1,1,1,1,1,1,1,1,1,1,1,1,1,1,1,1,1,1,1,1,1,1,1,1
17050001,2,01/11/1972,,1,1,254,196,216,1,17,1,1,1,0,0,254,248,242,239,236,233,229,224,221,219,215,211,207,201,199,197,196,196,199,203,205,209,210,210,214,214,215,208,207,205,,1,1,1,1,1,1,1,1,1,1,1,1,1,1,1,1,1,1,1,1,1,1,1,1,1,1,1,1,1,1,
17050001,1,01/11/1972,,1,1,254,196,216,1,17,1,1,1,512,1,254,248,242,239,236,233,229,224,221,219,215,211,207,201,199,197,196,196,199,203,205,209,210,210,214,214,215,208,207,205,,1,1,1,1,1,1,1,1,1,1,1,1,1,1,1,1,1,1,1,1,1,1,1,1,1,1,1,1,1,1,0
17050001,2,01/10/1972,,1,1,422,259,339,1,31,1,1,1,0,0,422,415,409,404,399,395,390,384,377,372,364,357,353,347,343,335,325,319,313,310,306,304,302,300,298,294,288,282,274,266,259,1,1,1,1,1,1,1,1,1,1,1,1,1,1,1,1,1,1,1,1,1,1,1,1,1,1,1,1,1,1,1
17050001,1,01/10/1972,,1,1,422,259,339,1,31,1,1,1,512,1,422,415,409,404,399,395,390,384,377,372,364,357,353,347,343,335,325,319,313,310,306,304,302,300,298,294,288,282,274,266,259,1,1,1,1,1,1,1,1,1,1,1,1,1,1,1,1,1,1,1,1,1,1,1,1,1,1,1,1,1,1,1
17050001,2,01/09/1972,,1,1,543,429,488,1,30,1,1,1,0,0,543,540,535,531,528,525,522,519,517,514,510,507,502,496,491,487,481,473,470,467,463,461,458,455,450,447,443,439,433,429,,1,1,1,1,1,1,1,1,1,1,1,1,1,1,1,1,1,1,1,1,1,1,1,1,1,1,1,1,1,1,
17050001,1,01/09/1972,,1,1,543,429,488,1,30,1,1,1,512,1,543,540,535,531,528,525,522,519,517,514,510,507,502,496,491,487,481,473,470,467,463,461,458,455,450,447,443,439,433,429,,1,1,1,1,1,1,1,1,1,1,1,1,1,1,1,1,1,1,1,1,1,1,1,1,1,1,1,1,1,1,0
17050001,2,01/08/1972,,1,1,649,546,603,1,31,1,1,1,0,0,649,647,643,639,637,635,631,629,628,626,623,620,619,619,617,611,607,601,596,591,585,580,575,572,569,565,560,557,552,549,546,1,1,1,1,1,1,1,1,1,1,1,1,1,1,1,1,1,1,1,1,1,1,1,1,1,1,1,1,1,1,1
17050001,1,01/08/1972,,1,1,649,546,603,1,31,1,1,1,512,1,649,647,643,639,637,635,631,629,628,626,623,620,619,619,617,611,607,601,596,591,585,580,575,572,569,565,560,557,552,549,546,1,1,1,1,1,1,1,1,1,1,1,1,1,1,1,1,1,1,1,1,1,1,1,1,1,1,1,1,1,1,1
17050001,2,01/07/1972,,1,1,708,652,685,1,31,1,1,1,0,0,708,707,706,703,703,706,705,702,699,700,697,698,696,699,695,692,685,684,681,678,676,674,672,671,667,663,659,655,657,656,652,1,1,1,1,1,1,1,1,1,1,1,1,1,1,1,1,1,1,1,1,1,1,1,1,1,1,1,1,1,1,1
17050001,1,01/07/1972,,1,1,708,652,685,1,31,1,1,1,512,1,708,707,706,703,703,706,705,702,699,700,697,698,696,699,695,692,685,684,681,678,676,674,672,671,667,663,659,655,657,656,652,1,1,1,1,1,1,1,1,1,1,1,1,1,1,1,1,1,1,1,1,1,1,1,1,1,1,1,1,1,1,1
17050001,2,01/06/1972,,1,1,731,711,724,17,30,1,1,1,0,0,729,729,730,729,730,729,729,727,730,729,725,727,729,729,730,730,731,729,730,725,722,718,716,716,718,715,713,713,714,711,,1,1,1,1,1,1,1,1,1,1,1,1,1,1,1,1,1,1,1,1,1,1,1,1,1,1,1,1,1,1,
17050001,1,01/06/1972,,1,1,731,711,724,17,30,1,1,1,512,1,729,729,730,729,730,729,729,727,730,729,725,727,729,729,730,730,731,729,730,725,722,718,716,716,718,715,713,713,714,711,,1,1,1,1,1,1,1,1,1,1,1,1,1,1,1,1,1,1,1,1,1,1,1,1,1,1,1,1,1,1,0
17050001,2,01/05/1972,,1,1,733,705,723,23,1,1,1,1,0,0,705,709,710,712,714,712,715,719,716,718,719,721,722,725,722,722,727,729,731,729,729,730,733,730,732,730,729,729,729,729,729,1,1,1,1,1,1,1,1,1,1,1,1,1,1,1,1,1,1,1,1,1,1,1,1,1,1,1,1,1,1,1
17050001,1,01/05/1972,,1,1,733,705,723,23,1,1,1,1,512,1,705,709,710,712,714,712,715,719,716,718,719,721,722,725,722,722,727,729,731,729,729,730,733,730,732,730,729,729,729,729,729,1,1,1,1,1,1,1,1,1,1,1,1,1,1,1,1,1,1,1,1,1,1,1,1,1,1,1,1,1,1,1
17050001,2,01/04/1972,,1,1,703,657,673,30,1,2,2,2,0,0,657,659,659,661,660,661,660,659,661,659,658,659,659,663,665,669,673,675,678,681,682,684,685,689,691,692,693,696,699,703,,1,1,1,1,1,1,1,1,1,1,1,1,2,1,1,1,1,1,1,1,1,1,1,1,1,1,1,1,1,1,
17050001,1,01/04/1972,,1,1,703,657,673,30,1,1,1,1,512,1,657,659,659,661,660,661,660,659,661,659,658,659,661,663,665,669,673,675,678,681,682,684,685,689,691,692,693,696,699,703,,1,1,1,1,1,1,1,1,1,1,1,1,1,1,1,1,1,1,1,1,1,1,1,1,1,1,1,1,1,1,0
17050001,2,01/03/1972,,1,1,654,570,617,31,1,1,1,1,0,0,570,575,579,583,587,593,598,601,607,605,603,604,610,616,619,620,622,622,623,627,628,629,631,636,642,644,645,646,648,651,654,1,1,1,1,1,1,1,1,1,1,1,1,1,1,1,1,1,1,1,1,1,1,1,1,1,1,1,1,1,1,1
17050001,1,01/03/1972,,1,1,654,570,617,31,1,1,1,1,512,1,570,575,579,583,587,593,598,601,607,605,603,604,610,616,619,620,622,622,623,627,628,629,631,636,642,644,645,646,648,651,654,1,1,1,1,1,1,1,1,1,1,1,1,1,1,1,1,1,1,1,1,1,1,1,1,1,1,1,1,1,1,1
17050001,2,01/02/1972,,1,1,568,401,493,29,1,1,1,1,0,0,401,410,422,432,437,444,451,455,461,470,475,479,483,487,493,498,503,509,513,521,526,535,540,546,550,550,558,566,568,,,1,1,1,1,1,1,1,1,1,1,1,1,1,1,1,1,1,1,1,1,1,1,1,1,1,1,1,1,1,,
17050001,1,01/02/1972,,1,1,568,401,493,29,1,1,1,1,512,1,401,410,422,432,437,444,451,455,461,470,475,479,483,487,493,498,503,509,513,521,526,535,540,546,550,550,558,566,568,,,1,1,1,1,1,1,1,1,1,1,1,1,1,1,1,1,1,1,1,1,1,1,1,1,1,1,1,1,1,0,0
17050001,2,01/01/1972,,1,1,384,300,326,31,11,1,1,1,0,0,305,307,308,311,313,311,313,311,308,304,300,301,301,303,305,307,312,317,321,327,333,338,339,343,346,355,361,365,369,376,384,1,1,1,1,1,1,1,1,1,1,1,1,1,1,1,1,1,1,1,1,1,1,1,1,1,1,1,1,1,1,1
17050001,1,01/01/1972,,1,1,384,300,326,31,11,1,1,1,512,1,305,307,308,311,313,311,313,311,308,304,300,301,301,303,305,307,312,317,321,327,333,338,339,343,346,355,361,365,369,376,384,1,1,1,1,1,1,1,1,1,1,1,1,1,1,1,1,1,1,1,1,1,1,1,1,1,1,1,1,1,1,1
17050001,2,01/12/1971,,1,1,321,300,308,8,1,1,1,1,0,0,300,304,307,309,312,315,320,321,317,315,315,312,310,309,309,307,305,304,303,305,305,305,306,304,303,303,306,306,307,303,302,1,1,1,1,1,1,1,1,1,1,1,1,1,1,1,1,1,1,1,1,1,1,1,1,1,1,1,1,1,1,1
17050001,1,01/12/1971,,1,1,321,300,308,8,1,1,1,1,517,1,300,304,307,309,312,315,320,321,317,315,315,312,310,309,309,307,305,304,303,305,305,305,306,304,303,303,306,306,307,303,302,1,1,1,1,1,1,1,1,1,1,1,1,1,1,1,1,1,1,1,1,1,1,1,1,1,1,1,1,1,1,1
17050001,2,01/11/1971,,1,1,299,264,277,30,14,2,2,2,0,0,277,277,278,279,280,272,277,278,274,273,269,268,265,264,265,267,270,271,273,278,279,276,278,280,282,284,284,292,296,299,,1,2,2,1,1,1,1,1,1,1,1,1,1,1,1,1,1,1,1,1,1,1,1,1,1,1,1,1,1,1,
17050001,1,01/11/1971,,1,1,299,264,276,30,14,1,1,1,517,1,277,270,270,279,280,272,277,278,274,273,269,268,265,264,265,267,270,271,273,278,279,276,278,280,282,284,284,292,296,299,,1,1,1,1,1,1,1,1,1,1,1,1,1,1,1,1,1,1,1,1,1,1,1,1,1,1,1,1,1,1,0
17050001,2,01/10/1971,,1,1,437,280,353,1,31,1,1,1,0,0,437,430,427,420,418,414,410,402,394,388,380,371,361,352,348,344,340,337,331,328,325,320,314,309,306,298,294,288,285,283,280,1,1,1,1,1,1,1,1,1,1,1,1,1,1,1,1,1,1,1,1,1,1,1,1,1,1,1,1,1,1,1
17050001,1,01/10/1971,,1,1,437,280,353,1,31,1,1,1,517,1,437,430,427,420,418,414,410,402,394,388,380,371,361,352,348,344,340,337,331,328,325,320,314,309,306,298,294,288,285,283,280,1,1,1,1,1,1,1,1,1,1,1,1,1,1,1,1,1,1,1,1,1,1,1,1,1,1,1,1,1,1,1
17050001,2,01/09/1971,,1,1,588,444,525,1,30,1,1,1,0,0,588,585,581,578,574,571,567,566,562,558,551,547,539,532,527,522,516,512,510,508,505,500,494,487,482,475,467,459,452,444,,1,1,1,1,1,1,1,1,1,1,1,1,1,1,1,1,1,1,1,1,1,1,1,1,1,1,1,1,1,1,
17050001,1,01/09/1971,,1,1,588,444,525,1,30,1,1,1,517,1,588,585,581,578,574,571,567,566,562,558,551,547,539,532,527,522,516,512,510,508,505,500,494,487,482,475,467,459,452,444,,1,1,1,1,1,1,1,1,1,1,1,1,1,1,1,1,1,1,1,1,1,1,1,1,1,1,1,1,1,1,0
17050001,2,01/08/1971,,1,1,693,593,648,1,31,1,1,1,0,0,693,690,685,682,679,676,675,673,669,668,667,666,663,661,659,651,647,641,638,635,632,630,626,622,618,615,611,608,604,598,593,1,1,1,1,1,1,1,1,1,1,1,1,1,1,1,1,1,1,1,1,1,1,1,1,1,1,1,1,1,1,1
17050001,1,01/08/1971,,1,1,693,593,648,1,31,1,1,1,517,1,693,690,685,682,679,676,675,673,669,668,667,666,663,661,659,651,647,641,638,635,632,630,626,622,618,615,611,608,604,598,593,1,1,1,1,1,1,1,1,1,1,1,1,1,1,1,1,1,1,1,1,1,1,1,1,1,1,1,1,1,1,1
17050001,2,01/07/1971,,1,1,739,694,721,1,31,1,1,1,0,0,739,737,737,735,734,733,732,732,732,731,730,729,728,727,725,722,720,720,718,716,713,712,710,709,708,706,705,704,701,699,694,1,1,1,1,1,1,1,1,1,1,1,1,1,1,1,1,1,1,1,1,1,1,1,1,1,1,1,1,1,1,1
17050001,1,01/07/1971,,1,1,739,694,721,1,31,1,1,1,517,1,739,737,737,735,734,733,732,732,732,731,730,729,728,727,725,722,720,720,718,716,713,712,710,709,708,706,705,704,701,699,694,1,1,1,1,1,1,1,1,1,1,1,1,1,1,1,1,1,1,1,1,1,1,1,1,1,1,1,1,1,1,1
17050001,2,01/06/1971,,1,1,757,741,749,15,30,1,1,1,0,0,745,745,746,743,744,743,746,748,747,746,748,749,750,754,757,755,757,753,752,753,752,753,752,750,749,747,746,745,743,741,,1,1,1,1,1,1,1,1,1,1,1,1,1,1,1,1,1,1,1,1,1,1,1,1,1,1,1,1,1,1,
17050001,1,01/06/1971,,1,1,757,741,749,15,30,1,1,1,517,1,745,745,746,743,744,743,746,748,747,746,748,749,750,754,757,755,757,753,752,753,752,753,752,750,749,747,746,745,743,741,,1,1,1,1,1,1,1,1,1,1,1,1,1,1,1,1,1,1,1,1,1,1,1,1,1,1,1,1,1,1,0
17050001,2,01/05/1971,,1,1,747,722,734,29,3,1,1,1,0,0,724,724,722,723,725,726,726,723,724,729,733,731,732,733,733,733,733,733,732,734,737,739,740,743,743,745,744,745,747,745,745,1,1,1,1,1,1,1,1,1,1,1,1,1,1,1,1,1,1,1,1,1,1,1,1,1,1,1,1,1,1,1
17050001,1,01/05/1971,,1,1,747,722,734,29,3,1,1,1,517,1,724,724,722,723,725,726,726,723,724,729,733,731,732,733,733,733,733,733,732,734,737,739,740,743,743,745,744,745,747,745,745,1,1,1,1,1,1,1,1,1,1,1,1,1,1,1,1,1,1,1,1,1,1,1,1,1,1,1,1,1,1,1
17050001,2,01/04/1971,,1,1,722,624,678,30,1,1,1,1,0,0,624,627,631,634,635,636,639,644,653,664,670,675,681,683,684,687,689,692,695,696,699,701,703,705,707,713,715,718,721,722,,1,1,1,1,1,1,1,1,1,1,1,1,1,1,1,1,1,1,1,1,1,1,1,1,1,1,1,1,1,1,
17050001,1,01/04/1971,,1,1,722,624,678,30,1,1,1,1,517,1,624,627,631,634,635,636,639,644,653,664,670,675,681,683,684,687,689,692,695,696,699,701,703,705,707,713,715,718,721,722,,1,1,1,1,1,1,1,1,1,1,1,1,1,1,1,1,1,1,1,1,1,1,1,1,1,1,1,1,1,1,0
17050001,2,01/03/1971,,1,1,620,504,562,31,1,1,1,1,0,0,504,514,514,516,519,522,527,531,536,541,546,549,552,557,559,561,565,569,574,578,581,585,588,591,596,598,603,607,611,615,620,1,1,1,1,1,1,1,1,1,1,1,1,1,1,1,1,1,1,1,1,1,1,1,1,1,1,1,1,1,1,1
17050001,1,01/03/1971,,1,1,620,504,562,31,1,1,1,1,517,1,504,514,514,516,519,522,527,531,536,541,546,549,552,557,559,561,565,569,574,578,581,585,588,591,596,598,603,607,611,615,620,1,1,1,1,1,1,1,1,1,1,1,1,1,1,1,1,1,1,1,1,1,1,1,1,1,1,1,1,1,1,1
17050001,2,01/02/1971,,1,1,498,335,421,28,1,1,1,1,0,0,335,342,350,356,362,366,372,380,386,394,399,407,415,421,424,435,444,447,453,457,465,469,473,477,484,488,493,498,,,,1,1,1,1,1,1,1,1,1,1,1,1,1,1,1,1,1,1,1,1,1,1,1,1,1,1,1,1,,,
17050001,1,01/02/1971,,1,1,498,335,421,28,1,1,1,1,517,1,335,342,350,356,362,366,372,380,386,394,399,407,415,421,424,435,444,447,453,457,465,469,473,477,484,488,493,498,,,,1,1,1,1,1,1,1,1,1,1,1,1,1,1,1,1,1,1,1,1,1,1,1,1,1,1,1,1,0,0,0
17050001,2,01/01/1971,,1,1,328,155,226,31,1,1,1,1,0,0,155,159,163,167,171,176,179,182,186,189,193,194,203,210,215,219,224,231,235,240,250,252,259,267,273,281,291,299,310,318,328,1,1,1,1,1,1,1,1,1,1,1,1,1,1,1,1,1,1,1,1,1,1,1,1,1,1,1,1,1,1,1
17050001,1,01/01/1971,,1,1,328,155,226,31,1,1,1,1,517,1,155,159,163,167,171,176,179,182,186,189,193,194,203,210,215,219,224,231,235,240,250,252,259,267,273,281,291,299,310,318,328,1,1,1,1,1,1,1,1,1,1,1,1,1,1,1,1,1,1,1,1,1,1,1,1,1,1,1,1,1,1,1
17050001,2,01/12/1970,,1,1,147,110,126,3,25,1,1,1,0,0,144,146,147,145,138,135,129,127,122,121,122,120,121,123,123,124,121,118,115,115,112,115,114,115,110,113,119,129,134,142,147,1,1,1,1,1,1,1,1,1,1,1,1,1,1,1,1,1,1,1,1,1,1,1,1,1,1,1,1,1,1,1
17050001,1,01/12/1970,,1,1,147,110,126,3,25,1,1,1,439,1,144,146,147,145,138,135,129,127,122,121,122,120,121,123,123,124,121,118,115,115,112,115,114,115,110,113,119,129,134,142,147,1,1,1,1,1,1,1,1,1,1,1,1,1,1,1,1,1,1,1,1,1,1,1,1,1,1,1,1,1,1,1
17050001,2,01/11/1970,,1,1,183,122,141,1,26,2,2,2,0,0,183,179,173,163,155,147,141,143,149,149,149,148,143,140,137,130,128,126,129,128,127,128,129,125,123,122,129,129,136,133,,1,1,1,1,1,1,1,1,1,2,1,1,1,1,1,2,2,2,2,2,2,2,2,2,2,2,2,1,1,1,
17050001,1,01/11/1970,,1,1,183,112,137,1,26,1,1,1,439,1,183,179,173,163,155,147,141,143,149,153,149,148,143,140,137,120,118,116,119,118,117,118,119,115,113,112,119,129,136,133,,1,1,1,1,1,1,1,1,1,1,1,1,1,1,1,1,1,1,1,1,1,1,1,1,1,1,1,1,1,1,0
17050001,2,01/10/1970,,1,1,342,189,269,1,31,1,1,1,0,0,342,337,332,327,322,317,313,309,300,291,285,281,277,275,273,271,269,265,261,259,255,247,239,232,226,219,212,207,202,196,189,1,1,1,1,1,1,1,1,1,1,1,1,1,1,1,1,1,1,1,1,1,1,1,1,1,1,1,1,1,1,1
17050001,1,01/10/1970,,1,1,342,189,269,1,31,1,1,1,439,1,342,337,332,327,322,317,313,309,300,291,285,281,277,275,273,271,269,265,261,259,255,247,239,232,226,219,212,207,202,196,189,1,1,1,1,1,1,1,1,1,1,1,1,1,1,1,1,1,1,1,1,1,1,1,1,1,1,1,1,1,1,1
17050001,2,01/09/1970,,1,1,517,347,437,1,30,1,1,1,0,0,517,513,509,504,500,499,490,479,473,467,459,452,447,442,437,433,430,428,426,422,416,409,402,394,383,369,362,357,352,347,,1,1,1,1,1,1,1,1,1,1,1,1,1,1,1,1,1,1,1,1,1,1,1,1,1,1,1,1,1,1,
17050001,1,01/09/1970,,1,1,517,347,437,1,30,1,1,1,439,1,517,513,509,504,500,499,490,479,473,467,459,452,447,442,437,433,430,428,426,422,416,409,402,394,383,369,362,357,352,347,,1,1,1,1,1,1,1,1,1,1,1,1,1,1,1,1,1,1,1,1,1,1,1,1,1,1,1,1,1,1,0
17050001,2,01/08/1970,,1,1,619,521,578,1,31,1,1,1,0,0,619,617,614,611,608,606,603,599,597,595,591,587,588,586,583,580,578,576,574,573,570,568,564,559,552,552,541,537,531,526,521,1,1,1,1,1,1,1,1,1,1,1,1,1,1,1,1,1,1,1,1,1,1,1,1,1,1,1,1,1,1,1
17050001,1,01/08/1970,,1,1,619,521,578,1,31,1,1,1,439,1,619,617,614,611,608,606,603,599,597,595,591,587,588,586,583,580,578,576,574,573,570,568,564,559,552,552,541,537,531,526,521,1,1,1,1,1,1,1,1,1,1,1,1,1,1,1,1,1,1,1,1,1,1,1,1,1,1,1,1,1,1,1
17050001,2,01/07/1970,,1,1,673,622,652,1,31,1,1,1,0,0,673,672,670,669,668,666,665,664,665,663,660,661,658,656,654,651,650,650,648,647,646,644,645,643,640,638,635,632,629,626,622,1,1,1,1,1,1,1,1,1,1,1,1,1,1,1,1,1,1,1,1,1,1,1,1,1,1,1,1,1,1,1
17050001,1,01/07/1970,,1,1,673,622,652,1,31,1,1,1,439,1,673,672,670,669,668,666,665,664,665,663,660,661,658,656,654,651,650,650,648,647,646,644,645,643,640,638,635,632,629,626,622,1,1,1,1,1,1,1,1,1,1,1,1,1,1,1,1,1,1,1,1,1,1,1,1,1,1,1,1,1,1,1
17050001,2,01/06/1970,,1,1,693,676,686,4,30,1,1,1,0,0,692,692,692,693,692,692,692,692,692,692,692,692,687,685,683,681,680,680,681,682,682,683,682,682,678,680,684,681,678,676,,1,1,1,1,1,1,1,1,1,1,1,1,1,1,1,1,1,1,1,1,1,1,1,1,1,1,1,1,1,1,
17050001,1,01/06/1970,,1,1,693,676,686,4,30,1,1,1,439,1,692,692,692,693,692,692,692,692,692,692,692,692,687,685,683,681,680,680,681,682,682,683,682,682,678,680,684,681,678,676,,1,1,1,1,1,1,1,1,1,1,1,1,1,1,1,1,1,1,1,1,1,1,1,1,1,1,1,1,1,1,0
17050001,2,01/05/1970,,1,1,693,662,685,25,1,1,1,1,0,0,662,664,665,669,672,677,680,682,686,688,690,691,692,691,692,690,689,690,688,690,690,687,690,692,693,691,692,691,692,690,693,1,1,1,1,1,1,1,1,1,1,1,1,1,1,1,1,1,1,1,1,1,1,1,1,1,1,1,1,1,1,1
17050001,1,01/05/1970,,1,1,693,662,685,25,1,1,1,1,439,1,662,664,665,669,672,677,680,682,686,688,690,691,692,691,692,690,689,690,688,690,690,687,690,692,693,691,692,691,692,690,693,1,1,1,1,1,1,1,1,1,1,1,1,1,1,1,1,1,1,1,1,1,1,1,1,1,1,1,1,1,1,1
17050001,2,01/04/1970,,1,1,659,574,615,30,1,1,1,1,0,0,574,576,577,581,584,587,591,594,597,599,604,608,608,608,614,614,616,616,620,623,628,633,637,643,645,648,650,652,655,659,,1,1,1,1,1,1,1,1,1,1,1,1,1,1,1,1,1,1,1,1,1,1,1,1,1,1,1,1,1,1,
17050001,1,01/04/1970,,1,1,659,574,615,30,1,1,1,1,439,1,574,576,577,581,584,587,591,594,597,599,604,608,608,608,614,614,616,616,620,623,628,633,637,643,645,648,650,652,655,659,,1,1,1,1,1,1,1,1,1,1,1,1,1,1,1,1,1,1,1,1,1,1,1,1,1,1,1,1,1,1,0
17050001,2,01/03/1970,,1,1,571,426,510,31,1,1,1,1,0,0,426,434,438,441,458,461,467,471,476,491,497,501,506,511,513,517,520,523,527,530,534,537,542,547,552,557,561,564,565,569,571,1,1,1,1,1,1,1,1,1,1,1,1,1,1,1,1,1,1,1,1,1,1,1,1,1,1,1,1,1,1,1
17050001,1,01/03/1970,,1,1,571,426,510,31,1,1,1,1,439,1,426,434,438,441,458,461,467,471,476,491,497,501,506,511,513,517,520,523,527,530,534,537,542,547,552,557,561,564,565,569,571,1,1,1,1,1,1,1,1,1,1,1,1,1,1,1,1,1,1,1,1,1,1,1,1,1,1,1,1,1,1,1
17050001,2,01/02/1970,,1,1,421,300,360,28,1,1,1,1,0,0,300,305,305,311,315,323,330,330,342,349,356,358,359,359,360,363,365,370,375,379,383,388,389,403,408,415,418,421,,,,1,1,1,1,1,1,1,1,1,1,1,1,1,1,1,1,1,1,1,1,1,1,1,1,1,1,1,1,,,
17050001,1,01/02/1970,,1,1,421,300,360,28,1,1,1,1,439,1,300,305,305,311,315,323,330,330,342,349,356,358,359,359,360,363,365,370,375,379,383,388,389,403,408,415,418,421,,,,1,1,1,1,1,1,1,1,1,1,1,1,1,1,1,1,1,1,1,1,1,1,1,1,1,1,1,1,0,0,0
17050001,2,01/01/1970,,1,1,300,144,217,31,1,1,1,1,0,0,144,145,149,152,161,169,174,184,193,200,205,209,211,213,211,212,213,213,216,220,226,230,247,256,263,272,283,282,289,296,300,1,1,1,1,1,1,1,1,1,1,1,1,1,1,1,1,1,1,1,1,1,1,1,1,1,1,1,1,1,1,1
17050001,1,01/01/1970,,1,1,300,144,217,31,1,1,1,1,439,1,144,145,149,152,161,169,174,184,193,200,205,209,211,213,211,212,213,213,216,220,226,230,247,256,263,272,283,282,289,296,300,1,1,1,1,1,1,1,1,1,1,1,1,1,1,1,1,1,1,1,1,1,1,1,1,1,1,1,1,1,1,1
17050001,2,01/12/1968,,1,1,284,223,253,31,1,1,1,1,0,0,223,227,228,226,226,229,231,235,237,239,242,243,245,248,250,253,254,257,259,262,264,266,269,270,271,276,279,280,281,282,284,1,1,1,1,1,1,1,1,1,1,1,1,1,1,1,1,1,1,1,1,1,1,1,1,1,1,1,1,1,1,1
17050001,1,01/12/1968,,1,1,284,223,253,31,1,1,1,1,,0,223,227,228,226,226,229,231,235,237,239,242,243,245,248,250,253,254,257,259,262,264,266,269,270,271,276,279,280,281,282,284,1,1,1,1,1,1,1,1,1,1,1,1,1,1,1,1,1,1,1,1,1,1,1,1,1,1,1,1,1,1,1
17050001,2,01/11/1968,,1,1,276,223,249,1,30,1,1,1,0,0,276,273,271,273,269,267,264,261,257,256,255,255,258,257,254,251,247,245,244,243,244,241,232,228,224,224,224,225,224,223,,1,1,1,1,1,1,1,1,1,1,1,1,1,1,1,1,1,1,1,1,1,1,1,1,1,1,1,1,1,1,
17050001,1,01/11/1968,,1,1,276,223,249,1,30,1,1,1,,0,276,273,271,273,269,267,264,261,257,256,255,255,258,257,254,251,247,245,244,243,244,241,232,228,224,224,224,225,224,223,,1,1,1,1,1,1,1,1,1,1,1,1,1,1,1,1,1,1,1,1,1,1,1,1,1,1,1,1,1,1,0
17050001,2,01/10/1968,,1,1,322,276,299,1,30,1,1,1,0,0,322,321,321,318,319,318,317,318,315,309,307,302,305,302,301,298,297,296,294,292,292,289,287,285,284,283,281,281,277,276,276,1,1,1,1,1,1,1,1,1,1,1,1,1,1,1,1,1,1,1,1,1,1,1,1,1,1,1,1,1,1,1
17050001,1,01/10/1968,,1,1,322,276,299,1,30,1,1,1,,0,322,321,321,318,319,318,317,318,315,309,307,302,305,302,301,298,297,296,294,292,292,289,287,285,284,283,281,281,277,276,276,1,1,1,1,1,1,1,1,1,1,1,1,1,1,1,1,1,1,1,1,1,1,1,1,1,1,1,1,1,1,1
17050001,2,01/09/1968,,1,1,399,324,357,1,30,1,1,1,0,0,399,397,395,392,389,385,382,379,372,367,364,361,359,356,352,348,344,342,342,340,338,336,336,334,337,339,339,334,327,324,,1,1,1,1,1,1,1,1,1,1,1,1,1,1,1,1,1,1,1,1,1,1,1,1,1,1,1,1,1,1,
17050001,1,01/09/1968,,1,1,399,324,357,1,30,1,1,1,,0,399,397,395,392,389,385,382,379,372,367,364,361,359,356,352,348,344,342,342,340,338,336,336,334,337,339,339,334,327,324,,1,1,1,1,1,1,1,1,1,1,1,1,1,1,1,1,1,1,1,1,1,1,1,1,1,1,1,1,1,1,0
17050001,2,01/08/1968,,1,1,499,403,449,1,31,1,1,1,0,0,499,496,493,487,484,481,480,478,476,473,471,467,466,461,455,451,447,441,434,428,426,424,420,418,417,414,413,411,410,406,403,1,1,1,1,1,1,1,1,1,1,1,1,1,1,1,1,1,1,1,1,1,1,1,1,1,1,1,1,1,1,1
17050001,1,01/08/1968,,1,1,499,403,449,1,31,1,1,1,,0,499,496,493,487,484,481,480,478,476,473,471,467,466,461,455,451,447,441,434,428,426,424,420,418,417,414,413,411,410,406,403,1,1,1,1,1,1,1,1,1,1,1,1,1,1,1,1,1,1,1,1,1,1,1,1,1,1,1,1,1,1,1
17050001,2,01/07/1968,,1,1,579,502,544,1,31,2,2,2,0,0,579,574,574,573,570,567,563,561,559,558,556,554,551,548,548,545,543,541,541,538,537,535,535,526,525,520,516,512,508,504,502,1,1,1,1,1,1,1,1,1,1,1,1,1,1,1,1,1,1,1,1,1,1,1,2,1,1,1,1,1,1,1
17050001,1,01/07/1968,,1,1,579,502,544,1,31,1,1,1,,0,579,574,574,573,570,567,563,561,559,558,556,554,551,548,548,545,543,541,541,538,537,535,535,516,525,520,516,512,508,504,502,1,1,1,1,1,1,1,1,1,1,1,1,1,1,1,1,1,1,1,1,1,1,1,1,1,1,1,1,1,1,1
17050001,2,01/06/1968,,1,1,648,583,617,5,30,1,1,1,0,0,642,646,645,647,648,645,636,633,637,637,635,633,624,624,620,617,613,610,608,604,597,595,593,591,591,589,587,585,585,583,,1,1,1,1,1,1,1,1,1,1,1,1,1,1,1,1,1,1,1,1,1,1,1,1,1,1,1,1,1,1,
17050001,1,01/06/1968,,1,1,648,583,617,5,30,1,1,1,,0,642,646,645,647,648,645,636,633,637,637,635,633,624,624,620,617,613,610,608,604,597,595,593,591,591,589,587,585,585,583,,1,1,1,1,1,1,1,1,1,1,1,1,1,1,1,1,1,1,1,1,1,1,1,1,1,1,1,1,1,1,0
17050001,2,01/05/1968,,1,1,646,575,621,28,1,1,1,1,0,0,575,578,580,589,594,596,598,603,605,610,612,615,619,622,625,627,632,638,637,638,635,636,640,638,637,642,643,646,645,644,646,1,1,1,1,1,1,1,1,1,1,1,1,1,1,1,1,1,1,1,1,1,1,1,1,1,1,1,1,1,1,1
17050001,1,01/05/1968,,1,1,646,575,621,28,1,1,1,1,,0,575,578,580,589,594,596,598,603,605,610,612,615,619,622,625,627,632,638,637,638,635,636,640,638,637,642,643,646,645,644,646,1,1,1,1,1,1,1,1,1,1,1,1,1,1,1,1,1,1,1,1,1,1,1,1,1,1,1,1,1,1,1
17050001,2,01/04/1968,,1,1,570,478,521,30,1,1,1,1,0,0,478,480,480,481,485,487,489,489,491,494,496,502,508,513,519,526,532,537,538,540,541,546,548,551,554,556,559,562,564,570,,1,1,1,1,1,1,1,1,1,1,1,1,1,1,1,1,1,1,1,1,1,1,1,1,1,1,1,1,1,1,
17050001,1,01/04/1968,,1,1,570,478,521,30,1,1,1,1,,0,478,480,480,481,485,487,489,489,491,494,496,502,508,513,519,526,532,537,538,540,541,546,548,551,554,556,559,562,564,570,,1,1,1,1,1,1,1,1,1,1,1,1,1,1,1,1,1,1,1,1,1,1,1,1,1,1,1,1,1,1,0
17050001,2,01/03/1968,,1,1,478,401,436,31,2,1,1,1,0,0,402,401,402,404,404,403,401,404,408,409,411,415,420,427,433,433,439,451,455,458,458,457,459,462,464,467,469,472,475,476,478,1,1,1,1,1,1,1,1,1,1,1,1,1,1,1,1,1,1,1,1,1,1,1,1,1,1,1,1,1,1,1
17050001,1,01/03/1968,,1,1,478,401,436,31,2,1,1,1,,0,402,401,402,404,404,403,401,404,408,409,411,415,420,427,433,433,439,451,455,458,458,457,459,462,464,467,469,472,475,476,478,1,1,1,1,1,1,1,1,1,1,1,1,1,1,1,1,1,1,1,1,1,1,1,1,1,1,1,1,1,1,1
17050001,2,01/02/1968,,1,1,,,,,,0,0,0,0,0,,,,,,,,,,,,,,,,,,,,,,362,363,365,369,380,382,387,395,,,,,,,,,,,,,,,,,,,,,,,,1,1,1,1,1,1,1,1,,
17050001,1,01/02/1968,,1,1,395,,,12,,1,0,0,,0,,,,,,,,,,,,,,,,,,,,,,362,363,365,369,380,382,387,395,,,0,0,0,0,0,0,0,0,0,0,0,0,0,0,0,0,0,0,0,0,0,1,1,1,1,1,1,1,1,0,0
