EstacaoCodigo,NivelConsistencia,Data,hora,MediaDiaria,TipoMedicaoCotas,Maxima,Minima,Media,DiaMaxima,DiaMinima,MaximaStatus,MinimaStatus,MediaStatus,MediaAnual,MediaAnualStatus,Cota01,Cota02,Cota03,Cota04,Cota05,Cota06,Cota07,Cota08,Cota09,Cota10,Cota11,Cota12,Cota13,Cota14,Cota15,Cota16,Cota17,Cota18,Cota19,Cota20,Cota21,Cota22,Cota23,Cota24,Cota25,Cota26,Cota27,Cota28,Cota29,Cota30,Cota31,Cota01Status,Cota02Status,Cota03Status,Cota04Status,Cota05Status,Cota06Status,Cota07Status,Cota08Status,Cota09Status,Cota10Status,Cota11Status,Cota12Status,Cota13Status,Cota14Status,Cota15Status,Cota16Status,Cota17Status,Cota18Status,Cota19Status,Cota20Status,Cota21Status,Cota22Status,Cota23Status,Cota24Status,Cota25Status,Cota26Status,Cota27Status,Cota28Status,Cota29Status,Cota30Status,Cota31Status
17060000,2,01/03/2019,,1,1,,,,,,0,0,0,,,906,907,911,912,914,915,916,917,924,927,932,936,938,940,942,942,944,,,,,,,,,,,,,,,1,1,1,1,1,1,1,1,1,1,1,1,1,1,1,1,1,,,,,,,,,,,,,,
17060000,1,01/03/2019,07:00,0,1,,,,,,0,0,0,,0,906,906,910,912,914,915,916,917,922,927,932,936,938,940,942,942,944,,,,,,,,,,,,,,,1,1,1,1,1,1,1,1,1,1,1,1,1,1,1,1,1,0,0,0,0,0,0,0,0,0,0,0,0,0,0
17060000,1,01/03/2019,17:00,0,1,,,,,,0,0,0,,0,906,908,912,912,914,915,916,917,925,927,933,937,938,941,942,943,,,,,,,,,,,,,,,,1,1,1,1,1,1,1,1,1,1,1,1,1,1,1,1,0,0,0,0,0,0,0,0,0,0,0,0,0,0,0
17060000,1,01/03/2019,,1,1,,,,,,0,0,0,,0,906,907,911,912,914,915,916,917,924,927,933,937,938,941,942,943,,,,,,,,,,,,,,,,1,1,1,1,1,1,1,1,1,1,1,1,1,1,1,1,0,0,0,0,0,0,0,0,0,0,0,0,0,0,0
17060000,2,01/02/2019,,1,1,904,805,848,28,1,1,1,1,,,805,805,806,808,808,810,820,822,825,830,834,836,842,844,846,849,852,857,860,862,870,876,882,889,896,898,903,904,,,,1,1,1,1,1,1,1,1,1,1,1,1,1,1,1,1,1,1,1,1,1,1,1,1,1,1,1,1,,,
17060000,1,01/02/2019,17:00,0,1,904,805,848,28,1,0,0,0,,0,805,805,806,808,808,810,821,823,825,830,834,837,842,844,846,849,852,857,860,863,871,877,883,890,897,898,903,904,,,,1,1,1,1,1,1,1,1,1,1,1,1,1,1,1,1,1,1,1,1,1,1,1,1,1,1,1,1,0,0,0
17060000,1,01/02/2019,07:00,0,1,904,805,848,28,1,0,0,0,,0,805,805,806,808,808,810,818,822,825,830,834,836,842,844,846,849,851,857,860,861,869,876,882,888,896,898,903,904,,,,1,1,1,1,1,1,1,1,1,1,1,1,1,1,1,1,1,1,1,1,1,1,1,1,1,1,1,1,0,0,0
17060000,1,01/02/2019,,1,1,904,805,848,28,1,0,0,0,,0,805,805,806,808,808,810,820,823,825,830,834,837,842,844,846,849,852,857,860,862,870,877,883,889,897,898,903,904,,,,1,1,1,1,1,1,1,1,1,1,1,1,1,1,1,1,1,1,1,1,1,1,1,1,1,1,1,1,0,0,0
17060000,2,01/01/2019,,1,1,805,683,747,31,1,1,1,1,,,683,686,690,694,698,701,706,712,718,720,728,735,736,741,745,746,748,748,758,765,768,772,778,784,790,796,798,798,800,804,805,1,1,1,1,1,1,1,1,1,1,1,1,1,1,1,1,1,1,1,1,1,1,1,1,1,1,1,1,1,1,1
17060000,1,01/01/2019,07:00,0,1,805,683,747,30,1,0,0,0,,0,683,685,689,693,697,701,706,711,716,720,726,735,735,741,745,746,747,748,756,764,767,771,776,784,789,796,798,798,798,804,805,,,,,,,,,,,,,,,,,,,,,,,,,,,,,,,
17060000,1,01/01/2019,17:00,0,1,805,683,747,30,1,0,0,0,,0,683,688,690,695,698,701,706,713,719,721,730,735,736,741,745,747,748,749,760,766,768,773,780,785,790,796,798,798,802,805,805,,,,,,,,,,,,,,,,,,,,,,,,,,,,,,,
17060000,1,01/01/2019,,1,1,805,683,747,30,1,0,0,0,,0,683,687,690,694,698,701,706,712,718,721,728,735,736,741,745,747,748,749,758,765,768,772,778,785,790,796,798,798,800,805,805,,,,,,,,,,,,,,,,,,,,,,,,,,,,,,,
17060000,2,01/12/2018,,1,1,682,465,569,31,1,1,1,1,,,465,465,465,470,482,492,496,498,504,520,526,534,542,554,559,566,576,583,591,604,612,620,629,638,646,651,660,666,671,675,682,1,1,1,1,1,1,1,1,1,1,1,1,1,1,1,1,1,1,1,1,1,1,1,1,1,1,1,1,1,1,1
17060000,1,01/12/2018,07:00,0,1,682,465,569,31,1,0,0,0,,0,465,465,465,470,480,490,496,498,502,519,524,532,540,554,558,564,573,583,588,602,610,618,628,636,648,649,658,664,670,674,682,1,1,1,1,1,1,1,1,1,1,1,1,1,1,1,1,1,1,1,1,1,1,1,1,1,1,1,1,1,1,1
17060000,1,01/12/2018,17:00,0,1,682,465,569,31,1,0,0,0,,0,465,465,465,470,485,495,497,498,507,521,527,535,545,554,560,568,579,583,594,607,614,622,630,640,644,653,662,667,672,676,682,1,1,1,1,1,1,1,1,1,1,1,1,1,1,1,1,1,1,1,1,1,1,1,1,1,1,1,1,1,1,1
17060000,1,01/12/2018,,1,1,682,465,569,31,1,0,0,0,,0,465,465,465,470,483,493,497,498,505,520,526,534,543,554,559,566,576,583,591,605,612,620,629,638,646,651,660,666,671,675,682,1,1,1,1,1,1,1,1,1,1,1,1,1,1,1,1,1,1,1,1,1,1,1,1,1,1,1,1,1,1,1
17060000,2,01/11/2018,,1,1,461,418,431,30,22,1,1,1,,,445,440,430,423,423,424,426,427,427,427,427,426,428,430,422,429,436,429,425,425,426,418,424,429,440,440,439,443,452,461,,1,1,1,1,1,1,1,1,1,1,1,1,1,1,1,1,1,1,1,1,1,1,1,1,1,1,1,1,1,1,
17060000,1,01/11/2018,07:00,0,1,462,418,431,30,22,0,0,0,,0,442,440,430,427,423,423,425,427,427,427,427,427,427,430,421,430,434,428,425,425,425,418,423,428,441,438,440,439,450,460,,1,1,1,1,1,1,1,1,1,1,1,1,1,1,1,1,1,1,1,1,1,1,1,1,1,1,1,1,1,1,0
17060000,1,01/11/2018,17:00,0,1,462,418,431,30,22,0,0,0,,0,448,439,430,419,423,425,427,427,427,427,427,425,428,430,423,428,438,430,425,425,427,418,425,430,440,443,438,447,455,462,,1,1,1,1,1,1,1,1,1,1,1,1,1,1,1,1,1,1,1,1,1,1,1,1,1,1,1,1,1,1,0
17060000,1,01/11/2018,,1,1,462,418,431,30,22,0,0,0,,0,445,440,430,423,423,424,426,427,427,427,427,426,428,430,422,429,436,429,425,425,426,418,424,429,441,441,439,443,453,461,,1,1,1,1,1,1,1,1,1,1,1,1,1,1,1,1,1,1,1,1,1,1,1,1,1,1,1,1,1,1,0
17060000,2,01/10/2018,,1,1,678,451,547,1,29,1,1,1,,,678,668,658,650,642,633,625,620,608,595,588,578,568,558,548,538,532,519,506,494,490,485,479,473,466,466,466,462,451,454,454,1,1,1,1,1,1,1,1,1,1,1,1,1,1,1,1,1,1,1,1,1,1,1,1,1,1,1,1,1,1,1
17060000,1,01/10/2018,17:00,0,1,682,450,547,1,31,0,0,0,,0,673,667,657,650,640,630,625,616,605,594,585,576,566,556,546,535,527,515,503,493,490,483,482,470,468,467,467,460,452,455,450,1,1,1,1,1,1,1,1,1,1,1,1,1,1,1,1,1,1,1,1,1,1,1,1,1,1,1,1,1,1,1
17060000,1,01/10/2018,07:00,0,1,682,450,547,1,31,0,0,0,,0,682,670,660,650,645,636,625,625,610,596,590,580,570,560,551,540,536,523,509,496,490,487,476,476,463,464,464,463,450,454,457,1,1,1,1,1,1,1,1,1,1,1,1,1,1,1,1,1,1,1,1,1,1,1,1,1,1,1,1,1,1,1
17060000,1,01/10/2018,,1,1,682,450,547,1,31,0,0,0,,0,678,669,659,650,643,633,625,621,608,595,588,578,568,558,549,538,532,519,506,495,490,485,479,473,466,466,466,462,451,455,454,1,1,1,1,1,1,1,1,1,1,1,1,1,1,1,1,1,1,1,1,1,1,1,1,1,1,1,1,1,1,1
17060000,2,01/09/2018,,1,1,814,681,748,1,30,2,2,2,,,814,810,805,801,796,792,787,782,778,773,769,764,760,755,751,746,742,737,732,728,723,719,714,710,705,701,696,689,685,681,,2,2,2,2,2,2,2,2,2,2,2,2,2,2,2,2,2,2,2,2,2,2,2,2,2,2,1,1,1,1,
17060000,1,01/09/2018,17:00,0,1,,,,,,0,0,0,,0,,,,,,,,,,,,,,,,,,,,,,,,,,,694,688,684,680,,0,0,0,0,0,0,0,0,0,0,0,0,0,0,0,0,0,0,0,0,0,0,0,0,0,0,1,1,1,1,0
17060000,1,01/09/2018,07:00,0,1,,,,,,0,0,0,,0,,,,,,,,,,,,,,,,,,,,,,,,,,,698,690,686,682,,0,0,0,0,0,0,0,0,0,0,0,0,0,0,0,0,0,0,0,0,0,0,0,0,0,0,1,1,1,1,0
17060000,1,01/09/2018,,1,1,,,,,,0,0,0,,0,,,,,,,,,,,,,,,,,,,,,,,,,,,696,689,685,681,,0,0,0,0,0,0,0,0,0,0,0,0,0,0,0,0,0,0,0,0,0,0,0,0,0,0,1,1,1,1,0
17060000,2,01/08/2018,,1,1,928,819,879,1,31,2,2,2,,,928,926,923,920,916,915,914,909,901,898,896,894,890,888,886,884,880,878,873,869,864,860,855,851,846,842,837,832,828,823,819,1,1,1,1,1,1,1,1,1,1,1,1,1,1,1,1,1,1,2,2,2,2,2,2,2,2,2,2,2,2,2
17060000,1,01/08/2018,07:00,0,1,,,,,,0,0,0,,0,929,926,923,920,916,915,914,910,901,898,896,894,890,888,886,884,880,878,,,,,,,,,,,,,,1,1,1,1,1,1,1,1,1,1,1,1,1,1,1,1,1,1,0,0,0,0,0,0,0,0,0,0,0,0,0
17060000,1,01/08/2018,17:00,0,1,,,,,,0,0,0,,0,928,925,923,920,916,915,914,908,901,898,896,894,890,888,886,884,880,878,,,,,,,,,,,,,,1,1,1,1,1,1,1,1,1,1,1,1,1,1,1,1,1,1,0,0,0,0,0,0,0,0,0,0,0,0,0
17060000,1,01/08/2018,,1,1,,,,,,0,0,0,,0,929,926,923,920,916,915,914,909,901,898,896,894,890,888,886,884,880,878,,,,,,,,,,,,,,1,1,1,1,1,1,1,1,1,1,1,1,1,1,1,1,1,1,0,0,0,0,0,0,0,0,0,0,0,0,0
17060000,2,01/07/2018,,1,1,980,930,956,1,31,1,1,1,,,980,979,978,974,971,968,966,965,965,961,958,960,958,958,958,958,958,958,958,956,955,954,949,946,944,940,938,936,933,931,930,1,1,1,1,1,1,1,1,1,1,1,1,1,1,1,1,1,1,1,1,1,1,1,1,1,1,1,1,1,1,1
17060000,1,01/07/2018,07:00,0,1,980,930,956,1,30,0,0,0,,0,980,979,978,975,972,969,966,965,965,962,958,961,958,958,958,958,958,958,958,956,955,955,950,947,944,942,938,937,933,932,930,1,1,1,1,1,1,1,1,1,1,1,1,1,1,1,1,1,1,1,1,1,1,1,1,1,1,1,1,1,1,1
17060000,1,01/07/2018,17:00,0,1,980,930,956,1,30,0,0,0,,0,980,979,978,974,970,967,966,965,965,960,958,958,958,958,958,958,958,958,958,956,955,954,948,946,944,938,937,936,933,930,930,1,1,1,1,1,1,1,1,1,1,1,1,1,1,1,1,1,1,1,1,1,1,1,1,1,1,1,1,1,1,1
17060000,1,01/07/2018,,1,1,980,930,956,1,30,0,0,0,,0,980,979,978,975,971,968,966,965,965,961,958,960,958,958,958,958,958,958,958,956,955,955,949,947,944,940,938,937,933,931,930,1,1,1,1,1,1,1,1,1,1,1,1,1,1,1,1,1,1,1,1,1,1,1,1,1,1,1,1,1,1,1
17060000,2,01/06/2018,,1,1,1001,980,995,1,30,1,1,1,,,1001,1001,999,999,998,998,998,998,996,996,996,996,995,993,993,992,997,995,996,998,998,998,996,994,990,990,989,986,982,980,,1,1,1,1,1,1,1,1,1,1,1,1,1,1,1,1,1,1,1,1,1,1,1,1,1,1,1,1,1,1,
17060000,1,01/06/2018,07:00,0,1,1001,980,995,1,29,0,0,0,,0,1001,1001,999,999,998,998,998,998,996,996,996,996,995,993,993,993,997,995,996,998,998,998,996,994,990,990,989,987,984,980,,1,1,1,1,1,1,1,1,1,1,1,1,1,1,1,1,1,1,1,1,1,1,1,1,1,1,1,1,1,1,0
17060000,1,01/06/2018,17:00,0,1,1001,980,995,1,29,0,0,0,,0,1001,1001,999,999,998,998,998,998,996,996,996,996,995,993,993,992,997,995,997,998,998,998,996,993,990,990,989,986,980,980,,1,1,1,1,1,1,1,1,1,1,1,1,1,1,1,1,1,1,1,1,1,1,1,1,1,1,1,1,1,1,0
17060000,1,01/06/2018,,1,1,1001,980,995,1,29,0,0,0,,0,1001,1001,999,999,998,998,998,998,996,996,996,996,995,993,993,993,997,995,997,998,998,998,996,994,990,990,989,987,982,980,,1,1,1,1,1,1,1,1,1,1,1,1,1,1,1,1,1,1,1,1,1,1,1,1,1,1,1,1,1,1,0
17060000,2,01/05/2018,,1,1,1001,960,982,26,1,1,1,1,,,960,962,967,968,968,970,970,971,971,971,970,970,972,973,976,980,982,984,985,988,990,996,998,998,998,1001,1001,1001,1001,1001,1001,1,1,1,1,1,1,1,1,1,1,1,1,1,1,1,1,1,1,1,1,1,1,1,1,1,1,1,1,1,1,1
17060000,1,01/05/2018,07:00,0,1,1001,960,982,26,1,0,0,0,,0,960,962,966,968,968,970,970,971,971,971,971,970,972,973,975,980,982,984,985,987,990,995,998,998,998,1001,1001,1001,1001,1001,1001,1,1,1,1,1,1,1,1,1,1,1,1,1,1,1,1,1,1,1,1,1,1,1,1,1,1,1,1,1,1,1
17060000,1,01/05/2018,17:00,0,1,1001,960,982,26,1,0,0,0,,0,961,963,968,968,968,970,970,971,971,971,970,970,972,973,977,981,982,985,985,988,990,997,998,998,998,1001,1001,1001,1001,1001,1001,1,1,1,1,1,1,1,1,1,1,1,1,1,1,1,1,1,1,1,1,1,1,1,1,1,1,1,1,1,1,1
17060000,1,01/05/2018,,1,1,1001,960,982,26,1,0,0,0,,0,961,963,967,968,968,970,970,971,971,971,971,970,972,973,976,981,982,985,985,988,990,996,998,998,998,1001,1001,1001,1001,1001,1001,1,1,1,1,1,1,1,1,1,1,1,1,1,1,1,1,1,1,1,1,1,1,1,1,1,1,1,1,1,1,1
17060000,2,01/04/2018,,1,1,959,876,919,30,1,1,1,1,,,876,881,886,890,897,898,902,902,902,902,902,902,905,910,914,916,919,924,930,934,936,938,941,949,950,952,952,954,958,959,,1,1,1,1,1,1,1,1,1,1,1,1,1,1,1,1,1,1,1,1,1,1,1,1,1,1,1,1,1,1,
17060000,1,01/04/2018,07:00,0,1,960,876,919,30,1,0,0,0,,0,876,880,885,889,896,898,901,902,902,902,902,902,904,909,914,916,918,923,928,933,935,938,940,948,950,952,952,953,958,958,,1,1,1,1,1,1,1,1,1,1,1,1,1,1,1,1,1,1,1,1,1,1,1,1,1,1,1,1,1,1,0
17060000,1,01/04/2018,17:00,0,1,960,876,919,30,1,0,0,0,,0,876,882,886,890,898,898,902,902,902,902,902,902,906,910,915,917,920,925,931,934,936,939,942,950,950,952,952,956,958,960,,1,1,1,1,1,1,1,1,1,1,1,1,1,1,1,1,1,1,1,1,1,1,1,1,1,1,1,1,1,1,0
17060000,1,01/04/2018,,1,1,960,876,919,30,1,0,0,0,,0,876,881,886,890,897,898,902,902,902,902,902,902,905,910,915,917,919,924,930,934,936,939,941,949,950,952,952,955,958,959,,1,1,1,1,1,1,1,1,1,1,1,1,1,1,1,1,1,1,1,1,1,1,1,1,1,1,1,1,1,1,0
17060000,2,01/03/2018,,1,1,877,839,864,26,1,1,1,1,,,839,842,847,850,852,855,860,862,865,866,866,864,864,864,864,866,866,868,868,869,869,870,870,872,876,877,873,870,870,871,874,1,1,1,1,1,1,1,1,1,1,1,1,1,1,1,1,1,1,1,1,1,1,1,1,1,1,1,1,1,1,1
17060000,1,01/03/2018,07:00,0,1,877,838,864,25,1,0,0,0,,0,838,841,847,849,851,854,859,861,865,865,866,864,864,864,864,866,866,868,868,869,869,870,870,871,876,877,873,870,870,871,872,1,1,1,1,1,1,1,1,1,1,1,1,1,1,1,1,1,1,1,1,1,1,1,1,1,1,1,1,1,1,1
17060000,1,01/03/2018,17:00,0,1,877,838,864,25,1,0,0,0,,0,840,843,847,850,853,856,860,863,865,866,865,864,864,864,864,866,867,868,868,869,869,870,870,874,877,877,873,870,871,871,875,1,1,1,1,1,1,1,1,1,1,1,1,1,1,1,1,1,1,1,1,1,1,1,1,1,1,1,1,1,1,1
17060000,1,01/03/2018,,1,1,877,838,864,25,1,0,0,0,,0,839,842,847,850,852,855,860,862,865,866,866,864,864,864,864,866,867,868,868,869,869,870,870,873,877,877,873,870,871,871,874,1,1,1,1,1,1,1,1,1,1,1,1,1,1,1,1,1,1,1,1,1,1,1,1,1,1,1,1,1,1,1
17060000,2,01/02/2018,,1,1,834,694,765,28,1,1,1,1,,,694,698,711,714,720,725,728,732,731,736,739,743,747,750,758,763,770,778,785,794,808,815,819,824,828,830,832,834,,,,1,1,1,1,1,1,1,1,1,1,1,1,1,1,1,1,1,1,1,1,1,1,1,1,1,1,1,1,,,
17060000,1,01/02/2018,07:00,0,1,835,693,765,28,1,0,0,0,,0,693,698,710,714,718,724,727,733,731,736,738,742,746,750,756,762,768,777,784,792,805,814,818,824,827,830,832,833,,,,1,1,1,1,1,1,1,1,1,1,1,1,1,1,1,1,1,1,1,1,1,1,1,1,1,1,1,1,0,0,0
17060000,1,01/02/2018,17:00,0,1,835,693,765,28,1,0,0,0,,0,696,699,712,714,721,726,729,732,731,737,740,744,748,751,759,764,771,779,786,795,810,816,820,825,828,830,832,835,,,,1,1,1,1,1,1,1,1,1,1,1,1,1,1,1,1,1,1,1,1,1,1,1,1,1,1,1,1,0,0,0
17060000,1,01/02/2018,,1,1,835,693,765,28,1,0,0,0,,0,695,699,711,714,720,725,728,733,731,737,739,743,747,751,758,763,770,778,785,794,808,815,819,825,828,830,832,834,,,,1,1,1,1,1,1,1,1,1,1,1,1,1,1,1,1,1,1,1,1,1,1,1,1,1,1,1,1,0,0,0
17060000,2,01/01/2018,,1,1,689,552,629,31,1,1,1,1,,,552,562,575,586,585,590,599,598,608,610,612,616,617,617,623,628,632,636,639,644,652,656,659,664,668,671,676,678,681,686,689,1,1,1,1,1,1,1,1,1,1,1,1,1,1,1,1,1,1,1,1,1,1,1,1,1,1,1,1,1,1,1
17060000,1,01/01/2018,07:00,0,1,690,550,629,31,1,0,0,0,,0,550,559,570,584,585,588,597,598,607,610,612,615,617,617,623,628,632,636,638,643,651,655,658,663,668,670,675,678,680,685,688,1,1,1,1,1,1,1,1,1,1,1,1,1,1,1,1,1,1,1,1,1,1,1,1,1,1,1,1,1,1,1
17060000,1,01/01/2018,17:00,0,1,690,550,629,31,1,0,0,0,,0,554,564,580,589,585,592,601,599,608,611,613,617,617,617,623,628,633,636,640,645,653,658,660,665,669,672,677,678,682,687,690,1,1,1,1,1,1,1,1,1,1,1,1,1,1,1,1,1,1,1,1,1,1,1,1,1,1,1,1,1,1,1
17060000,1,01/01/2018,,1,1,690,550,629,31,1,0,0,0,,0,552,562,575,587,585,590,599,599,608,611,613,616,617,617,623,628,633,636,639,644,652,657,659,664,669,671,676,678,681,686,689,1,1,1,1,1,1,1,1,1,1,1,1,1,1,1,1,1,1,1,1,1,1,1,1,1,1,1,1,1,1,1
17060000,2,01/12/2017,,1,1,546,482,512,31,1,1,1,1,,,482,487,487,489,495,498,498,498,498,498,498,498,498,509,507,506,509,511,520,520,521,522,524,526,528,531,534,539,540,544,546,1,1,1,1,1,1,1,1,1,1,1,1,1,1,1,1,1,1,1,1,1,1,1,1,1,1,1,1,1,1,1
17060000,1,01/12/2017,07:00,0,1,547,480,512,31,1,0,0,0,,0,480,487,487,488,494,498,498,498,498,498,498,498,498,508,508,506,508,510,515,519,521,522,524,526,528,530,533,534,539,544,545,,,,,,,,,,,,,,,,,,,,,,,,,,,,,,,
17060000,1,01/12/2017,17:00,0,1,547,480,512,31,1,0,0,0,,0,483,487,487,490,496,498,498,498,498,498,498,498,498,510,506,506,510,512,525,521,521,522,524,526,528,532,534,544,540,544,547,,,,,,,,,,,,,,,,,,,,,,,,,,,,,,,
17060000,1,01/12/2017,,1,1,547,480,512,31,1,0,0,0,,0,482,487,487,489,495,498,498,498,498,498,498,498,498,509,507,506,509,511,520,520,521,522,524,526,528,531,534,539,540,544,546,,,,,,,,,,,,,,,,,,,,,,,,,,,,,,,
17060000,2,01/11/2017,,1,1,476,412,445,30,1,1,1,1,,,412,420,424,428,426,426,420,422,437,436,438,430,431,434,443,442,448,455,457,457,453,454,461,466,468,468,470,471,474,476,,1,1,1,1,1,1,1,1,1,1,1,1,1,1,1,1,1,1,1,1,1,1,1,1,1,1,1,1,1,1,
17060000,1,01/11/2017,07:00,0,1,477,412,445,30,1,0,0,0,,0,412,416,419,430,427,423,420,420,438,436,433,431,431,433,446,444,447,453,457,457,453,453,459,465,467,468,470,470,472,475,,,,,,,,,,,,,,,,,,,,,,,,,,,,,,,,0
17060000,1,01/11/2017,17:00,0,1,477,412,445,30,1,0,0,0,,0,412,425,430,427,425,429,420,423,436,436,443,430,431,435,440,441,450,457,457,457,453,455,463,466,468,468,470,472,475,477,,,,,,,,,,,,,,,,,,,,,,,,,,,,,,,,0
17060000,1,01/11/2017,,1,1,477,412,445,30,1,0,0,0,,0,412,421,425,429,426,426,420,422,437,436,438,431,431,434,443,443,449,455,457,457,453,454,461,466,468,468,470,471,474,476,,,,,,,,,,,,,,,,,,,,,,,,,,,,,,,,0
17060000,2,01/10/2017,,1,1,476,416,441,1,31,1,1,1,,,476,466,470,462,460,458,447,441,440,440,444,440,438,434,434,434,434,432,438,443,440,438,435,435,426,423,432,430,430,420,416,1,1,1,1,1,1,1,1,1,1,1,1,1,1,1,1,1,1,1,1,1,1,1,1,1,1,1,1,1,1,1
17060000,1,01/10/2017,07:00,0,1,478,415,440,1,31,0,0,0,,0,478,468,468,457,463,459,448,442,439,440,445,440,439,434,434,433,434,433,435,442,440,440,435,435,430,423,435,430,430,421,416,,,,,,,,,,,,,,,,,,,,,,,,,,,,,,,
17060000,1,01/10/2017,17:00,0,1,478,415,440,1,31,0,0,0,,0,473,465,471,466,456,458,446,440,440,440,442,440,438,435,434,434,434,432,440,444,440,435,435,435,423,423,430,430,430,420,415,,,,,,,,,,,,,,,,,,,,,,,,,,,,,,,
17060000,1,01/10/2017,,1,1,478,415,440,1,31,0,0,0,,0,476,467,470,462,460,459,447,441,440,440,444,440,439,435,434,434,434,433,438,443,440,438,435,435,427,423,433,430,430,421,416,,,,,,,,,,,,,,,,,,,,,,,,,,,,,,,
17060000,2,01/09/2017,,1,1,744,484,607,1,30,2,2,2,,,744,734,724,715,705,695,685,676,666,656,647,637,627,617,608,598,592,582,570,559,553,544,545,532,522,512,502,498,492,484,,2,2,2,2,2,2,2,2,2,2,2,2,2,2,2,1,1,1,1,1,1,1,1,1,1,1,1,1,1,1,
17060000,1,01/09/2017,07:00,0,1,,,,,,0,0,0,,0,,,,,,,,,,,,,,,,,595,585,571,561,554,547,546,533,525,513,504,501,495,486,,0,0,0,0,0,0,0,0,0,0,0,0,0,0,0,0,,,,,,,,,,,,,,,0
17060000,1,01/09/2017,17:00,0,1,,,,,,0,0,0,,0,,,,,,,,,,,,,,,,598,589,579,568,557,552,542,544,530,520,510,501,495,490,482,,0,0,0,0,0,0,0,0,0,0,0,0,0,0,0,,,,,,,,,,,,,,,,0
17060000,1,01/09/2017,,1,1,,,,,,0,0,0,,0,,,,,,,,,,,,,,,,,592,582,570,559,553,545,545,532,523,512,503,498,493,484,,0,0,0,0,0,0,0,0,0,0,0,0,0,0,0,0,,,,,,,,,,,,,,,0
17060000,2,01/08/2017,,1,1,916,753,847,1,31,2,2,2,,,916,911,906,900,897,892,889,887,884,879,875,872,868,864,859,854,849,844,840,834,829,822,816,809,805,802,792,783,773,763,753,1,1,1,1,1,1,1,1,1,1,1,1,1,1,1,1,1,1,1,1,1,1,1,1,1,1,2,2,2,2,2
17060000,1,01/08/2017,07:00,0,1,,,,,,0,0,0,,0,918,912,908,903,898,894,889,888,884,880,876,873,868,866,860,855,850,845,840,835,830,823,817,810,806,803,,,,,,1,1,1,1,1,1,1,1,1,1,1,1,1,1,1,1,1,1,1,1,1,1,1,1,1,1,0,0,0,0,0
17060000,1,01/08/2017,17:00,0,1,,,,,,0,0,0,,0,915,910,905,898,896,890,889,886,884,878,874,870,868,863,858,853,848,843,839,834,828,820,814,808,804,801,,,,,,1,1,1,1,1,1,1,1,1,1,1,1,1,1,1,1,1,1,1,1,1,1,1,1,1,1,0,0,0,0,0
17060000,1,01/08/2017,,1,1,,,,,,0,0,0,,0,917,911,907,901,897,892,889,887,884,879,875,872,868,865,859,854,849,844,840,835,829,822,816,809,805,802,,,,,,1,1,1,1,1,1,1,1,1,1,1,1,1,1,1,1,1,1,1,1,1,1,1,1,1,1,0,0,0,0,0
17060000,2,01/07/2017,,1,1,996,920,960,1,31,1,1,1,,,996,994,992,990,988,986,982,979,976,972,970,968,967,965,965,962,958,954,954,947,944,940,938,939,939,939,936,934,930,926,920,1,1,1,1,1,1,1,1,1,1,1,1,1,1,1,1,1,1,1,1,1,1,1,1,1,1,1,1,1,1,1
17060000,1,01/07/2017,07:00,0,1,996,920,960,1,31,0,0,0,,0,996,994,993,990,988,987,983,980,976,973,970,968,968,965,965,963,959,955,952,949,945,940,938,939,939,939,936,935,931,927,921,1,1,1,1,1,1,1,1,1,1,1,1,1,1,1,1,1,1,1,1,1,1,1,1,1,1,1,1,1,1,1
17060000,1,01/07/2017,17:00,0,1,996,920,960,1,31,0,0,0,,0,996,994,992,990,988,986,981,978,975,971,969,968,966,965,965,961,958,953,956,945,943,939,939,939,939,939,936,933,930,925,920,1,1,1,1,1,1,1,1,1,1,1,1,1,1,1,1,1,1,1,1,1,1,1,1,1,1,1,1,1,1,1
17060000,1,01/07/2017,,1,1,996,920,960,1,31,0,0,0,,0,996,994,993,990,988,987,982,979,976,972,970,968,967,965,965,962,959,954,954,947,944,940,939,939,939,939,936,934,931,926,921,1,1,1,1,1,1,1,1,1,1,1,1,1,1,1,1,1,1,1,1,1,1,1,1,1,1,1,1,1,1,1
17060000,2,01/06/2017,,1,1,1051,996,1024,1,30,1,1,1,,,1051,1051,1049,1045,1044,1044,1043,1041,1040,1037,1034,1032,1031,1030,1029,1027,1021,1020,1015,1014,1010,1008,1006,1004,1003,1003,998,998,998,996,,1,1,1,1,1,1,1,1,1,1,1,1,1,1,1,1,1,1,1,1,1,1,1,1,1,1,1,1,1,1,
17060000,1,01/06/2017,07:00,0,1,1051,996,1024,1,30,0,0,0,,0,1051,1051,1050,1046,1044,1044,1043,1041,1040,1038,1035,1033,1031,1031,1029,1028,1021,1021,1016,1014,1011,1009,1007,1004,1003,1003,998,998,998,996,,1,1,1,1,1,1,1,1,1,1,1,1,1,1,1,1,1,1,1,1,1,1,1,1,1,1,1,1,1,1,0
17060000,1,01/06/2017,17:00,0,1,1051,996,1024,1,30,0,0,0,,0,1051,1051,1048,1044,1044,1044,1043,1041,1039,1036,1034,1031,1031,1029,1029,1026,1021,1018,1014,1013,1010,1008,1006,1003,1003,1003,998,998,998,996,,1,1,1,1,1,1,1,1,1,1,1,1,1,1,1,1,1,1,1,1,1,1,1,1,1,1,1,1,1,1,0
17060000,1,01/06/2017,,1,1,1051,996,1024,1,30,0,0,0,,0,1051,1051,1049,1045,1044,1044,1043,1041,1040,1037,1035,1032,1031,1030,1029,1027,1021,1020,1015,1014,1011,1009,1007,1004,1003,1003,998,998,998,996,,1,1,1,1,1,1,1,1,1,1,1,1,1,1,1,1,1,1,1,1,1,1,1,1,1,1,1,1,1,1,0
17060000,2,01/05/2017,,1,1,1078,1051,1067,12,30,1,1,1,,,1065,1070,1073,1074,1074,1074,1074,1074,1074,1074,1076,1078,1078,1077,1076,1074,1073,1072,1070,1068,1067,1064,1060,1060,1056,1055,1054,1053,1052,1051,1051,1,1,1,1,1,1,1,1,1,1,1,1,1,1,1,1,1,1,1,1,1,1,1,1,1,1,1,1,1,1,1
17060000,1,01/05/2017,07:00,0,1,1078,1051,1067,12,30,0,0,0,,0,1064,1070,1073,1074,1074,1074,1074,1074,1074,1074,1076,1078,1078,1077,1076,1075,1073,1072,1070,1069,1067,1065,1060,1060,1056,1055,1054,1053,1052,1051,1051,1,1,1,1,1,1,1,1,1,1,1,1,1,1,1,1,1,1,1,1,1,1,1,1,1,1,1,1,1,1,1
17060000,1,01/05/2017,17:00,0,1,1078,1051,1067,12,30,0,0,0,,0,1066,1071,1073,1074,1074,1074,1074,1074,1074,1074,1077,1078,1078,1077,1076,1074,1073,1071,1070,1068,1067,1063,1060,1059,1055,1055,1054,1053,1052,1051,1051,1,1,1,1,1,1,1,1,1,1,1,1,1,1,1,1,1,1,1,1,1,1,1,1,1,1,1,1,1,1,1
17060000,1,01/05/2017,,1,1,1078,1051,1067,12,30,0,0,0,,0,1065,1071,1073,1074,1074,1074,1074,1074,1074,1074,1077,1078,1078,1077,1076,1075,1073,1072,1070,1069,1067,1064,1060,1060,1056,1055,1054,1053,1052,1051,1051,1,1,1,1,1,1,1,1,1,1,1,1,1,1,1,1,1,1,1,1,1,1,1,1,1,1,1,1,1,1,1
17060000,2,01/04/2017,,1,1,1062,1003,1036,30,1,1,1,1,,,1003,1008,1012,1014,1019,1022,1023,1024,1025,1027,1028,1029,1032,1034,1039,1043,1044,1045,1045,1047,1048,1048,1048,1052,1053,1053,1053,1053,1057,1062,,1,1,1,1,1,1,1,1,1,1,1,1,1,1,1,1,1,1,1,1,1,1,1,1,1,1,1,1,1,1,
17060000,1,01/04/2017,07:00,0,1,1063,1002,1036,30,1,0,0,0,,0,1002,1006,1011,1014,1018,1022,1023,1024,1025,1026,1028,1029,1031,1033,1038,1043,1044,1045,1045,1047,1048,1048,1048,1052,1053,1053,1053,1053,1056,1061,,1,1,1,1,1,1,1,1,1,1,1,1,1,1,1,1,1,1,1,1,1,1,1,1,1,1,1,1,1,1,0
17060000,1,01/04/2017,17:00,0,1,1063,1002,1036,30,1,0,0,0,,0,1004,1010,1013,1015,1020,1023,1023,1025,1025,1028,1028,1029,1032,1034,1040,1043,1044,1045,1045,1047,1048,1048,1049,1053,1053,1053,1053,1053,1058,1063,,1,1,1,1,1,1,1,1,1,1,1,1,1,1,1,1,1,1,1,1,1,1,1,1,1,1,1,1,1,1,0
17060000,1,01/04/2017,,1,1,1063,1002,1036,30,1,0,0,0,,0,1003,1008,1012,1015,1019,1023,1023,1025,1025,1027,1028,1029,1032,1034,1039,1043,1044,1045,1045,1047,1048,1048,1049,1053,1053,1053,1053,1053,1057,1062,,1,1,1,1,1,1,1,1,1,1,1,1,1,1,1,1,1,1,1,1,1,1,1,1,1,1,1,1,1,1,0
17060000,2,01/03/2017,,1,1,1001,890,952,31,1,1,1,1,,,890,898,902,904,908,916,920,922,925,928,932,936,944,949,954,961,965,968,970,974,976,977,978,978,980,984,987,991,994,998,1001,1,1,1,1,1,1,1,1,1,1,1,1,1,1,1,1,1,1,1,1,1,1,1,1,1,1,1,1,1,1,1
17060000,1,01/03/2017,07:00,0,1,1001,888,952,31,1,0,0,0,,0,888,897,901,904,907,914,920,922,925,927,932,935,943,948,953,960,964,968,970,972,975,977,977,978,980,984,986,990,994,997,1001,1,1,1,1,1,1,1,1,1,1,1,1,1,1,1,1,1,1,1,1,1,1,1,1,1,1,1,1,1,1,1
17060000,1,01/03/2017,17:00,0,1,1001,888,952,31,1,0,0,0,,0,891,898,902,905,909,917,921,923,925,929,933,938,945,950,955,962,966,969,971,975,977,977,978,978,980,985,988,992,995,999,1001,1,1,1,1,1,1,1,1,1,1,1,1,1,1,1,1,1,1,1,1,1,1,1,1,1,1,1,1,1,1,1
17060000,1,01/03/2017,,1,1,1001,888,952,31,1,0,0,0,,0,890,898,902,905,908,916,921,923,925,928,933,937,944,949,954,961,965,969,971,974,976,977,978,978,980,985,987,991,995,998,1001,1,1,1,1,1,1,1,1,1,1,1,1,1,1,1,1,1,1,1,1,1,1,1,1,1,1,1,1,1,1,1
17060000,2,01/02/2017,,1,1,883,740,818,28,1,1,1,1,,,740,746,754,760,766,772,778,784,792,800,806,811,816,822,828,833,837,841,846,849,854,858,861,864,868,872,876,883,,,,1,1,1,1,1,1,1,1,1,1,1,1,1,1,1,1,1,1,1,1,1,1,1,1,1,1,1,1,,,
17060000,1,01/02/2017,07:00,0,1,885,739,819,28,1,0,0,0,,0,739,745,753,759,765,771,777,783,790,797,805,810,815,821,827,832,836,840,846,848,853,857,860,863,868,871,876,881,,,,1,1,1,1,1,1,1,1,1,1,1,1,1,1,1,1,1,1,1,1,1,1,1,1,1,1,1,1,0,0,0
17060000,1,01/02/2017,17:00,0,1,885,739,819,28,1,0,0,0,,0,741,748,755,762,768,773,780,785,793,802,807,812,817,823,829,834,838,842,846,850,854,859,862,864,868,874,877,885,,,,1,1,1,1,1,1,1,1,1,1,1,1,1,1,1,1,1,1,1,1,1,1,1,1,1,1,1,1,0,0,0
17060000,1,01/02/2017,,1,1,885,739,819,28,1,0,0,0,,0,740,747,754,761,767,772,779,784,792,800,806,811,816,822,828,833,837,841,846,849,854,858,861,864,868,873,877,883,,,,1,1,1,1,1,1,1,1,1,1,1,1,1,1,1,1,1,1,1,1,1,1,1,1,1,1,1,1,0,0,0
17060000,2,01/01/2017,,1,1,732,497,621,31,1,1,1,1,,,497,513,519,528,536,542,554,568,572,579,590,595,598,612,617,626,630,644,648,654,660,667,673,680,689,694,698,704,712,722,732,1,1,1,1,1,1,1,1,1,1,1,1,1,1,1,1,1,1,1,1,1,1,1,1,1,1,1,1,1,1,1
17060000,1,01/01/2017,07:00,0,1,734,495,621,31,1,0,0,0,,0,495,510,518,526,534,541,552,567,570,578,590,594,598,611,616,624,630,644,647,653,658,666,672,678,687,693,697,703,710,721,730,1,1,1,1,1,1,1,1,1,1,1,1,1,1,1,1,1,1,1,1,1,1,1,1,1,1,1,1,1,1,1
17060000,1,01/01/2017,17:00,0,1,734,495,621,31,1,0,0,0,,0,499,516,520,529,537,544,555,568,573,580,591,596,598,612,618,628,631,645,650,656,662,668,674,683,691,695,698,706,714,724,734,1,1,1,1,1,1,1,1,1,1,1,1,1,1,1,1,1,1,1,1,1,1,1,1,1,1,1,1,1,1,1
17060000,1,01/01/2017,,1,1,734,495,621,31,1,0,0,0,,0,497,513,519,528,536,543,554,568,572,579,591,595,598,612,617,626,631,645,649,655,660,667,673,681,689,694,698,705,712,723,732,1,1,1,1,1,1,1,1,1,1,1,1,1,1,1,1,1,1,1,1,1,1,1,1,1,1,1,1,1,1,1
17060000,2,01/12/2016,,1,1,487,420,440,31,13,1,1,1,,,434,433,432,432,432,431,432,430,426,430,428,425,420,425,432,436,430,436,442,446,444,444,444,444,446,450,454,462,470,478,487,1,1,1,1,1,1,1,1,1,1,1,1,1,1,1,1,1,1,1,1,1,1,1,1,1,1,1,1,1,1,1
17060000,1,01/12/2016,07:00,0,1,490,420,441,31,13,0,0,0,,0,435,433,432,432,432,430,432,430,426,430,428,425,420,425,430,438,430,435,441,446,444,444,444,444,446,450,453,460,468,476,484,,,,,,,,,,,,,,,,,,,,,,,,,,,,,,,
17060000,1,01/12/2016,17:00,0,1,490,420,441,31,13,0,0,0,,0,434,433,432,432,432,432,432,430,427,430,428,425,420,425,433,435,430,437,443,445,444,444,444,444,447,451,455,464,472,480,490,,,,,,,,,,,,,,,,,,,,,,,,,,,,,,,
17060000,1,01/12/2016,,1,1,490,420,441,31,13,0,0,0,,0,435,433,432,432,432,431,432,430,427,430,428,425,420,425,432,437,430,436,442,446,444,444,444,444,447,451,454,462,470,478,487,,,,,,,,,,,,,,,,,,,,,,,,,,,,,,,
17060000,2,01/11/2016,,1,1,450,430,439,20,7,1,1,1,,,444,446,444,437,439,432,430,430,430,443,439,433,434,438,439,442,443,446,443,450,448,446,434,434,435,433,438,444,440,438,,1,1,1,1,1,1,1,1,1,1,1,1,1,1,1,1,1,1,1,1,1,1,1,1,1,1,1,1,1,1,
17060000,1,01/11/2016,07:00,0,1,451,429,439,20,8,0,0,0,,0,443,446,446,436,440,434,430,429,430,446,440,433,433,437,438,440,442,448,441,451,448,448,434,434,436,433,436,444,440,438,,1,1,1,1,1,1,1,1,1,1,1,1,1,1,1,1,1,1,1,1,1,1,1,1,1,1,1,1,1,1,0
17060000,1,01/11/2016,17:00,0,1,451,429,439,20,8,0,0,0,,0,446,446,442,438,438,430,430,430,430,440,438,433,435,438,440,445,444,445,445,450,448,445,434,434,434,433,440,443,440,438,,1,1,1,1,1,1,1,1,1,1,1,1,1,1,1,1,1,1,1,1,1,1,1,1,1,1,1,1,1,1,0
17060000,1,01/11/2016,,1,1,451,429,439,20,8,0,0,0,,0,445,446,444,437,439,432,430,430,430,443,439,433,434,438,439,443,443,447,443,451,448,447,434,434,435,433,438,444,440,438,,1,1,1,1,1,1,1,1,1,1,1,1,1,1,1,1,1,1,1,1,1,1,1,1,1,1,1,1,1,1,0
17060000,2,01/10/2016,,1,1,532,426,466,1,29,1,1,1,,,532,526,516,509,505,494,487,482,474,472,468,470,468,462,458,458,458,460,460,459,456,450,444,441,442,443,434,429,426,434,439,1,1,1,1,1,1,1,1,1,1,1,1,1,1,1,1,1,1,1,1,1,1,1,1,1,1,1,1,1,1,1
17060000,1,01/10/2016,17:00,0,1,533,426,466,1,29,0,0,0,,0,531,524,513,508,504,492,486,480,474,470,467,470,467,460,458,458,458,460,460,458,455,449,444,442,443,443,432,428,426,438,440,1,1,1,1,1,1,1,1,1,1,1,1,1,1,1,1,1,1,1,1,1,1,1,1,1,1,1,1,1,1,1
17060000,1,01/10/2016,07:00,0,1,533,426,466,1,29,0,0,0,,0,533,529,520,510,506,497,488,485,475,473,468,470,468,465,458,458,457,460,460,460,457,452,444,440,440,443,436,430,426,429,438,1,1,1,1,1,1,1,1,1,1,1,1,1,1,1,1,1,1,1,1,1,1,1,1,1,1,1,1,1,1,1
17060000,1,01/10/2016,,1,1,533,426,466,1,29,0,0,0,,0,532,527,517,509,505,495,487,483,475,472,468,470,468,463,458,458,458,460,460,459,456,451,444,441,442,443,434,429,426,434,439,1,1,1,1,1,1,1,1,1,1,1,1,1,1,1,1,1,1,1,1,1,1,1,1,1,1,1,1,1,1,1
17060000,2,01/09/2016,,1,1,738,536,647,1,30,1,1,1,,,738,734,729,724,719,716,709,703,694,686,678,672,662,656,647,642,640,636,630,622,616,608,600,592,582,571,561,550,542,536,,1,1,1,1,1,1,1,1,1,1,1,1,1,1,1,1,1,1,1,1,1,1,1,1,1,1,1,1,1,1,
17060000,1,01/09/2016,17:00,0,1,740,535,647,1,30,0,0,0,,0,737,733,728,723,718,714,708,702,692,684,676,670,660,654,646,642,639,635,628,620,615,605,598,590,578,568,558,549,540,535,,,,,,,,,,,,,,,,,,,,,,,,,,,,,,,,0
17060000,1,01/09/2016,07:00,0,1,740,535,647,1,30,0,0,0,,0,740,735,730,725,720,718,710,704,697,688,680,673,663,657,648,643,640,636,633,623,618,612,601,595,585,574,564,552,545,538,,,,,,,,,,,,,,,,,,,,,,,,,,,,,,,,0
17060000,1,01/09/2016,,1,1,740,535,647,1,30,0,0,0,,0,739,734,729,724,719,716,709,703,695,686,678,672,662,656,647,643,640,636,631,622,617,609,600,593,582,571,561,551,543,537,,,,,,,,,,,,,,,,,,,,,,,,,,,,,,,,0
17060000,2,01/08/2016,,1,1,838,744,794,1,31,1,1,1,,,838,836,834,833,832,828,824,822,820,818,816,809,806,802,795,789,786,784,784,781,780,776,773,771,766,764,759,755,750,748,744,1,1,1,1,1,1,1,1,1,1,1,1,1,1,1,1,1,1,1,1,1,1,1,1,1,1,1,1,1,1,1
17060000,1,01/08/2016,17:00,0,1,838,744,794,1,31,0,0,0,,0,837,835,834,833,831,827,823,821,820,818,815,808,806,801,794,788,786,784,784,780,780,776,772,771,765,764,758,754,749,747,744,1,1,1,1,1,1,1,1,1,1,1,1,1,1,1,1,1,1,1,1,1,1,1,1,1,1,1,1,1,1,1
17060000,1,01/08/2016,07:00,0,1,838,744,794,1,31,0,0,0,,0,838,836,834,833,832,830,824,822,820,819,816,810,807,803,796,790,787,784,784,782,781,777,774,771,768,765,760,756,750,748,745,1,1,1,1,1,1,1,1,1,1,1,1,1,1,1,1,1,1,1,1,1,1,1,1,1,1,1,1,1,1,1
17060000,1,01/08/2016,,1,1,838,744,794,1,31,0,0,0,,0,838,836,834,833,832,829,824,822,820,819,816,809,807,802,795,789,787,784,784,781,781,777,773,771,767,765,759,755,750,748,745,1,1,1,1,1,1,1,1,1,1,1,1,1,1,1,1,1,1,1,1,1,1,1,1,1,1,1,1,1,1,1
17060000,2,01/07/2016,,1,1,886,840,866,1,31,1,1,1,,,886,884,884,882,880,880,882,882,882,880,878,878,876,872,870,868,864,862,859,858,856,854,854,853,853,851,848,848,845,843,840,1,1,1,1,1,1,1,1,1,1,1,1,1,1,1,1,1,1,1,1,1,1,1,1,1,1,1,1,1,1,1
17060000,1,01/07/2016,07:00,0,1,886,840,866,1,31,0,0,0,,0,886,885,884,882,881,879,882,882,882,880,879,878,876,873,870,868,865,862,859,858,856,854,854,853,853,852,849,848,846,843,841,1,1,1,1,1,1,1,1,1,1,1,1,1,1,1,1,1,1,1,1,1,1,1,1,1,1,1,1,1,1,1
17060000,1,01/07/2016,17:00,0,1,886,840,866,1,31,0,0,0,,0,886,884,884,882,880,880,882,882,882,880,878,877,875,872,870,867,864,861,859,857,855,854,854,853,853,850,848,847,844,843,840,1,1,1,1,1,1,1,1,1,1,1,1,1,1,1,1,1,1,1,1,1,1,1,1,1,1,1,1,1,1,1
17060000,1,01/07/2016,,1,1,886,840,866,1,31,0,0,0,,0,886,885,884,882,881,880,882,882,882,880,879,878,876,873,870,868,865,862,859,858,856,854,854,853,853,851,849,848,845,843,841,1,1,1,1,1,1,1,1,1,1,1,1,1,1,1,1,1,1,1,1,1,1,1,1,1,1,1,1,1,1,1
17060000,2,01/06/2016,,1,1,897,886,890,8,19,1,1,1,,,890,890,890,890,890,892,896,897,896,896,896,895,894,892,892,892,888,888,886,886,888,888,888,888,888,889,889,888,886,886,,1,1,1,1,1,1,1,1,1,1,1,1,1,1,1,1,1,1,1,1,1,1,1,1,1,1,1,1,1,1,
17060000,1,01/06/2016,07:00,0,1,898,886,890,8,19,0,0,0,,0,890,890,890,890,890,892,896,898,896,896,896,895,894,892,893,891,888,888,887,886,888,888,888,888,887,889,889,889,886,886,,1,1,1,1,1,1,1,1,1,1,1,1,1,1,1,1,1,1,1,1,1,1,1,1,1,1,1,1,1,1,0
17060000,1,01/06/2016,17:00,0,1,898,886,890,8,19,0,0,0,,0,890,890,890,890,890,892,896,896,896,896,896,895,894,892,892,892,888,887,886,886,888,888,888,888,888,889,889,888,886,886,,1,1,1,1,1,1,1,1,1,1,1,1,1,1,1,1,1,1,1,1,1,1,1,1,1,1,1,1,1,1,0
17060000,1,01/06/2016,,1,1,898,886,890,8,19,0,0,0,,0,890,890,890,890,890,892,896,897,896,896,896,895,894,892,893,892,888,888,887,886,888,888,888,888,888,889,889,889,886,886,,1,1,1,1,1,1,1,1,1,1,1,1,1,1,1,1,1,1,1,1,1,1,1,1,1,1,1,1,1,1,0
17060000,2,01/05/2016,,1,1,895,854,882,25,1,1,1,1,,,854,858,860,860,862,863,864,868,875,877,880,882,884,886,890,889,889,890,890,891,891,891,892,893,895,895,895,892,891,890,890,1,1,1,1,1,1,1,1,1,1,1,1,1,1,1,1,1,1,1,1,1,1,1,1,1,1,1,1,1,1,1
17060000,1,01/05/2016,07:00,0,1,895,854,882,25,1,0,0,0,,0,854,857,860,860,862,863,864,867,875,877,880,881,884,886,889,889,889,890,890,891,891,891,892,893,895,895,895,893,891,890,890,1,1,1,1,1,1,1,1,1,1,1,1,1,1,1,1,1,1,1,1,1,1,1,1,1,1,1,1,1,1,1
17060000,1,01/05/2016,17:00,0,1,895,854,882,25,1,0,0,0,,0,854,859,860,860,862,863,864,870,875,877,880,882,884,887,890,889,889,890,890,891,891,891,892,893,895,895,895,892,891,890,890,1,1,1,1,1,1,1,1,1,1,1,1,1,1,1,1,1,1,1,1,1,1,1,1,1,1,1,1,1,1,1
17060000,1,01/05/2016,,1,1,895,854,882,25,1,0,0,0,,0,854,858,860,860,862,863,864,869,875,877,880,882,884,887,890,889,889,890,890,891,891,891,892,893,895,895,895,893,891,890,890,1,1,1,1,1,1,1,1,1,1,1,1,1,1,1,1,1,1,1,1,1,1,1,1,1,1,1,1,1,1,1
17060000,2,01/04/2016,,1,1,852,762,819,30,1,1,1,1,,,762,770,776,780,783,789,796,798,804,809,814,820,830,831,830,830,830,831,832,833,835,837,840,841,842,845,847,847,848,852,,1,1,1,1,1,1,1,1,1,1,1,1,1,1,1,1,1,1,1,1,1,1,1,1,1,1,1,1,1,1,
17060000,1,01/04/2016,17:00,0,1,852,760,819,30,1,0,0,0,,0,764,771,777,780,784,790,796,799,805,810,815,822,832,831,830,831,830,831,832,833,835,838,840,841,843,845,847,847,849,852,,1,1,1,1,1,1,1,1,1,1,1,1,1,1,1,1,1,1,1,1,1,1,1,1,1,1,1,1,1,1,0
17060000,1,01/04/2016,07:00,0,1,852,760,819,30,1,0,0,0,,0,760,768,776,779,782,788,795,798,803,808,813,819,829,831,830,830,830,831,832,833,835,836,840,841,842,845,847,847,848,852,,1,1,1,1,1,1,1,1,1,1,1,1,1,1,1,1,1,1,1,1,1,1,1,1,1,1,1,1,1,1,0
17060000,1,01/04/2016,,1,1,852,760,819,30,1,0,0,0,,0,762,770,777,780,783,789,796,799,804,809,814,821,831,831,830,831,830,831,832,833,835,837,840,841,843,845,847,847,849,852,,1,1,1,1,1,1,1,1,1,1,1,1,1,1,1,1,1,1,1,1,1,1,1,1,1,1,1,1,1,1,0
17060000,2,01/03/2016,,1,1,755,564,646,31,2,1,1,1,,,568,564,576,572,567,572,578,586,592,597,602,608,617,625,634,644,650,656,663,670,677,684,693,700,708,716,725,738,744,749,755,1,1,1,1,1,1,1,1,1,1,1,1,1,1,1,1,1,1,1,1,1,1,1,1,1,1,1,1,1,1,1
17060000,1,01/03/2016,07:00,0,1,756,564,646,31,2,0,0,0,,0,568,564,573,575,565,572,576,586,591,596,599,607,615,624,631,643,650,655,662,669,676,683,692,698,706,714,723,736,743,747,754,1,1,1,1,1,1,1,1,1,1,1,1,1,1,1,1,1,1,1,1,1,1,1,1,1,1,1,1,1,1,1
17060000,1,01/03/2016,17:00,0,1,756,564,646,31,2,0,0,0,,0,568,565,580,570,569,572,580,587,592,598,604,610,619,626,637,645,651,657,664,672,678,686,694,702,710,717,727,740,745,751,756,1,1,1,1,1,1,1,1,1,1,1,1,1,1,1,1,1,1,1,1,1,1,1,1,1,1,1,1,1,1,1
17060000,1,01/03/2016,,1,1,756,564,646,31,2,0,0,0,,0,568,565,577,573,567,572,578,587,592,597,602,609,617,625,634,644,651,656,663,671,677,685,693,700,708,716,725,738,744,749,755,1,1,1,1,1,1,1,1,1,1,1,1,1,1,1,1,1,1,1,1,1,1,1,1,1,1,1,1,1,1,1
17060000,2,01/02/2016,,1,1,569,527,554,16,1,1,1,1,,,527,528,531,534,534,534,538,540,544,548,550,552,557,562,567,569,569,569,568,567,564,562,564,564,563,563,564,564,558,,,1,1,1,1,1,1,1,1,1,1,1,1,1,1,1,1,1,1,1,1,1,1,1,1,1,1,1,1,1,,
17060000,1,01/02/2016,17:00,0,1,569,527,554,15,1,0,0,0,,0,527,528,532,534,534,535,538,540,545,550,550,553,558,562,569,569,569,569,568,567,564,562,564,564,563,563,564,559,558,,,1,1,1,1,1,1,1,1,1,1,1,1,1,1,1,1,1,1,1,1,1,1,1,1,1,1,1,1,1,0,0
17060000,1,01/02/2016,07:00,0,1,569,527,554,15,1,0,0,0,,0,527,528,530,534,534,534,537,540,544,547,550,552,556,561,565,569,569,569,568,567,565,561,564,564,563,563,564,569,558,,,1,1,1,1,1,1,1,1,1,1,1,1,1,1,1,1,1,1,1,1,1,1,1,1,1,1,1,1,1,0,0
17060000,1,01/02/2016,,1,1,569,527,554,15,1,0,0,0,,0,527,528,531,534,534,535,538,540,545,549,550,553,557,562,567,569,569,569,568,567,565,562,564,564,563,563,564,564,558,,,1,1,1,1,1,1,1,1,1,1,1,1,1,1,1,1,1,1,1,1,1,1,1,1,1,1,1,1,1,0,0
17060000,2,01/01/2016,,1,1,524,420,462,31,1,1,1,1,,,420,423,420,420,420,420,420,425,432,438,442,446,448,450,454,457,460,462,465,470,474,481,485,492,500,505,510,514,518,520,524,1,1,1,1,1,1,1,1,1,1,1,1,1,1,1,1,1,1,1,1,1,1,1,1,1,1,1,1,1,1,1
17060000,1,01/01/2016,17:00,0,1,525,420,462,31,1,0,0,0,,0,420,424,420,420,420,420,421,426,433,439,443,446,448,451,455,458,460,462,466,471,475,482,486,494,502,506,511,515,518,521,525,1,1,1,1,1,1,1,1,1,1,1,1,1,1,1,1,1,1,1,1,1,1,1,1,1,1,1,1,1,1,1
17060000,1,01/01/2016,07:00,0,1,525,420,462,31,1,0,0,0,,0,420,422,420,420,420,420,420,424,430,437,441,445,447,450,454,456,460,462,464,469,473,480,484,490,498,504,509,514,518,520,523,1,1,1,1,1,1,1,1,1,1,1,1,1,1,1,1,1,1,1,1,1,1,1,1,1,1,1,1,1,1,1
17060000,1,01/01/2016,,1,1,525,420,462,31,1,0,0,0,,0,420,423,420,420,420,420,421,425,432,438,442,446,448,451,455,457,460,462,465,470,474,481,485,492,500,505,510,515,518,521,524,1,1,1,1,1,1,1,1,1,1,1,1,1,1,1,1,1,1,1,1,1,1,1,1,1,1,1,1,1,1,1
17060000,2,01/12/2015,,1,1,420,406,412,28,8,1,1,1,,,410,410,410,410,410,410,410,406,406,406,406,406,406,408,408,411,414,414,414,414,414,413,413,413,413,413,415,420,420,420,420,1,1,1,1,1,1,1,1,1,1,1,1,1,1,1,1,1,1,1,1,1,1,1,1,1,1,1,1,1,1,1
17060000,1,01/12/2015,07:00,0,1,421,406,412,28,8,0,0,0,,0,410,410,410,410,410,410,410,406,406,406,406,406,406,408,408,410,414,415,414,415,414,413,413,413,413,413,414,419,420,420,420,1,1,1,1,1,1,1,1,1,1,1,1,1,1,1,1,1,1,1,1,1,1,1,1,1,1,1,1,1,1,1
17060000,1,01/12/2015,17:00,0,1,421,406,412,28,8,0,0,0,,0,410,410,410,410,410,410,410,406,406,406,406,406,406,408,409,412,413,414,413,413,414,413,413,413,413,413,416,421,420,420,420,1,1,1,1,1,1,1,1,1,1,1,1,1,1,1,1,1,1,1,1,1,1,1,1,1,1,1,1,1,1,1
17060000,1,01/12/2015,,1,1,421,406,412,28,8,0,0,0,,0,410,410,410,410,410,410,410,406,406,406,406,406,406,408,409,411,414,415,414,414,414,413,413,413,413,413,415,420,420,420,420,1,1,1,1,1,1,1,1,1,1,1,1,1,1,1,1,1,1,1,1,1,1,1,1,1,1,1,1,1,1,1
17060000,2,01/11/2015,,1,1,442,406,417,1,19,1,1,1,,,442,438,432,430,430,432,425,420,422,419,415,412,410,410,412,410,408,408,406,414,419,419,415,412,409,410,410,410,410,410,,1,1,1,1,1,1,1,1,1,1,1,1,1,1,1,1,1,1,1,1,1,1,1,1,1,1,1,1,1,1,
17060000,1,01/11/2015,17:00,0,1,444,406,417,1,19,0,0,0,,0,444,435,430,435,435,430,425,425,422,418,415,412,410,410,410,410,408,409,406,415,420,418,415,411,410,410,410,410,410,410,,1,1,1,1,1,1,1,1,1,1,1,1,1,1,1,1,1,1,1,1,1,1,1,1,1,1,1,1,1,1,0
17060000,1,01/11/2015,07:00,0,1,444,406,417,1,19,0,0,0,,0,440,440,434,425,425,435,425,415,422,420,415,412,410,410,414,410,409,406,406,414,418,420,415,414,408,410,410,410,410,411,,1,1,1,1,1,1,1,1,1,1,1,1,1,1,1,1,1,1,1,1,1,1,1,1,1,1,1,1,1,1,0
17060000,1,01/11/2015,,1,1,444,406,417,1,19,0,0,0,,0,442,438,432,430,430,433,425,420,422,419,415,412,410,410,412,410,409,408,406,415,419,419,415,413,409,410,410,410,410,411,,1,1,1,1,1,1,1,1,1,1,1,1,1,1,1,1,1,1,1,1,1,1,1,1,1,1,1,1,1,1,0
17060000,2,01/10/2015,,1,1,749,434,577,1,31,1,1,1,,,749,744,736,726,716,706,694,673,657,644,628,618,604,595,581,566,546,533,526,518,504,491,482,477,473,468,458,452,442,436,434,1,1,1,1,1,1,1,1,1,1,1,1,1,1,1,1,1,1,1,1,1,1,1,1,1,1,1,1,1,1,1
17060000,1,01/10/2015,17:00,0,1,750,434,577,1,31,0,0,0,,0,748,742,734,724,714,703,691,668,654,640,624,616,601,592,578,562,542,530,524,512,503,488,480,476,472,465,457,450,440,436,434,,,,,,,,,,,,,,,,,,,,,,,,,,,,,,,
17060000,1,01/10/2015,07:00,0,1,750,434,577,1,31,0,0,0,,0,750,745,738,729,719,709,698,678,660,647,632,620,607,598,584,570,551,536,527,523,506,494,485,478,474,470,460,455,445,436,434,,,,,,,,,,,,,,,,,,,,,,,,,,,,,,,
17060000,1,01/10/2015,,1,1,750,434,577,1,31,0,0,0,,0,749,744,736,727,717,706,695,673,657,644,628,618,604,595,581,566,547,533,526,518,505,491,483,477,473,468,459,453,443,436,434,,,,,,,,,,,,,,,,,,,,,,,,,,,,,,,
17060000,2,01/09/2015,,1,1,916,753,842,1,30,1,1,1,,,916,912,911,908,904,898,893,887,881,876,871,865,859,853,848,843,837,832,828,823,816,807,800,792,784,776,768,761,757,753,,1,1,1,1,1,1,1,1,1,1,1,1,1,1,1,1,1,1,1,1,1,1,1,1,1,1,1,1,1,1,
17060000,1,01/09/2015,17:00,0,1,916,752,842,1,30,0,0,0,,0,915,912,911,908,902,897,892,886,880,875,870,864,858,852,847,842,836,831,827,822,814,805,798,790,782,774,766,760,756,752,,,,,,,,,,,,,,,,,,,,,,,,,,,,,,,,0
17060000,1,01/09/2015,07:00,0,1,916,752,842,1,30,0,0,0,,0,916,913,911,909,905,898,894,888,882,878,872,866,860,854,849,844,838,833,830,824,818,809,802,794,786,778,770,762,758,754,,,,,,,,,,,,,,,,,,,,,,,,,,,,,,,,0
17060000,1,01/09/2015,,1,1,916,752,842,1,30,0,0,0,,0,916,913,911,909,904,898,893,887,881,877,871,865,859,853,848,843,837,832,829,823,816,807,800,792,784,776,768,761,757,753,,,,,,,,,,,,,,,,,,,,,,,,,,,,,,,,0
17060000,2,01/08/2015,,1,1,1020,919,975,1,31,1,1,1,,,1020,1019,1016,1014,1012,1010,1008,1006,1004,1000,995,990,988,986,984,979,974,969,964,960,955,951,950,946,942,938,934,930,928,924,919,1,1,1,1,1,1,1,1,1,1,1,1,1,1,1,1,1,1,1,1,1,1,1,1,1,1,1,1,1,1,1
17060000,1,01/08/2015,17:00,0,1,1021,918,975,1,31,0,0,0,,0,1020,1018,1015,1014,1012,1009,1008,1006,1004,998,994,990,988,985,983,978,973,968,963,959,954,951,949,946,941,937,933,930,927,923,918,,,,,,,,,,,,,,,,,,,,,,,,,,,,,,,
17060000,1,01/08/2015,07:00,0,1,1021,918,975,1,31,0,0,0,,0,1021,1020,1016,1014,1013,1010,1008,1007,1005,1002,996,990,988,986,984,980,975,970,966,960,956,951,950,947,943,939,935,931,928,925,920,,,,,,,,,,,,,,,,,,,,,,,,,,,,,,,
17060000,1,01/08/2015,,1,1,1021,918,975,1,31,0,0,0,,0,1021,1019,1016,1014,1013,1010,1008,1007,1005,1000,995,990,988,986,984,979,974,969,965,960,955,951,950,947,942,938,934,931,928,924,919,,,,,,,,,,,,,,,,,,,,,,,,,,,,,,,
17060000,2,01/07/2015,,1,1,1080,1022,1055,1,31,1,1,1,,,1080,1078,1076,1074,1074,1074,1075,1074,1074,1073,1070,1068,1065,1063,1061,1057,1054,1052,1049,1048,1044,1042,1040,1038,1036,1035,1031,1028,1026,1025,1022,1,1,1,1,1,1,1,1,1,1,1,1,1,1,1,1,1,1,1,1,1,1,1,1,1,1,1,1,1,1,1
17060000,1,01/07/2015,07:00,0,1,1080,1022,1055,1,31,0,0,0,,0,1080,1078,1076,1075,1074,1074,1076,1074,1074,1073,1070,1068,1066,1063,1062,1058,1054,1052,1050,1048,1045,1043,1041,1038,1036,1035,1032,1028,1026,1025,1023,1,1,1,1,1,1,1,1,1,1,1,1,1,1,1,1,1,1,1,1,1,1,1,1,1,1,1,1,1,1,1
17060000,1,01/07/2015,17:00,0,1,1080,1022,1055,1,31,0,0,0,,0,1080,1078,1076,1074,1074,1074,1074,1074,1074,1073,1070,1068,1064,1063,1060,1056,1054,1051,1048,1047,1044,1042,1040,1037,1035,1035,1030,1028,1026,1025,1022,1,1,1,1,1,1,1,1,1,1,1,1,1,1,1,1,1,1,1,1,1,1,1,1,1,1,1,1,1,1,1
17060000,1,01/07/2015,,1,1,1080,1022,1055,1,31,0,0,0,,0,1080,1078,1076,1075,1074,1074,1075,1074,1074,1073,1070,1068,1065,1063,1061,1057,1054,1052,1049,1048,1045,1043,1041,1038,1036,1035,1031,1028,1026,1025,1023,1,1,1,1,1,1,1,1,1,1,1,1,1,1,1,1,1,1,1,1,1,1,1,1,1,1,1,1,1,1,1
17060000,2,01/06/2015,,1,1,1106,1082,1098,6,30,1,1,1,,,1105,1104,1104,1103,1104,1106,1104,1103,1102,1102,1101,1101,1101,1101,1099,1099,1098,1098,1098,1098,1098,1098,1098,1096,1092,1091,1088,1086,1085,1082,,1,1,1,1,1,1,1,1,1,1,1,1,1,1,1,1,1,1,1,1,1,1,1,1,1,1,1,1,1,1,
17060000,1,01/06/2015,17:00,0,1,1106,1082,1098,6,30,0,0,0,,0,1105,1104,1104,1103,1104,1105,1104,1103,1102,1102,1101,1101,1101,1101,1099,1099,1098,1098,1098,1098,1098,1098,1098,1095,1092,1090,1087,1086,1084,1082,,1,1,1,1,1,1,1,1,1,1,1,1,1,1,1,1,1,1,1,1,1,1,1,1,1,1,1,1,1,1,0
17060000,1,01/06/2015,07:00,0,1,1106,1082,1098,6,30,0,0,0,,0,1105,1104,1104,1103,1104,1106,1104,1103,1102,1102,1101,1101,1101,1101,1099,1099,1098,1098,1098,1098,1098,1098,1098,1096,1093,1092,1088,1087,1086,1082,,1,1,1,1,1,1,1,1,1,1,1,1,1,1,1,1,1,1,1,1,1,1,1,1,1,1,1,1,1,1,0
17060000,1,01/06/2015,,1,1,1106,1082,1098,6,30,0,0,0,,0,1105,1104,1104,1103,1104,1106,1104,1103,1102,1102,1101,1101,1101,1101,1099,1099,1098,1098,1098,1098,1098,1098,1098,1096,1093,1091,1088,1087,1085,1082,,1,1,1,1,1,1,1,1,1,1,1,1,1,1,1,1,1,1,1,1,1,1,1,1,1,1,1,1,1,1,0
17060000,2,01/05/2015,,1,1,1109,1043,1084,27,1,1,1,1,,,1043,1046,1049,1054,1055,1056,1060,1064,1071,1075,1078,1080,1084,1084,1084,1085,1090,1094,1096,1098,1102,1103,1105,1106,1107,1108,1109,1109,1108,1107,1106,1,1,1,1,1,1,1,1,1,1,1,1,1,1,1,1,1,1,1,1,1,1,1,1,1,1,1,1,1,1,1
17060000,1,01/05/2015,07:00,0,1,1109,1043,1084,27,1,0,0,0,,0,1043,1045,1048,1053,1055,1055,1059,1063,1070,1075,1078,1080,1084,1084,1084,1085,1089,1094,1096,1098,1102,1103,1104,1106,1107,1108,1109,1109,1108,1107,1106,1,1,1,1,1,1,1,1,1,1,1,1,1,1,1,1,1,1,1,1,1,1,1,1,1,1,1,1,1,1,1
17060000,1,01/05/2015,17:00,0,1,1109,1043,1084,27,1,0,0,0,,0,1043,1046,1050,1055,1055,1056,1060,1064,1072,1075,1078,1081,1084,1084,1084,1085,1090,1094,1096,1098,1103,1103,1106,1107,1107,1108,1109,1109,1108,1107,1105,1,1,1,1,1,1,1,1,1,1,1,1,1,1,1,1,1,1,1,1,1,1,1,1,1,1,1,1,1,1,1
17060000,1,01/05/2015,,1,1,1109,1043,1084,27,1,0,0,0,,0,1043,1046,1049,1054,1055,1056,1060,1064,1071,1075,1078,1081,1084,1084,1084,1085,1090,1094,1096,1098,1103,1103,1105,1107,1107,1108,1109,1109,1108,1107,1106,1,1,1,1,1,1,1,1,1,1,1,1,1,1,1,1,1,1,1,1,1,1,1,1,1,1,1,1,1,1,1
17060000,2,01/04/2015,,1,1,1045,964,1012,30,1,1,1,1,,,964,968,975,978,986,988,991,994,998,998,1002,1005,1008,1009,1010,1012,1016,1022,1024,1028,1030,1032,1037,1038,1040,1041,1041,1041,1044,1045,,1,1,1,1,1,1,1,1,1,1,1,1,1,1,1,1,1,1,1,1,1,1,1,1,1,1,1,1,1,1,
17060000,1,01/04/2015,17:00,0,1,1045,964,1012,29,1,0,0,0,,0,965,969,975,979,986,988,992,995,998,998,1003,1005,1008,1009,1011,1013,1017,1022,1025,1028,1030,1033,1037,1038,1040,1041,1041,1041,1045,1045,,1,1,1,1,1,1,1,1,1,1,1,1,1,1,1,1,1,1,1,1,1,1,1,1,1,1,1,1,1,1,0
17060000,1,01/04/2015,07:00,0,1,1045,964,1012,29,1,0,0,0,,0,964,968,975,977,985,987,990,994,997,998,1002,1005,1007,1009,1010,1012,1015,1021,1024,1028,1030,1032,1037,1038,1040,1041,1041,1041,1044,1045,,1,1,1,1,1,1,1,1,1,1,1,1,1,1,1,1,1,1,1,1,1,1,1,1,1,1,1,1,1,1,0
17060000,1,01/04/2015,,1,1,1045,964,1012,29,1,0,0,0,,0,965,969,975,978,986,988,991,995,998,998,1003,1005,1008,1009,1011,1013,1016,1022,1025,1028,1030,1033,1037,1038,1040,1041,1041,1041,1045,1045,,1,1,1,1,1,1,1,1,1,1,1,1,1,1,1,1,1,1,1,1,1,1,1,1,1,1,1,1,1,1,0
17060000,2,01/03/2015,,1,1,960,838,901,31,1,1,1,1,,,838,844,851,857,859,865,867,870,872,877,881,883,886,890,895,897,898,904,908,913,918,922,928,936,942,947,951,954,955,958,960,1,1,1,1,1,1,1,1,1,1,1,1,1,1,1,1,1,1,1,1,1,1,1,1,1,1,1,1,1,1,1
17060000,1,01/03/2015,17:00,0,1,761,638,701,31,1,0,0,0,,0,639,645,653,657,660,666,667,670,673,678,681,683,687,691,696,698,698,704,708,714,719,723,729,737,742,748,752,754,755,758,761,1,1,1,1,1,1,1,1,1,1,1,1,1,1,1,1,1,1,1,1,1,1,1,1,1,1,1,1,1,1,1
17060000,1,01/03/2015,07:00,0,1,761,638,701,31,1,0,0,0,,0,638,643,649,657,658,664,667,669,672,676,681,683,686,690,694,696,698,703,707,712,717,722,727,735,741,746,750,754,755,757,760,1,1,1,1,1,1,1,1,1,1,1,1,1,1,1,1,1,1,1,1,1,1,1,1,1,1,1,1,1,1,1
17060000,1,01/03/2015,,1,1,761,638,701,31,1,0,0,0,,0,639,644,651,657,659,665,667,670,673,677,681,683,687,691,695,697,698,704,708,713,718,723,728,736,742,747,751,754,755,758,761,1,1,1,1,1,1,1,1,1,1,1,1,1,1,1,1,1,1,1,1,1,1,1,1,1,1,1,1,1,1,1
17060000,2,01/02/2015,,1,1,838,730,787,28,1,1,1,1,,,730,734,739,744,751,756,762,768,772,774,777,779,782,785,788,790,792,795,800,804,807,814,823,828,829,832,834,838,,,,1,1,1,1,1,1,1,1,1,1,1,1,1,1,1,1,1,1,1,1,1,1,1,1,1,1,1,1,,,
17060000,1,01/02/2015,17:00,0,1,638,529,587,28,1,0,0,0,,0,531,535,540,545,553,557,563,570,572,574,577,580,582,586,588,590,592,596,602,604,608,616,625,628,630,632,635,638,,,,1,1,1,1,1,1,1,1,1,1,1,1,1,1,1,1,1,1,1,1,1,1,1,1,1,1,1,1,0,0,0
17060000,1,01/02/2015,07:00,0,1,638,529,587,28,1,0,0,0,,0,529,533,538,544,549,555,560,567,571,573,577,578,581,584,588,589,592,594,598,604,606,612,621,627,628,632,634,637,,,,1,1,1,1,1,1,1,1,1,1,1,1,1,1,1,1,1,1,1,1,1,1,1,1,1,1,1,1,0,0,0
17060000,1,01/02/2015,,1,1,638,529,587,28,1,0,0,0,,0,530,534,539,545,551,556,562,569,572,574,577,579,582,585,588,590,592,595,600,604,607,614,623,628,629,632,635,638,,,,1,1,1,1,1,1,1,1,1,1,1,1,1,1,1,1,1,1,1,1,1,1,1,1,1,1,1,1,0,0,0
17060000,2,01/01/2015,,1,1,726,630,668,31,1,1,1,1,,,630,630,630,632,636,640,642,644,646,649,651,654,656,654,654,656,657,661,668,671,675,682,687,695,700,707,712,714,719,724,726,1,1,1,1,1,1,1,1,1,1,1,1,1,1,1,1,1,1,1,1,1,1,1,1,1,1,1,1,1,1,1
17060000,1,01/01/2015,07:00,0,1,727,502,668,31,25,0,0,0,,0,630,630,630,632,636,640,642,644,646,649,651,653,658,654,654,656,657,660,668,670,674,680,686,694,698,706,712,714,718,723,726,,,,,,,,,,,,,,,,,,,,,,,,,,,,,,,
17060000,1,01/01/2015,17:00,0,1,727,502,668,31,25,0,0,0,,0,630,630,630,632,637,640,642,644,647,649,651,654,654,654,654,656,657,662,668,672,676,683,688,696,702,708,712,715,720,724,727,,,,,,,,,,,,,,,,,,,,,,,,,,,,,,,
17060000,1,01/01/2015,,1,1,727,502,668,31,25,0,0,0,,0,630,630,630,632,637,640,642,644,647,649,651,654,656,654,654,656,657,661,668,671,675,682,687,695,700,707,712,715,719,724,727,,,,,,,,,,,,,,,,,,,,,,,,,,,,,,,
17060000,2,01/12/2014,,1,1,630,548,585,31,1,1,1,1,0,0,548,548,548,549,552,556,562,566,569,570,575,573,576,582,588,584,580,584,588,590,595,598,603,610,615,618,620,622,624,626,630,1,1,1,1,1,1,1,1,1,1,1,1,1,1,1,1,1,1,1,1,1,1,1,1,1,1,1,1,1,1,1
17060000,1,01/12/2014,07:00,0,1,630,548,586,31,1,0,0,0,,0,548,548,548,549,552,555,562,565,568,570,575,573,575,580,590,585,580,584,588,590,595,598,602,609,614,618,620,621,624,626,629,1,1,1,1,1,1,1,1,1,1,1,1,1,1,1,1,1,1,1,1,1,1,1,1,1,1,1,1,1,1,1
17060000,1,01/12/2014,17:00,0,1,630,548,586,31,1,0,0,0,,0,548,548,548,549,553,557,563,566,570,570,575,573,577,583,585,584,580,585,588,590,595,598,604,612,616,619,621,622,624,627,630,1,1,1,1,1,1,1,1,1,1,1,1,1,1,1,1,1,1,1,1,1,1,1,1,1,1,1,1,1,1,1
17060000,1,01/12/2014,,1,1,630,548,586,31,1,0,0,0,,0,548,548,548,549,553,556,563,566,569,570,575,573,576,582,588,585,580,585,588,590,595,598,603,611,615,619,621,622,624,627,630,1,1,1,1,1,1,1,1,1,1,1,1,1,1,1,1,1,1,1,1,1,1,1,1,1,1,1,1,1,1,1
17060000,2,01/11/2014,,1,1,546,511,529,30,19,2,2,2,0,0,541,539,537,535,534,531,526,522,523,524,525,526,526,524,522,518,516,513,511,514,518,525,532,540,540,538,538,540,542,546,,2,2,2,1,1,1,1,1,1,1,1,1,1,1,1,1,1,1,1,1,1,1,1,1,1,1,1,1,1,1,
17060000,1,01/11/2014,07:00,0,1,547,511,528,30,19,0,0,0,,0,534,530,522,536,535,532,528,523,522,524,525,526,527,525,523,520,517,513,511,514,517,524,530,540,541,538,538,540,542,546,,1,1,1,1,1,1,1,1,1,1,1,1,1,1,1,1,1,1,1,1,1,1,1,1,1,1,1,1,1,1,0
17060000,1,01/11/2014,17:00,0,1,547,511,528,30,19,0,0,0,,0,534,528,522,534,534,530,525,522,524,524,525,527,526,524,522,517,515,513,511,515,519,526,533,540,540,538,538,540,543,547,,1,1,1,1,1,1,1,1,1,1,1,1,1,1,1,1,1,1,1,1,1,1,1,1,1,1,1,1,1,1,0
17060000,1,01/11/2014,,1,1,547,511,528,30,19,0,0,0,,0,534,529,522,535,535,531,527,523,523,524,525,527,527,525,523,519,516,513,511,515,518,525,532,540,541,538,538,540,543,547,,1,1,1,1,1,1,1,1,1,1,1,1,1,1,1,1,1,1,1,1,1,1,1,1,1,1,1,1,1,1,0
17060000,2,01/10/2014,,1,1,741,543,629,1,31,2,2,2,0,0,741,732,722,715,711,706,699,686,682,676,669,660,654,648,638,628,617,610,601,590,580,572,564,560,557,554,550,548,546,544,543,1,1,1,1,1,1,1,1,1,1,1,1,1,1,1,1,1,1,1,1,1,1,1,1,1,1,1,2,2,2,2
17060000,1,01/10/2014,17:00,0,1,743,544,629,1,29,0,0,0,,0,739,730,720,714,710,704,696,686,680,675,668,658,652,646,635,625,616,608,598,588,577,570,563,559,556,554,549,546,544,545,544,1,1,1,1,1,1,1,1,1,1,1,1,1,1,1,1,1,1,1,1,1,1,1,1,1,1,1,1,1,1,1
17060000,1,01/10/2014,07:00,0,1,743,544,629,1,29,0,0,0,,0,743,734,724,716,712,708,702,687,684,677,670,662,655,650,640,630,618,612,604,591,582,573,566,560,558,555,552,547,544,549,551,1,1,1,1,1,1,1,1,1,1,1,1,1,1,1,1,1,1,1,1,1,1,1,1,1,1,1,1,1,1,1
17060000,1,01/10/2014,,1,1,743,544,629,1,29,0,0,0,,0,741,732,722,715,711,706,699,687,682,676,669,660,654,648,638,628,617,610,601,590,580,572,565,560,557,555,551,547,544,547,548,1,1,1,1,1,1,1,1,1,1,1,1,1,1,1,1,1,1,1,1,1,1,1,1,1,1,1,1,1,1,1
17060000,2,01/09/2014,,1,1,915,748,838,1,30,1,1,1,0,0,915,910,904,897,889,885,880,878,876,872,869,863,860,857,852,846,839,832,823,812,805,800,795,789,782,776,769,764,758,748,,1,1,1,1,1,1,1,1,1,1,1,1,1,1,1,1,1,1,1,1,1,1,1,1,1,1,1,1,1,1,
17060000,1,01/09/2014,07:00,0,1,916,746,838,1,30,0,0,0,,0,916,911,905,898,890,886,880,878,877,873,870,864,860,858,853,847,840,834,826,814,806,802,796,790,784,778,770,766,760,750,,1,1,1,1,1,1,1,1,1,1,1,1,1,1,1,1,1,1,1,1,1,1,1,1,1,1,1,1,1,1,0
17060000,1,01/09/2014,17:00,0,1,916,746,838,1,30,0,0,0,,0,914,908,902,896,888,884,880,878,875,871,868,862,860,856,850,844,838,830,820,810,804,798,794,788,780,775,768,763,755,746,,1,1,1,1,1,1,1,1,1,1,1,1,1,1,1,1,1,1,1,1,1,1,1,1,1,1,1,1,1,1,0
17060000,1,01/09/2014,,1,1,916,746,838,1,30,0,0,0,,0,915,910,904,897,889,885,880,878,876,872,869,863,860,857,852,846,839,832,823,812,805,800,795,789,782,777,769,765,758,748,,1,1,1,1,1,1,1,1,1,1,1,1,1,1,1,1,1,1,1,1,1,1,1,1,1,1,1,1,1,1,
17060000,2,01/08/2014,,1,1,1038,919,984,1,31,1,1,1,0,0,1038,1035,1032,1029,1024,1020,1017,1013,1009,1004,1002,1001,999,996,991,987,984,982,981,975,969,963,959,953,949,945,941,935,929,925,919,1,1,1,1,1,1,1,1,1,1,1,1,1,1,1,1,1,1,1,1,1,1,1,1,1,1,1,1,1,1,1
17060000,1,01/08/2014,17:00,0,1,1038,918,984,1,31,0,0,0,,0,1037,1035,1031,1028,1024,1019,1016,1012,1008,1004,1001,1001,998,995,990,986,984,982,980,974,968,962,958,952,948,944,940,933,928,924,918,1,1,1,1,1,1,1,1,1,1,1,1,1,1,1,1,1,1,1,1,1,1,1,1,1,1,1,1,1,1,1
17060000,1,01/08/2014,07:00,0,1,1038,918,984,1,31,0,0,0,,0,1038,1035,1032,1030,1025,1020,1018,1014,1009,1005,1002,1001,1001,996,992,988,984,982,982,976,970,964,960,954,950,946,942,936,930,926,920,1,1,1,1,1,1,1,1,1,1,1,1,1,1,1,1,1,1,1,1,1,1,1,1,1,1,1,1,1,1,1
17060000,1,01/08/2014,,1,1,1038,918,984,1,31,0,0,0,,0,1038,1035,1032,1029,1025,1020,1017,1013,1009,1005,1002,1001,1000,996,991,987,984,982,981,975,969,963,959,953,949,945,941,935,929,925,919,1,1,1,1,1,1,1,1,1,1,1,1,1,1,1,1,1,1,1,1,1,1,1,1,1,1,1,1,1,1,1
17060000,2,01/07/2014,,1,1,1098,1040,1072,1,31,1,1,1,0,0,1098,1098,1098,1094,1089,1086,1086,1084,1083,1083,1082,1080,1078,1075,1075,1075,1073,1073,1069,1068,1064,1061,1059,1058,1056,1054,1052,1046,1044,1042,1040,1,1,1,1,1,1,1,1,1,1,1,1,1,1,1,1,1,1,1,1,1,1,1,1,1,1,1,1,1,1,1
17060000,1,01/07/2014,17:00,0,1,1098,1040,1072,1,31,0,0,0,,0,1098,1098,1097,1092,1088,1086,1086,1084,1083,1083,1082,1080,1077,1075,1075,1075,1073,1073,1068,1067,1064,1060,1058,1058,1056,1054,1050,1046,1044,1042,1040,1,1,1,1,1,1,1,1,1,1,1,1,1,1,1,1,1,1,1,1,1,1,1,1,1,1,1,1,1,1,1
17060000,1,01/07/2014,07:00,0,1,1098,1040,1072,1,31,0,0,0,,0,1098,1098,1098,1095,1090,1086,1086,1084,1083,1083,1082,1080,1078,1075,1075,1075,1073,1073,1070,1068,1065,1062,1060,1058,1056,1054,1053,1047,1044,1042,1040,1,1,1,1,1,1,1,1,1,1,1,1,1,1,1,1,1,1,1,1,1,1,1,1,1,1,1,1,1,1,1
17060000,1,01/07/2014,,1,1,1098,1040,1072,1,31,0,0,0,,0,1098,1098,1098,1094,1089,1086,1086,1084,1083,1083,1082,1080,1078,1075,1075,1075,1073,1073,1069,1068,1065,1061,1059,1058,1056,1054,1052,1047,1044,1042,1040,1,1,1,1,1,1,1,1,1,1,1,1,1,1,1,1,1,1,1,1,1,1,1,1,1,1,1,1,1,1,1
17060000,2,01/06/2014,,1,1,1134,1102,1122,1,30,1,1,1,0,0,1134,1134,1134,1134,1134,1133,1133,1132,1131,1128,1128,1127,1126,1126,1125,1125,1124,1123,1122,1120,1120,1117,1113,1110,1109,1108,1106,1104,1103,1102,,1,1,1,1,1,1,1,1,1,1,1,1,1,1,1,1,1,1,1,1,1,1,1,1,1,1,1,1,1,1,
17060000,1,01/06/2014,07:00,0,1,1134,1102,1122,1,30,0,0,0,,0,1134,1134,1134,1134,1134,1133,1133,1132,1131,1128,1128,1127,1126,1126,1125,1125,1124,1123,1122,1121,1120,1118,1114,1110,1109,1108,1106,1105,1103,1102,,1,1,1,1,1,1,1,1,1,1,1,1,1,1,1,1,1,1,1,1,1,1,1,1,1,1,1,1,1,1,0
17060000,1,01/06/2014,17:00,0,1,1134,1102,1122,1,30,0,0,0,,0,1134,1134,1134,1134,1133,1133,1133,1132,1131,1128,1128,1127,1126,1126,1125,1125,1124,1123,1122,1120,1119,1116,1112,1110,1109,1108,1105,1104,1103,1102,,1,1,1,1,1,1,1,1,1,1,1,1,1,1,1,1,1,1,1,1,1,1,1,1,1,1,1,1,1,1,0
17060000,1,01/06/2014,,1,1,1134,1102,1122,1,30,0,0,0,,0,1134,1134,1134,1134,1134,1133,1133,1132,1131,1128,1128,1127,1126,1126,1125,1125,1124,1123,1122,1121,1120,1117,1113,1110,1109,1108,1106,1105,1103,1102,,1,1,1,1,1,1,1,1,1,1,1,1,1,1,1,1,1,1,1,1,1,1,1,1,1,1,1,1,1,1,0
17060000,2,01/05/2014,,1,1,1134,1105,1125,24,1,1,1,1,0,0,1105,1106,1109,1112,1114,1116,1118,1120,1121,1123,1125,1125,1125,1126,1128,1127,1127,1130,1130,1130,1131,1131,1131,1134,1134,1134,1134,1134,1134,1134,1134,1,1,1,1,1,1,1,1,1,1,1,1,1,1,1,1,1,1,1,1,1,1,1,1,1,1,1,1,1,1,1
17060000,1,01/05/2014,07:00,0,1,1134,1104,1125,24,1,0,0,0,,0,1104,1106,1109,1112,1114,1116,1118,1120,1121,1123,1125,1125,1125,1126,1128,1127,1127,1130,1130,1130,1131,1131,1131,1134,1134,1134,1134,1134,1134,1134,1134,1,1,1,1,1,1,1,1,1,1,1,1,1,1,1,1,1,1,1,1,1,1,1,1,1,1,1,1,1,1,1
17060000,1,01/05/2014,17:00,0,1,1134,1104,1125,24,1,0,0,0,,0,1106,1107,1109,1112,1114,1117,1118,1120,1121,1123,1125,1125,1125,1126,1127,1127,1127,1130,1130,1130,1131,1131,1131,1134,1134,1134,1134,1134,1134,1134,1134,1,1,1,1,1,1,1,1,1,1,1,1,1,1,1,1,1,1,1,1,1,1,1,1,1,1,1,1,1,1,1
17060000,1,01/05/2014,,1,1,1134,1104,1125,24,1,0,0,0,,0,1105,1107,1109,1112,1114,1117,1118,1120,1121,1123,1125,1125,1125,1126,1128,1127,1127,1130,1130,1130,1131,1131,1131,1134,1134,1134,1134,1134,1134,1134,1134,1,1,1,1,1,1,1,1,1,1,1,1,1,1,1,1,1,1,1,1,1,1,1,1,1,1,1,1,1,1,1
17060000,2,01/04/2014,,1,1,1102,1031,1065,29,1,1,1,1,0,0,1031,1036,1042,1044,1048,1050,1050,1052,1053,1054,1055,1055,1056,1056,1056,1056,1058,1063,1067,1072,1079,1080,1084,1084,1087,1090,1094,1098,1102,1102,,1,1,1,1,1,1,1,1,1,1,1,1,1,1,1,1,1,1,1,1,1,1,1,1,1,1,1,1,1,1,
17060000,1,01/04/2014,07:00,0,1,1103,1030,1065,30,1,0,0,0,,0,1030,1035,1041,1044,1047,1049,1050,1051,1053,1054,1055,1055,1056,1056,1056,1056,1058,1062,1066,1070,1079,1080,1084,1084,1087,1089,1093,1097,1101,1102,,1,1,1,1,1,1,1,1,1,1,1,1,1,1,1,1,1,1,1,1,1,1,1,1,1,1,1,1,1,1,0
17060000,1,01/04/2014,17:00,0,1,1103,1030,1065,30,1,0,0,0,,0,1032,1037,1042,1045,1048,1050,1050,1052,1053,1054,1055,1055,1056,1056,1056,1056,1059,1064,1068,1073,1079,1081,1084,1084,1087,1091,1094,1098,1102,1103,,1,1,1,1,1,1,1,1,1,1,1,1,1,1,1,1,1,1,1,1,1,1,1,1,1,1,1,1,1,1,0
17060000,1,01/04/2014,,1,1,1103,1030,1065,30,1,0,0,0,,0,1031,1036,1042,1045,1048,1050,1050,1052,1053,1054,1055,1055,1056,1056,1056,1056,1059,1063,1067,1072,1079,1081,1084,1084,1087,1090,1094,1098,1102,1103,,1,1,1,1,1,1,1,1,1,1,1,1,1,1,1,1,1,1,1,1,1,1,1,1,1,1,1,1,1,1,0
17060000,2,01/03/2014,,1,1,1020,881,960,31,1,1,1,1,0,0,881,887,893,901,909,916,924,930,932,936,941,946,952,957,962,965,967,971,977,983,986,988,991,997,1002,1004,1006,1010,1012,1014,1020,1,1,1,1,1,1,1,1,1,1,1,1,1,1,1,1,1,1,1,1,1,1,1,1,1,1,1,1,1,1,1
17060000,1,01/03/2014,07:00,0,1,1021,880,960,31,1,0,0,0,,0,880,886,892,898,907,915,922,930,932,935,940,946,950,957,961,965,967,970,976,982,986,988,990,996,1002,1003,1005,1009,1012,1014,1019,1,1,1,1,1,1,1,1,1,1,1,1,1,1,1,1,1,1,1,1,1,1,1,1,1,1,1,1,1,1,1
17060000,1,01/03/2014,17:00,0,1,1021,880,960,31,1,0,0,0,,0,882,888,894,903,910,917,926,931,933,937,942,947,953,958,963,966,967,972,978,984,986,988,992,998,1002,1004,1006,1010,1013,1015,1021,1,1,1,1,1,1,1,1,1,1,1,1,1,1,1,1,1,1,1,1,1,1,1,1,1,1,1,1,1,1,1
17060000,1,01/03/2014,,1,1,1021,880,960,31,1,0,0,0,,0,881,887,893,901,909,916,924,931,933,936,941,947,952,958,962,966,967,971,977,983,986,988,991,997,1002,1004,1006,1010,1013,1015,1020,1,1,1,1,1,1,1,1,1,1,1,1,1,1,1,1,1,1,1,1,1,1,1,1,1,1,1,1,1,1,1
17060000,2,01/02/2014,,1,1,878,768,826,28,1,1,1,1,0,0,768,774,780,786,792,795,796,798,798,802,806,809,814,819,826,835,839,844,849,855,861,862,864,866,869,872,875,878,,,,1,1,1,1,1,1,1,1,1,1,1,1,1,1,1,1,1,1,1,1,1,1,1,1,1,1,1,1,,,
17060000,1,01/02/2014,07:00,0,1,878,767,826,28,1,0,0,0,,0,767,772,778,785,791,795,796,798,798,802,805,808,813,818,824,833,838,843,848,854,860,862,864,866,868,872,874,877,,,,1,1,1,1,1,1,1,1,1,1,1,1,1,1,1,1,1,1,1,1,1,1,1,1,1,1,1,1,0,0,0
17060000,1,01/02/2014,17:00,0,1,878,767,826,28,1,0,0,0,,0,769,775,781,787,793,795,797,798,798,803,806,810,816,820,828,836,840,846,850,856,862,862,865,867,870,873,876,878,,,,1,1,1,1,1,1,1,1,1,1,1,1,1,1,1,1,1,1,1,1,1,1,1,1,1,1,1,1,0,0,0
17060000,1,01/02/2014,,1,1,878,767,826,28,1,0,0,0,,0,768,774,780,786,792,795,797,798,798,803,806,809,815,819,826,835,839,845,849,855,861,862,865,867,869,873,875,878,,,,1,1,1,1,1,1,1,1,1,1,1,1,1,1,1,1,1,1,1,1,1,1,1,1,1,1,1,1,0,0,0
17060000,2,01/01/2014,,1,1,762,677,723,31,1,1,1,1,0,0,677,684,689,695,698,703,707,710,712,712,713,713,715,718,720,723,726,727,731,735,737,740,742,742,744,746,746,748,750,756,762,1,1,1,1,1,1,1,1,1,1,1,1,1,1,1,1,1,1,1,1,1,1,1,1,1,1,1,1,1,1,1
17060000,1,01/01/2014,07:00,0,1,763,676,723,31,1,0,0,0,,0,676,682,688,694,698,702,706,710,712,712,713,713,714,717,719,722,726,726,730,734,736,740,742,742,743,745,746,747,749,754,760,,,,,1,1,1,1,1,1,1,1,1,1,1,1,1,1,1,1,1,1,1,1,1,1,1,1,1,1,1
17060000,1,01/01/2014,17:00,0,1,763,676,723,31,1,0,0,0,,0,678,685,690,696,699,704,708,710,712,712,713,713,716,718,720,724,726,728,732,736,738,740,742,742,744,746,746,748,751,757,763,,,,,1,1,1,1,1,1,1,1,1,1,1,1,1,1,1,1,1,1,1,1,1,1,1,1,1,1,1
17060000,1,01/01/2014,,1,1,763,676,723,31,1,0,0,0,,0,677,684,689,695,699,703,707,710,712,712,713,713,715,718,720,723,726,727,731,735,737,740,742,742,744,746,746,748,750,756,762,,,,,1,1,1,1,1,1,1,1,1,1,1,1,1,1,1,1,1,1,1,1,1,1,1,1,1,1,1
17060000,2,01/12/2013,,1,1,672,564,616,31,1,1,1,1,0,0,564,568,578,584,589,592,600,606,608,608,608,609,609,610,612,614,616,618,619,620,624,629,636,638,640,641,642,644,650,660,672,1,1,1,1,1,1,1,1,1,1,1,1,1,1,1,1,1,1,1,1,1,1,1,1,1,1,1,1,1,1,1
17060000,1,01/12/2013,07:00,0,1,674,563,616,31,1,0,0,0,,0,563,566,575,583,588,590,598,606,608,608,608,609,609,610,612,614,616,617,619,620,623,628,634,637,640,641,642,643,649,657,670,,,,,,,,,,,,,,,,,,,,,,,,,,,,,,,
17060000,1,01/12/2013,17:00,0,1,674,563,616,31,1,0,0,0,,0,564,570,580,586,590,594,602,606,608,608,608,609,609,610,612,614,617,618,619,621,625,630,637,638,640,641,642,644,652,663,674,,,,,,,,,,,,,,,,,,,,,,,,,,,,,,,
17060000,1,01/12/2013,,1,1,674,563,616,31,1,0,0,0,,0,564,568,578,585,589,592,600,606,608,608,608,609,609,610,612,614,617,618,619,621,624,629,636,638,640,641,642,644,651,660,672,,,,,,,,,,,,,,,,,,,,,,,,,,,,,,,
17060000,2,01/11/2013,,1,1,560,516,535,30,3,1,1,1,0,0,518,518,516,518,520,522,524,525,524,523,523,524,526,528,530,532,536,540,545,545,545,546,547,548,548,548,548,554,556,560,,1,1,1,1,1,1,1,1,1,1,1,1,1,1,1,1,1,1,1,1,1,1,1,1,1,1,1,1,1,1,
17060000,1,01/11/2013,07:00,0,1,562,516,535,30,3,0,0,0,,0,518,518,516,517,520,522,524,525,524,523,523,524,526,527,529,531,535,539,545,545,545,546,547,548,548,548,548,552,556,559,,1,1,1,1,1,1,1,1,1,1,1,1,1,1,1,1,1,1,1,1,1,1,1,1,1,1,1,1,1,1,0
17060000,1,01/11/2013,17:00,0,1,562,516,535,30,3,0,0,0,,0,518,518,516,519,521,523,525,525,523,523,523,525,526,528,530,533,537,541,545,545,545,546,547,548,548,548,549,555,557,562,,1,1,1,1,1,1,1,1,1,1,1,1,1,1,1,1,1,1,1,1,1,1,1,1,1,1,1,1,1,1,0
17060000,1,01/11/2013,,1,1,562,516,535,30,3,0,0,0,,0,518,518,516,518,521,523,525,525,524,523,523,525,526,528,530,532,536,540,545,545,545,546,547,548,548,548,549,554,557,561,,1,1,1,1,1,1,1,1,1,1,1,1,1,1,1,1,1,1,1,1,1,1,1,1,1,1,1,1,1,1,0
17060000,2,01/10/2013,,1,1,696,518,603,1,30,1,1,1,0,0,696,688,677,669,665,661,659,655,649,643,639,635,629,622,616,608,596,588,581,576,568,564,561,552,547,537,531,526,520,518,518,1,1,1,1,1,1,1,1,1,1,1,1,1,1,1,1,1,1,1,1,1,1,1,1,1,1,1,1,1,1,1
17060000,1,01/10/2013,07:00,0,1,698,518,603,1,30,0,0,0,,0,695,690,680,670,666,662,660,656,650,644,640,636,630,624,618,610,598,590,582,578,570,565,562,555,548,540,532,528,520,518,518,,,,,,,,,,,,,,,,,,,,,,,,,,,,,,,
17060000,1,01/10/2013,17:00,0,1,698,518,603,1,30,0,0,0,,0,698,686,674,668,664,660,658,654,648,642,638,634,628,620,615,605,595,585,580,575,567,564,560,550,546,534,530,525,520,518,518,,,,,,,,,,,,,,,,,,,,,,,,,,,,,,,
17060000,1,01/10/2013,,1,1,698,518,603,1,30,0,0,0,,0,697,688,677,669,665,661,659,655,649,643,639,635,629,622,617,608,597,588,581,577,569,565,561,553,547,537,531,527,520,518,518,,,,,,,,,,,,,,,,,,,,,,,,,,,,,,,
17060000,2,01/09/2013,,1,1,846,712,783,1,30,1,1,1,0,0,846,839,832,824,822,820,820,818,815,812,809,805,800,792,787,783,779,776,772,767,762,756,749,744,742,737,732,727,720,712,,1,1,1,1,1,1,1,1,1,1,1,1,1,1,1,1,1,1,1,1,1,1,1,1,1,1,1,1,1,1,
17060000,1,01/09/2013,07:00,0,1,848,710,783,1,30,0,0,0,,0,848,840,835,827,822,821,820,819,816,812,809,806,802,793,788,784,780,777,773,768,764,757,750,745,743,738,733,728,720,715,,1,1,1,1,1,1,1,1,1,1,1,1,1,1,1,1,1,1,1,1,1,1,1,1,1,1,1,1,1,1,0
17060000,1,01/09/2013,17:00,0,1,848,710,783,1,30,0,0,0,,0,845,838,830,822,821,820,819,818,814,811,808,804,798,790,786,782,778,775,770,766,760,754,748,744,740,736,730,726,719,710,,1,1,1,1,1,1,1,1,1,1,1,1,1,1,1,1,1,1,1,1,1,1,1,1,1,1,1,1,1,1,0
17060000,1,01/09/2013,,1,1,848,710,783,1,30,0,0,0,,0,847,839,833,825,822,821,820,819,815,812,809,805,800,792,787,783,779,776,772,767,762,756,749,745,742,737,732,727,720,713,,1,1,1,1,1,1,1,1,1,1,1,1,1,1,1,1,1,1,1,1,1,1,1,1,1,1,1,1,1,1,0
17060000,2,01/08/2013,,1,1,966,852,906,1,31,1,1,1,0,0,966,961,953,949,944,937,934,929,926,924,922,920,918,913,910,905,900,896,894,891,888,886,881,877,872,870,868,865,863,860,852,1,1,1,1,1,1,1,1,1,1,1,1,1,1,1,1,1,1,1,1,1,1,1,1,1,1,1,1,1,1,1
17060000,1,01/08/2013,07:00,0,1,968,850,906,1,31,0,0,0,,0,968,962,954,950,946,938,934,930,927,924,923,920,918,914,910,906,902,897,895,892,888,886,882,878,874,870,868,866,864,860,854,1,1,1,1,1,1,1,1,1,1,1,1,1,1,1,1,1,1,1,1,1,1,1,1,1,1,1,1,1,1,1
17060000,1,01/08/2013,17:00,0,1,968,850,906,1,31,0,0,0,,0,964,960,952,948,942,936,933,928,925,924,922,920,917,912,909,904,898,896,894,890,887,885,880,876,870,869,868,864,862,859,850,1,1,1,1,1,1,1,1,1,1,1,1,1,1,1,1,1,1,1,1,1,1,1,1,1,1,1,1,1,1,1
17060000,1,01/08/2013,,1,1,968,850,906,1,31,0,0,0,,0,966,961,953,949,944,937,934,929,926,924,923,920,918,913,910,905,900,897,895,891,888,886,881,877,872,870,868,865,863,860,852,1,1,1,1,1,1,1,1,1,1,1,1,1,1,1,1,1,1,1,1,1,1,1,1,1,1,1,1,1,1,1
17060000,2,01/07/2013,,1,1,1051,970,1009,1,31,1,1,1,0,0,1051,1048,1046,1044,1040,1039,1038,1034,1029,1026,1022,1018,1014,1011,1010,1009,1006,1003,999,993,989,987,986,986,986,983,980,978,977,973,970,1,1,1,1,1,1,1,1,1,1,1,1,1,1,1,1,1,1,1,1,1,1,1,1,1,1,1,1,1,1,1
17060000,1,01/07/2013,07:00,0,1,1052,970,1009,1,31,0,0,0,,0,1052,1048,1046,1044,1041,1039,1038,1035,1030,1026,1023,1018,1015,1012,1010,1010,1006,1004,1000,994,990,988,986,986,986,984,980,979,977,974,970,1,1,1,1,1,1,1,1,1,1,1,1,1,1,1,1,1,1,1,1,1,1,1,1,1,1,1,1,1,1,1
17060000,1,01/07/2013,17:00,0,1,1052,970,1009,1,31,0,0,0,,0,1050,1048,1046,1043,1040,1039,1037,1033,1028,1025,1020,1017,1014,1010,1010,1008,1006,1002,998,992,988,986,986,986,986,982,980,978,977,972,970,1,1,1,1,1,1,1,1,1,1,1,1,1,1,1,1,1,1,1,1,1,1,1,1,1,1,1,1,1,1,1
17060000,1,01/07/2013,,1,1,1052,970,1009,1,31,0,0,0,,0,1051,1048,1046,1044,1041,1039,1038,1034,1029,1026,1022,1018,1015,1011,1010,1009,1006,1003,999,993,989,987,986,986,986,983,980,979,977,973,970,1,1,1,1,1,1,1,1,1,1,1,1,1,1,1,1,1,1,1,1,1,1,1,1,1,1,1,1,1,1,1
17060000,2,01/06/2013,,1,1,1112,1054,1083,1,30,1,1,1,0,0,1112,1112,1110,1108,1106,1098,1097,1098,1098,1096,1094,1092,1090,1088,1086,1082,1080,1077,1074,1073,1070,1070,1067,1064,1060,1059,1058,1056,1056,1054,,1,1,1,1,1,1,1,1,1,1,1,1,1,1,1,1,1,1,1,1,1,1,1,1,1,1,1,1,1,1,
17060000,1,01/06/2013,07:00,0,1,1112,1054,1083,1,30,0,0,0,,0,1112,1112,1110,1108,1106,1099,1097,1098,1098,1096,1094,1092,1090,1088,1086,1083,1080,1078,1074,1074,1070,1070,1068,1064,1061,1059,1058,1057,1056,1054,,1,1,1,1,1,1,1,1,1,1,1,1,1,1,1,1,1,1,1,1,1,1,1,1,1,1,1,1,1,1,0
17060000,1,01/06/2013,17:00,0,1,1112,1054,1083,1,30,0,0,0,,0,1112,1112,1110,1108,1106,1098,1097,1098,1098,1096,1094,1092,1090,1088,1085,1082,1080,1076,1074,1072,1070,1070,1066,1063,1060,1059,1058,1056,1055,1054,,1,1,1,1,1,1,1,1,1,1,1,1,1,1,1,1,1,1,1,1,1,1,1,1,1,1,1,1,1,1,0
17060000,1,01/06/2013,,1,1,1112,1054,1083,1,30,0,0,0,,0,1112,1112,1110,1108,1106,1099,1097,1098,1098,1096,1094,1092,1090,1088,1086,1083,1080,1077,1074,1073,1070,1070,1067,1064,1061,1059,1058,1057,1056,1054,,1,1,1,1,1,1,1,1,1,1,1,1,1,1,1,1,1,1,1,1,1,1,1,1,1,1,1,1,1,1,0
17060000,2,01/05/2013,,1,1,1114,1062,1092,29,1,1,1,1,0,0,1062,1064,1066,1071,1075,1076,1078,1080,1082,1085,1088,1090,1094,1094,1094,1096,1098,1098,1098,1099,1099,1099,1101,1101,1106,1108,1110,1112,1114,1114,1114,1,1,1,1,1,1,1,1,1,1,1,1,1,1,1,1,1,1,1,1,1,1,1,1,1,1,1,1,1,1,1
17060000,1,01/05/2013,07:00,0,1,1114,1062,1092,29,1,0,0,0,,0,1062,1064,1066,1070,1075,1076,1077,1079,1082,1085,1088,1090,1094,1094,1094,1096,1098,1098,1098,1099,1099,1099,1101,1101,1105,1107,1109,1112,1114,1114,1114,1,1,1,1,1,1,1,1,1,1,1,1,1,1,1,1,1,1,1,1,1,1,1,1,1,1,1,1,1,1,1
17060000,1,01/05/2013,17:00,0,1,1114,1062,1092,29,1,0,0,0,,0,1062,1065,1067,1072,1075,1077,1078,1080,1083,1085,1088,1091,1094,1094,1094,1096,1098,1098,1098,1099,1099,1099,1101,1101,1106,1108,1111,1112,1114,1114,1114,1,1,1,1,1,1,1,1,1,1,1,1,1,1,1,1,1,1,1,1,1,1,1,1,1,1,1,1,1,1,1
17060000,1,01/05/2013,,1,1,1114,1062,1092,29,1,0,0,0,,0,1062,1065,1067,1071,1075,1077,1078,1080,1083,1085,1088,1091,1094,1094,1094,1096,1098,1098,1098,1099,1099,1099,1101,1101,1106,1108,1110,1112,1114,1114,1114,1,1,1,1,1,1,1,1,1,1,1,1,1,1,1,1,1,1,1,1,1,1,1,1,1,1,1,1,1,1,1
17060000,2,01/04/2013,,1,1,1059,998,1032,30,1,1,1,1,0,0,998,1004,1006,1007,1010,1013,1016,1020,1022,1025,1028,1032,1034,1036,1037,1038,1039,1040,1040,1040,1041,1042,1042,1044,1045,1047,1050,1052,1055,1059,,1,1,1,1,1,1,1,1,1,1,1,1,1,1,1,1,1,1,1,1,1,1,1,1,1,1,1,1,1,1,
17060000,1,01/04/2013,07:00,0,1,1060,997,1032,30,1,0,0,0,,0,997,1003,1005,1006,1010,1012,1016,1019,1021,1024,1028,1031,1034,1036,1037,1038,1039,1040,1040,1040,1041,1042,1042,1044,1045,1046,1050,1052,1055,1058,,1,1,1,1,1,1,1,1,1,1,1,1,1,1,1,1,1,1,1,1,1,1,1,1,1,1,1,1,1,1,0
17060000,1,01/04/2013,17:00,0,1,1060,997,1032,30,1,0,0,0,,0,999,1004,1006,1008,1011,1014,1017,1020,1022,1026,1029,1033,1035,1036,1037,1038,1039,1040,1040,1040,1041,1042,1042,1044,1045,1048,1051,1053,1055,1060,,1,1,1,1,1,1,1,1,1,1,1,1,1,1,1,1,1,1,1,1,1,1,1,1,1,1,1,1,1,1,0
17060000,1,01/04/2013,,1,1,1060,997,1032,30,1,0,0,0,,0,998,1004,1006,1007,1011,1013,1017,1020,1022,1025,1029,1032,1035,1036,1037,1038,1039,1040,1040,1040,1041,1042,1042,1044,1045,1047,1051,1053,1055,1059,,1,1,1,1,1,1,1,1,1,1,1,1,1,1,1,1,1,1,1,1,1,1,1,1,1,1,1,1,1,1,0
17060000,2,01/03/2013,,1,1,994,851,925,31,1,2,2,2,0,0,851,857,864,871,876,882,888,891,894,894,910,913,918,920,922,926,930,936,940,946,948,949,949,957,963,968,973,974,982,990,994,1,1,1,1,1,1,1,1,1,1,1,1,1,1,1,1,1,1,1,1,1,1,1,1,1,1,1,1,1,1,2
17060000,1,01/03/2013,07:00,0,1,,,,,,0,0,0,,0,849,855,862,870,874,880,887,890,893,894,910,912,917,919,921,926,929,935,940,946,948,949,949,955,962,966,973,973,980,988,,1,1,1,1,1,1,1,1,1,1,1,1,1,1,1,1,1,1,1,1,1,1,1,1,1,1,1,1,1,1,0
17060000,1,01/03/2013,17:00,0,1,,,,,,0,0,0,,0,852,859,866,872,877,883,888,892,894,895,910,914,918,920,923,927,930,938,941,947,948,949,949,960,964,970,973,975,984,993,,1,1,1,1,1,1,1,1,1,1,1,1,1,1,1,1,1,1,1,1,1,1,1,1,1,1,1,1,1,1,0
17060000,1,01/03/2013,,1,1,,,,,,0,0,0,,0,851,857,864,871,876,882,888,891,894,895,910,913,918,920,922,927,930,937,941,947,948,949,949,958,963,968,973,974,982,991,,1,1,1,1,1,1,1,1,1,1,1,1,1,1,1,1,1,1,1,1,1,1,1,1,1,1,1,1,1,1,0
17060000,2,01/02/2013,,1,1,846,698,773,28,1,1,1,1,0,0,698,705,708,714,720,724,732,737,740,742,744,748,758,768,776,785,794,801,811,816,818,820,822,822,828,835,841,846,,,,1,1,1,1,1,1,1,1,1,1,1,1,1,1,1,1,1,1,1,1,1,1,1,1,1,1,1,1,,,
17060000,1,01/02/2013,17:00,0,1,847,696,773,28,1,0,0,0,,0,699,705,709,715,721,725,733,738,740,742,745,748,763,770,778,788,795,804,813,818,819,821,822,822,829,836,842,847,,,,1,1,1,1,1,1,1,1,1,1,1,1,1,1,1,1,1,1,1,1,1,1,1,1,1,1,1,1,0,0,0
17060000,1,01/02/2013,07:00,0,1,847,696,773,28,1,0,0,0,,0,696,705,708,712,718,723,730,736,739,741,744,747,752,766,774,782,792,798,809,815,818,820,821,822,826,834,840,844,,,,1,1,1,1,1,1,1,1,1,1,1,1,1,1,1,1,1,1,1,1,1,1,1,1,1,1,1,1,0,0,0
17060000,1,01/02/2013,,1,1,847,696,773,28,1,0,0,0,,0,698,705,709,714,720,724,732,737,740,742,745,748,758,768,776,785,794,801,811,817,819,821,822,822,828,835,841,846,,,,1,1,1,1,1,1,1,1,1,1,1,1,1,1,1,1,1,1,1,1,1,1,1,1,1,1,1,1,0,0,0
17060000,2,01/01/2013,,1,1,690,476,573,31,1,1,1,1,0,0,476,480,482,487,493,497,504,507,512,522,532,542,552,562,568,573,578,584,593,601,607,614,623,632,638,646,654,664,674,683,690,1,1,1,1,1,1,1,1,1,1,1,1,1,1,1,1,1,1,1,1,1,1,1,1,1,1,1,1,1,1,1
17060000,1,01/01/2013,07:00,0,1,692,475,573,31,1,0,0,0,,0,475,480,482,486,491,497,502,506,510,520,530,540,550,560,567,572,578,582,590,598,606,612,620,631,636,644,652,660,672,680,688,1,1,1,1,1,1,1,1,1,1,1,1,1,1,1,1,1,1,1,1,1,1,1,1,1,1,1,1,1,1,1
17060000,1,01/01/2013,17:00,0,1,692,475,573,31,1,0,0,0,,0,477,480,483,488,495,498,505,508,515,525,535,545,555,565,569,574,579,586,596,604,608,616,626,633,640,648,656,668,676,686,692,1,1,1,1,1,1,1,1,1,1,1,1,1,1,1,1,1,1,1,1,1,1,1,1,1,1,1,1,1,1,1
17060000,1,01/01/2013,,1,1,692,475,573,31,1,0,0,0,,0,476,480,483,487,493,498,504,507,513,523,533,543,553,563,568,573,579,584,593,601,607,614,623,632,638,646,654,664,674,683,690,1,1,1,1,1,1,1,1,1,1,1,1,1,1,1,1,1,1,1,1,1,1,1,1,1,1,1,1,1,1,1
17060000,2,01/12/2012,,1,1,472,410,432,31,12,1,1,1,0,0,423,428,429,430,430,425,425,420,419,416,414,410,410,410,410,411,415,423,428,430,433,437,444,449,455,455,456,458,462,468,472,1,1,1,1,1,1,1,1,1,1,1,1,1,1,1,1,1,1,1,1,1,1,1,1,1,1,1,1,1,1,1
17060000,1,01/12/2012,17:00,0,1,473,410,432,31,12,0,0,0,,0,424,428,429,430,430,425,425,420,418,415,412,410,410,410,410,412,416,425,428,431,434,438,446,450,455,455,456,458,463,469,473,1,1,1,1,1,1,1,1,1,1,1,1,1,1,1,1,1,1,1,1,1,1,1,1,1,1,1,1,1,1,1
17060000,1,01/12/2012,07:00,0,1,473,410,432,31,12,0,0,0,,0,422,428,429,430,430,425,425,420,420,418,415,410,410,410,410,410,414,421,428,430,432,436,442,448,455,455,456,458,460,466,472,1,1,1,1,1,1,1,1,1,1,1,1,1,1,1,1,1,1,1,1,1,1,1,1,1,1,1,1,1,1,1
17060000,1,01/12/2012,,1,1,473,410,432,31,12,0,0,0,,0,423,428,429,430,430,425,425,420,419,417,414,410,410,410,410,411,415,423,428,431,433,437,444,449,455,455,456,458,462,468,473,1,1,1,1,1,1,1,1,1,1,1,1,1,1,1,1,1,1,1,1,1,1,1,1,1,1,1,1,1,1,1
17060000,2,01/11/2012,,1,1,416,406,408,30,16,1,1,1,0,0,411,410,408,408,408,408,408,408,408,408,408,408,408,408,407,406,406,406,406,406,406,406,406,406,406,406,406,406,408,416,,1,1,1,1,1,1,1,1,1,1,1,1,1,1,1,1,1,1,1,1,1,1,1,1,1,1,1,1,1,1,
17060000,1,01/11/2012,17:00,0,1,417,406,408,30,16,0,0,0,,0,410,409,408,408,408,408,408,408,408,408,408,408,408,408,407,406,406,406,406,406,406,406,406,406,406,406,406,406,408,417,,1,1,1,1,1,1,1,1,1,1,1,1,1,1,1,1,1,1,1,1,1,1,1,1,1,1,1,1,1,1,0
17060000,1,01/11/2012,07:00,0,1,417,406,408,30,16,0,0,0,,0,412,410,408,408,408,408,408,408,408,408,408,408,408,408,407,406,406,406,406,406,406,406,406,406,406,406,406,406,408,415,,1,1,1,1,1,1,1,1,1,1,1,1,1,1,1,1,1,1,1,1,1,1,1,1,1,1,1,1,1,1,0
17060000,1,01/11/2012,,1,1,417,406,408,30,16,0,0,0,,0,411,410,408,408,408,408,408,408,408,408,408,408,408,408,407,406,406,406,406,406,406,406,406,406,406,406,406,406,408,416,,1,1,1,1,1,1,1,1,1,1,1,1,1,1,1,1,1,1,1,1,1,1,1,1,1,1,1,1,1,1,0
17060000,2,01/10/2012,,1,1,542,414,461,1,31,1,1,1,0,0,542,533,526,522,516,508,500,490,482,476,469,464,461,454,445,441,440,440,440,439,438,435,431,430,429,428,427,426,420,418,414,1,1,1,1,1,1,1,1,1,1,1,1,1,1,1,1,1,1,1,1,1,1,1,1,1,1,1,1,1,1,1
17060000,1,01/10/2012,17:00,0,1,545,414,461,1,31,0,0,0,,0,540,530,525,520,515,505,498,488,480,475,468,463,460,450,445,440,440,440,440,439,438,434,430,430,429,428,427,425,419,417,414,1,1,1,1,1,1,1,1,1,1,1,1,1,1,1,1,1,1,1,1,1,1,1,1,1,1,1,1,1,1,1
17060000,1,01/10/2012,07:00,0,1,545,414,461,1,31,0,0,0,,0,545,536,528,523,518,510,501,492,485,478,470,465,462,458,445,442,440,440,440,439,439,436,432,430,429,428,427,426,420,418,415,1,1,1,1,1,1,1,1,1,1,1,1,1,1,1,1,1,1,1,1,1,1,1,1,1,1,1,1,1,1,1
17060000,1,01/10/2012,,1,1,545,414,461,1,31,0,0,0,,0,543,533,527,522,517,508,500,490,483,477,469,464,461,454,445,441,440,440,440,439,439,435,431,430,429,428,427,426,420,418,415,1,1,1,1,1,1,1,1,1,1,1,1,1,1,1,1,1,1,1,1,1,1,1,1,1,1,1,1,1,1,1
17060000,2,01/09/2012,,1,1,812,551,685,1,30,1,1,1,0,0,812,804,788,786,784,778,768,759,750,738,732,726,718,708,688,677,668,658,648,638,629,622,616,609,604,594,578,562,554,551,,1,1,1,1,1,1,1,1,1,1,1,1,1,1,1,1,1,1,1,1,1,1,1,1,1,1,1,1,1,1,
17060000,1,01/09/2012,07:00,0,1,815,550,685,1,30,0,0,0,,0,815,805,790,787,785,780,770,760,752,740,734,728,720,710,695,678,670,660,650,640,630,624,618,610,605,598,585,565,555,552,,1,1,1,1,1,1,1,1,1,1,1,1,1,1,1,1,1,1,1,1,1,1,1,1,1,1,1,1,1,1,0
17060000,1,01/09/2012,17:00,0,1,815,550,685,1,30,0,0,0,,0,810,802,787,786,784,775,765,758,748,737,730,724,715,705,680,676,666,655,646,635,628,620,615,608,602,590,570,560,553,550,,1,1,1,1,1,1,1,1,1,1,1,1,1,1,1,1,1,1,1,1,1,1,1,1,1,1,1,1,1,1,0
17060000,1,01/09/2012,,1,1,815,550,685,1,30,0,0,0,,0,813,804,789,787,785,778,768,759,750,739,732,726,718,708,688,677,668,658,648,638,629,622,617,609,604,594,578,563,554,551,,1,1,1,1,1,1,1,1,1,1,1,1,1,1,1,1,1,1,1,1,1,1,1,1,1,1,1,1,1,1,0
17060000,2,01/08/2012,,1,1,973,822,900,1,31,1,1,1,0,0,973,969,964,960,956,949,945,939,935,931,927,921,916,909,906,903,886,885,877,873,869,868,867,866,861,857,852,846,839,829,822,1,1,1,1,1,1,1,1,1,1,1,1,1,1,1,1,1,1,1,1,1,1,1,1,1,1,1,1,1,1,1
17060000,1,01/08/2012,17:00,0,1,974,820,900,1,31,0,0,0,,0,972,968,962,959,954,948,944,938,934,930,926,920,915,908,905,902,885,880,876,872,868,868,867,866,860,856,850,844,838,828,820,1,1,1,1,1,1,1,1,1,1,1,1,1,1,1,1,1,1,1,1,1,1,1,1,1,1,1,1,1,1,1
17060000,1,01/08/2012,07:00,0,1,974,820,900,1,31,0,0,0,,0,974,970,966,960,957,950,946,940,936,932,928,922,918,910,906,904,888,890,878,874,870,868,867,866,862,858,854,848,840,830,825,1,1,1,1,1,1,1,1,1,1,1,1,1,1,1,1,1,1,1,1,1,1,1,1,1,1,1,1,1,1,1
17060000,1,01/08/2012,,1,1,974,820,900,1,31,0,0,0,,0,973,969,964,960,956,949,945,939,935,931,927,921,917,909,906,903,887,885,877,873,869,868,867,866,861,857,852,846,839,829,823,1,1,1,1,1,1,1,1,1,1,1,1,1,1,1,1,1,1,1,1,1,1,1,1,1,1,1,1,1,1,1
17060000,2,01/07/2012,,1,1,1050,977,1016,1,31,1,1,1,0,0,1050,1049,1048,1044,1039,1040,1040,1037,1035,1034,1032,1030,1024,1020,1018,1015,1012,1009,1006,1005,1004,1004,1002,1001,998,993,989,988,985,981,977,1,1,1,1,1,1,1,1,1,1,1,1,1,1,1,1,1,1,1,1,1,1,1,1,1,1,1,1,1,1,1
17060000,1,01/07/2012,07:00,0,1,1050,976,1016,1,31,0,0,0,,0,1050,1049,1048,1046,1040,1040,1040,1038,1035,1034,1033,1031,1025,1020,1018,1016,1013,1010,1007,1005,1004,1004,1002,1001,999,994,990,988,986,982,978,1,1,1,1,1,1,1,1,1,1,1,1,1,1,1,1,1,1,1,1,1,1,1,1,1,1,1,1,1,1,1
17060000,1,01/07/2012,17:00,0,1,1050,976,1016,1,31,0,0,0,,0,1050,1049,1048,1043,1038,1040,1040,1036,1035,1034,1032,1030,1022,1019,1017,1015,1011,1008,1006,1005,1004,1004,1002,1001,996,992,988,988,984,980,976,1,1,1,1,1,1,1,1,1,1,1,1,1,1,1,1,1,1,1,1,1,1,1,1,1,1,1,1,1,1,1
17060000,1,01/07/2012,,1,1,1050,976,1016,1,31,0,0,0,,0,1050,1049,1048,1045,1039,1040,1040,1037,1035,1034,1033,1031,1024,1020,1018,1016,1012,1009,1007,1005,1004,1004,1002,1001,998,993,989,988,985,981,977,1,1,1,1,1,1,1,1,1,1,1,1,1,1,1,1,1,1,1,1,1,1,1,1,1,1,1,1,1,1,1
17060000,2,01/06/2012,,1,1,1126,1053,1098,1,30,1,1,1,0,0,1126,1122,1121,1121,1121,1120,1120,1120,1120,1120,1119,1116,1114,1110,1107,1103,1098,1094,1089,1087,1083,1080,1078,1078,1076,1069,1062,1058,1056,1053,,1,1,1,1,1,1,1,1,1,1,1,1,1,1,1,1,1,1,1,1,1,1,1,1,1,1,1,1,1,1,
17060000,1,01/06/2012,07:00,0,1,1126,1052,1098,1,30,0,0,0,,0,1126,1123,1121,1121,1121,1120,1120,1120,1120,1120,1120,1117,1115,1110,1108,1104,1098,1095,1090,1088,1084,1080,1079,1078,1076,1070,1065,1059,1056,1054,,1,1,1,1,1,1,1,1,1,1,1,1,1,1,1,1,1,1,1,1,1,1,1,1,1,1,1,1,1,1,0
17060000,1,01/06/2012,17:00,0,1,1126,1052,1098,1,30,0,0,0,,0,1125,1121,1121,1121,1121,1120,1120,1120,1120,1120,1118,1116,1114,1109,1106,1102,1097,1093,1088,1086,1082,1080,1078,1077,1075,1068,1060,1058,1056,1052,,1,1,1,1,1,1,1,1,1,1,1,1,1,1,1,1,1,1,1,1,1,1,1,1,1,1,1,1,1,1,0
17060000,1,01/06/2012,,1,1,1126,1052,1098,1,30,0,0,0,,0,1126,1122,1121,1121,1121,1120,1120,1120,1120,1120,1119,1117,1115,1110,1107,1103,1098,1094,1089,1087,1083,1080,1079,1078,1076,1069,1063,1059,1056,1053,,1,1,1,1,1,1,1,1,1,1,1,1,1,1,1,1,1,1,1,1,1,1,1,1,1,1,1,1,1,1,0
17060000,2,01/05/2012,,1,1,1150,1116,1135,18,1,1,1,1,0,0,1116,1117,1119,1122,1124,1126,1132,1136,1140,1144,1145,1145,1145,1144,1144,1144,1148,1150,1150,1145,1139,1137,1135,1132,1130,1130,1130,1129,1128,1127,1126,1,1,1,1,1,1,1,1,1,1,1,1,1,1,1,1,1,1,1,1,1,1,1,1,1,1,1,1,1,1,1
17060000,1,01/05/2012,17:00,0,1,1150,1116,1135,17,1,0,0,0,,0,1116,1117,1120,1123,1125,1128,1133,1137,1140,1145,1145,1145,1145,1144,1144,1144,1150,1150,1150,1145,1138,1137,1135,1130,1130,1130,1130,1129,1128,1127,1126,,,,,,,,,,,,,,,,,,,,,,,,,,,,,,,
17060000,1,01/05/2012,07:00,0,1,1150,1116,1135,17,1,0,0,0,,0,1116,1117,1118,1122,1124,1125,1130,1135,1139,1142,1145,1145,1145,1144,1144,1144,1145,1150,1150,1145,1140,1137,1135,1134,1130,1130,1130,1129,1128,1127,1126,,,,,,,,,,,,,,,,,,,,,,,,,,,,,,,
17060000,1,01/05/2012,,1,1,1150,1116,1135,17,1,0,0,0,,0,1116,1117,1119,1123,1125,1127,1132,1136,1140,1144,1145,1145,1145,1144,1144,1144,1148,1150,1150,1145,1139,1137,1135,1132,1130,1130,1130,1129,1128,1127,1126,,,,,,,,,,,,,,,,,,,,,,,,,,,,,,,
17060000,2,01/04/2012,,1,1,1114,1056,1087,29,1,1,1,1,0,0,1056,1056,1056,1058,1060,1062,1065,1069,1073,1076,1079,1084,1088,1090,1094,1094,1094,1094,1094,1097,1098,1098,1098,1103,1105,1108,1110,1110,1114,1114,,1,1,1,1,1,1,1,1,1,1,1,1,1,1,1,1,1,1,1,1,1,1,1,1,1,1,1,1,1,1,
17060000,1,01/04/2012,17:00,0,1,1114,1056,1087,29,1,0,0,0,,0,1056,1056,1056,1058,1060,1062,1066,1070,1074,1076,1080,1084,1089,1090,1094,1094,1094,1094,1094,1098,1098,1098,1098,1103,1106,1108,1110,1110,1114,1114,,1,1,1,1,1,1,1,1,1,1,1,1,1,1,1,1,1,1,1,1,1,1,1,1,1,1,1,1,1,1,0
17060000,1,01/04/2012,07:00,0,1,1114,1056,1087,29,1,0,0,0,,0,1056,1056,1056,1057,1059,1062,1064,1068,1072,1076,1078,1084,1088,1090,1094,1094,1094,1094,1094,1096,1098,1098,1098,1103,1104,1107,1110,1110,1114,1114,,1,1,1,1,1,1,1,1,1,1,1,1,1,1,1,1,1,1,1,1,1,1,1,1,1,1,1,1,1,1,0
17060000,1,01/04/2012,,1,1,1114,1056,1087,29,1,0,0,0,,0,1056,1056,1056,1058,1060,1062,1065,1069,1073,1076,1079,1084,1089,1090,1094,1094,1094,1094,1094,1097,1098,1098,1098,1103,1105,1108,1110,1110,1114,1114,,1,1,1,1,1,1,1,1,1,1,1,1,1,1,1,1,1,1,1,1,1,1,1,1,1,1,1,1,1,1,0
17060000,2,01/03/2012,,1,1,1054,943,1005,31,1,1,1,1,0,0,943,946,948,951,955,959,966,970,980,987,991,995,1002,1005,1008,1011,1014,1016,1022,1024,1030,1032,1034,1036,1042,1044,1046,1048,1052,1052,1054,1,1,1,1,1,1,1,1,1,1,1,1,1,1,1,1,1,1,1,1,1,1,1,1,1,1,1,1,1,1,1
17060000,1,01/03/2012,17:00,0,1,1054,942,1005,31,1,0,0,0,,0,944,946,948,952,956,960,966,972,983,988,992,996,1003,1006,1008,1012,1014,1019,1022,1025,1031,1033,1035,1037,1042,1044,1046,1048,1052,1052,1054,,,,,,,,,,,,,,,,,,,,,,,,,,,,,,,
17060000,1,01/03/2012,07:00,0,1,1054,942,1005,31,1,0,0,0,,0,942,945,947,950,954,958,966,968,978,986,991,994,1001,1004,1008,1010,1014,1014,1021,1024,1030,1032,1034,1036,1041,1044,1046,1048,1052,1052,1054,,,,,,,,,,,,,,,,,,,,,,,,,,,,,,,
17060000,1,01/03/2012,,1,1,1054,942,1005,31,1,0,0,0,,0,943,946,948,951,955,959,966,970,981,987,992,995,1002,1005,1008,1011,1014,1017,1022,1025,1031,1033,1035,1037,1042,1044,1046,1048,1052,1052,1054,,,,,,,,,,,,,,,,,,,,,,,,,,,,,,,
17060000,2,01/02/2012,,1,1,942,784,862,29,1,1,1,1,0,0,784,790,797,801,807,812,817,822,829,833,840,848,853,864,870,874,876,878,881,886,889,897,904,906,914,919,927,936,942,,,1,1,1,1,1,1,1,1,1,1,1,1,1,1,1,1,1,1,1,1,1,1,1,1,1,1,1,1,1,,
17060000,1,01/02/2012,17:00,0,1,942,782,862,29,1,0,0,0,,0,785,792,798,803,809,813,818,823,830,834,841,851,854,870,870,874,876,878,882,886,890,898,904,907,915,920,928,937,942,,,1,1,1,1,1,1,1,1,1,1,1,1,1,1,1,1,1,1,1,1,1,1,1,1,1,1,1,1,1,0,0
17060000,1,01/02/2012,07:00,0,1,942,782,862,29,1,0,0,0,,0,782,788,796,799,806,812,816,820,828,832,838,846,852,858,870,873,875,877,880,885,888,896,903,906,914,918,926,934,942,,,1,1,1,1,1,1,1,1,1,1,1,1,1,1,1,1,1,1,1,1,1,1,1,1,1,1,1,1,1,0,0
17060000,1,01/02/2012,,1,1,942,782,862,29,1,0,0,0,,0,784,790,797,801,808,813,817,822,829,833,840,849,853,864,870,874,876,878,881,886,889,897,904,907,915,919,927,936,942,,,1,1,1,1,1,1,1,1,1,1,1,1,1,1,1,1,1,1,1,1,1,1,1,1,1,1,1,1,1,0,0
17060000,2,01/12/2010,,1,1,463,408,426,31,1,1,1,1,0,0,408,408,408,408,408,408,408,408,408,410,412,414,416,418,419,422,424,428,430,434,438,439,442,443,444,446,447,449,449,457,463,1,1,1,1,1,1,1,1,1,1,1,1,1,1,1,1,1,1,1,1,1,1,1,1,1,1,1,1,1,1,1
17060000,1,01/12/2010,07:00,0,1,464,408,426,31,1,0,0,0,,0,408,408,408,408,408,408,408,408,408,410,412,413,415,418,418,421,424,427,429,434,437,438,441,443,444,446,447,448,448,454,462,1,1,1,1,1,1,1,1,1,1,1,1,1,1,1,1,1,1,1,1,1,1,1,1,1,1,1,1,1,1,1
17060000,1,01/12/2010,17:00,0,1,464,408,426,31,1,0,0,0,,0,408,408,408,408,408,408,408,408,408,410,412,415,417,418,420,422,425,428,432,435,438,440,442,444,445,446,447,449,450,459,464,1,1,1,1,1,1,1,1,1,1,1,1,1,1,1,1,1,1,1,1,1,1,1,1,1,1,1,1,1,1,1
17060000,1,01/12/2010,,1,1,464,408,426,31,1,0,0,0,,0,408,408,408,408,408,408,408,408,408,410,412,414,416,418,419,422,425,428,431,435,438,439,442,444,445,446,447,449,449,457,463,1,1,1,1,1,1,1,1,1,1,1,1,1,1,1,1,1,1,1,1,1,1,1,1,1,1,1,1,1,1,1
17060000,2,01/11/2010,,1,1,416,406,411,24,11,1,1,1,0,0,410,410,410,410,410,410,410,408,408,408,406,406,406,410,410,410,410,410,410,410,410,414,414,416,416,416,416,416,416,416,,1,1,1,1,1,1,1,1,1,1,1,1,1,1,1,1,1,1,1,1,1,1,1,1,1,1,1,1,1,1,
17060000,1,01/11/2010,07:00,0,1,416,406,411,24,11,0,0,0,,0,410,410,410,410,410,410,410,408,408,408,406,406,406,410,410,410,410,410,410,410,410,414,414,416,416,416,416,416,416,416,,1,1,1,1,1,1,1,1,1,1,1,1,1,1,1,1,1,1,1,1,1,1,1,1,1,1,1,1,1,1,0
17060000,1,01/11/2010,17:00,0,1,416,406,411,24,11,0,0,0,,0,410,410,410,410,410,410,410,408,408,408,406,406,406,410,410,410,410,410,410,410,410,414,414,416,416,416,416,416,416,416,,1,1,1,1,1,1,1,1,1,1,1,1,1,1,1,1,1,1,1,1,1,1,1,1,1,1,1,1,1,1,0
17060000,1,01/11/2010,,1,1,416,406,411,24,11,0,0,0,,0,410,410,410,410,410,410,410,408,408,408,406,406,406,410,410,410,410,410,410,410,410,414,414,416,416,416,416,416,416,416,,1,1,1,1,1,1,1,1,1,1,1,1,1,1,1,1,1,1,1,1,1,1,1,1,1,1,1,1,1,1,0
17060000,2,01/10/2010,,1,1,443,410,417,1,21,1,1,1,0,0,443,438,434,428,428,426,420,419,418,417,417,417,414,414,414,414,414,414,414,413,410,410,410,410,410,410,410,410,410,410,410,1,1,1,1,1,1,1,1,1,1,1,1,1,1,1,1,1,1,1,1,1,1,1,1,1,1,1,1,1,1,1
17060000,1,01/10/2010,07:00,0,1,445,410,417,1,21,0,0,0,,0,445,438,436,428,428,428,420,419,419,417,417,417,414,414,414,414,414,414,414,414,410,410,410,410,410,410,410,410,410,410,410,1,1,1,1,1,1,1,1,1,1,1,1,1,1,1,1,1,1,1,1,1,1,1,1,1,1,1,1,1,1,1
17060000,1,01/10/2010,17:00,0,1,445,410,417,1,21,0,0,0,,0,442,438,432,428,428,424,420,419,417,417,417,417,414,414,414,414,414,414,414,412,410,410,410,410,410,410,410,410,410,410,410,1,1,1,1,1,1,1,1,1,1,1,1,1,1,1,1,1,1,1,1,1,1,1,1,1,1,1,1,1,1,1
17060000,1,01/10/2010,,1,1,445,410,417,1,21,0,0,0,,0,444,438,434,428,428,426,420,419,418,417,417,417,414,414,414,414,414,414,414,413,410,410,410,410,410,410,410,410,410,410,410,1,1,1,1,1,1,1,1,1,1,1,1,1,1,1,1,1,1,1,1,1,1,1,1,1,1,1,1,1,1,1
17060000,2,01/09/2010,,1,1,694,450,565,1,30,1,1,1,0,0,694,681,668,655,643,633,624,615,608,604,602,592,584,576,570,567,556,554,550,540,530,511,502,493,480,472,465,462,458,450,,1,1,1,1,1,1,1,1,1,1,1,1,1,1,1,1,1,1,1,1,1,1,1,1,1,1,1,1,1,1,
17060000,1,01/09/2010,07:00,0,1,698,450,565,1,30,0,0,0,,0,698,684,672,658,646,636,626,616,609,605,603,594,586,575,570,568,562,555,550,545,538,514,502,498,482,473,466,462,458,450,,1,1,1,1,1,1,1,1,1,1,1,1,1,1,1,1,1,1,1,1,1,1,1,1,1,1,1,1,1,1,0
17060000,1,01/09/2010,17:00,0,1,698,450,565,1,30,0,0,0,,0,690,678,665,652,640,630,622,614,607,603,601,590,582,577,570,566,551,553,550,536,522,508,502,488,478,470,464,462,458,450,,1,1,1,1,1,1,1,1,1,1,1,1,1,1,1,1,1,1,1,1,1,1,1,1,1,1,1,1,1,1,0
17060000,1,01/09/2010,,1,1,698,450,565,1,30,0,0,0,,0,694,681,669,655,643,633,624,615,608,604,602,592,584,576,570,567,557,554,550,541,530,511,502,493,480,472,465,462,458,450,,1,1,1,1,1,1,1,1,1,1,1,1,1,1,1,1,1,1,1,1,1,1,1,1,1,1,1,1,1,1,0
17060000,2,01/08/2010,,1,1,865,707,794,1,31,1,1,1,0,0,865,861,858,853,846,840,835,832,829,824,822,819,816,813,807,803,798,795,784,780,773,768,762,752,749,740,736,729,720,711,707,1,1,1,1,1,1,1,1,1,1,1,1,1,1,1,1,1,1,1,1,1,1,1,1,1,1,1,1,1,1,1
17060000,1,01/08/2010,17:00,0,1,866,706,794,1,31,0,0,0,,0,864,860,858,852,844,838,834,832,828,824,822,818,816,812,806,802,798,792,784,778,772,766,762,752,746,740,734,728,717,710,706,,,,,,,,,,,,,,,,,,,,,,,,,,,,,,,
17060000,1,01/08/2010,07:00,0,1,866,706,794,1,31,0,0,0,,0,866,862,858,854,848,841,836,832,830,824,822,820,816,814,808,804,798,798,784,783,774,770,762,752,752,740,738,730,723,712,708,,,,,,,,,,,,,,,,,,,,,,,,,,,,,,,
17060000,1,01/08/2010,,1,1,866,706,794,1,31,0,0,0,,0,865,861,858,853,846,840,835,832,829,824,822,819,816,813,807,803,798,795,784,781,773,768,762,752,749,740,736,729,720,711,707,,,,,,,,,,,,,,,,,,,,,,,,,,,,,,,
17060000,2,01/07/2010,,1,1,960,874,916,1,31,1,1,1,0,0,960,957,951,948,943,942,940,937,933,929,924,922,920,918,918,918,916,915,910,908,906,904,902,896,890,888,886,883,880,877,874,1,1,1,1,1,1,1,1,1,1,1,1,1,1,1,1,1,1,1,1,1,1,1,1,1,1,1,1,1,1,1
17060000,1,01/07/2010,17:00,0,1,960,874,916,1,31,0,0,0,,0,960,956,950,948,943,942,940,936,933,928,924,922,920,918,918,918,916,914,910,908,906,904,902,896,890,888,886,882,880,876,874,,,,,,,,,,,,,,,,,,,,,,,,,,,,,,,
17060000,1,01/07/2010,07:00,0,1,960,874,916,1,31,0,0,0,,0,960,958,952,948,943,942,940,938,933,930,924,922,920,918,918,918,916,916,910,908,906,904,902,896,890,888,886,884,880,878,874,,,,,,,,,,,,,,,,,,,,,,,,,,,,,,,
17060000,1,01/07/2010,,1,1,960,874,916,1,31,0,0,0,,0,960,957,951,948,943,942,940,937,933,929,924,922,920,918,918,918,916,915,910,908,906,904,902,896,890,888,886,883,880,877,874,,,,,,,,,,,,,,,,,,,,,,,,,,,,,,,
17060000,2,01/06/2010,,1,1,1010,960,989,3,30,2,2,2,0,0,1008,1008,1010,1004,1004,1002,1002,998,998,998,998,996,994,994,994,992,990,989,985,982,984,980,980,978,974,972,970,975,964,960,,2,2,2,2,2,2,2,2,2,2,2,2,2,2,2,2,2,2,2,2,2,2,2,2,2,2,2,2,2,2,
17060000,1,01/06/2010,07:00,0,1,98,2,66,8,6,0,0,0,,0,8,8,10,4,4,2,2,98,98,98,98,96,94,94,94,92,90,90,86,80,84,80,80,78,74,72,70,78,64,60,,1,1,1,1,1,1,1,1,1,1,1,1,1,1,1,1,1,1,1,1,1,1,1,1,1,1,1,1,1,1,0
17060000,1,01/06/2010,17:00,0,1,98,2,66,8,6,0,0,0,,0,8,8,10,4,4,2,2,98,98,98,98,96,94,94,94,92,90,88,84,84,84,80,80,78,74,72,70,72,64,60,,1,1,1,1,1,1,1,1,1,1,1,1,1,1,1,1,1,1,1,1,1,1,1,1,1,1,1,1,1,1,0
17060000,1,01/06/2010,,1,1,98,2,66,8,6,0,0,0,,0,8,8,10,4,4,2,2,98,98,98,98,96,94,94,94,92,90,89,85,82,84,80,80,78,74,72,70,75,64,60,,1,1,1,1,1,1,1,1,1,1,1,1,1,1,1,1,1,1,1,1,1,1,1,1,1,1,1,1,1,1,0
17060000,2,01/05/2010,,1,1,1007,972,989,31,1,1,1,1,0,0,972,978,980,981,983,984,984,984,981,980,980,980,980,980,984,991,992,994,996,998,998,996,994,994,994,994,994,998,1004,1004,1007,1,1,1,1,1,1,1,1,1,1,1,1,1,1,1,1,1,1,1,1,1,1,1,1,1,1,1,1,1,1,1
17060000,1,01/05/2010,07:00,0,1,1007,972,989,31,1,0,0,0,,0,972,976,980,980,982,984,984,984,982,980,980,980,980,980,984,990,992,994,996,998,998,998,994,994,994,994,994,994,1004,1004,1007,1,1,1,1,1,1,1,1,1,1,1,1,1,1,1,1,1,1,1,1,1,1,1,1,1,1,1,1,1,1,1
17060000,1,01/05/2010,17:00,0,1,1007,972,989,31,1,0,0,0,,0,973,980,980,982,984,984,984,984,980,980,980,980,980,980,984,992,992,994,996,998,998,994,994,994,994,994,994,1002,1004,1004,1007,1,1,1,1,1,1,1,1,1,1,1,1,1,1,1,1,1,1,1,1,1,1,1,1,1,1,1,1,1,1,1
17060000,1,01/05/2010,,1,1,1007,972,989,31,1,0,0,0,,0,973,978,980,981,983,984,984,984,981,980,980,980,980,980,984,991,992,994,996,998,998,996,994,994,994,994,994,998,1004,1004,1007,1,1,1,1,1,1,1,1,1,1,1,1,1,1,1,1,1,1,1,1,1,1,1,1,1,1,1,1,1,1,1
17060000,2,01/04/2010,,1,1,970,836,907,30,1,1,1,1,0,0,836,837,844,847,858,865,870,870,875,880,888,888,891,901,906,912,917,923,928,932,936,944,950,950,952,955,958,960,963,970,,1,1,1,1,1,1,1,1,1,1,1,1,1,1,1,1,1,1,1,1,1,1,1,1,1,1,1,1,1,1,
17060000,1,01/04/2010,07:00,0,1,971,834,907,30,2,0,0,0,,0,835,834,844,844,856,864,870,870,875,878,888,888,888,899,904,911,915,922,928,931,935,942,950,950,952,954,958,960,962,968,,1,1,1,1,1,1,1,1,1,1,1,1,1,1,1,1,1,1,1,1,1,1,1,1,1,1,1,1,1,1,0
17060000,1,01/04/2010,17:00,0,1,971,834,907,30,2,0,0,0,,0,838,840,844,850,860,866,870,870,875,882,888,888,894,902,907,914,919,924,929,933,938,945,950,950,952,956,958,960,964,971,,1,1,1,1,1,1,1,1,1,1,1,1,1,1,1,1,1,1,1,1,1,1,1,1,1,1,1,1,1,1,0
17060000,1,01/04/2010,,1,1,971,834,907,30,2,0,0,0,,0,837,837,844,847,858,865,870,870,875,880,888,888,891,901,906,913,917,923,929,932,937,944,950,950,952,955,958,960,963,970,,1,1,1,1,1,1,1,1,1,1,1,1,1,1,1,1,1,1,1,1,1,1,1,1,1,1,1,1,1,1,0
17060000,2,01/03/2010,,1,1,830,778,808,30,1,1,1,1,0,0,778,780,785,792,798,799,801,802,803,803,803,803,803,803,803,805,808,810,812,814,816,816,817,817,820,822,822,825,827,830,830,1,1,1,1,1,1,1,1,1,1,1,1,1,1,1,1,1,1,1,1,1,1,1,1,1,1,1,1,1,1,1
17060000,1,01/03/2010,07:00,0,1,830,778,808,30,1,0,0,0,,0,778,780,784,790,798,799,801,802,803,803,803,803,803,803,803,805,808,810,812,814,816,816,817,817,820,822,822,825,827,830,830,1,1,1,1,1,1,1,1,1,1,1,1,1,1,1,1,1,1,1,1,1,1,1,1,1,1,1,1,1,1,1
17060000,1,01/03/2010,17:00,0,1,830,778,808,30,1,0,0,0,,0,778,780,786,793,798,799,801,802,803,803,803,803,803,803,803,805,808,810,812,814,816,816,817,817,820,822,822,825,827,830,830,1,1,1,1,1,1,1,1,1,1,1,1,1,1,1,1,1,1,1,1,1,1,1,1,1,1,1,1,1,1,1
17060000,1,01/03/2010,,1,1,830,778,808,30,1,0,0,0,,0,778,780,785,792,798,799,801,802,803,803,803,803,803,803,803,805,808,810,812,814,816,816,817,817,820,822,822,825,827,830,830,1,1,1,1,1,1,1,1,1,1,1,1,1,1,1,1,1,1,1,1,1,1,1,1,1,1,1,1,1,1,1
17060000,2,01/02/2010,,1,1,776,700,749,28,1,1,1,1,0,0,700,708,716,721,726,730,733,734,736,736,738,741,745,750,754,758,761,763,767,770,772,773,773,773,773,773,774,776,,,,1,1,1,1,1,1,1,1,1,1,1,1,1,1,1,1,1,1,1,1,1,1,1,1,1,1,1,1,,,
17060000,1,01/02/2010,07:00,0,1,776,698,749,28,1,0,0,0,,0,698,706,714,720,726,730,733,734,736,736,738,740,745,750,753,758,760,762,766,770,772,773,773,773,773,773,773,776,,,,1,1,1,1,1,1,1,1,1,1,1,1,1,1,1,1,1,1,1,1,1,1,1,1,1,1,1,1,0,0,0
17060000,1,01/02/2010,17:00,0,1,776,698,749,28,1,0,0,0,,0,702,710,717,722,726,730,733,734,736,736,738,742,745,750,755,758,762,764,768,770,772,773,773,773,773,773,774,776,,,,1,1,1,1,1,1,1,1,1,1,1,1,1,1,1,1,1,1,1,1,1,1,1,1,1,1,1,1,0,0,0
17060000,1,01/02/2010,,1,1,776,698,749,28,1,0,0,0,,0,700,708,716,721,726,730,733,734,736,736,738,741,745,750,754,758,761,763,767,770,772,773,773,773,773,773,774,776,,,,1,1,1,1,1,1,1,1,1,1,1,1,1,1,1,1,1,1,1,1,1,1,1,1,1,1,1,1,0,0,0
17060000,2,01/01/2010,,1,1,694,511,616,31,1,1,1,1,0,0,511,522,532,542,552,559,565,570,576,584,590,596,605,611,618,624,629,633,639,645,650,654,658,666,670,674,676,679,683,687,694,1,1,1,1,1,1,1,1,1,1,1,1,1,1,1,1,1,1,1,1,1,1,1,1,1,1,1,1,1,1,1
17060000,1,01/01/2010,07:00,0,1,696,508,616,31,1,0,0,0,,0,508,520,530,540,550,558,564,569,574,583,590,595,604,610,616,623,629,632,638,644,650,652,656,664,670,674,676,678,682,686,693,1,1,1,1,1,1,1,1,1,1,1,1,1,1,1,1,1,1,1,1,1,1,1,1,1,1,1,1,1,1,1
17060000,1,01/01/2010,17:00,0,1,696,508,616,31,1,0,0,0,,0,514,525,535,545,554,560,566,570,578,586,590,598,606,612,619,625,629,634,640,646,650,656,660,668,670,674,676,680,684,688,696,1,1,1,1,1,1,1,1,1,1,1,1,1,1,1,1,1,1,1,1,1,1,1,1,1,1,1,1,1,1,1
17060000,1,01/01/2010,,1,1,696,508,616,31,1,0,0,0,,0,511,523,533,543,552,559,565,570,576,585,590,597,605,611,618,624,629,633,639,645,650,654,658,666,670,674,676,679,683,687,695,1,1,1,1,1,1,1,1,1,1,1,1,1,1,1,1,1,1,1,1,1,1,1,1,1,1,1,1,1,1,1
17060000,2,01/12/2009,,1,1,498,402,427,31,2,1,1,1,0,0,403,402,402,402,402,402,402,403,404,405,405,405,405,405,407,408,411,413,414,415,423,435,447,453,457,471,477,483,488,495,498,1,1,1,1,1,1,1,1,1,1,1,1,1,1,1,1,1,1,1,1,1,1,1,1,1,1,1,1,1,1,1
17060000,1,01/12/2009,07:00,0,1,499,402,427,31,2,0,0,0,,0,403,402,402,402,402,402,402,403,404,405,405,405,405,405,407,408,410,413,414,415,420,432,446,453,456,470,476,482,486,495,497,1,1,1,1,1,1,1,1,1,1,1,1,1,1,1,1,1,1,1,1,1,1,1,1,1,1,1,1,1,1,1
17060000,1,01/12/2009,17:00,0,1,499,402,427,31,2,0,0,0,,0,403,402,402,402,402,402,402,403,404,405,405,405,405,405,407,408,411,413,414,415,426,438,449,453,458,472,478,484,490,495,499,1,1,1,1,1,1,1,1,1,1,1,1,1,1,1,1,1,1,1,1,1,1,1,1,1,1,1,1,1,1,1
17060000,1,01/12/2009,,1,1,499,402,427,31,2,0,0,0,,0,403,402,402,402,402,402,402,403,404,405,405,405,405,405,407,408,411,413,414,415,423,435,448,453,457,471,477,483,488,495,498,1,1,1,1,1,1,1,1,1,1,1,1,1,1,1,1,1,1,1,1,1,1,1,1,1,1,1,1,1,1,1
17060000,2,01/11/2009,,1,1,440,404,419,1,27,1,1,1,0,0,440,436,432,430,430,430,428,428,426,426,424,422,422,420,418,416,416,414,413,412,413,413,410,408,408,408,404,404,404,404,,1,1,1,1,1,1,1,1,1,1,1,1,1,1,1,1,1,1,1,1,1,1,1,1,1,1,1,1,1,1,
17060000,1,01/11/2009,07:00,0,1,440,404,419,1,27,0,0,0,,0,440,437,432,430,430,430,428,428,426,426,424,422,422,420,418,416,416,414,413,412,413,413,410,408,408,408,404,404,404,404,,1,1,1,1,1,1,1,1,1,1,1,1,1,1,1,1,1,1,1,1,1,1,1,1,1,1,1,1,1,1,0
17060000,1,01/11/2009,17:00,0,1,440,404,419,1,27,0,0,0,,0,440,435,432,430,430,430,428,428,426,426,424,422,422,420,418,416,416,414,413,413,413,413,410,408,408,408,404,404,404,404,,1,1,1,1,1,1,1,1,1,1,1,1,1,1,1,1,1,1,1,1,1,1,1,1,1,1,1,1,1,1,0
17060000,1,01/11/2009,,1,1,440,404,419,1,27,0,0,0,,0,440,436,432,430,430,430,428,428,426,426,424,422,422,420,418,416,416,414,413,413,413,413,410,408,408,408,404,404,404,404,,1,1,1,1,1,1,1,1,1,1,1,1,1,1,1,1,1,1,1,1,1,1,1,1,1,1,1,1,1,1,0
17060000,2,01/10/2009,,1,1,704,447,559,1,31,1,1,1,0,0,704,690,678,666,656,648,640,632,620,606,598,588,574,567,552,542,540,532,522,519,510,508,503,494,481,472,469,459,455,450,447,1,1,1,1,1,1,1,1,1,1,1,1,1,1,1,1,1,1,1,1,1,1,1,1,1,1,1,1,1,1,1
17060000,1,01/10/2009,07:00,0,1,706,447,559,1,31,0,0,0,,0,706,694,680,668,657,650,642,634,624,608,601,592,575,570,556,542,540,535,522,522,510,508,504,497,484,472,472,460,456,450,447,1,1,1,1,1,1,1,1,1,1,1,1,1,1,1,1,1,1,1,1,1,1,1,1,1,1,1,1,1,1,1
17060000,1,01/10/2009,17:00,0,1,706,447,559,1,31,0,0,0,,0,702,686,676,664,654,646,638,630,616,605,596,585,574,564,548,542,540,529,522,516,510,508,501,492,478,472,466,458,454,450,447,1,1,1,1,1,1,1,1,1,1,1,1,1,1,1,1,1,1,1,1,1,1,1,1,1,1,1,1,1,1,1
17060000,1,01/10/2009,,1,1,706,447,559,1,31,0,0,0,,0,704,690,678,666,656,648,640,632,620,607,599,589,575,567,552,542,540,532,522,519,510,508,503,495,481,472,469,459,455,450,447,1,1,1,1,1,1,1,1,1,1,1,1,1,1,1,1,1,1,1,1,1,1,1,1,1,1,1,1,1,1,1
17060000,2,01/09/2009,,1,1,910,715,821,1,30,1,1,1,0,0,910,900,889,885,884,876,875,872,864,862,853,855,843,836,828,823,816,809,804,796,784,780,778,774,763,753,740,736,727,715,,1,1,1,1,1,1,1,1,1,1,1,1,1,1,1,1,1,1,1,1,1,1,1,1,1,1,1,1,1,1,
17060000,1,01/09/2009,07:00,0,1,912,712,821,1,30,0,0,0,,0,912,906,890,886,884,881,876,872,864,864,853,853,844,838,830,824,818,809,806,798,787,780,778,776,766,754,740,736,730,718,,1,1,1,1,1,1,1,1,1,1,1,1,1,1,1,1,1,1,1,1,1,1,1,1,1,1,1,1,1,1,0
17060000,1,01/09/2009,17:00,0,1,912,712,821,1,30,0,0,0,,0,908,894,888,884,884,870,874,872,864,860,853,857,842,834,827,822,814,809,802,794,782,780,778,772,760,752,740,736,724,712,,1,1,1,1,1,1,1,1,1,1,1,1,1,1,1,1,1,1,1,1,1,1,1,1,1,1,1,1,1,1,0
17060000,1,01/09/2009,,1,1,912,712,821,1,30,0,0,0,,0,910,900,889,885,884,876,875,872,864,862,853,855,843,836,829,823,816,809,804,796,785,780,778,774,763,753,740,736,727,715,,1,1,1,1,1,1,1,1,1,1,1,1,1,1,1,1,1,1,1,1,1,1,1,1,1,1,1,1,1,1,0
17060000,2,01/08/2009,,1,1,1072,915,994,1,31,1,1,1,0,0,1072,1070,1068,1066,1058,1049,1038,1029,1023,1018,1015,1012,1007,1002,997,992,988,985,978,972,966,964,960,958,956,950,940,930,924,921,915,1,1,1,1,1,1,1,1,1,1,1,1,1,1,1,1,1,1,1,1,1,1,1,1,1,1,1,1,1,1,1
17060000,1,01/08/2009,07:00,0,1,1072,914,994,1,31,0,0,0,,0,1072,1070,1068,1067,1060,1052,1040,1032,1024,1018,1016,1012,1009,1003,998,992,988,986,980,972,970,964,960,958,956,952,943,932,924,922,916,1,1,1,1,1,1,1,1,1,1,1,1,1,1,1,1,1,1,1,1,1,1,1,1,1,1,1,1,1,1,1
17060000,1,01/08/2009,17:00,0,1,1072,914,994,1,31,0,0,0,,0,1072,1070,1068,1065,1056,1046,1036,1026,1022,1018,1014,1012,1006,1002,996,992,988,984,976,972,963,964,960,958,956,948,937,928,924,920,914,1,1,1,1,1,1,1,1,1,1,1,1,1,1,1,1,1,1,1,1,1,1,1,1,1,1,1,1,1,1,1
17060000,1,01/08/2009,,1,1,1072,914,994,1,31,0,0,0,,0,1072,1070,1068,1066,1058,1049,1038,1029,1023,1018,1015,1012,1008,1003,997,992,988,985,978,972,967,964,960,958,956,950,940,930,924,921,915,1,1,1,1,1,1,1,1,1,1,1,1,1,1,1,1,1,1,1,1,1,1,1,1,1,1,1,1,1,1,1
17060000,2,01/07/2009,,1,1,1150,1073,1111,1,31,1,1,1,0,0,1150,1150,1146,1144,1138,1136,1134,1130,1130,1130,1127,1123,1120,1118,1116,1113,1112,1110,1106,1103,1092,1085,1085,1086,1084,1082,1080,1078,1075,1074,1073,1,1,1,1,1,1,1,1,1,1,1,1,1,1,1,1,1,1,1,1,1,1,1,1,1,1,1,1,1,1,1
17060000,1,01/07/2009,17:00,0,1,1150,1073,1111,1,31,0,0,0,,0,1150,1150,1146,1144,1132,1136,1133,1130,1130,1130,1127,1122,1120,1118,1116,1113,1112,1110,1106,1102,1090,1085,1085,1086,1084,1082,1080,1078,1075,1074,1073,1,1,1,1,1,1,1,1,1,1,1,1,1,1,1,1,1,1,1,1,1,1,1,1,1,1,1,1,1,1,1
17060000,1,01/07/2009,07:00,0,1,1150,1073,1111,1,31,0,0,0,,0,1150,1150,1146,1144,1144,1136,1134,1130,1130,1130,1127,1124,1120,1118,1116,1113,1112,1110,1106,1104,1095,1085,1085,1086,1084,1082,1080,1078,1075,1074,1073,1,1,1,1,1,1,1,1,1,1,1,1,1,1,1,1,1,1,1,1,1,1,1,1,1,1,1,1,1,1,1
17060000,1,01/07/2009,,1,1,1150,1073,1111,1,31,0,0,0,,0,1150,1150,1146,1144,1138,1136,1134,1130,1130,1130,1127,1123,1120,1118,1116,1113,1112,1110,1106,1103,1093,1085,1085,1086,1084,1082,1080,1078,1075,1074,1073,1,1,1,1,1,1,1,1,1,1,1,1,1,1,1,1,1,1,1,1,1,1,1,1,1,1,1,1,1,1,1
17060000,2,01/06/2009,,1,1,1174,1154,1162,1,21,1,1,1,0,0,1174,1172,1172,1172,1170,1170,1169,1168,1165,1165,1164,1164,1162,1161,1161,1160,1160,1160,1160,1156,1154,1156,1156,1156,1156,1156,1156,1156,1156,1154,,1,1,1,1,1,1,1,1,1,1,1,1,1,1,1,1,1,1,1,1,1,1,1,1,1,1,1,1,1,1,
17060000,1,01/06/2009,17:00,0,1,1174,1152,1162,1,20,0,0,0,,0,1174,1172,1172,1172,1170,1170,1169,1168,1165,1165,1164,1164,1162,1161,1161,1160,1160,1160,1160,1152,1155,1156,1156,1156,1156,1156,1156,1156,1156,1154,,1,1,1,1,1,1,1,1,1,1,1,1,1,1,1,1,1,1,1,1,1,1,1,1,1,1,1,1,1,1,0
17060000,1,01/06/2009,07:00,0,1,1174,1152,1162,1,20,0,0,0,,0,1174,1172,1172,1172,1170,1170,1169,1168,1165,1165,1164,1164,1162,1161,1161,1160,1160,1160,1160,1160,1153,1156,1156,1156,1156,1156,1156,1156,1156,1154,,1,1,1,1,1,1,1,1,1,1,1,1,1,1,1,1,1,1,1,1,1,1,1,1,1,1,1,1,1,1,0
17060000,1,01/06/2009,,1,1,1174,1152,1162,1,20,0,0,0,,0,1174,1172,1172,1172,1170,1170,1169,1168,1165,1165,1164,1164,1162,1161,1161,1160,1160,1160,1160,1156,1154,1156,1156,1156,1156,1156,1156,1156,1156,1154,,1,1,1,1,1,1,1,1,1,1,1,1,1,1,1,1,1,1,1,1,1,1,1,1,1,1,1,1,1,1,0
17060000,2,01/05/2009,,1,1,1174,1150,1163,30,1,1,1,1,0,0,1150,1151,1154,1156,1156,1156,1158,1158,1160,1160,1164,1166,1169,1168,1168,1167,1166,1166,1165,1163,1162,1162,1162,1162,1162,1162,1166,1170,1172,1174,1174,1,1,1,1,1,1,1,1,1,1,1,1,1,1,1,1,1,1,1,1,1,1,1,1,1,1,1,1,1,1,1
17060000,1,01/05/2009,17:00,0,1,1174,1150,1163,30,1,0,0,0,,0,1150,1152,1154,1156,1156,1156,1158,1158,1160,1160,1164,1166,1169,1168,1168,1166,1166,1166,1164,1162,1162,1162,1162,1162,1162,1162,1167,1170,1172,1174,1174,1,1,1,1,1,1,1,1,1,1,1,1,1,1,1,1,1,1,1,1,1,1,1,1,1,1,1,1,1,1,1
17060000,1,01/05/2009,07:00,0,1,1174,1150,1163,30,1,0,0,0,,0,1150,1150,1154,1156,1156,1156,1158,1158,1160,1160,1164,1165,1169,1168,1168,1168,1166,1166,1166,1164,1162,1162,1162,1162,1162,1162,1166,1170,1172,1174,1174,1,1,1,1,1,1,1,1,1,1,1,1,1,1,1,1,1,1,1,1,1,1,1,1,1,1,1,1,1,1,1
17060000,1,01/05/2009,,1,1,1174,1150,1163,30,1,0,0,0,,0,1150,1151,1154,1156,1156,1156,1158,1158,1160,1160,1164,1166,1169,1168,1168,1167,1166,1166,1165,1163,1162,1162,1162,1162,1162,1162,1167,1170,1172,1174,1174,1,1,1,1,1,1,1,1,1,1,1,1,1,1,1,1,1,1,1,1,1,1,1,1,1,1,1,1,1,1,1
17060000,2,01/04/2009,,1,1,1142,1054,1100,30,1,1,1,1,0,0,1054,1062,1064,1068,1074,1072,1075,1077,1076,1083,1089,1094,1096,1098,1099,1105,1108,1111,1114,1114,1116,1118,1121,1122,1126,1128,1130,1133,1137,1142,,1,1,1,1,1,1,1,1,1,1,1,1,1,1,1,1,1,1,1,1,1,1,1,1,1,1,1,1,1,1,
17060000,1,01/04/2009,07:00,0,1,1144,1050,1100,30,1,0,0,0,,0,1058,1062,1064,1068,1070,1072,1074,1076,1070,1082,1088,1094,1096,1098,1099,1104,1108,1110,1114,1114,1116,1118,1121,1122,1126,1128,1130,1132,1136,1140,,1,1,1,1,1,1,1,1,1,1,1,1,1,1,1,1,1,1,1,1,1,1,1,1,1,1,1,1,1,1,0
17060000,1,01/04/2009,17:00,0,1,1144,1050,1100,30,1,0,0,0,,0,1050,1062,1064,1068,1078,1072,1076,1078,1082,1084,1090,1094,1096,1098,1099,1106,1108,1112,1114,1114,1116,1119,1121,1122,1126,1128,1130,1134,1138,1144,,1,1,1,1,1,1,1,1,1,1,1,1,1,1,1,1,1,1,1,1,1,1,1,1,1,1,1,1,1,1,0
17060000,1,01/04/2009,,1,1,1144,1050,1100,30,1,0,0,0,,0,1054,1062,1064,1068,1074,1072,1075,1077,1076,1083,1089,1094,1096,1098,1099,1105,1108,1111,1114,1114,1116,1119,1121,1122,1126,1128,1130,1133,1137,1142,,1,1,1,1,1,1,1,1,1,1,1,1,1,1,1,1,1,1,1,1,1,1,1,1,1,1,1,1,1,1,0
17060000,2,01/03/2009,,1,1,1056,941,1007,31,1,1,1,1,0,0,941,948,956,963,967,970,977,981,983,983,991,993,997,1005,1008,1011,1015,1019,1024,1029,1032,1033,1036,1036,1039,1041,1042,1047,1051,1054,1056,1,1,1,1,1,1,1,1,1,1,1,1,1,1,1,1,1,1,1,1,1,1,1,1,1,1,1,1,1,1,1
17060000,1,01/03/2009,17:00,0,1,1056,940,1007,31,1,0,0,0,,0,943,950,958,964,968,972,978,982,984,980,995,994,998,1006,1008,1012,1016,1020,1026,1030,1032,1034,1036,1036,1040,1042,1042,1047,1052,1054,1056,1,1,1,1,1,1,1,1,1,1,1,1,1,1,1,1,1,1,1,1,1,1,1,1,1,1,1,1,1,1,1
17060000,1,01/03/2009,07:00,0,1,1056,940,1007,31,1,0,0,0,,0,940,947,954,962,966,969,976,980,982,986,987,992,996,1004,1008,1010,1014,1018,1023,1028,1032,1032,1036,1036,1038,1040,1042,1047,1050,1054,1056,1,1,1,1,1,1,1,1,1,1,1,1,1,1,1,1,1,1,1,1,1,1,1,1,1,1,1,1,1,1,1
17060000,1,01/03/2009,,1,1,1056,940,1007,31,1,0,0,0,,0,942,949,956,963,967,971,977,981,983,983,991,993,997,1005,1008,1011,1015,1019,1025,1029,1032,1033,1036,1036,1039,1041,1042,1047,1051,1054,1056,1,1,1,1,1,1,1,1,1,1,1,1,1,1,1,1,1,1,1,1,1,1,1,1,1,1,1,1,1,1,1
17060000,2,01/02/2009,,1,1,936,807,871,28,1,1,1,1,0,0,807,812,817,821,826,830,834,838,844,851,856,860,865,870,878,885,890,890,894,898,902,904,904,907,914,920,930,936,,,,1,1,1,1,1,1,1,1,1,1,1,1,1,1,1,1,1,1,1,1,1,1,1,1,1,1,1,1,,,
17060000,1,01/02/2009,07:00,0,1,937,806,871,28,1,0,0,0,,0,806,810,816,820,826,830,834,838,844,848,856,860,864,869,876,883,890,890,894,898,902,904,904,906,912,918,929,935,,,,,,,,,,,,,,,,,,,,,,,,,,,,,,,,0,0,0
17060000,1,01/02/2009,17:00,0,1,937,806,871,28,1,0,0,0,,0,808,813,818,822,826,830,834,838,844,853,856,860,866,872,880,886,890,890,894,899,902,904,904,909,915,923,932,937,,,,,,,,,,,,,,,,,,,,,,,,,,,,,,,,0,0,0
17060000,1,01/02/2009,,1,1,937,806,871,28,1,0,0,0,,0,807,812,817,821,826,830,834,838,844,851,856,860,865,871,878,885,890,890,894,899,902,904,904,908,914,921,931,936,,,,1,1,1,1,1,1,1,1,1,1,1,1,1,1,1,1,1,1,1,1,1,1,1,1,1,1,1,1,0,0,0
17060000,2,01/01/2009,,1,1,798,652,727,31,1,1,1,1,0,0,652,660,670,674,678,681,686,691,695,695,698,707,715,721,725,732,739,744,744,745,749,752,755,760,763,769,773,780,788,795,798,1,1,1,1,1,1,1,1,1,1,1,1,1,1,1,1,1,1,1,1,1,1,1,1,1,1,1,1,1,1,1
17060000,1,01/01/2009,07:00,0,1,799,650,727,31,1,0,0,0,,0,650,658,664,672,678,680,685,690,695,695,698,705,713,721,724,730,738,744,744,744,748,752,754,760,762,768,772,778,787,794,798,1,1,1,1,1,1,1,1,1,1,1,1,1,1,1,1,1,1,1,1,1,1,1,1,1,1,1,1,1,1,1
17060000,1,01/01/2009,17:00,0,1,799,650,727,31,1,0,0,0,,0,654,661,677,675,678,682,687,692,695,695,698,709,717,721,726,733,740,744,744,746,750,752,756,760,764,770,774,783,790,796,799,1,1,1,1,1,1,1,1,1,1,1,1,1,1,1,1,1,1,1,1,1,1,1,1,1,1,1,1,1,1,1
17060000,1,01/01/2009,,1,1,799,650,727,31,1,0,0,0,,0,652,660,671,674,678,681,686,691,695,695,698,707,715,721,725,732,739,744,744,745,749,752,755,760,763,769,773,781,789,795,799,1,1,1,1,1,1,1,1,1,1,1,1,1,1,1,1,1,1,1,1,1,1,1,1,1,1,1,1,1,1,1
17060000,2,01/12/2008,,1,1,645,510,570,31,1,1,1,1,0,0,510,510,511,516,518,518,520,525,529,534,542,546,552,560,565,570,576,584,588,592,598,600,606,610,617,619,622,629,633,640,645,1,1,1,1,1,1,1,1,1,1,1,1,1,1,1,1,1,1,1,1,1,1,1,1,1,1,1,1,1,1,1
17060000,1,01/12/2008,07:00,0,1,646,510,571,31,1,0,0,0,,0,510,510,510,516,518,518,518,524,528,532,542,545,551,560,564,568,575,582,587,590,598,599,606,608,616,620,620,628,632,638,644,1,1,1,1,1,1,1,1,1,1,1,1,1,1,1,1,1,1,1,1,1,1,1,1,1,1,1,1,1,1,1
17060000,1,01/12/2008,17:00,0,1,646,510,571,31,1,0,0,0,,0,510,510,512,516,518,518,521,526,530,536,542,548,554,560,566,571,578,585,589,594,599,602,606,612,618,618,624,630,634,641,646,1,1,1,1,1,1,1,1,1,1,1,1,1,1,1,1,1,1,1,1,1,1,1,1,1,1,1,1,1,1,1
17060000,1,01/12/2008,,1,1,646,510,571,31,1,0,0,0,,0,510,510,511,516,518,518,520,525,529,534,542,547,553,560,565,570,577,584,588,592,599,601,606,610,617,619,622,629,633,640,645,1,1,1,1,1,1,1,1,1,1,1,1,1,1,1,1,1,1,1,1,1,1,1,1,1,1,1,1,1,1,1
17060000,2,01/11/2008,,1,1,509,447,474,30,10,1,1,1,0,0,464,464,464,464,460,457,450,450,449,447,450,450,453,462,473,476,476,478,481,487,490,490,490,494,496,498,499,499,501,509,,1,1,1,1,1,1,1,1,1,1,1,1,1,1,1,1,1,1,1,1,1,1,1,1,1,1,1,1,1,1,
17060000,1,01/11/2008,07:00,0,1,510,447,474,30,10,0,0,0,,0,464,464,464,464,460,458,450,449,450,447,450,450,450,460,470,476,476,478,480,486,490,490,490,494,496,498,499,499,499,508,,1,1,1,1,1,1,1,1,1,1,1,1,1,1,1,1,1,1,1,1,1,1,1,1,1,1,1,1,1,1,0
17060000,1,01/11/2008,17:00,0,1,510,447,474,30,10,0,0,0,,0,464,464,464,464,460,456,450,450,448,447,450,450,455,464,476,476,476,478,482,488,490,490,490,494,496,498,499,499,504,510,,1,1,1,1,1,1,1,1,1,1,1,1,1,1,1,1,1,1,1,1,1,1,1,1,1,1,1,1,1,1,0
17060000,1,01/11/2008,,1,1,510,447,474,30,10,0,0,0,,0,464,464,464,464,460,457,450,450,449,447,450,450,453,462,473,476,476,478,481,487,490,490,490,494,496,498,499,499,502,509,,1,1,1,1,1,1,1,1,1,1,1,1,1,1,1,1,1,1,1,1,1,1,1,1,1,1,1,1,1,1,0
17060000,2,01/10/2008,,1,1,560,467,501,1,31,2,2,2,0,0,560,551,545,541,534,527,521,516,512,507,502,498,496,496,496,496,495,492,491,489,488,488,482,480,478,478,478,475,472,470,467,1,1,1,1,1,1,1,1,1,1,1,1,1,1,1,1,1,1,2,2,1,1,1,1,1,1,1,1,1,1,1
17060000,1,01/10/2008,07:00,0,1,562,466,500,1,31,0,0,0,,0,562,554,546,542,536,532,524,518,512,510,502,498,496,496,496,496,495,492,480,480,488,488,482,480,478,478,478,476,472,470,468,1,1,1,1,1,1,1,1,1,1,1,1,1,1,1,1,1,1,1,1,1,1,1,1,1,1,1,1,1,1,1
17060000,1,01/10/2008,17:00,0,1,562,466,500,1,31,0,0,0,,0,558,548,544,540,532,522,518,514,512,504,502,498,496,496,496,496,495,492,480,480,488,488,482,480,478,478,478,474,472,470,466,1,1,1,1,1,1,1,1,1,1,1,1,1,1,1,1,1,1,1,1,1,1,1,1,1,1,1,1,1,1,1
17060000,1,01/10/2008,,1,1,562,466,500,1,31,0,0,0,,0,560,551,545,541,534,527,521,516,512,507,502,498,496,496,496,496,495,492,480,480,488,488,482,480,478,478,478,475,472,470,467,1,1,1,1,1,1,1,1,1,1,1,1,1,1,1,1,1,1,1,1,1,1,1,1,1,1,1,1,1,1,1
17060000,2,01/09/2008,,1,1,796,568,684,1,30,1,1,1,0,0,796,788,781,776,773,766,758,747,740,733,723,712,705,696,686,678,667,667,662,654,644,634,625,614,609,598,586,576,570,568,,1,1,1,1,1,1,1,1,1,1,1,1,1,1,1,1,1,1,1,1,1,1,1,1,1,1,1,1,1,1,
17060000,1,01/09/2008,07:00,0,1,798,568,684,1,30,0,0,0,,0,798,790,782,776,774,768,760,750,740,736,726,714,707,698,688,680,674,667,663,656,646,636,628,616,610,602,588,578,570,568,,1,1,1,1,1,1,1,1,1,1,1,1,1,1,1,1,1,1,1,1,1,1,1,1,1,1,1,1,1,1,0
17060000,1,01/09/2008,17:00,0,1,798,568,684,1,30,0,0,0,,0,794,786,780,776,772,764,756,744,740,730,720,710,703,694,685,677,660,667,660,652,643,632,622,613,608,594,584,573,570,568,,1,1,1,1,1,1,1,1,1,1,1,1,1,1,1,1,1,1,1,1,1,1,1,1,1,1,1,1,1,1,0
17060000,1,01/09/2008,,1,1,798,568,684,1,30,0,0,0,,0,796,788,781,776,773,766,758,747,740,733,723,712,705,696,687,679,667,667,662,654,645,634,625,615,609,598,586,576,570,568,,1,1,1,1,1,1,1,1,1,1,1,1,1,1,1,1,1,1,1,1,1,1,1,1,1,1,1,1,1,1,0
17060000,2,01/08/2008,,1,1,941,801,868,1,29,1,1,1,0,0,941,938,935,931,928,924,919,913,909,905,902,886,878,873,868,862,857,853,849,846,841,836,833,828,824,817,812,806,801,801,801,1,1,1,1,1,1,1,1,1,1,1,1,1,1,1,1,1,1,1,1,1,1,1,1,1,1,1,1,1,1,1
17060000,1,01/08/2008,07:00,0,1,942,801,868,1,29,0,0,0,,0,942,938,936,932,928,925,920,914,910,906,901,888,880,874,870,864,858,854,850,846,843,837,834,828,826,817,814,808,801,801,801,1,1,1,1,1,1,1,1,1,1,1,1,1,1,1,1,1,1,1,1,1,1,1,1,1,1,1,1,1,1,1
17060000,1,01/08/2008,17:00,0,1,942,801,868,1,29,0,0,0,,0,940,938,934,930,928,923,918,912,908,904,904,884,876,872,867,860,856,852,848,846,840,836,832,828,822,817,811,805,801,801,801,1,1,1,1,1,1,1,1,1,1,1,1,1,1,1,1,1,1,1,1,1,1,1,1,1,1,1,1,1,1,1
17060000,1,01/08/2008,,1,1,942,801,868,1,29,0,0,0,,0,941,938,935,931,928,924,919,913,909,905,903,886,878,873,869,862,857,853,849,846,842,837,833,828,824,817,813,807,801,801,801,1,1,1,1,1,1,1,1,1,1,1,1,1,1,1,1,1,1,1,1,1,1,1,1,1,1,1,1,1,1,1
17060000,2,01/05/2008,,1,1,1080,1044,1069,19,2,1,1,1,0,0,1046,1044,1045,1048,1048,1049,1056,1059,1064,1068,1070,1072,1074,1076,1078,1078,1078,1078,1080,1080,1080,1080,1080,1080,1080,1080,1080,1078,1074,1074,1074,1,1,1,1,1,1,1,1,1,1,1,1,1,1,1,1,1,1,1,1,1,1,1,1,1,1,1,1,1,1,1
17060000,1,01/05/2008,07:00,0,1,1080,1044,1069,19,2,0,0,0,,0,1046,1044,1044,1048,1048,1048,1056,1058,1062,1068,1070,1071,1074,1076,1078,1078,1078,1078,1080,1080,1080,1080,1080,1080,1080,1080,1080,1078,1074,1074,1074,1,1,1,1,1,1,1,1,1,1,1,1,1,1,1,1,1,1,1,1,1,1,1,1,1,1,1,1,1,1,1
17060000,1,01/05/2008,17:00,0,1,1080,1044,1069,19,2,0,0,0,,0,1046,1044,1046,1048,1048,1050,1056,1060,1066,1068,1070,1072,1074,1076,1078,1078,1078,1078,1080,1080,1080,1080,1080,1080,1080,1080,1080,1078,1074,1074,1074,1,1,1,1,1,1,1,1,1,1,1,1,1,1,1,1,1,1,1,1,1,1,1,1,1,1,1,1,1,1,1
17060000,1,01/05/2008,,1,1,1080,1044,1069,19,2,0,0,0,,0,1046,1044,1045,1048,1048,1049,1056,1059,1064,1068,1070,1072,1074,1076,1078,1078,1078,1078,1080,1080,1080,1080,1080,1080,1080,1080,1080,1078,1074,1074,1074,1,1,1,1,1,1,1,1,1,1,1,1,1,1,1,1,1,1,1,1,1,1,1,1,1,1,1,1,1,1,1
17060000,2,01/04/2008,,1,1,1048,1002,1028,29,1,1,1,1,0,0,1002,1002,1003,1005,1008,1011,1014,1017,1021,1024,1026,1027,1028,1028,1030,1031,1031,1032,1032,1034,1034,1037,1038,1040,1042,1044,1046,1046,1048,1046,,1,1,1,1,1,1,1,1,1,1,1,1,1,1,1,1,1,1,1,1,1,1,1,1,1,1,1,1,1,1,
17060000,1,01/04/2008,07:00,0,1,1048,1002,1028,29,1,0,0,0,,0,1002,1002,1003,1004,1008,1011,1014,1016,1020,1024,1026,1027,1028,1028,1030,1031,1031,1032,1032,1034,1034,1036,1038,1040,1042,1044,1046,1046,1048,1046,,1,1,1,1,1,1,1,1,1,1,1,1,1,1,1,1,1,1,1,1,1,1,1,1,1,1,1,1,1,1,0
17060000,1,01/04/2008,17:00,0,1,1048,1002,1028,29,1,0,0,0,,0,1002,1002,1003,1006,1008,1011,1014,1018,1022,1024,1026,1027,1028,1028,1030,1031,1031,1032,1032,1034,1034,1038,1038,1040,1042,1044,1046,1046,1048,1046,,1,1,1,1,1,1,1,1,1,1,1,1,1,1,1,1,1,1,1,1,1,1,1,1,1,1,1,1,1,1,0
17060000,1,01/04/2008,,1,1,1048,1002,1028,29,1,0,0,0,,0,1002,1002,1003,1005,1008,1011,1014,1017,1021,1024,1026,1027,1028,1028,1030,1031,1031,1032,1032,1034,1034,1037,1038,1040,1042,1044,1046,1046,1048,1046,,1,1,1,1,1,1,1,1,1,1,1,1,1,1,1,1,1,1,1,1,1,1,1,1,1,1,1,1,1,1,0
17060000,2,01/03/2008,,1,1,997,895,948,31,1,1,1,1,0,0,895,899,901,901,902,908,909,912,916,920,924,931,940,946,952,954,958,962,965,968,970,970,974,977,979,984,988,990,990,994,997,1,1,1,1,1,1,1,1,1,1,1,1,1,1,1,1,1,1,1,1,1,1,1,1,1,1,1,1,1,1,1
17060000,1,01/03/2008,17:00,0,1,998,894,948,31,1,0,0,0,,0,896,901,901,901,904,908,910,913,917,920,926,933,941,947,954,954,959,963,965,968,970,970,974,977,979,986,988,990,990,994,998,1,1,1,1,1,1,1,1,1,1,1,1,1,1,1,1,1,1,1,1,1,1,1,1,1,1,1,1,1,1,1
17060000,1,01/03/2008,07:00,0,1,998,894,948,31,1,0,0,0,,0,894,898,901,901,901,908,908,912,915,920,922,929,938,945,950,954,957,961,965,968,970,970,974,977,979,982,988,990,990,994,996,1,1,1,1,1,1,1,1,1,1,1,1,1,1,1,1,1,1,1,1,1,1,1,1,1,1,1,1,1,1,1
17060000,1,01/03/2008,,1,1,998,894,948,31,1,0,0,0,,0,895,900,901,901,903,908,909,913,916,920,924,931,940,946,952,954,958,962,965,968,970,970,974,977,979,984,988,990,990,994,997,1,1,1,1,1,1,1,1,1,1,1,1,1,1,1,1,1,1,1,1,1,1,1,1,1,1,1,1,1,1,1
17060000,2,01/02/2008,,1,1,889,784,834,29,1,1,1,1,0,0,784,784,784,786,789,795,798,804,809,814,820,824,828,832,836,837,841,847,851,856,857,861,867,871,875,880,884,886,889,,,1,1,1,1,1,1,1,1,1,1,1,1,1,1,1,1,1,1,1,1,1,1,1,1,1,1,1,1,1,,
17060000,1,01/02/2008,07:00,0,1,890,784,834,29,1,0,0,0,,0,784,784,784,786,788,794,798,804,807,812,819,823,826,832,834,837,840,846,849,856,857,860,866,870,874,879,884,886,888,,,1,1,1,1,1,1,1,1,1,1,1,1,1,1,1,1,1,1,1,1,1,1,1,1,1,1,1,1,1,0,0
17060000,1,01/02/2008,17:00,0,1,890,784,834,29,1,0,0,0,,0,784,784,784,786,790,796,799,805,810,815,821,824,829,832,837,837,842,848,852,856,857,862,868,872,876,881,884,886,890,,,1,1,1,1,1,1,1,1,1,1,1,1,1,1,1,1,1,1,1,1,1,1,1,1,1,1,1,1,1,0,0
17060000,1,01/02/2008,,1,1,890,784,834,29,1,0,0,0,,0,784,784,784,786,789,795,799,805,809,814,820,824,828,832,836,837,841,847,851,856,857,861,867,871,875,880,884,886,889,,,1,1,1,1,1,1,1,1,1,1,1,1,1,1,1,1,1,1,1,1,1,1,1,1,1,1,1,1,1,0,0
17060000,2,01/01/2008,,1,1,782,614,691,31,1,1,1,1,0,0,614,614,616,620,624,627,631,636,644,651,657,662,670,677,682,690,694,707,712,718,721,728,733,737,745,755,764,765,770,777,782,1,1,1,1,1,1,1,1,1,1,1,1,1,1,1,1,1,1,1,1,1,1,1,1,1,1,1,1,1,1,1
17060000,1,01/01/2008,17:00,0,1,783,613,691,31,1,0,0,0,,0,614,614,617,621,624,627,632,638,646,652,658,664,672,678,684,691,694,708,714,718,722,729,734,738,747,758,764,766,772,778,783,1,1,1,1,1,1,1,1,1,1,1,1,1,1,1,1,1,1,1,1,1,1,1,1,1,1,1,1,1,1,1
17060000,1,01/01/2008,,1,1,783,613,691,31,1,0,0,0,,0,614,614,616,620,624,627,631,637,645,651,657,662,670,677,682,690,694,707,712,718,721,728,733,737,745,755,764,765,770,777,782,1,1,1,1,1,1,1,1,1,1,1,1,1,1,1,1,1,1,1,1,1,1,1,1,1,1,1,1,1,1,1
17060000,2,01/12/2007,,1,1,610,480,541,31,1,1,1,1,0,0,480,485,488,488,488,490,493,499,509,511,516,520,526,531,537,541,548,552,552,554,562,568,572,578,578,590,595,598,606,609,610,1,1,1,1,1,1,1,1,1,1,1,1,1,1,1,1,1,1,1,1,1,1,1,1,1,1,1,1,1,1,1
17060000,1,01/12/2007,17:00,0,1,611,480,541,31,1,0,0,0,,0,480,486,488,488,488,490,494,499,509,512,516,522,526,533,537,542,549,552,552,555,564,568,573,578,578,590,596,599,607,609,611,1,1,1,1,1,1,1,1,1,1,1,1,1,1,1,1,1,1,1,1,1,1,1,1,1,1,1,1,1,1,1
17060000,1,01/12/2007,07:00,0,1,611,480,541,31,1,0,0,0,,0,480,484,488,488,488,490,492,498,509,510,516,519,526,529,537,540,546,552,552,552,560,568,570,578,578,590,594,598,606,609,610,1,1,1,1,1,1,1,1,1,1,1,1,1,1,1,1,1,1,1,1,1,1,1,1,1,1,1,1,1,1,1
17060000,1,01/12/2007,,1,1,611,480,541,31,1,0,0,0,,0,480,485,488,488,488,490,493,499,509,511,516,521,526,531,537,541,548,552,552,554,562,568,572,578,578,590,595,599,607,609,611,1,1,1,1,1,1,1,1,1,1,1,1,1,1,1,1,1,1,1,1,1,1,1,1,1,1,1,1,1,1,1
17060000,2,01/11/2007,,1,1,480,438,453,30,1,2,2,2,0,0,438,438,438,438,438,439,439,439,442,443,444,444,444,444,448,451,451,451,452,456,461,465,465,465,468,472,475,477,477,480,,1,1,1,1,1,1,1,1,1,1,1,1,1,1,1,1,1,1,1,1,1,1,1,1,1,1,1,1,1,2,
17060000,1,01/11/2007,07:00,0,1,478,438,452,30,1,0,0,0,,0,438,438,438,438,438,439,439,439,441,443,444,444,444,444,447,451,451,451,451,455,459,465,465,465,467,471,475,477,477,478,,1,1,1,1,1,1,1,1,1,1,1,1,1,1,1,1,1,1,1,1,1,1,1,1,1,1,1,1,1,1,0
17060000,1,01/11/2007,17:00,0,1,478,438,452,30,1,0,0,0,,0,438,438,438,438,438,439,439,439,442,443,444,444,444,444,449,451,451,451,453,457,462,465,465,465,469,473,475,477,477,460,,1,1,1,1,1,1,1,1,1,1,1,1,1,1,1,1,1,1,1,1,1,1,1,1,1,1,1,1,1,1,0
17060000,1,01/11/2007,,1,1,478,438,452,30,1,0,0,0,,0,438,438,438,438,438,439,439,439,442,443,444,444,444,444,448,451,451,451,452,456,461,465,465,465,468,472,475,477,477,469,,1,1,1,1,1,1,1,1,1,1,1,1,1,1,1,1,1,1,1,1,1,1,1,1,1,1,1,1,1,1,0
17060000,2,01/10/2007,,1,1,554,435,476,1,30,2,2,2,0,0,554,548,540,531,520,512,509,505,502,494,485,482,482,479,474,472,467,454,450,448,441,440,440,440,444,441,440,440,438,435,435,1,1,1,1,1,1,1,1,1,1,1,1,1,1,1,1,1,1,1,1,1,1,1,1,1,1,1,1,1,2,2
17060000,1,01/10/2007,,1,1,556,430,475,1,31,0,0,0,,0,555,548,540,531,521,512,509,505,502,494,485,482,482,479,474,472,467,454,450,448,441,440,440,440,444,441,440,440,438,434,430,1,1,1,1,1,1,1,1,1,1,1,1,1,1,1,1,1,1,1,1,1,1,1,1,1,1,1,1,1,1,1
17060000,2,01/09/2007,,1,1,784,560,671,1,29,1,1,1,0,0,784,779,773,767,758,748,742,738,728,717,709,704,697,692,683,671,664,652,641,632,621,610,604,596,591,582,570,562,560,560,,1,1,1,1,1,1,1,1,1,1,1,1,1,1,1,1,1,1,1,1,1,1,1,1,1,1,1,1,1,1,
17060000,1,01/09/2007,17:00,0,1,784,560,671,1,29,0,0,0,,0,784,778,772,766,755,746,742,736,725,714,708,703,696,691,680,668,662,650,638,630,618,608,602,594,590,580,568,562,560,560,,,,,,,,,,,,,,,,,,,,,,,,,,,,,,,,0
17060000,1,01/09/2007,07:00,0,1,784,560,671,1,29,0,0,0,,0,784,780,774,768,760,751,742,739,731,720,710,706,698,694,686,674,665,654,644,634,624,612,606,598,592,584,573,562,560,560,,,,,,,,,,,,,,,,,,,,,,,,,,,,,,,,0
17060000,1,01/09/2007,,1,1,784,560,671,1,29,0,0,0,,0,784,779,773,767,758,749,742,738,728,717,709,705,697,693,683,671,664,652,641,632,621,610,604,596,591,582,571,562,560,560,,,,,,,,,,,,,,,,,,,,,,,,,,,,,,,,0
17060000,2,01/08/2007,,1,1,916,791,864,1,31,1,1,1,0,0,916,915,912,910,908,907,903,898,896,893,889,886,883,879,875,868,867,859,854,850,845,843,835,829,822,817,814,811,804,795,791,1,1,1,1,1,1,1,1,1,1,1,1,1,1,1,1,1,1,1,1,1,1,1,1,1,1,1,1,1,1,1
17060000,1,01/08/2007,07:00,0,1,916,790,864,1,31,0,0,0,,0,916,916,912,910,908,908,904,898,896,894,889,886,884,880,876,871,866,860,855,850,848,845,836,830,823,818,814,812,806,796,792,1,1,1,1,1,1,1,1,1,1,1,1,1,1,1,1,1,1,1,1,1,1,1,1,1,1,1,1,1,1,1
17060000,1,01/08/2007,17:00,0,1,916,790,864,1,31,0,0,0,,0,916,914,912,910,908,906,902,898,896,892,889,886,882,878,873,865,868,858,853,850,846,840,837,827,820,816,814,809,802,794,790,1,1,1,1,1,1,1,1,1,1,1,1,1,1,1,1,1,1,1,1,1,1,1,1,1,1,1,1,1,1,1
17060000,1,01/08/2007,,1,1,916,791,864,1,31,1,1,1,,0,916,915,912,910,908,907,903,898,896,893,889,886,883,879,875,868,867,859,854,850,845,843,835,829,822,817,814,811,804,795,791,1,1,1,1,1,1,1,1,1,1,1,1,1,1,1,1,1,1,1,1,1,1,1,1,1,1,1,1,1,1,1
17060000,2,01/07/2007,,1,1,986,918,958,1,31,2,2,2,0,0,986,984,983,983,983,983,980,976,975,972,973,969,965,963,963,960,960,959,955,952,950,948,944,941,936,931,927,926,922,919,918,1,1,1,1,1,1,1,2,2,2,2,1,1,1,1,1,1,1,1,1,1,1,1,1,1,1,1,1,1,1,1
17060000,1,01/07/2007,07:00,0,1,994,917,958,11,31,0,0,0,,0,986,984,983,983,983,983,980,980,974,974,994,970,965,963,963,960,960,959,955,952,950,948,944,942,938,932,927,927,923,919,917,,,,,,,,,,,,,,,,,,,,,,,,,,,,,,,
17060000,1,01/07/2007,17:00,0,1,994,917,958,11,31,0,0,0,,0,986,984,983,983,983,983,980,977,974,974,974,968,965,963,963,960,960,959,955,952,950,948,944,940,935,930,927,925,922,919,919,,,,,,,,,,,,,,,,,,,,,,,,,,,,,,,
17060000,1,01/07/2007,,1,1,994,917,958,11,31,0,0,0,,0,986,984,983,983,983,983,980,979,974,974,984,969,965,963,963,960,960,959,955,952,950,948,944,941,937,931,927,926,923,919,918,,,,,,,,,,,,,,,,,,,,,,,,,,,,,,,
17060000,2,01/06/2007,,1,1,1014,988,1008,4,30,1,1,1,0,0,1008,1010,1012,1014,1014,1014,1014,1014,1014,1014,1014,1014,1014,1014,1014,1014,1012,1010,1010,1010,1010,1009,1006,1002,998,998,996,994,990,988,,1,1,1,1,1,1,1,1,1,1,1,1,1,1,1,1,1,1,1,1,1,1,1,1,1,1,1,1,1,1,
17060000,1,01/06/2007,07:00,0,1,1014,988,1008,4,30,0,0,0,,0,1008,1010,1012,1014,1014,1014,1014,1014,1014,1014,1014,1014,1014,1014,1014,1014,1012,1010,1010,1010,1010,1009,1007,1004,998,998,996,994,990,988,,,,,,,,,,,,,,,,,,,,,,,,,,,,,,,,0
17060000,1,01/06/2007,17:00,0,1,1014,988,1008,4,30,0,0,0,,0,1008,1010,1012,1014,1014,1014,1014,1014,1014,1014,1014,1014,1014,1014,1014,1014,1012,1010,1010,1010,1010,1009,1006,1001,998,998,996,993,990,988,,,,,,,,,,,,,,,,,,,,,,,,,,,,,,,,0
17060000,1,01/06/2007,,1,1,1014,988,1008,4,30,0,0,0,,0,1008,1010,1012,1014,1014,1014,1014,1014,1014,1014,1014,1014,1014,1014,1014,1014,1012,1010,1010,1010,1010,1009,1007,1003,998,998,996,994,990,988,,,,,,,,,,,,,,,,,,,,,,,,,,,,,,,,0
17060000,2,01/05/2007,,1,1,1008,951,984,30,1,1,1,1,0,0,951,952,954,957,960,965,970,970,973,976,977,977,978,978,978,982,986,991,996,998,999,999,1001,1002,1002,1002,1004,1004,1005,1008,1008,1,1,1,1,1,1,1,1,1,1,1,1,1,1,1,1,1,1,1,1,1,1,1,1,1,1,1,1,1,1,1
17060000,1,01/05/2007,07:00,0,1,1008,950,984,30,1,0,0,0,,0,950,952,954,957,960,964,972,970,972,976,977,977,978,978,978,980,985,990,995,998,999,999,1001,1002,1002,1002,1004,1004,1004,1008,1008,,,,,,,,,,,,,,,,,,,,,,,,,,,,,,,
17060000,1,01/05/2007,17:00,0,1,1008,950,984,30,1,0,0,0,,0,951,952,955,957,960,966,968,970,974,976,977,977,978,978,978,983,988,992,996,998,999,999,1001,1002,1002,1002,1004,1004,1006,1008,1008,,,,,,,,,,,,,,,,,,,,,,,,,,,,,,,
17060000,1,01/05/2007,,1,1,1008,950,984,30,1,0,0,0,,0,951,952,955,957,960,965,970,970,973,976,977,977,978,978,978,982,987,991,996,998,999,999,1001,1002,1002,1002,1004,1004,1005,1008,1008,,,,,,,,,,,,,,,,,,,,,,,,,,,,,,,
17060000,2,01/04/2007,,1,1,946,867,907,29,1,1,1,1,0,0,867,872,876,878,880,882,884,887,890,892,894,896,898,898,902,903,906,908,910,915,921,926,930,934,936,938,942,944,946,946,,1,1,1,1,1,1,1,1,1,1,1,1,1,1,1,1,1,1,1,1,1,1,1,1,1,1,1,1,1,1,
17060000,1,01/04/2007,07:00,0,1,949,866,907,30,1,0,0,0,,0,866,870,876,878,880,882,884,886,890,892,894,896,898,898,901,903,905,908,910,914,920,924,930,934,936,938,942,944,946,942,,,,,,,,,,,,,,,,,,,,,,,,,,,,,,,,0
17060000,1,01/04/2007,17:00,0,1,949,866,907,30,1,0,0,0,,0,868,874,876,878,880,882,884,888,890,892,894,896,898,898,902,903,907,908,910,916,922,927,930,934,936,938,942,944,947,949,,,,,,,,,,,,,,,,,,,,,,,,,,,,,,,,0
17060000,1,01/04/2007,,1,1,949,866,907,30,1,0,0,0,,0,867,872,876,878,880,882,884,887,890,892,894,896,898,898,902,903,906,908,910,915,921,926,930,934,936,938,942,944,947,946,,,,,,,,,,,,,,,,,,,,,,,,,,,,,,,,0
17060000,2,01/03/2007,,1,1,864,812,844,26,2,1,1,1,0,0,813,812,817,822,825,830,830,832,834,836,838,840,841,844,844,843,842,845,849,850,854,857,860,862,862,864,864,864,864,864,864,1,1,1,1,1,1,1,1,1,1,1,1,1,1,1,1,1,1,1,1,1,1,1,1,1,1,1,1,1,1,1
17060000,1,01/03/2007,17:00,0,1,864,812,844,26,2,0,0,0,,0,814,812,819,822,826,830,830,832,834,836,838,840,841,844,844,844,842,846,850,850,854,858,860,862,862,864,864,864,864,864,864,,,,,,,,,,,,,,,,,,,,,,,,,,,,,,,
17060000,1,01/03/2007,07:00,0,1,864,812,844,26,2,0,0,0,,0,812,812,815,822,824,830,830,832,834,836,838,839,841,844,844,842,842,844,848,850,854,856,860,862,862,864,864,864,864,864,864,1,1,1,1,1,1,1,1,1,1,1,1,1,1,1,1,1,1,1,1,1,1,1,1,1,1,1,1,1,1,1
17060000,1,01/03/2007,,1,1,864,812,844,26,2,0,0,0,,0,813,812,817,822,825,830,830,832,834,836,838,840,841,844,844,843,842,845,849,850,854,857,860,862,862,864,864,864,864,864,864,,,,,,,,,,,,,,,,,,,,,,,,,,,,,,,
17060000,2,01/02/2007,,1,1,810,731,776,28,1,1,1,1,0,0,731,735,741,744,746,751,755,760,764,765,770,770,770,774,776,780,784,786,788,793,798,802,806,806,807,808,809,810,,,,1,1,1,1,1,1,1,1,1,1,1,1,1,1,1,1,1,1,1,1,1,1,1,1,1,1,1,1,,,
17060000,1,01/02/2007,07:00,0,1,810,730,776,28,1,0,0,0,,0,730,734,740,744,745,750,755,760,764,765,770,770,770,774,774,780,784,786,788,791,798,801,806,806,807,808,809,810,,,,,,,,,,,,,,,,,,,,,,,,,,,,,,,,0,0,0
17060000,1,01/02/2007,17:00,0,1,810,730,776,28,1,0,0,0,,0,732,736,742,744,747,752,755,760,764,765,770,770,770,774,777,780,784,786,788,795,799,803,806,806,807,808,809,810,,,,1,1,1,1,1,1,1,1,1,1,1,1,1,1,1,1,1,1,1,1,1,1,1,1,1,1,1,1,0,0,0
17060000,1,01/02/2007,,1,1,810,730,776,28,1,0,0,0,,0,731,735,741,744,746,751,755,760,764,765,770,770,770,774,776,780,784,786,788,793,799,802,806,806,807,808,809,810,,,,,,,,,,,,,,,,,,,,,,,,,,,,,,,,0,0,0
17060000,2,01/01/2007,,1,1,730,608,669,31,1,1,1,1,0,0,608,611,615,620,623,629,634,636,640,644,650,652,654,657,662,664,666,672,678,684,691,695,702,709,714,718,720,723,725,727,730,1,1,1,1,1,1,1,1,1,1,1,1,1,1,1,1,1,1,1,1,1,1,1,1,1,1,1,1,1,1,1
17060000,1,01/01/2007,07:00,0,1,730,608,669,31,1,0,0,0,,0,608,610,614,620,622,628,634,636,639,642,650,652,653,656,662,664,664,672,676,682,690,694,701,708,713,718,720,723,724,726,730,1,1,1,1,1,1,1,1,1,1,1,1,1,1,1,1,1,1,1,1,1,1,1,1,1,1,1,1,1,1,1
17060000,1,01/01/2007,17:00,0,1,730,608,669,31,1,0,0,0,,0,608,612,616,620,624,630,635,637,640,646,650,652,654,658,662,664,668,673,679,686,692,696,704,710,715,718,720,723,726,728,730,1,1,1,1,1,1,1,1,1,1,1,1,1,1,1,1,1,1,1,1,1,1,1,1,1,1,1,1,1,1,1
17060000,1,01/01/2007,,1,1,730,608,669,31,1,0,0,0,,0,608,611,615,620,623,629,635,637,640,644,650,652,654,657,662,664,666,673,678,684,691,695,703,709,714,718,720,723,725,727,730,,,,,,,,,,,,,,,,,,,,,,,,,,,,,,,
17060000,2,01/12/2006,,1,1,604,457,531,31,1,1,1,1,0,0,457,462,470,479,483,486,488,492,493,498,506,514,520,523,524,528,532,533,540,552,563,563,563,569,576,582,589,590,592,597,604,1,1,1,1,1,1,1,1,1,1,1,1,1,1,1,1,1,1,1,1,1,1,1,1,1,1,1,1,1,1,1
17060000,1,01/12/2006,17:00,0,1,604,456,531,31,1,0,0,0,,0,458,463,472,480,484,486,489,492,495,498,508,516,520,523,524,529,532,533,540,552,563,563,563,570,577,584,590,590,592,598,604,,,,,,,,,,,,,,,,,,,,,,,,,,,,,,,
17060000,1,01/12/2006,07:00,0,1,604,456,531,31,1,0,0,0,,0,456,460,468,478,482,486,486,492,492,498,504,512,520,523,523,526,532,533,540,552,563,563,563,568,574,580,588,590,592,596,604,,,,,,,,,,,,,,,,,,,,,,,,,,,,,,,
17060000,1,01/12/2006,,1,1,604,456,531,31,1,0,0,0,,0,457,462,470,479,483,486,488,492,494,498,506,514,520,523,524,528,532,533,540,552,563,563,563,569,576,582,589,590,592,597,604,,,,,,,,,,,,,,,,,,,,,,,,,,,,,,,
17060000,2,01/11/2006,,1,1,452,411,426,29,1,1,1,1,0,0,411,411,414,414,414,414,416,418,418,418,422,425,425,425,425,425,426,426,426,426,426,426,430,435,440,440,445,449,452,452,,1,1,1,1,1,1,1,1,1,1,1,1,1,1,1,1,1,1,1,1,1,1,1,1,1,1,1,1,1,1,
17060000,1,01/11/2006,07:00,0,1,452,411,426,29,1,0,0,0,,0,411,411,414,414,414,414,415,418,418,418,420,425,425,425,425,425,426,426,426,426,426,426,428,434,440,440,444,448,452,452,,,,,,,,,,,,,,,,,,,,,,,,,,,,,,,,0
17060000,1,01/11/2006,17:00,0,1,452,411,426,29,1,0,0,0,,0,411,411,414,414,414,414,416,418,418,418,423,425,425,425,425,425,426,426,426,426,426,426,432,436,440,440,446,450,452,452,,,,,,,,,,,,,,,,,,,,,,,,,,,,,,,,0
17060000,1,01/11/2006,,1,1,452,411,426,29,1,0,0,0,,0,411,411,414,414,414,414,416,418,418,418,422,425,425,425,425,425,426,426,426,426,426,426,430,435,440,440,445,449,452,452,,,,,,,,,,,,,,,,,,,,,,,,,,,,,,,,0
17060000,2,01/10/2006,,1,1,524,411,455,1,30,1,1,1,0,0,524,518,512,506,494,487,484,480,478,478,476,474,470,464,458,448,438,434,430,430,430,430,428,422,418,418,418,414,413,411,411,1,1,1,1,1,1,1,1,1,1,1,1,1,1,1,1,1,1,1,1,1,1,1,1,1,1,1,1,1,1,1
17060000,1,01/10/2006,17:00,0,1,526,411,455,1,30,0,0,0,,0,522,516,510,504,492,487,482,480,478,478,474,474,468,462,456,444,437,434,430,430,430,430,427,422,418,418,418,414,413,411,411,,,,,,,,,,,,,,,,,,,,,,,,,,,,,,,
17060000,1,01/10/2006,07:00,0,1,526,411,455,1,30,0,0,0,,0,526,520,513,507,496,487,485,480,478,478,478,474,471,466,460,452,440,434,430,430,430,430,430,422,418,418,418,414,413,411,411,,,,,,,,,,,,,,,,,,,,,,,,,,,,,,,
17060000,1,01/10/2006,,1,1,526,411,455,1,30,0,0,0,,0,524,518,512,506,494,487,484,480,478,478,476,474,470,464,458,448,439,434,430,430,430,430,429,422,418,418,418,414,413,411,411,,,,,,,,,,,,,,,,,,,,,,,,,,,,,,,
17060000,2,01/09/2006,,1,1,746,530,636,1,30,1,1,1,0,0,746,737,728,719,714,704,693,688,686,675,668,664,661,654,644,638,628,621,612,604,592,587,581,572,564,556,549,543,536,530,,1,1,1,1,1,1,1,1,1,1,1,1,1,1,1,1,1,1,1,1,1,1,1,1,1,1,1,1,1,1,
17060000,1,01/09/2006,17:00,0,1,748,530,636,1,30,0,0,0,,0,744,735,726,719,712,704,694,688,684,672,666,664,660,651,642,636,626,618,611,602,590,587,578,570,562,553,548,542,536,530,,,,,,,,,,,,,,,,,,,,,,,,,,,,,,,,0
17060000,1,01/09/2006,07:00,0,1,748,530,636,1,30,0,0,0,,0,748,739,730,719,716,705,692,688,687,678,669,664,662,656,647,640,630,624,614,607,594,587,584,573,566,558,550,544,537,530,,,,,,,,,,,,,,,,,,,,,,,,,,,,,,,,0
17060000,1,01/09/2006,,1,1,748,530,636,1,30,0,0,0,,0,746,737,728,719,714,705,693,688,686,675,668,664,661,654,645,638,628,621,613,605,592,587,581,572,564,556,549,543,537,530,,,,,,,,,,,,,,,,,,,,,,,,,,,,,,,,0
17060000,2,01/08/2006,,1,1,920,754,844,1,31,1,1,1,0,0,920,914,910,905,897,894,891,886,879,875,871,866,864,862,856,850,846,840,833,831,822,812,804,803,794,785,786,778,770,762,754,1,1,1,1,1,1,1,1,1,1,1,1,1,1,1,1,1,1,1,1,1,1,1,1,1,1,1,1,1,1,1
17060000,1,01/08/2006,17:00,0,1,921,752,844,1,31,0,0,0,,0,918,913,909,905,896,894,890,884,878,875,870,866,864,862,855,850,844,838,832,830,820,810,804,803,793,782,784,776,768,760,752,,,,,,,,,,,,,,,,,,,,,,,,,,,,,,,
17060000,1,01/08/2006,07:00,0,1,921,752,844,1,31,0,0,0,,0,921,916,911,905,898,894,892,887,880,875,872,867,864,862,857,850,848,841,834,832,824,814,804,803,796,788,788,779,771,763,756,,,,,,,,,,,,,,,,,,,,,,,,,,,,,,,
17060000,1,01/08/2006,,1,1,921,752,844,1,31,0,0,0,,0,920,915,910,905,897,894,891,886,879,875,871,867,864,862,856,850,846,840,833,831,822,812,804,803,795,785,786,778,770,762,754,,,,,,,,,,,,,,,,,,,,,,,,,,,,,,,
17060000,2,01/07/2006,,1,1,1049,923,986,1,31,1,1,1,0,0,1049,1045,1039,1034,1028,1023,1018,1013,1008,1004,1001,998,996,996,991,987,985,980,977,973,974,963,958,954,951,944,940,938,935,930,923,1,1,1,1,1,1,1,1,1,1,1,1,1,1,1,1,1,1,1,1,1,1,1,1,1,1,1,1,1,1,1
17060000,1,01/07/2006,17:00,0,1,1050,922,986,1,31,0,0,0,,0,1048,1044,1038,1032,1027,1022,1017,1012,1007,1003,1001,997,996,996,990,986,986,980,976,972,968,962,957,954,950,943,940,938,934,930,922,,,,,,,,,,,,,,,,,,,,,,,,,,,,,,,
17060000,1,01/07/2006,07:00,0,1,1050,922,986,1,31,0,0,0,,0,1050,1046,1040,1035,1030,1024,1018,1014,1009,1005,1001,998,996,996,992,988,984,980,978,974,979,964,959,954,952,945,940,938,936,930,924,,,,,,,,,,,,,,,,,,,,,,,,,,,,,,,
17060000,1,01/07/2006,,1,1,1050,922,986,1,31,0,0,0,,0,1049,1045,1039,1034,1029,1023,1018,1013,1008,1004,1001,998,996,996,991,987,985,980,977,973,974,963,958,954,951,944,940,938,935,930,923,,,,,,,,,,,,,,,,,,,,,,,,,,,,,,,
17060000,2,01/06/2006,,1,1,1115,1054,1085,1,29,1,1,1,0,0,1115,1113,1113,1113,1108,1104,1098,1098,1095,1095,1095,1093,1090,1088,1088,1084,1084,1082,1082,1078,1078,1074,1068,1065,1062,1058,1058,1058,1054,1054,,1,1,1,1,1,1,1,1,1,1,1,1,1,1,1,1,1,1,1,1,1,1,1,1,1,1,1,1,1,1,
17060000,1,01/06/2006,,1,1,1115,1054,1085,1,29,0,0,0,,0,1115,1113,1113,1113,1109,1104,1098,1098,1095,1095,1095,1093,1090,1088,1088,1084,1084,1082,1082,1078,1078,1074,1068,1065,1062,1058,1058,1058,1054,1054,,1,1,1,1,1,1,1,1,1,1,1,1,1,1,1,1,1,1,1,1,1,1,1,1,1,1,1,1,1,1,0
17060000,2,01/05/2006,,1,1,1116,1057,1094,28,1,1,1,1,0,0,1057,1061,1063,1068,1070,1071,1073,1075,1075,1082,1084,1087,1088,1088,1093,1096,1104,1105,1107,1109,1110,1109,1113,1112,1111,1113,1113,1116,1116,1116,1116,1,1,1,1,1,1,1,1,1,1,1,1,1,1,1,1,1,1,1,1,1,1,1,1,1,1,1,1,1,1,1
17060000,1,01/05/2006,,1,1,1116,1057,1094,28,1,0,0,0,,0,1057,1061,1063,1068,1070,1071,1073,1075,1075,1082,1084,1087,1088,1089,1093,1097,1105,1105,1107,1109,1110,1109,1113,1112,1111,1113,1113,1116,1116,1116,1116,1,1,1,1,1,1,1,1,1,1,1,1,1,1,1,1,1,1,1,1,1,1,1,1,1,1,1,1,1,1,1
17060000,2,01/04/2006,,1,1,1055,996,1017,30,1,1,1,1,0,0,996,999,1003,1003,1004,1004,1004,1004,1004,1004,1004,1004,1005,1010,1010,1012,1016,1017,1020,1022,1025,1026,1032,1033,1036,1037,1037,1043,1050,1055,,1,1,1,1,1,1,1,1,1,1,1,1,1,1,1,1,1,1,1,1,1,1,1,1,1,1,1,1,1,1,
17060000,1,01/04/2006,,1,1,1055,995,1017,30,1,0,0,0,,0,996,999,1003,1003,1004,1004,1004,1004,1004,1004,1004,1004,1005,1010,1010,1012,1016,1017,1021,1023,1025,1026,1032,1033,1036,1037,1037,1043,1050,1055,,1,1,1,1,1,1,1,1,1,1,1,1,1,1,1,1,1,1,1,1,1,1,1,1,1,1,1,1,1,1,0
17060000,2,01/03/2006,,1,1,991,888,948,31,1,1,1,1,0,0,888,888,907,911,918,924,927,929,929,930,935,940,942,944,944,947,950,951,954,960,965,970,972,977,978,978,978,980,985,988,991,1,1,1,1,1,1,1,1,1,1,1,1,1,1,1,1,1,1,1,1,1,1,1,1,1,1,1,1,1,1,1
17060000,1,01/03/2006,,1,1,993,888,948,31,1,0,0,0,,0,888,888,907,911,918,924,927,929,929,930,935,940,942,944,944,947,950,951,954,960,965,971,973,977,978,978,978,980,985,988,992,1,1,1,1,1,1,1,1,1,1,1,1,1,1,1,1,1,1,1,1,1,1,1,1,1,1,1,1,1,1,1
17060000,2,01/02/2006,,1,1,884,754,819,28,1,1,1,1,0,0,754,762,767,773,780,785,787,791,794,800,803,805,807,813,820,827,831,834,839,842,851,857,859,862,862,868,872,884,,,,1,1,1,1,1,1,1,1,1,1,1,1,1,1,1,1,1,1,1,1,1,1,1,1,1,1,1,1,,,
17060000,1,01/02/2006,,1,1,884,754,819,28,1,0,0,0,,0,754,762,767,773,780,785,787,791,794,800,803,805,808,813,821,827,831,834,839,842,851,857,859,862,863,868,872,884,,,,1,1,1,1,1,1,1,1,1,1,1,1,1,1,1,1,1,1,1,1,1,1,1,1,1,1,1,1,0,0,0
17060000,2,01/01/2006,,1,1,750,564,668,31,1,1,1,1,0,0,564,568,572,578,597,601,610,617,620,629,638,644,655,662,673,683,688,692,703,707,712,715,717,721,727,728,732,732,738,742,750,1,1,1,1,1,1,1,1,1,1,1,1,1,1,1,1,1,1,1,1,1,1,1,1,1,1,1,1,1,1,1
17060000,1,01/01/2006,,1,1,750,564,668,31,1,0,0,0,,0,564,568,572,578,597,601,610,617,621,629,638,644,655,662,673,683,688,692,703,707,712,715,717,721,727,728,732,732,738,742,750,1,1,1,1,1,1,1,1,1,1,1,1,1,1,1,1,1,1,1,1,1,1,1,1,1,1,1,1,1,1,1
17060000,2,01/12/2005,,1,1,564,408,484,31,1,1,1,1,0,0,408,410,413,428,432,438,442,445,451,455,460,464,466,469,473,482,485,488,495,503,507,511,518,522,532,538,541,549,557,560,564,1,1,1,1,1,1,1,1,1,1,1,1,1,1,1,1,1,1,1,1,1,1,1,1,1,1,1,1,1,1,1
17060000,1,01/12/2005,,1,1,564,408,484,31,1,0,0,0,,0,408,410,413,428,432,438,442,445,451,455,460,464,466,469,473,482,485,488,495,503,507,511,518,523,532,538,541,549,557,560,564,1,1,1,1,1,1,1,1,1,1,1,1,1,1,1,1,1,1,1,1,1,1,1,1,1,1,1,1,1,1,1
17060000,2,01/11/2005,,1,1,408,402,404,30,17,1,1,1,0,0,405,405,405,405,405,405,405,405,405,406,406,406,406,404,405,404,402,402,402,402,402,402,402,402,404,404,404,404,406,408,,1,1,1,1,1,1,1,1,1,1,1,1,1,1,1,1,1,1,1,1,1,1,1,1,1,1,1,1,1,1,
17060000,1,01/11/2005,,1,1,408,402,404,30,17,0,0,0,,0,405,405,405,405,405,405,405,405,405,406,406,406,406,404,405,404,402,402,402,402,402,402,402,402,404,404,404,404,406,408,,1,1,1,1,1,1,1,1,1,1,1,1,1,1,1,1,1,1,1,1,1,1,1,1,1,1,1,1,1,1,0
17060000,2,01/10/2005,,1,1,420,404,409,7,22,1,1,1,0,0,419,417,417,417,416,416,420,414,410,410,408,408,410,410,408,408,408,407,407,405,405,404,405,405,405,405,405,405,405,405,405,1,1,1,1,1,1,1,1,1,1,1,1,1,1,1,1,1,1,1,1,1,1,1,1,1,1,1,1,1,1,1
17060000,1,01/10/2005,,1,1,423,404,409,7,22,0,0,0,,0,419,417,417,417,416,416,420,414,410,410,408,408,410,410,408,408,408,407,407,405,405,405,405,405,405,405,405,405,405,405,405,1,1,1,1,1,1,1,1,1,1,1,1,1,1,1,1,1,1,1,1,1,1,1,1,1,1,1,1,1,1,1
17060000,2,01/09/2005,,1,1,612,420,512,1,30,1,1,1,0,0,612,600,592,584,580,578,574,572,565,560,554,549,543,533,521,508,494,476,474,466,460,458,454,452,448,444,441,432,426,420,,1,1,1,1,1,1,1,1,1,1,1,1,1,1,1,1,1,1,1,1,1,1,1,1,1,1,1,1,1,1,
17060000,1,01/09/2005,,1,1,614,419,512,1,30,0,0,0,,0,612,601,592,584,581,578,574,572,565,561,555,549,543,533,521,509,494,476,474,466,460,458,454,452,448,444,441,432,426,421,,1,1,1,1,1,1,1,1,1,1,1,1,1,1,1,1,1,1,1,1,1,1,1,1,1,1,1,1,1,1,0
17060000,2,01/08/2005,,1,1,832,628,741,1,31,1,1,1,0,0,832,826,824,818,813,810,804,794,781,778,772,767,762,756,748,746,740,736,730,722,714,705,701,698,682,674,664,652,646,638,628,1,1,1,1,1,1,1,1,1,1,1,1,1,1,1,1,1,1,1,1,1,1,1,1,1,1,1,1,1,1,1
17060000,1,01/08/2005,,1,1,834,625,741,1,31,0,0,0,,0,832,826,824,819,813,811,804,794,781,779,773,767,762,756,749,746,741,736,731,722,714,705,701,698,682,674,664,653,646,639,628,1,1,1,1,1,1,1,1,1,1,1,1,1,1,1,1,1,1,1,1,1,1,1,1,1,1,1,1,1,1,1
17060000,2,01/07/2005,,1,1,938,840,891,1,31,1,1,1,0,0,938,938,932,928,922,918,914,913,910,910,908,904,904,902,898,892,888,886,885,880,879,876,872,867,863,860,857,852,848,844,840,1,1,1,1,1,1,1,1,1,1,1,1,1,1,1,1,1,1,1,1,1,1,1,1,1,1,1,1,1,1,1
17060000,1,01/07/2005,,1,1,938,839,891,1,31,0,0,0,,0,938,938,932,928,922,918,914,913,910,910,908,904,904,902,898,892,888,886,885,880,879,876,872,867,863,860,858,852,848,844,840,1,1,1,1,1,1,1,1,1,1,1,1,1,1,1,1,1,1,1,1,1,1,1,1,1,1,1,1,1,1,1
17060000,2,01/06/2005,,1,1,1006,938,972,1,29,1,1,1,0,0,1006,1004,1002,996,992,990,988,988,988,986,985,980,979,977,975,972,969,969,965,962,960,956,952,952,951,949,943,943,938,938,,1,1,1,1,1,1,1,1,1,1,1,1,1,1,1,1,1,1,1,1,1,1,1,1,1,1,1,1,1,1,
17060000,1,01/06/2005,,1,1,1006,938,972,1,27,0,0,0,,0,1006,1004,1002,996,992,990,988,988,988,987,985,980,979,977,975,973,969,969,965,962,960,956,952,952,951,950,943,943,938,938,,1,1,1,1,1,1,1,1,1,1,1,1,1,1,1,1,1,1,1,1,1,1,1,1,1,1,1,1,1,1,0
17060000,2,01/05/2005,,1,1,1021,982,1006,20,1,1,1,1,0,0,982,986,988,988,990,992,995,998,1003,1007,1009,1010,1014,1014,1014,1015,1016,1017,1019,1021,1015,1014,1012,1008,1008,1008,1008,1008,1008,1008,1008,1,1,1,1,1,1,1,1,1,1,1,1,1,1,1,1,1,1,1,1,1,1,1,1,1,1,1,1,1,1,1
17060000,1,01/05/2005,,1,1,1021,982,1006,20,1,0,0,0,,0,982,986,988,988,990,992,995,998,1003,1007,1009,1010,1014,1014,1015,1015,1016,1017,1019,1021,1015,1014,1012,1008,1008,1008,1008,1008,1008,1008,1008,1,1,1,1,1,1,1,1,1,1,1,1,1,1,1,1,1,1,1,1,1,1,1,1,1,1,1,1,1,1,1
17060000,2,01/04/2005,,1,1,982,939,967,30,1,1,1,1,0,0,939,941,944,946,950,950,953,957,963,966,968,970,972,973,974,975,978,978,978,974,974,974,974,974,974,976,976,976,979,982,,1,1,1,1,1,1,1,1,1,1,1,1,1,1,1,1,1,1,1,1,1,1,1,1,1,1,1,1,1,1,
17060000,1,01/04/2005,,1,1,982,938,967,30,1,0,0,0,,0,939,941,945,946,950,950,953,957,963,966,968,970,972,973,974,975,978,978,978,974,974,974,974,974,974,976,976,976,979,982,,1,1,1,1,1,1,1,1,1,1,1,1,1,1,1,1,1,1,1,1,1,1,1,1,1,1,1,1,1,1,0
17060000,2,01/03/2005,,1,1,934,760,852,31,1,1,1,1,0,0,760,767,769,777,785,790,796,799,811,814,820,826,835,844,848,855,868,875,880,880,882,886,904,910,910,910,913,918,922,930,934,1,1,1,1,1,1,1,1,1,1,1,1,1,1,1,1,1,1,1,1,1,1,1,1,1,1,1,1,1,1,1
17060000,1,01/03/2005,,1,1,934,757,852,31,1,0,0,0,,0,760,767,769,777,785,790,796,799,811,814,820,826,835,844,848,855,868,875,880,880,882,886,905,910,910,910,913,918,923,930,934,1,1,1,1,1,1,1,1,1,1,1,1,1,1,1,1,1,1,1,1,1,1,1,1,1,1,1,1,1,1,1
17060000,2,01/02/2005,,1,1,750,654,698,28,1,1,1,1,0,0,654,658,666,672,669,669,672,674,677,684,689,692,696,700,706,710,710,710,709,704,708,714,715,719,726,735,742,750,,,,1,1,1,1,1,1,1,1,1,1,1,1,1,1,1,1,1,1,1,1,1,1,1,1,1,1,1,1,,,
17060000,1,01/02/2005,,1,1,751,654,697,28,1,0,0,0,,0,654,658,666,672,669,669,673,674,677,684,689,692,697,701,706,710,710,710,709,704,708,714,715,719,726,735,742,750,,,,1,1,1,1,1,1,1,1,1,1,1,1,1,1,1,1,1,1,1,1,1,1,1,1,1,1,1,1,0,0,0
17060000,2,01/01/2005,,1,1,652,574,618,31,1,1,1,1,0,0,574,576,580,582,586,591,594,594,597,602,608,615,618,622,628,634,635,638,638,636,634,634,632,631,630,631,634,638,640,649,652,1,1,1,1,1,1,1,1,1,1,1,1,1,1,1,1,1,1,1,1,1,1,1,1,1,1,1,1,1,1,1
17060000,1,01/01/2005,,1,1,652,574,618,31,1,0,0,0,,0,574,576,580,582,586,591,594,594,597,602,609,615,618,623,628,634,635,638,638,636,634,634,632,631,630,631,634,638,641,649,652,1,1,1,1,1,1,1,1,1,1,1,1,1,1,1,1,1,1,1,1,1,1,1,1,1,1,1,1,1,1,1
17060000,2,01/12/2004,,1,1,567,488,524,31,1,1,1,1,0,0,488,488,489,491,493,494,495,498,500,504,504,513,516,520,525,531,534,538,538,538,538,540,541,544,546,549,552,556,563,566,567,1,1,1,1,1,1,1,1,1,1,1,1,1,1,1,1,1,1,1,1,1,1,1,1,1,1,1,1,1,1,1
17060000,1,01/12/2004,,1,1,567,488,524,30,1,0,0,0,,0,488,488,489,491,493,494,495,498,500,504,504,513,516,520,525,531,534,538,538,538,538,540,541,545,546,549,552,556,563,567,567,1,1,1,1,1,1,1,1,1,1,1,1,1,1,1,1,1,1,1,1,1,1,1,1,1,1,1,1,1,1,1
17060000,2,01/11/2004,,1,1,511,480,492,1,26,1,1,1,0,0,511,508,506,503,498,498,495,492,490,489,490,489,487,485,484,484,494,504,492,494,490,489,486,484,482,480,486,488,488,488,,1,1,1,1,1,1,1,1,1,1,1,1,1,1,1,1,1,1,1,1,1,1,1,1,1,1,1,1,1,1,
17060000,1,01/11/2004,,1,1,511,480,492,1,26,0,0,0,,0,511,508,506,503,498,498,495,492,490,489,490,490,487,485,484,484,495,504,492,494,490,489,486,484,482,480,486,488,488,488,,1,1,1,1,1,1,1,1,1,1,1,1,1,1,1,1,1,1,1,1,1,1,1,1,1,1,1,1,1,1,0
17060000,2,01/10/2004,,1,1,612,511,552,1,30,1,1,1,0,0,612,604,596,590,587,587,578,578,569,564,563,559,558,558,557,551,548,546,543,539,532,528,523,526,516,514,520,518,514,511,511,1,1,1,1,1,1,1,1,1,1,1,1,1,1,1,1,1,1,1,1,1,1,1,1,1,1,1,1,1,1,1
17060000,1,01/10/2004,07:00,0,1,613,510,552,1,30,0,0,0,,0,613,605,598,592,587,587,578,578,572,564,564,560,558,558,558,552,549,546,544,540,534,529,523,529,517,512,520,518,516,510,511,1,1,1,1,1,1,1,1,1,1,1,1,1,1,1,1,1,1,1,1,1,1,1,1,1,1,1,1,1,1,1
17060000,1,01/10/2004,17:00,0,1,613,510,552,1,30,0,0,0,,0,610,603,594,587,587,587,578,578,566,564,562,558,558,558,556,550,547,545,542,538,531,526,523,523,515,517,519,518,512,511,511,1,1,1,1,1,1,1,1,1,1,1,1,1,1,1,1,1,1,1,1,1,1,1,1,1,1,1,1,1,1,1
17060000,1,01/10/2004,,1,1,613,510,552,1,30,0,0,0,,0,612,604,596,590,587,587,578,578,569,564,563,559,558,558,557,551,548,546,543,539,533,528,523,526,516,515,520,518,514,511,511,1,1,1,1,1,1,1,1,1,1,1,1,1,1,1,1,1,1,1,1,1,1,1,1,1,1,1,1,1,1,1
17060000,2,01/09/2004,,1,1,744,616,679,1,28,1,1,1,0,0,744,744,741,739,733,728,723,716,710,703,697,694,686,683,681,676,670,668,664,657,653,651,646,638,634,632,625,616,616,616,,1,1,1,1,1,1,1,1,1,1,1,1,1,1,1,1,1,1,1,1,1,1,1,1,1,1,1,1,1,1,
17060000,1,01/09/2004,07:00,0,1,744,615,679,1,30,0,0,0,,0,744,744,742,740,736,730,724,718,712,704,698,696,689,684,682,678,670,668,666,659,654,652,648,640,635,634,628,616,616,616,,1,1,1,1,1,1,1,1,1,1,1,1,1,1,1,1,1,1,1,1,1,1,1,1,1,1,1,1,1,1,0
17060000,1,01/09/2004,17:00,0,1,744,615,679,1,30,0,0,0,,0,744,743,740,738,730,726,722,714,708,702,696,693,682,682,680,674,669,667,662,655,652,650,644,637,634,630,622,616,616,615,,1,1,1,1,1,1,1,1,1,1,1,1,1,1,1,1,1,1,1,1,1,1,1,1,1,1,1,1,1,1,0
17060000,1,01/09/2004,,1,1,744,615,679,1,30,0,0,0,,0,744,744,741,739,733,728,723,716,710,703,697,695,686,683,681,676,670,668,664,657,653,651,646,639,635,632,625,616,616,616,,1,1,1,1,1,1,1,1,1,1,1,1,1,1,1,1,1,1,1,1,1,1,1,1,1,1,1,1,1,1,0
17060000,2,01/08/2004,,1,1,831,749,793,1,31,1,1,1,0,0,831,829,829,829,826,822,818,815,814,807,803,800,796,794,794,792,790,788,788,788,786,782,777,776,774,769,762,756,753,750,749,1,1,1,1,1,1,1,1,1,1,1,1,1,1,1,1,1,1,1,1,1,1,1,1,1,1,1,1,1,1,1
17060000,1,01/08/2004,07:00,0,1,831,749,793,1,31,0,0,0,,0,831,829,829,829,827,824,819,816,814,810,804,801,796,795,794,793,790,788,788,788,786,784,778,776,775,770,765,757,754,750,749,1,1,1,1,1,1,1,1,1,1,1,1,1,1,1,1,1,1,1,1,1,1,1,1,1,1,1,1,1,1,1
17060000,1,01/08/2004,17:00,0,1,831,749,793,1,31,0,0,0,,0,831,829,829,829,826,820,817,815,814,805,802,798,795,794,793,792,790,788,788,788,785,780,776,776,773,768,760,754,752,750,749,1,1,1,1,1,1,1,1,1,1,1,1,1,1,1,1,1,1,1,1,1,1,1,1,1,1,1,1,1,1,1
17060000,1,01/08/2004,,1,1,831,749,793,1,31,0,0,0,,0,831,829,829,829,827,822,818,816,814,808,803,800,796,795,794,793,790,788,788,788,786,782,777,776,774,769,763,756,753,750,749,1,1,1,1,1,1,1,1,1,1,1,1,1,1,1,1,1,1,1,1,1,1,1,1,1,1,1,1,1,1,1
17060000,2,01/07/2004,,1,1,898,832,865,1,31,1,1,1,0,0,898,895,892,891,890,888,888,886,884,882,880,867,866,866,866,864,862,858,856,856,854,853,850,850,847,844,841,840,837,835,832,1,1,1,1,1,1,1,1,1,1,1,1,1,1,1,1,1,1,1,1,1,1,1,1,1,1,1,1,1,1,1
17060000,1,01/07/2004,07:00,0,1,898,831,865,1,31,0,0,0,,0,898,895,892,891,890,888,888,886,886,882,880,868,866,866,866,864,863,858,856,856,854,853,850,850,847,844,842,841,837,835,833,1,1,1,1,1,1,1,1,1,1,1,1,1,1,1,1,1,1,1,1,1,1,1,1,1,1,1,1,1,1,1
17060000,1,01/07/2004,17:00,0,1,898,831,865,1,31,0,0,0,,0,898,895,892,891,890,888,888,886,882,882,880,866,866,866,866,864,860,858,856,856,854,853,850,850,847,844,841,839,837,834,831,1,1,1,1,1,1,1,1,1,1,1,1,1,1,1,1,1,1,1,1,1,1,1,1,1,1,1,1,1,1,1
17060000,1,01/07/2004,,1,1,898,831,865,1,31,0,0,0,,0,898,895,892,891,890,888,888,886,884,882,880,867,866,866,866,864,862,858,856,856,854,853,850,850,847,844,842,840,837,835,832,1,1,1,1,1,1,1,1,1,1,1,1,1,1,1,1,1,1,1,1,1,1,1,1,1,1,1,1,1,1,1
17060000,2,01/06/2004,,1,1,936,901,920,10,28,1,1,1,0,0,934,931,929,929,931,930,932,932,934,936,932,929,928,924,922,918,917,915,914,914,914,912,909,909,906,904,902,901,901,901,,1,1,1,1,1,1,1,1,1,1,1,1,1,1,1,1,1,1,1,1,1,1,1,1,1,1,1,1,1,1,
17060000,1,01/06/2004,07:00,0,1,936,901,920,10,28,0,0,0,,0,934,932,929,929,931,930,932,932,934,936,933,929,928,924,922,918,918,914,914,914,914,912,909,908,906,904,902,901,901,901,,1,1,1,1,1,1,1,1,1,1,1,1,1,1,1,1,1,1,1,1,1,1,1,1,1,1,1,1,1,1,0
17060000,1,01/06/2004,17:00,0,1,936,901,920,10,28,0,0,0,,0,934,930,929,929,931,930,932,932,934,936,932,929,927,924,922,918,916,916,914,914,914,911,909,909,906,904,902,901,901,901,,1,1,1,1,1,1,1,1,1,1,1,1,1,1,1,1,1,1,1,1,1,1,1,1,1,1,1,1,1,1,0
17060000,1,01/06/2004,,1,1,936,901,920,10,28,0,0,0,,0,934,931,929,929,931,930,932,932,934,936,933,929,928,924,922,918,917,915,914,914,914,912,909,909,906,904,902,901,901,901,,1,1,1,1,1,1,1,1,1,1,1,1,1,1,1,1,1,1,1,1,1,1,1,1,1,1,1,1,1,1,0
17060000,2,01/05/2004,,1,1,952,922,941,12,1,1,1,1,0,0,922,924,925,927,931,933,936,945,948,949,950,952,952,950,950,948,948,948,948,948,948,948,946,946,943,940,940,938,936,932,934,1,1,1,1,1,1,1,1,1,1,1,1,1,1,1,1,1,1,1,1,1,1,1,1,1,1,1,1,1,1,1
17060000,1,01/05/2004,07:00,0,1,952,922,941,12,1,0,0,0,,0,922,923,925,927,930,932,936,944,948,949,950,952,952,950,950,948,948,947,948,948,948,947,946,946,943,940,940,938,936,930,934,1,1,1,1,1,1,1,1,1,1,1,1,1,1,1,1,1,1,1,1,1,1,1,1,1,1,1,1,1,1,1
17060000,1,01/05/2004,17:00,0,1,952,922,941,12,1,0,0,0,,0,922,924,925,927,932,934,937,946,948,950,950,952,952,950,950,948,948,948,948,948,948,948,946,946,942,940,940,938,936,934,934,1,1,1,1,1,1,1,1,1,1,1,1,1,1,1,1,1,1,1,1,1,1,1,1,1,1,1,1,1,1,1
17060000,1,01/05/2004,,1,1,952,922,941,12,1,0,0,0,,0,922,924,925,927,931,933,937,945,948,950,950,952,952,950,950,948,948,948,948,948,948,948,946,946,943,940,940,938,936,932,934,1,1,1,1,1,1,1,1,1,1,1,1,1,1,1,1,1,1,1,1,1,1,1,1,1,1,1,1,1,1,1
17060000,2,01/04/2004,,1,1,921,867,902,26,1,1,1,1,0,0,867,870,872,875,880,888,890,890,894,898,900,900,901,903,909,907,906,908,910,910,911,915,916,918,920,921,921,921,921,921,,1,1,1,1,1,1,1,1,1,1,1,1,1,1,1,1,1,1,1,1,1,1,1,1,1,1,1,1,1,1,
17060000,1,01/04/2004,07:00,0,1,921,866,902,26,1,0,0,0,,0,866,870,872,874,880,886,890,890,892,898,900,900,901,901,910,907,906,908,910,910,910,914,916,918,920,921,921,921,921,921,,1,1,1,1,1,1,1,1,1,1,1,1,1,1,1,1,1,1,1,1,1,1,1,1,1,1,1,1,1,1,0
17060000,1,01/04/2004,17:00,0,1,921,866,902,26,1,0,0,0,,0,868,870,872,876,880,890,890,891,896,898,900,900,901,905,908,907,907,908,910,910,912,916,916,918,920,921,921,921,921,921,,1,1,1,1,1,1,1,1,1,1,1,1,1,1,1,1,1,1,1,1,1,1,1,1,1,1,1,1,1,1,0
17060000,1,01/04/2004,,1,1,921,866,902,26,1,0,0,0,,0,867,870,872,875,880,888,890,891,894,898,900,900,901,903,909,907,907,908,910,910,911,915,916,918,920,921,921,921,921,921,,1,1,1,1,1,1,1,1,1,1,1,1,1,1,1,1,1,1,1,1,1,1,1,1,1,1,1,1,1,1,0
17060000,2,01/03/2004,,1,1,864,768,812,31,1,1,1,1,0,0,768,768,768,768,769,774,778,785,785,795,798,804,807,810,812,814,815,818,820,822,824,828,834,837,841,847,853,857,861,862,864,1,1,1,1,1,1,1,1,1,1,1,1,1,1,1,1,1,1,1,1,1,1,1,1,1,1,1,1,1,1,1
17060000,1,01/03/2004,07:00,0,1,864,768,812,31,1,0,0,0,,0,768,768,768,768,768,773,778,785,785,794,798,803,807,809,812,813,815,816,820,822,824,828,833,836,840,846,852,856,861,861,864,1,1,1,1,1,1,1,1,1,1,1,1,1,1,1,1,1,1,1,1,1,1,1,1,1,1,1,1,1,1,1
17060000,1,01/03/2004,17:00,0,1,864,768,812,31,1,0,0,0,,0,768,768,768,768,770,776,778,785,785,796,799,805,808,810,813,814,815,819,820,823,824,828,834,838,842,848,854,858,861,862,864,1,1,1,1,1,1,1,1,1,1,1,1,1,1,1,1,1,1,1,1,1,1,1,1,1,1,1,1,1,1,1
17060000,1,01/03/2004,,1,1,864,768,812,31,1,0,0,0,,0,768,768,768,768,769,775,778,785,785,795,799,804,808,810,813,814,815,818,820,823,824,828,834,837,841,847,853,857,861,862,864,1,1,1,1,1,1,1,1,1,1,1,1,1,1,1,1,1,1,1,1,1,1,1,1,1,1,1,1,1,1,1
17060000,2,01/02/2004,,1,1,767,683,727,28,1,1,1,1,0,0,683,686,687,690,696,702,702,704,708,714,719,718,722,725,728,728,729,729,735,740,745,749,752,756,760,762,766,767,767,,,1,1,1,1,1,1,1,1,1,1,1,1,1,1,1,1,1,1,1,1,1,1,1,1,1,1,1,1,1,,
17060000,1,01/02/2004,07:00,0,1,767,682,726,27,1,0,0,0,,0,682,686,687,689,694,702,702,704,708,714,719,718,721,726,728,728,729,729,733,739,744,749,751,756,759,761,766,767,767,,,1,1,1,1,1,1,1,1,1,1,1,1,1,1,1,1,1,1,1,1,1,1,1,1,1,1,1,1,1,0,0
17060000,1,01/02/2004,17:00,0,1,767,682,726,27,1,0,0,0,,0,684,686,687,690,697,702,702,704,708,713,719,719,722,724,728,729,729,729,737,742,746,749,753,756,760,762,767,767,767,,,1,1,1,1,1,1,1,1,1,1,1,1,1,1,1,1,1,1,1,1,1,1,1,1,1,1,1,1,1,0,0
17060000,1,01/02/2004,,1,1,767,682,726,27,1,0,0,0,,0,683,686,687,690,696,702,702,704,708,714,719,719,722,725,728,729,729,729,735,741,745,749,752,756,760,762,767,767,767,,,1,1,1,1,1,1,1,1,1,1,1,1,1,1,1,1,1,1,1,1,1,1,1,1,1,1,1,1,1,0,0
17060000,2,01/01/2004,,1,1,678,503,581,31,1,1,1,1,0,0,503,504,503,504,511,514,516,516,523,529,536,543,550,559,566,578,587,597,602,608,616,623,632,639,648,655,661,664,672,673,678,1,1,1,1,1,1,1,1,1,1,1,1,1,1,1,1,1,1,1,1,1,1,1,1,1,1,1,1,1,1,1
17060000,1,01/01/2004,07:00,0,1,680,502,581,31,2,0,0,0,,0,503,505,504,504,509,513,516,516,523,526,535,543,549,556,565,578,582,597,601,607,614,622,630,636,646,654,660,664,672,672,677,1,1,1,1,1,1,1,1,1,1,1,1,1,1,1,1,1,1,1,1,1,1,1,1,1,1,1,1,1,1,1
17060000,1,01/01/2004,17:00,0,1,680,502,581,31,2,0,0,0,,0,503,502,502,504,512,514,516,517,523,532,538,543,552,562,568,578,592,597,604,610,617,624,633,642,649,656,662,664,672,674,680,1,1,1,1,1,1,1,1,1,1,1,1,1,1,1,1,1,1,1,1,1,1,1,1,1,1,1,1,1,1,1
17060000,1,01/01/2004,,1,1,680,502,581,31,2,0,0,0,,0,503,504,503,504,511,514,516,517,523,529,537,543,551,559,567,578,587,597,603,609,616,623,632,639,648,655,661,664,672,673,679,1,1,1,1,1,1,1,1,1,1,1,1,1,1,1,1,1,1,1,1,1,1,1,1,1,1,1,1,1,1,1
17060000,2,01/12/2003,,1,1,514,490,497,30,3,1,1,1,0,0,496,493,490,490,497,496,496,494,492,490,492,492,492,490,492,493,496,497,494,496,499,498,498,498,501,502,505,509,513,514,508,1,1,1,1,1,1,1,1,1,1,1,1,1,1,1,1,1,1,1,1,1,1,1,1,1,1,1,1,1,1,1
17060000,1,01/12/2003,07:00,0,1,516,490,497,29,2,0,0,0,,0,496,496,490,490,497,497,496,497,492,490,492,492,494,490,492,495,496,497,495,495,499,498,498,498,501,502,502,508,516,514,508,1,1,1,1,1,1,1,1,1,1,1,1,1,1,1,1,1,1,1,1,1,1,1,1,1,1,1,1,1,1,1
17060000,1,01/12/2003,17:00,0,1,516,490,497,29,2,0,0,0,,0,496,490,490,490,497,496,496,492,492,491,492,492,490,490,492,492,496,497,493,498,498,498,498,498,501,502,508,510,510,514,508,1,1,1,1,1,1,1,1,1,1,1,1,1,1,1,1,1,1,1,1,1,1,1,1,1,1,1,1,1,1,1
17060000,1,01/12/2003,,1,1,516,490,497,29,2,0,0,0,,0,496,493,490,490,497,497,496,495,492,491,492,492,492,490,492,494,496,497,494,497,499,498,498,498,501,502,505,509,513,514,508,1,1,1,1,1,1,1,1,1,1,1,1,1,1,1,1,1,1,1,1,1,1,1,1,1,1,1,1,1,1,1
17060000,2,01/11/2003,,1,1,500,470,483,27,18,1,1,1,0,0,497,491,484,481,479,482,480,478,482,480,480,483,492,480,480,478,474,470,472,473,481,474,478,480,482,487,500,494,496,495,,1,1,1,1,1,1,1,1,1,1,1,1,1,1,1,1,1,1,1,1,1,1,1,1,1,1,1,1,1,1,
17060000,1,01/11/2003,07:00,0,1,502,470,483,27,18,0,0,0,,0,498,492,484,482,478,482,483,476,483,480,480,483,492,480,480,480,474,470,472,470,482,474,479,480,480,483,502,495,496,495,,1,1,1,1,1,1,1,1,1,1,1,1,1,1,1,1,1,1,1,1,1,1,1,1,1,1,1,1,1,1,0
17060000,1,01/11/2003,17:00,0,1,502,470,483,27,18,0,0,0,,0,496,490,484,480,480,482,478,480,480,480,480,483,492,480,480,476,473,470,472,476,480,475,477,480,483,491,497,494,495,495,,1,1,1,1,1,1,1,1,1,1,1,1,1,1,1,1,1,1,1,1,1,1,1,1,1,1,1,1,1,1,0
17060000,1,01/11/2003,,1,1,502,470,483,27,18,0,0,0,,0,497,491,484,481,479,482,481,478,482,480,480,483,492,480,480,478,474,470,472,473,481,475,478,480,482,487,500,495,496,495,,1,1,1,1,1,1,1,1,1,1,1,1,1,1,1,1,1,1,1,1,1,1,1,1,1,1,1,1,1,1,0
17060000,2,01/10/2003,,1,1,659,497,559,1,31,1,1,1,0,0,659,654,649,634,625,624,620,608,599,592,583,578,568,561,556,544,534,532,527,520,512,508,509,509,508,504,503,510,507,504,497,1,1,1,1,1,1,1,1,1,1,1,1,1,1,1,1,1,1,1,1,1,1,1,1,1,1,1,1,1,1,1
17060000,1,01/10/2003,07:00,0,1,659,497,559,1,31,0,0,0,,0,659,655,650,641,625,624,622,610,602,594,586,580,570,562,559,546,534,534,529,522,515,509,509,509,509,506,503,510,510,506,497,1,1,1,1,1,1,1,1,1,1,1,1,1,1,1,1,1,1,1,1,1,1,1,1,1,1,1,1,1,1,1
17060000,1,01/10/2003,17:00,0,1,659,497,559,1,31,0,0,0,,0,659,653,648,628,625,623,618,606,596,590,580,575,566,560,553,542,534,530,525,518,510,508,509,509,508,502,502,510,503,502,498,1,1,1,1,1,1,1,1,1,1,1,1,1,1,1,1,1,1,1,1,1,1,1,1,1,1,1,1,1,1,1
17060000,1,01/10/2003,,1,1,659,497,559,1,31,0,0,0,,0,659,654,649,635,625,624,620,608,599,592,583,578,568,561,556,544,534,532,527,520,513,509,509,509,509,504,503,510,507,504,498,1,1,1,1,1,1,1,1,1,1,1,1,1,1,1,1,1,1,1,1,1,1,1,1,1,1,1,1,1,1,1
17060000,2,01/09/2003,,1,1,822,666,749,1,30,1,1,1,0,0,822,819,814,812,810,804,795,788,782,780,776,772,770,764,759,752,750,744,734,728,722,713,705,699,692,684,680,674,671,666,,1,1,1,1,1,1,1,1,1,1,1,1,1,1,1,1,1,1,1,1,1,1,1,1,1,1,1,1,1,1,
17060000,1,01/09/2003,07:00,0,1,823,664,749,1,30,0,0,0,,0,823,821,814,813,810,806,797,790,783,780,778,772,769,766,760,752,750,747,737,730,723,715,707,700,694,685,682,675,672,668,,1,1,1,1,1,1,1,1,1,1,1,1,1,1,1,1,1,1,1,1,1,1,1,1,1,1,1,1,1,1,0
17060000,1,01/09/2003,17:00,0,1,823,664,749,1,30,0,0,0,,0,822,817,814,811,809,803,793,786,781,780,773,771,770,763,758,752,749,742,732,726,720,711,703,698,690,684,678,674,670,664,,1,1,1,1,1,1,1,1,1,1,1,1,1,1,1,1,1,1,1,1,1,1,1,1,1,1,1,1,1,1,0
17060000,1,01/09/2003,,1,1,823,664,749,1,30,0,0,0,,0,823,819,814,812,810,805,795,788,782,780,776,772,770,765,759,752,750,745,735,728,722,713,705,699,692,685,680,675,671,666,,1,1,1,1,1,1,1,1,1,1,1,1,1,1,1,1,1,1,1,1,1,1,1,1,1,1,1,1,1,1,0
17060000,2,01/08/2003,,1,1,901,824,867,1,30,1,1,1,0,0,901,899,898,897,897,894,892,888,885,884,882,882,882,878,878,875,866,868,862,860,857,856,850,846,838,835,831,830,827,824,824,1,1,1,1,1,1,1,1,1,1,1,1,1,1,1,1,1,1,1,1,1,1,1,1,1,1,1,1,1,1,1
17060000,1,01/08/2003,07:00,0,1,901,823,867,1,31,0,0,0,,0,901,899,898,898,897,894,894,890,886,884,882,882,882,878,878,876,872,868,864,860,858,857,852,846,840,836,832,830,829,825,824,1,1,1,1,1,1,1,1,1,1,1,1,1,1,1,1,1,1,1,1,1,1,1,1,1,1,1,1,1,1,1
17060000,1,01/08/2003,17:00,0,1,901,823,867,1,31,0,0,0,,0,901,899,898,896,897,894,890,886,884,884,882,882,882,878,878,874,860,868,860,860,857,856,848,846,836,834,830,830,825,824,823,1,1,1,1,1,1,1,1,1,1,1,1,1,1,1,1,1,1,1,1,1,1,1,1,1,1,1,1,1,1,1
17060000,1,01/08/2003,,1,1,901,823,867,1,31,0,0,0,,0,901,899,898,897,897,894,892,888,885,884,882,882,882,878,878,875,866,868,862,860,858,857,850,846,838,835,831,830,827,825,824,1,1,1,1,1,1,1,1,1,1,1,1,1,1,1,1,1,1,1,1,1,1,1,1,1,1,1,1,1,1,1
17060000,2,01/07/2003,,1,1,953,902,931,1,31,1,1,1,0,0,953,952,950,950,948,944,944,944,942,942,940,940,938,938,936,933,933,932,930,927,923,920,920,917,914,912,913,909,909,907,902,1,1,1,1,1,1,1,1,1,1,1,1,1,1,1,1,1,1,1,1,1,1,1,1,1,1,1,1,1,1,1
17060000,1,01/07/2003,17:00,0,1,953,902,931,1,31,0,0,0,,0,953,952,950,950,947,944,944,944,942,942,940,940,938,938,936,933,933,931,929,926,923,920,920,916,913,910,912,909,909,907,902,1,1,1,1,1,1,1,1,1,1,1,1,1,1,1,1,1,1,1,1,1,1,1,1,1,1,1,1,1,1,1
17060000,1,01/07/2003,07:00,0,1,953,902,931,1,31,0,0,0,,0,953,952,950,950,949,944,944,944,942,942,940,940,938,938,936,933,933,933,931,928,923,920,920,918,914,913,913,909,909,907,902,1,1,1,1,1,1,1,1,1,1,1,1,1,1,1,1,1,1,1,1,1,1,1,1,1,1,1,1,1,1,1
17060000,1,01/07/2003,,1,1,953,902,931,1,31,0,0,0,,0,953,952,950,950,948,944,944,944,942,942,940,940,938,938,936,933,933,932,930,927,923,920,920,917,914,912,913,909,909,907,902,1,1,1,1,1,1,1,1,1,1,1,1,1,1,1,1,1,1,1,1,1,1,1,1,1,1,1,1,1,1,1
17060000,2,01/05/2003,,1,1,960,934,952,21,1,1,1,1,0,0,934,940,940,942,948,950,951,951,950,949,949,949,950,950,951,951,952,954,957,959,960,960,960,960,956,952,954,954,956,956,956,1,1,1,1,1,1,1,1,1,1,1,1,1,1,1,1,1,1,1,1,1,1,1,1,1,1,1,1,1,1,1
17060000,1,01/05/2003,17:00,0,1,960,934,952,21,1,0,0,0,,0,934,940,940,943,948,950,951,950,950,949,949,949,950,950,951,951,952,955,957,959,960,960,960,960,954,952,954,954,956,956,956,1,1,1,1,1,1,1,1,1,1,1,1,1,1,1,1,1,1,1,1,1,1,1,1,1,1,1,1,1,1,1
17060000,1,01/05/2003,07:00,0,1,960,934,952,21,1,0,0,0,,0,934,940,940,940,947,950,951,951,950,949,949,949,950,950,951,951,951,953,957,959,960,960,960,960,958,952,954,954,956,956,956,1,1,1,1,1,1,1,1,1,1,1,1,1,1,1,1,1,1,1,1,1,1,1,1,1,1,1,1,1,1,1
17060000,1,01/05/2003,,1,1,960,934,952,21,1,0,0,0,,0,934,940,940,942,948,950,951,951,950,949,949,949,950,950,951,951,952,954,957,959,960,960,960,960,956,952,954,954,956,956,956,1,1,1,1,1,1,1,1,1,1,1,1,1,1,1,1,1,1,1,1,1,1,1,1,1,1,1,1,1,1,1
17060000,2,01/04/2003,,1,1,933,822,885,30,1,1,1,1,0,0,822,828,834,838,845,852,856,859,859,863,866,868,870,876,882,887,895,898,904,912,915,917,922,924,925,928,928,928,929,933,,1,1,1,1,1,1,1,1,1,1,1,1,1,1,1,1,1,1,1,1,1,1,1,1,1,1,1,1,1,1,
17060000,1,01/04/2003,17:00,0,1,934,820,885,30,1,0,0,0,,0,823,829,834,840,845,853,856,859,859,864,866,868,870,876,880,888,895,898,906,912,915,918,922,925,925,928,928,928,928,934,,1,1,1,1,1,1,1,1,1,1,1,1,1,1,1,1,1,1,1,1,1,1,1,1,1,1,1,1,1,1,0
17060000,1,01/04/2003,07:00,0,1,934,820,885,30,1,0,0,0,,0,820,827,834,836,845,850,856,859,859,861,866,867,870,876,883,886,895,898,902,911,915,915,922,923,925,928,928,928,930,931,,1,1,1,1,1,1,1,1,1,1,1,1,1,1,1,1,1,1,1,1,1,1,1,1,1,1,1,1,1,1,0
17060000,1,01/04/2003,,1,1,934,820,885,30,1,0,0,0,,0,822,828,834,838,845,852,856,859,859,863,866,868,870,876,882,887,895,898,904,912,915,917,922,924,925,928,928,928,929,933,,1,1,1,1,1,1,1,1,1,1,1,1,1,1,1,1,1,1,1,1,1,1,1,1,1,1,1,1,1,1,0
17060000,2,01/03/2003,,1,1,818,741,781,31,3,1,1,1,0,0,746,748,741,744,752,760,772,773,774,774,776,776,774,772,774,776,776,778,781,784,786,791,796,798,804,804,806,811,814,817,818,1,1,1,1,1,1,1,1,1,1,1,1,1,1,1,1,1,1,1,1,1,1,1,1,1,1,1,1,1,1,1
17060000,1,01/03/2003,17:00,0,1,818,741,780,31,3,0,0,0,,0,748,748,741,744,754,762,772,773,774,774,776,776,774,772,774,776,776,778,782,784,786,792,796,798,804,804,806,812,815,817,818,1,1,1,1,1,1,1,1,1,1,1,1,1,1,1,1,1,1,1,1,1,1,1,1,1,1,1,1,1,1,1
17060000,1,01/03/2003,07:00,0,1,818,741,780,31,3,0,0,0,,0,744,748,741,744,750,758,772,772,774,774,776,776,774,772,774,776,776,778,780,784,786,789,796,798,804,804,805,810,813,816,818,1,1,1,1,1,1,1,1,1,1,1,1,1,1,1,1,1,1,1,1,1,1,1,1,1,1,1,1,1,1,1
17060000,1,01/03/2003,,1,1,818,741,780,31,3,0,0,0,,0,746,748,741,744,752,760,772,773,774,774,776,776,774,772,774,776,776,778,781,784,786,791,796,798,804,804,806,811,814,817,818,1,1,1,1,1,1,1,1,1,1,1,1,1,1,1,1,1,1,1,1,1,1,1,1,1,1,1,1,1,1,1
17060000,2,01/02/2003,,1,1,744,670,710,28,1,1,1,1,0,0,670,677,683,685,688,689,693,696,698,698,698,698,698,699,707,709,713,716,721,728,731,736,737,739,740,740,742,744,,,,1,1,1,1,1,1,1,1,1,1,1,1,1,1,1,1,1,1,1,1,1,1,1,1,1,1,1,1,,,
17060000,1,01/02/2003,17:00,0,1,744,668,710,28,1,0,0,0,,0,672,678,684,686,688,690,693,696,698,698,698,698,698,699,707,710,713,716,722,728,731,736,737,739,740,740,742,744,,,,1,1,1,1,1,1,1,1,1,1,1,1,1,1,1,1,1,1,1,1,1,1,1,1,1,1,1,1,0,0,0
17060000,1,01/02/2003,07:00,0,1,744,668,710,28,1,0,0,0,,0,668,676,681,684,688,688,692,695,698,698,698,698,698,698,707,707,712,715,720,727,730,736,736,738,739,740,742,744,,,,1,1,1,1,1,1,1,1,1,1,1,1,1,1,1,1,1,1,1,1,1,1,1,1,1,1,1,1,0,0,0
17060000,1,01/02/2003,,1,1,744,668,710,28,1,0,0,0,,0,670,677,683,685,688,689,693,696,698,698,698,698,698,699,707,709,713,716,721,728,731,736,737,739,740,740,742,744,,,,1,1,1,1,1,1,1,1,1,1,1,1,1,1,1,1,1,1,1,1,1,1,1,1,1,1,1,1,0,0,0
17060000,2,01/01/2003,,1,1,666,597,635,31,1,1,1,1,0,0,597,606,604,610,615,618,619,622,627,625,626,628,628,628,630,633,637,639,640,641,646,646,648,650,652,652,654,658,661,664,666,1,1,1,1,1,1,1,1,1,1,1,1,1,1,1,1,1,1,1,1,1,1,1,1,1,1,1,1,1,1,1
17060000,1,01/01/2003,07:00,0,1,666,596,634,31,1,0,0,0,,0,596,607,604,610,614,618,618,621,628,625,626,628,628,627,630,632,636,638,640,641,648,645,648,650,652,652,653,657,660,664,665,1,1,1,1,1,1,1,1,1,1,1,1,1,1,1,1,1,1,1,1,1,1,1,1,1,1,1,1,1,1,1
17060000,1,01/01/2003,17:00,0,1,666,596,634,31,1,0,0,0,,0,598,605,604,610,616,618,619,623,626,625,626,628,627,629,630,634,638,639,640,641,644,646,648,650,652,652,654,658,661,664,666,1,1,1,1,1,1,1,1,1,1,1,1,1,1,1,1,1,1,1,1,1,1,1,1,1,1,1,1,1,1,1
17060000,1,01/01/2003,,1,1,666,596,634,31,1,0,0,0,,0,597,606,604,610,615,618,619,622,627,625,626,628,628,628,630,633,637,639,640,641,646,646,648,650,652,652,654,658,661,664,666,1,1,1,1,1,1,1,1,1,1,1,1,1,1,1,1,1,1,1,1,1,1,1,1,1,1,1,1,1,1,1
17060000,2,01/12/2002,,1,1,590,489,537,31,1,1,1,1,0,0,489,491,496,500,502,508,510,510,514,522,521,526,527,529,532,533,535,536,536,541,546,551,558,562,567,575,579,584,586,589,590,1,1,1,1,1,1,1,1,1,1,1,1,1,1,1,1,1,1,1,1,1,1,1,1,1,1,1,1,1,1,1
17060000,1,01/12/2002,17:00,0,1,590,489,537,31,1,0,0,0,,0,489,492,497,500,502,508,510,511,515,525,522,527,527,530,532,534,535,535,536,544,546,553,558,563,569,576,580,584,586,589,590,1,1,1,1,1,1,1,1,1,1,1,1,1,1,1,1,1,1,1,1,1,1,1,1,1,1,1,1,1,1,1
17060000,1,01/12/2002,07:00,0,1,590,489,537,31,1,0,0,0,,0,489,490,494,500,502,508,510,509,513,519,520,525,527,527,532,532,535,536,536,538,545,548,558,560,565,574,578,584,586,589,590,1,1,1,1,1,1,1,1,1,1,1,1,1,1,1,1,1,1,1,1,1,1,1,1,1,1,1,1,1,1,1
17060000,1,01/12/2002,,1,1,590,489,537,31,1,0,0,0,,0,489,491,496,500,502,508,510,510,514,522,521,526,527,529,532,533,535,536,536,541,546,551,558,562,567,575,579,584,586,589,590,1,1,1,1,1,1,1,1,1,1,1,1,1,1,1,1,1,1,1,1,1,1,1,1,1,1,1,1,1,1,1
17060000,2,01/11/2002,,1,1,488,431,451,30,7,1,1,1,0,0,454,446,441,433,434,433,431,432,436,443,436,435,436,446,443,440,450,444,447,453,461,462,466,462,470,473,475,486,485,488,,1,1,1,1,1,1,1,1,1,1,1,1,1,1,1,1,1,1,1,1,1,1,1,1,1,1,1,1,1,1,
17060000,1,01/11/2002,07:00,0,1,489,429,451,30,8,0,0,0,,0,456,446,442,433,434,433,432,429,434,446,437,435,435,446,443,440,450,444,445,455,465,461,467,461,470,472,474,488,488,486,,1,1,1,1,1,1,1,1,1,1,1,1,1,1,1,1,1,1,1,1,1,1,1,1,1,1,1,1,1,1,0
17060000,1,01/11/2002,17:00,0,1,489,429,451,30,8,0,0,0,,0,452,446,440,433,434,433,430,434,437,440,435,435,437,445,443,440,450,444,448,450,457,462,465,462,470,474,476,484,482,489,,1,1,1,1,1,1,1,1,1,1,1,1,1,1,1,1,1,1,1,1,1,1,1,1,1,1,1,1,1,1,0
17060000,1,01/11/2002,,1,1,489,429,451,30,8,0,0,0,,0,454,446,441,433,434,433,431,432,436,443,436,435,436,446,443,440,450,444,447,453,461,462,466,462,470,473,475,486,485,488,,1,1,1,1,1,1,1,1,1,1,1,1,1,1,1,1,1,1,1,1,1,1,1,1,1,1,1,1,1,1,0
17060000,2,01/10/2002,,1,1,680,460,568,1,31,1,1,1,0,0,680,673,665,653,652,649,644,639,631,624,618,612,606,588,585,578,561,544,537,530,524,513,504,495,485,479,477,474,470,463,460,1,1,1,1,1,1,1,1,1,1,1,1,1,1,1,1,1,1,1,1,1,1,1,1,1,1,1,1,1,1,1
17060000,1,01/10/2002,07:00,0,1,682,460,568,1,31,0,0,0,,0,682,674,667,656,654,649,645,640,632,626,619,613,608,596,587,580,570,546,538,530,526,515,505,498,485,481,477,474,472,464,460,1,1,1,1,1,1,1,1,1,1,1,1,1,1,1,1,1,1,1,1,1,1,1,1,1,1,1,1,1,1,1
17060000,1,01/10/2002,17:00,0,1,682,460,568,1,31,0,0,0,,0,678,672,662,650,649,649,642,637,630,622,616,610,603,580,582,576,552,542,536,530,522,510,502,492,485,477,477,474,467,462,460,1,1,1,1,1,1,1,1,1,1,1,1,1,1,1,1,1,1,1,1,1,1,1,1,1,1,1,1,1,1,1
17060000,1,01/10/2002,,1,1,682,460,568,1,31,0,0,0,,0,680,673,665,653,652,649,644,639,631,624,618,612,606,588,585,578,561,544,537,530,524,513,504,495,485,479,477,474,470,463,460,1,1,1,1,1,1,1,1,1,1,1,1,1,1,1,1,1,1,1,1,1,1,1,1,1,1,1,1,1,1,1
17060000,2,01/09/2002,,1,1,836,686,767,1,30,1,1,1,0,0,836,831,822,817,812,807,805,802,798,793,790,786,782,779,776,768,764,760,757,752,747,745,739,730,718,714,706,701,696,686,,1,1,1,1,1,1,1,1,1,1,1,1,1,1,1,1,1,1,1,1,1,1,1,1,1,1,1,1,1,1,
17060000,1,01/09/2002,07:00,0,1,838,685,767,1,30,0,0,0,,0,838,832,824,818,814,809,806,803,799,794,790,788,782,780,776,768,764,760,758,752,748,746,740,734,720,714,710,701,698,688,,1,1,1,1,1,1,1,1,1,1,1,1,1,1,1,1,1,1,1,1,1,1,1,1,1,1,1,1,1,1,0
17060000,1,01/09/2002,17:00,0,1,838,685,767,1,30,0,0,0,,0,835,830,821,816,811,806,804,802,797,792,789,784,782,778,776,767,764,760,756,752,746,744,738,726,717,714,702,701,694,685,,1,1,1,1,1,1,1,1,1,1,1,1,1,1,1,1,1,1,1,1,1,1,1,1,1,1,1,1,1,1,0
17060000,1,01/09/2002,,1,1,838,685,767,1,30,0,0,0,,0,837,831,823,817,813,808,805,803,798,793,790,786,782,779,776,768,764,760,757,752,747,745,739,730,719,714,706,701,696,687,,1,1,1,1,1,1,1,1,1,1,1,1,1,1,1,1,1,1,1,1,1,1,1,1,1,1,1,1,1,1,0
17060000,2,01/08/2002,,1,1,941,841,896,1,31,1,1,1,0,0,941,936,930,927,926,924,921,918,915,912,910,910,909,906,906,906,903,899,893,888,885,880,878,874,865,861,856,854,849,845,841,1,1,1,1,1,1,1,1,1,1,1,1,1,1,1,1,1,1,1,1,1,1,1,1,1,1,1,1,1,1,1
17060000,1,01/08/2002,17:00,0,1,943,840,896,1,31,0,0,0,,0,940,934,930,926,926,923,920,918,914,912,910,910,908,906,906,906,902,898,893,888,884,880,878,872,864,860,854,853,848,844,840,1,1,1,1,1,1,1,1,1,1,1,1,1,1,1,1,1,1,1,1,1,1,1,1,1,1,1,1,1,1,1
17060000,1,01/08/2002,07:00,0,1,943,840,896,1,31,0,0,0,,0,943,939,930,928,926,924,922,918,916,912,910,910,910,906,906,906,904,900,893,888,886,880,878,876,867,862,858,854,851,846,842,1,1,1,1,1,1,1,1,1,1,1,1,1,1,1,1,1,1,1,1,1,1,1,1,1,1,1,1,1,1,1
17060000,1,01/08/2002,,1,1,943,840,896,1,31,0,0,0,,0,942,937,930,927,926,924,921,918,915,912,910,910,909,906,906,906,903,899,893,888,885,880,878,874,866,861,856,854,850,845,841,1,1,1,1,1,1,1,1,1,1,1,1,1,1,1,1,1,1,1,1,1,1,1,1,1,1,1,1,1,1,1
17060000,2,01/07/2002,,1,1,992,945,968,1,31,1,1,1,0,0,992,990,991,986,984,979,980,977,975,974,974,973,972,971,970,969,966,965,964,964,962,960,958,956,954,954,951,950,948,946,945,1,1,1,1,1,1,1,1,1,1,1,1,1,1,1,1,1,1,1,1,1,1,1,1,1,1,1,1,1,1,1
17060000,1,01/07/2002,17:00,0,1,992,945,968,1,30,0,0,0,,0,992,990,991,986,982,978,980,976,975,974,974,973,972,971,970,969,966,965,964,964,962,960,958,956,954,953,950,950,948,945,945,1,1,1,1,1,1,1,1,1,1,1,1,1,1,1,1,1,1,1,1,1,1,1,1,1,1,1,1,1,1,1
17060000,1,01/07/2002,07:00,0,1,992,945,968,1,30,0,0,0,,0,992,990,991,987,985,980,980,978,975,974,974,973,972,971,970,969,966,965,964,964,962,960,958,956,954,954,952,950,949,946,945,1,1,1,1,1,1,1,1,1,1,1,1,1,1,1,1,1,1,1,1,1,1,1,1,1,1,1,1,1,1,1
17060000,1,01/07/2002,,1,1,992,945,968,1,30,0,0,0,,0,992,990,991,987,984,979,980,977,975,974,974,973,972,971,970,969,966,965,964,964,962,960,958,956,954,954,951,950,949,946,945,1,1,1,1,1,1,1,1,1,1,1,1,1,1,1,1,1,1,1,1,1,1,1,1,1,1,1,1,1,1,1
17060000,2,01/06/2002,,1,1,996,984,989,22,1,1,1,1,0,0,984,987,986,986,986,986,986,988,987,985,984,984,984,984,986,986,990,990,990,992,994,996,996,995,996,995,995,995,995,987,,1,1,1,1,1,1,1,1,1,1,1,1,1,1,1,1,1,1,1,1,1,1,1,1,1,1,1,1,1,1,
17060000,1,01/06/2002,17:00,0,1,996,982,989,22,30,0,0,0,,0,985,987,986,986,986,986,986,988,986,984,984,984,984,984,986,986,990,990,990,992,994,996,996,995,996,995,995,995,995,982,,1,1,1,1,1,1,1,1,1,1,1,1,1,1,1,1,1,1,1,1,1,1,1,1,1,1,1,1,1,1,0
17060000,1,01/06/2002,07:00,0,1,996,982,989,22,30,0,0,0,,0,983,987,986,986,986,986,986,988,988,986,984,984,984,984,986,986,990,990,990,992,994,996,996,995,996,995,995,995,995,992,,1,1,1,1,1,1,1,1,1,1,1,1,1,1,1,1,1,1,1,1,1,1,1,1,1,1,1,1,1,1,0
17060000,1,01/06/2002,,1,1,996,982,989,22,30,0,0,0,,0,984,987,986,986,986,986,986,988,987,985,984,984,984,984,986,986,990,990,990,992,994,996,996,995,996,995,995,995,995,987,,1,1,1,1,1,1,1,1,1,1,1,1,1,1,1,1,1,1,1,1,1,1,1,1,1,1,1,1,1,1,0
17060000,2,01/05/2002,,1,1,981,954,963,30,1,1,1,1,0,0,954,956,956,954,958,956,954,956,956,957,957,957,957,958,958,958,958,958,964,965,970,970,972,970,970,974,972,975,976,981,981,1,1,1,1,1,1,1,1,1,1,1,1,1,1,1,1,1,1,1,1,1,1,1,1,1,1,1,1,1,1,1
17060000,1,01/05/2002,17:00,0,1,981,954,963,30,1,0,0,0,,0,954,956,956,954,958,956,954,956,956,957,957,957,957,958,958,958,958,958,966,965,970,970,972,972,970,974,972,976,976,981,981,1,1,1,1,1,1,1,1,1,1,1,1,1,1,1,1,1,1,1,1,1,1,1,1,1,1,1,1,1,1,1
17060000,1,01/05/2002,07:00,0,1,981,954,963,30,1,0,0,0,,0,954,956,956,954,958,956,954,956,956,957,957,957,957,958,958,958,958,958,962,965,970,970,972,969,970,974,972,974,976,981,981,1,1,1,1,1,1,1,1,1,1,1,1,1,1,1,1,1,1,1,1,1,1,1,1,1,1,1,1,1,1,1
17060000,1,01/05/2002,,1,1,981,954,963,30,1,0,0,0,,0,954,956,956,954,958,956,954,956,956,957,957,957,957,958,958,958,958,958,964,965,970,970,972,971,970,974,972,975,976,981,981,1,1,1,1,1,1,1,1,1,1,1,1,1,1,1,1,1,1,1,1,1,1,1,1,1,1,1,1,1,1,1
17060000,2,01/04/2002,,1,1,952,873,915,30,1,1,1,1,0,0,873,876,879,884,886,890,893,895,895,898,904,906,908,909,914,918,920,922,924,928,932,935,938,940,940,941,943,945,949,952,,1,1,1,1,1,1,1,1,1,1,1,1,1,1,1,1,1,1,1,1,1,1,1,1,1,1,1,1,1,1,
17060000,1,01/04/2002,17:00,0,1,952,872,915,30,1,0,0,0,,0,874,876,880,884,887,890,893,895,895,899,904,906,908,909,915,919,921,922,924,928,933,935,940,939,940,942,944,946,949,952,,1,1,1,1,1,1,1,1,1,1,1,1,1,1,1,1,1,1,1,1,1,1,1,1,1,1,1,1,1,1,0
17060000,1,01/04/2002,07:00,0,1,952,872,915,30,1,0,0,0,,0,872,876,878,884,885,890,892,895,895,897,904,905,908,909,913,917,920,922,924,927,931,935,936,940,939,940,942,944,949,952,,1,1,1,1,1,1,1,1,1,1,1,1,1,1,1,1,1,1,1,1,1,1,1,1,1,1,1,1,1,1,0
17060000,1,01/04/2002,,1,1,952,872,915,30,1,0,0,0,,0,873,876,879,884,886,890,893,895,895,898,904,906,908,909,914,918,921,922,924,928,932,935,938,940,940,941,943,945,949,952,,1,1,1,1,1,1,1,1,1,1,1,1,1,1,1,1,1,1,1,1,1,1,1,1,1,1,1,1,1,1,0
17060000,2,01/03/2002,,1,1,870,785,832,31,1,1,1,1,0,0,785,792,796,798,804,810,810,812,814,819,820,823,825,827,829,831,832,836,840,843,846,849,851,854,856,857,861,862,866,868,870,1,1,1,1,1,1,1,1,1,1,1,1,1,1,1,1,1,1,1,1,1,1,1,1,1,1,1,1,1,1,1
17060000,1,01/03/2002,17:00,0,1,870,784,832,31,1,0,0,0,,0,786,792,797,799,805,810,810,812,814,819,821,823,825,828,830,832,832,837,840,843,848,850,851,856,856,859,862,863,866,868,870,1,1,1,1,1,1,1,1,1,1,1,1,1,1,1,1,1,1,1,1,1,1,1,1,1,1,1,1,1,1,1
17060000,1,01/03/2002,07:00,0,1,870,784,832,31,1,0,0,0,,0,784,792,795,797,803,810,810,811,814,819,820,823,825,826,828,830,832,836,839,842,845,849,850,851,856,856,860,862,866,868,870,1,1,1,1,1,1,1,1,1,1,1,1,1,1,1,1,1,1,1,1,1,1,1,1,1,1,1,1,1,1,1
17060000,1,01/03/2002,,1,1,870,784,832,31,1,0,0,0,,0,785,792,796,798,804,810,810,812,814,819,821,823,825,827,829,831,832,837,840,843,847,850,851,854,856,858,861,863,866,868,870,1,1,1,1,1,1,1,1,1,1,1,1,1,1,1,1,1,1,1,1,1,1,1,1,1,1,1,1,1,1,1
17060000,2,01/02/2002,,1,1,777,717,734,28,12,1,1,1,0,0,729,729,728,728,727,726,725,720,723,720,720,717,718,719,721,724,729,730,734,735,744,746,750,752,758,762,772,777,,,,1,1,1,1,1,1,1,1,1,1,1,1,1,1,1,1,1,1,1,1,1,1,1,1,1,1,1,1,,,
17060000,1,01/02/2002,17:00,0,1,778,716,734,28,12,0,0,0,,0,729,729,728,728,726,726,724,720,722,720,720,718,718,719,722,725,729,730,735,735,745,746,750,752,759,765,774,778,,,,1,1,1,1,1,1,1,1,1,1,1,1,1,1,1,1,1,1,1,1,1,1,1,1,1,1,1,1,0,0,0
17060000,1,01/02/2002,07:00,0,1,778,716,734,28,12,0,0,0,,0,729,729,728,728,728,725,726,720,724,720,720,716,718,719,720,723,729,729,733,735,744,745,750,752,756,760,770,776,,,,1,1,1,1,1,1,1,1,1,1,1,1,1,1,1,1,1,1,1,1,1,1,1,1,1,1,1,1,0,0,0
17060000,1,01/02/2002,,1,1,778,716,734,28,12,0,0,0,,0,729,729,728,728,727,726,725,720,723,720,720,717,718,719,721,724,729,730,734,735,745,746,750,752,758,763,772,777,,,,1,1,1,1,1,1,1,1,1,1,1,1,1,1,1,1,1,1,1,1,1,1,1,1,1,1,1,1,0,0,0
17060000,2,01/01/2002,,1,1,728,532,650,31,1,1,1,1,0,0,532,538,548,558,570,576,588,595,600,608,615,626,636,642,652,666,670,676,694,698,701,706,709,710,712,714,718,720,722,725,728,1,1,1,1,1,1,1,1,1,1,1,1,1,1,1,1,1,1,1,1,1,1,1,1,1,1,1,1,1,1,1
17060000,1,01/01/2002,07:00,0,1,729,530,650,31,1,0,0,0,,0,530,535,545,554,569,572,586,594,599,606,612,624,634,640,649,662,670,671,693,697,699,706,709,710,712,713,718,719,722,725,727,1,1,1,1,1,1,1,1,1,1,1,1,1,1,1,1,1,1,1,1,1,1,1,1,1,1,1,1,1,1,1
17060000,1,01/01/2002,17:00,0,1,729,530,650,31,1,0,0,0,,0,533,540,550,562,570,580,590,596,601,610,618,628,638,645,654,669,670,680,695,698,703,707,709,710,712,715,718,721,723,725,729,1,1,1,1,1,1,1,1,1,1,1,1,1,1,1,1,1,1,1,1,1,1,1,1,1,1,1,1,1,1,1
17060000,1,01/01/2002,,1,1,729,530,650,31,1,0,0,0,,0,532,538,548,558,570,576,588,595,600,608,615,626,636,643,652,666,670,676,694,698,701,707,709,710,712,714,718,720,723,725,728,1,1,1,1,1,1,1,1,1,1,1,1,1,1,1,1,1,1,1,1,1,1,1,1,1,1,1,1,1,1,1
17060000,2,01/12/2001,,1,1,520,424,467,31,2,1,1,1,0,0,430,424,431,437,440,439,442,443,439,444,446,450,453,457,459,460,462,471,470,477,484,484,489,494,498,499,499,504,511,516,520,1,1,1,1,1,1,1,1,1,1,1,1,1,1,1,1,1,1,1,1,1,1,1,1,1,1,1,1,1,1,1
17060000,1,01/12/2001,07:00,0,1,521,424,467,31,2,0,0,0,,0,430,424,431,434,440,439,440,445,439,444,446,450,456,456,458,460,460,470,469,474,484,484,489,493,498,499,499,503,510,513,520,1,1,1,1,1,1,1,1,1,1,1,1,1,1,1,1,1,1,1,1,1,1,1,1,1,1,1,1,1,1,1
17060000,1,01/12/2001,17:00,0,1,521,424,467,31,2,0,0,0,,0,430,424,431,440,440,440,445,442,440,445,446,450,450,458,460,460,465,472,470,480,484,484,490,495,498,499,499,506,512,519,521,1,1,1,1,1,1,1,1,1,1,1,1,1,1,1,1,1,1,1,1,1,1,1,1,1,1,1,1,1,1,1
17060000,1,01/12/2001,,1,1,521,424,467,31,2,0,0,0,,0,430,424,431,437,440,440,443,444,440,445,446,450,453,457,459,460,463,471,470,477,484,484,490,494,498,499,499,505,511,516,521,1,1,1,1,1,1,1,1,1,1,1,1,1,1,1,1,1,1,1,1,1,1,1,1,1,1,1,1,1,1,1
17060000,2,01/11/2001,,1,1,430,416,421,4,2,1,1,1,0,0,418,416,420,430,426,423,420,418,417,417,416,416,418,420,421,427,420,420,422,420,422,424,427,425,426,424,424,421,420,422,,1,1,1,1,1,1,1,1,1,1,1,1,1,1,1,1,1,1,1,1,1,1,1,1,1,1,1,1,1,1,
17060000,1,01/11/2001,07:00,0,1,430,416,421,4,1,0,0,0,,0,420,416,420,430,427,424,420,419,417,417,416,416,417,419,420,425,420,420,420,420,422,424,425,425,426,424,424,422,417,420,,1,1,1,1,1,1,1,1,1,1,1,1,1,1,1,1,1,1,1,1,1,1,1,1,1,1,1,1,1,1,0
17060000,1,01/11/2001,17:00,0,1,430,416,421,4,1,0,0,0,,0,416,416,420,430,426,422,420,418,417,417,416,416,418,420,422,429,420,420,424,420,422,424,429,425,426,424,424,420,422,424,,1,1,1,1,1,1,1,1,1,1,1,1,1,1,1,1,1,1,1,1,1,1,1,1,1,1,1,1,1,1,0
17060000,1,01/11/2001,,1,1,430,416,421,4,1,0,0,0,,0,418,416,420,430,427,423,420,419,417,417,416,416,418,420,421,427,420,420,422,420,422,424,427,425,426,424,424,421,420,422,,1,1,1,1,1,1,1,1,1,1,1,1,1,1,1,1,1,1,1,1,1,1,1,1,1,1,1,1,1,1,0
17060000,2,01/10/2001,,1,1,576,428,496,1,31,2,2,2,0,0,576,566,560,558,552,547,542,538,528,522,519,516,511,506,496,490,486,480,478,477,474,470,462,458,450,443,440,436,432,430,428,1,1,1,1,2,1,1,1,1,1,1,1,1,1,1,1,1,1,1,1,1,1,1,1,1,1,1,1,1,1,1
17060000,1,01/10/2001,07:00,0,1,577,55,488,1,5,0,0,0,,0,577,570,561,558,55,550,543,540,530,522,520,516,512,507,498,492,487,480,479,477,475,473,462,460,452,445,441,438,433,430,428,1,1,1,1,1,1,1,1,1,1,1,1,1,1,1,1,1,1,1,1,1,1,1,1,1,1,1,1,1,1,1
17060000,1,01/10/2001,17:00,0,1,577,55,488,1,5,0,0,0,,0,574,563,560,557,553,544,542,536,527,521,518,515,510,504,495,489,484,479,477,477,474,468,461,455,448,442,440,435,430,430,428,1,1,1,1,1,1,1,1,1,1,1,1,1,1,1,1,1,1,1,1,1,1,1,1,1,1,1,1,1,1,1
17060000,1,01/10/2001,,1,1,577,55,488,1,5,0,0,0,,0,576,567,561,558,304,547,543,538,529,522,519,516,511,506,497,491,486,480,478,477,475,471,462,458,450,444,441,437,432,430,428,1,1,1,1,1,1,1,1,1,1,1,1,1,1,1,1,1,1,1,1,1,1,1,1,1,1,1,1,1,1,1
17060000,2,01/09/2001,,1,1,769,582,678,1,30,1,1,1,0,0,769,763,757,752,745,739,734,730,722,716,708,700,694,688,680,672,666,658,652,650,644,638,632,628,620,610,604,598,590,582,,1,1,1,1,1,1,1,1,1,1,1,1,1,1,1,1,1,1,1,1,1,1,1,1,1,1,1,1,1,1,
17060000,1,01/09/2001,07:00,0,1,770,578,678,1,30,0,0,0,,0,770,764,758,754,746,740,734,731,725,718,710,703,696,690,682,673,668,658,653,652,646,640,634,630,623,612,606,601,592,586,,1,1,1,1,1,1,1,1,1,1,1,1,1,1,1,1,1,1,1,1,1,1,1,1,1,1,1,1,1,1,0
17060000,1,01/09/2001,17:00,0,1,770,578,678,1,30,0,0,0,,0,768,762,756,750,744,738,734,728,720,715,705,698,693,686,677,671,664,657,652,648,643,637,630,626,617,608,603,596,587,578,,1,1,1,1,1,1,1,1,1,1,1,1,1,1,1,1,1,1,1,1,1,1,1,1,1,1,1,1,1,1,0
17060000,1,01/09/2001,,1,1,770,578,678,1,30,0,0,0,,0,769,763,757,752,745,739,734,730,723,717,708,701,695,688,680,672,666,658,653,650,645,639,632,628,620,610,605,599,590,582,,1,1,1,1,1,1,1,1,1,1,1,1,1,1,1,1,1,1,1,1,1,1,1,1,1,1,1,1,1,1,0
17060000,2,01/08/2001,,1,1,898,775,841,1,31,1,1,1,0,0,898,896,893,887,885,881,878,874,871,867,863,857,853,849,844,840,837,831,828,822,821,820,818,814,811,806,800,794,788,780,775,1,1,1,1,1,1,1,1,1,1,1,1,1,1,1,1,1,1,1,1,1,1,1,1,1,1,1,1,1,1,1
17060000,1,01/08/2001,07:00,0,1,898,773,841,1,31,0,0,0,,0,898,896,894,888,885,882,879,875,872,868,864,859,854,850,846,840,838,832,829,822,821,820,819,815,812,808,802,796,790,782,777,1,1,1,1,1,1,1,1,1,1,1,1,1,1,1,1,1,1,1,1,1,1,1,1,1,1,1,1,1,1,1
17060000,1,01/08/2001,17:00,0,1,898,773,841,1,31,0,0,0,,0,898,895,892,886,884,880,877,874,870,866,862,856,852,848,843,839,836,830,826,822,821,819,818,812,810,805,798,791,786,779,773,1,1,1,1,1,1,1,1,1,1,1,1,1,1,1,1,1,1,1,1,1,1,1,1,1,1,1,1,1,1,1
17060000,1,01/08/2001,,1,1,898,773,841,1,31,0,0,0,,0,898,896,893,887,885,881,878,875,871,867,863,858,853,849,845,840,837,831,828,822,821,820,819,814,811,807,800,794,788,781,775,1,1,1,1,1,1,1,1,1,1,1,1,1,1,1,1,1,1,1,1,1,1,1,1,1,1,1,1,1,1,1
17060000,2,01/07/2001,,1,1,980,902,946,1,31,1,1,1,0,0,980,979,978,975,974,972,970,971,971,967,962,960,956,952,946,943,941,938,936,933,930,930,930,926,923,921,920,916,913,907,902,1,1,1,1,1,1,1,1,1,1,1,1,1,1,1,1,1,1,1,1,1,1,1,1,1,1,1,1,1,1,1
17060000,1,01/07/2001,07:00,0,1,980,901,946,1,31,0,0,0,,0,980,979,978,975,974,973,971,971,971,968,963,960,957,953,947,943,942,938,936,934,930,930,930,928,923,921,920,918,914,909,904,1,1,1,1,1,1,1,1,1,1,1,1,1,1,1,1,1,1,1,1,1,1,1,1,1,1,1,1,1,1,1
17060000,1,01/07/2001,17:00,0,1,980,901,946,1,31,0,0,0,,0,980,979,977,975,974,972,970,971,971,966,961,960,955,950,945,943,940,937,935,932,930,930,930,925,923,921,919,915,912,906,901,1,1,1,1,1,1,1,1,1,1,1,1,1,1,1,1,1,1,1,1,1,1,1,1,1,1,1,1,1,1,1
17060000,1,01/07/2001,,1,1,980,901,946,1,31,0,0,0,,0,980,979,978,975,974,973,971,971,971,967,962,960,956,952,946,943,941,938,936,933,930,930,930,927,923,921,920,917,913,908,903,,,,,,,,,,,,,,,,,,,,,,,,,,,,,,,
17060000,2,01/06/2001,,1,1,999,981,990,1,22,1,1,1,0,0,999,998,998,998,998,998,998,998,998,998,994,994,994,991,990,989,988,988,986,984,982,981,981,981,981,982,984,984,983,982,,1,1,1,1,1,1,1,1,1,1,1,1,1,1,1,1,1,1,1,1,1,1,1,1,1,1,1,1,1,1,
17060000,1,01/06/2001,17:00,0,1,999,981,990,1,22,0,0,0,,0,999,998,998,998,998,998,998,998,998,998,994,993,993,990,990,989,988,988,986,984,982,981,981,981,981,982,984,984,983,982,,1,1,1,1,1,1,1,1,1,1,1,1,1,1,1,1,1,1,1,1,1,1,1,1,1,1,1,1,1,1,0
17060000,1,01/06/2001,07:00,0,1,999,981,990,1,22,0,0,0,,0,999,998,998,998,998,998,998,998,998,998,994,994,994,992,990,989,988,988,986,984,982,981,981,981,981,982,984,984,983,982,,1,1,1,1,1,1,1,1,1,1,1,1,1,1,1,1,1,1,1,1,1,1,1,1,1,1,1,1,1,1,0
17060000,1,01/06/2001,,1,1,999,981,990,1,22,0,0,0,,0,999,998,998,998,998,998,998,998,998,998,994,994,994,991,990,989,988,988,986,984,982,981,981,981,981,982,984,984,983,982,,,,,,,,,,,,,,,,,,,,,,,,,,,,,,,,0
17060000,2,01/05/2001,,1,1,1014,1001,1006,13,29,1,1,1,0,0,1008,1007,1006,1004,1006,1006,1006,1006,1006,1009,1011,1012,1014,1014,1014,1010,1010,1010,1007,1004,1003,1003,1003,1003,1003,1003,1003,1002,1001,1001,1001,1,1,1,1,1,1,1,1,1,1,1,1,1,1,1,1,1,1,1,1,1,1,1,1,1,1,1,1,1,1,1
17060000,1,01/05/2001,17:00,0,1,1014,1001,1006,13,29,0,0,0,,0,1008,1007,1006,1005,1006,1006,1006,1006,1006,1010,1011,1013,1014,1014,1014,1010,1010,1010,1006,1004,1003,1003,1003,1003,1003,1003,1003,1002,1001,1001,1001,1,1,1,1,1,1,1,1,1,1,1,1,1,1,1,1,1,1,1,1,1,1,1,1,1,1,1,1,1,1,1
17060000,1,01/05/2001,07:00,0,1,1014,1001,1006,13,29,0,0,0,,0,1008,1007,1006,1004,1005,1005,1005,1006,1006,1008,1011,1012,1013,1014,1014,1011,1010,1010,1008,1004,1003,1003,1003,1003,1003,1003,1003,1002,1001,1001,1001,1,1,1,1,1,1,1,1,1,1,1,1,1,1,1,1,1,1,1,1,1,1,1,1,1,1,1,1,1,1,1
17060000,1,01/05/2001,,1,1,1014,1001,1006,13,29,0,0,0,,0,1008,1007,1006,1005,1006,1006,1006,1006,1006,1009,1011,1013,1014,1014,1014,1011,1010,1010,1007,1004,1003,1003,1003,1003,1003,1003,1003,1002,1001,1001,1001,,,,,,,,,,,,,,,,,,,,,,,,,,,,,,,
17060000,2,01/04/2001,,1,1,1008,936,982,28,1,1,1,1,0,0,936,939,944,946,949,953,957,960,967,970,975,980,984,987,990,994,996,998,995,997,996,996,999,1003,1004,1005,1007,1008,1008,1008,,1,1,1,1,1,1,1,1,1,1,1,1,1,1,1,1,1,1,1,1,1,1,1,1,1,1,1,1,1,1,
17060000,1,01/04/2001,07:00,0,1,1008,935,982,28,1,0,0,0,,0,935,938,944,946,948,952,956,958,966,970,973,979,983,986,989,993,995,998,995,997,996,996,998,1003,1004,1005,1006,1008,1008,1008,,1,1,1,1,1,1,1,1,1,1,1,1,1,1,1,1,1,1,1,1,1,1,1,1,1,1,1,1,1,1,0
17060000,1,01/04/2001,17:00,0,1,1008,935,982,28,1,0,0,0,,0,936,940,944,946,950,954,958,962,968,970,976,981,984,988,991,994,996,998,995,997,996,996,999,1003,1004,1005,1007,1008,1008,1008,,1,1,1,1,1,1,1,1,1,1,1,1,1,1,1,1,1,1,1,1,1,1,1,1,1,1,1,1,1,1,0
17060000,1,01/04/2001,,1,1,1008,935,982,28,1,0,0,0,,0,936,939,944,946,949,953,957,960,967,970,975,980,984,987,990,994,996,998,995,997,996,996,999,1003,1004,1005,1007,1008,1008,1008,,1,1,1,1,1,1,1,1,1,1,1,1,1,1,1,1,1,1,1,1,1,1,1,1,1,1,1,1,1,1,0
17060000,2,01/03/2001,,1,1,925,825,881,30,1,1,1,1,0,0,825,831,837,842,845,850,854,857,862,869,873,879,882,885,889,891,894,892,892,893,894,894,894,897,900,904,910,916,921,925,925,1,1,1,1,1,1,1,1,1,1,1,1,1,1,1,1,1,1,1,1,1,1,1,1,1,1,1,1,1,1,1
17060000,1,01/03/2001,07:00,0,1,925,824,881,30,1,0,0,0,,0,824,829,836,841,844,849,854,856,860,868,872,878,881,884,888,890,894,892,892,892,894,894,894,895,900,902,908,915,919,925,925,1,1,1,1,1,1,1,1,1,1,1,1,1,1,1,1,1,1,1,1,1,1,1,1,1,1,1,1,1,1,1
17060000,1,01/03/2001,17:00,0,1,925,824,881,30,1,0,0,0,,0,826,832,838,842,846,851,854,858,864,870,874,880,882,886,889,892,894,892,892,893,894,894,894,898,900,905,911,917,922,925,925,1,1,1,1,1,1,1,1,1,1,1,1,1,1,1,1,1,1,1,1,1,1,1,1,1,1,1,1,1,1,1
17060000,1,01/03/2001,,1,1,925,824,881,30,1,0,0,0,,0,825,831,837,842,845,850,854,857,862,869,873,879,882,885,889,891,894,892,892,893,894,894,894,897,900,904,910,916,921,925,925,1,1,1,1,1,1,1,1,1,1,1,1,1,1,1,1,1,1,1,1,1,1,1,1,1,1,1,1,1,1,1
17060000,2,01/02/2001,,1,1,821,703,771,28,1,1,1,1,0,0,703,708,715,723,728,730,736,744,751,757,763,768,776,781,784,788,789,789,790,791,800,799,804,806,808,812,817,821,,,,1,1,1,1,1,1,1,1,1,1,1,1,1,1,1,1,1,1,1,1,1,1,1,1,1,1,1,1,,,
17060000,1,01/02/2001,17:00,0,1,821,702,771,28,1,0,0,0,,0,704,708,717,725,729,731,736,748,752,758,764,770,777,781,785,788,789,789,790,791,799,799,805,806,809,812,818,821,,,,1,1,1,1,1,1,1,1,1,1,1,1,1,1,1,1,1,1,1,1,1,1,1,1,1,1,1,1,0,0,0
17060000,1,01/02/2001,07:00,0,1,821,702,771,28,1,0,0,0,,0,702,708,713,721,726,729,735,740,750,755,762,766,774,780,783,788,789,789,789,791,800,799,802,806,807,812,816,820,,,,1,1,1,1,1,1,1,1,1,1,1,1,1,1,1,1,1,1,1,1,1,1,1,1,1,1,1,1,0,0,0
17060000,1,01/02/2001,,1,1,821,702,771,28,1,0,0,0,,0,703,708,715,723,728,730,736,744,751,757,763,768,776,781,784,788,789,789,790,791,800,799,804,806,808,812,817,821,,,,1,1,1,1,1,1,1,1,1,1,1,1,1,1,1,1,1,1,1,1,1,1,1,1,1,1,1,1,0,0,0
17060000,2,01/01/2001,,1,1,691,550,608,31,1,1,1,1,0,0,550,550,551,555,556,553,559,563,571,575,579,583,589,594,597,599,602,607,609,615,624,634,640,648,658,665,670,676,683,689,691,1,1,1,1,1,1,1,1,1,1,1,1,1,1,1,1,1,1,1,1,1,1,1,1,1,1,1,1,1,1,1
17060000,1,01/01/2001,07:00,0,1,692,550,607,31,1,0,0,0,,0,550,550,550,554,558,553,558,560,569,574,577,582,587,593,596,598,601,607,608,614,621,633,638,646,656,663,670,674,682,688,692,1,1,1,1,1,1,1,1,1,1,1,1,1,1,1,1,1,1,1,1,1,1,1,1,1,1,1,1,1,1,1
17060000,1,01/01/2001,17:00,0,1,692,550,607,31,1,0,0,0,,0,550,550,552,556,553,553,560,565,572,575,580,584,590,594,597,599,603,607,610,616,626,635,642,650,660,666,670,678,684,690,690,1,1,1,1,1,1,1,1,1,1,1,1,1,1,1,1,1,1,1,1,1,1,1,1,1,1,1,1,1,1,1
17060000,1,01/01/2001,,1,1,692,550,607,31,1,0,0,0,,0,550,550,551,555,556,553,559,563,571,575,579,583,589,594,597,599,602,607,609,615,624,634,640,648,658,665,670,676,683,689,691,1,1,1,1,1,1,1,1,1,1,1,1,1,1,1,1,1,1,1,1,1,1,1,1,1,1,1,1,1,1,1
17060000,2,01/12/2000,,1,1,554,475,500,31,12,1,1,1,0,0,512,509,504,496,490,486,482,482,480,478,476,475,475,480,475,479,489,481,489,493,497,499,506,511,518,522,535,541,546,548,554,1,1,1,1,1,1,1,1,1,1,1,1,1,1,1,1,1,1,1,1,1,1,1,1,1,1,1,1,1,1,1
17060000,1,01/12/2000,17:00,0,1,554,475,500,31,12,0,0,0,,0,512,508,502,496,490,484,482,480,480,478,476,475,475,480,475,480,489,481,490,494,497,499,507,512,518,523,536,542,546,550,554,1,1,1,1,1,1,1,1,1,1,1,1,1,1,1,1,1,1,1,1,1,1,1,1,1,1,1,1,1,1,1
17060000,1,01/12/2000,07:00,0,1,554,475,500,31,12,0,0,0,,0,512,510,506,496,490,488,482,483,480,478,476,475,475,480,475,478,489,481,488,492,496,499,504,510,518,521,534,540,545,546,554,1,1,1,1,1,1,1,1,1,1,1,1,1,1,1,1,1,1,1,1,1,1,1,1,1,1,1,1,1,1,1
17060000,1,01/12/2000,,1,1,554,475,500,31,12,0,0,0,,0,512,509,504,496,490,486,482,482,480,478,476,475,475,480,475,479,489,481,489,493,497,499,506,511,518,522,535,541,546,548,554,1,1,1,1,1,1,1,1,1,1,1,1,1,1,1,1,1,1,1,1,1,1,1,1,1,1,1,1,1,1,1
17060000,2,01/11/2000,,1,1,556,517,527,1,30,1,1,1,0,0,556,551,545,540,539,538,525,520,520,520,520,520,523,529,529,529,529,523,523,520,522,522,526,521,521,521,521,523,523,517,,1,1,1,1,1,1,1,1,1,1,1,1,1,1,1,1,1,1,1,1,1,1,1,1,1,1,1,1,1,1,
17060000,1,01/11/2000,07:00,0,1,558,517,527,1,30,0,0,0,,0,558,552,547,540,540,539,526,520,520,520,520,520,520,529,529,529,529,523,523,520,522,522,526,521,521,521,521,523,523,517,,1,1,1,1,1,1,1,1,1,1,1,1,1,1,1,1,1,1,1,1,1,1,1,1,1,1,1,1,1,1,0
17060000,1,01/11/2000,17:00,0,1,558,517,527,1,30,0,0,0,,0,554,550,543,540,538,536,523,520,520,520,520,520,525,529,529,529,529,523,523,520,522,522,525,521,521,521,521,523,523,517,,1,1,1,1,1,1,1,1,1,1,1,1,1,1,1,1,1,1,1,1,1,1,1,1,1,1,1,1,1,1,0
17060000,1,01/11/2000,,1,1,558,517,527,1,30,0,0,0,,0,556,551,545,540,539,538,525,520,520,520,520,520,523,529,529,529,529,523,523,520,522,522,526,521,521,521,521,523,523,517,,1,1,1,1,1,1,1,1,1,1,1,1,1,1,1,1,1,1,1,1,1,1,1,1,1,1,1,1,1,1,0
17060000,2,01/10/2000,,1,1,712,559,621,1,31,1,1,1,0,0,712,710,703,695,686,675,668,651,643,639,636,629,625,621,617,617,610,605,603,596,589,584,582,580,578,570,570,570,568,563,559,1,1,1,1,1,1,1,1,1,1,1,1,1,1,1,1,1,1,1,1,1,1,1,1,1,1,1,1,1,1,1
17060000,1,01/10/2000,07:00,0,1,712,558,621,1,31,1,1,1,,0,712,711,706,697,688,677,670,653,646,640,638,631,626,622,617,617,612,605,604,598,590,584,582,580,578,570,570,570,570,564,560,1,1,1,1,1,1,1,1,1,1,1,1,1,1,1,1,1,1,1,1,1,1,1,1,1,1,1,1,1,1,1
17060000,1,01/10/2000,17:00,0,1,712,558,621,1,31,1,1,1,,0,712,709,701,693,684,673,666,650,640,638,634,627,624,620,617,617,608,605,602,594,588,584,582,580,578,570,570,570,567,562,558,1,1,1,1,1,1,1,1,1,1,1,1,1,1,1,1,1,1,1,1,1,1,1,1,1,1,1,1,1,1,1
17060000,1,01/10/2000,,1,1,712,558,621,1,31,1,1,1,,0,712,710,703,695,686,675,668,651,643,639,636,629,625,621,617,617,610,605,603,596,589,584,582,580,578,570,570,570,568,563,559,1,1,1,1,1,1,1,1,1,1,1,1,1,1,1,1,1,1,1,1,1,1,1,1,1,1,1,1,1,1,1
17060000,2,01/09/2000,,1,1,860,717,791,1,30,1,1,1,0,0,860,858,856,851,843,839,834,829,824,818,813,808,804,800,795,791,784,781,778,774,769,760,754,746,739,734,730,726,721,717,,1,1,1,1,1,1,1,1,1,1,1,1,1,1,1,1,1,1,1,1,1,1,1,1,1,1,1,1,1,1,
17060000,1,01/09/2000,07:00,0,1,860,715,791,1,30,1,1,1,,0,860,860,857,852,844,840,836,830,826,819,815,809,804,802,796,792,785,782,778,776,770,761,756,748,741,734,732,727,722,720,,1,1,1,1,1,1,1,1,1,1,1,1,1,1,1,1,1,1,1,1,1,1,1,1,1,1,1,1,1,1,0
17060000,1,01/09/2000,17:00,0,1,860,715,791,1,30,1,1,1,,0,860,857,855,850,843,838,833,828,822,817,812,807,804,798,794,790,783,780,778,772,768,759,753,745,737,734,729,725,721,715,,1,1,1,1,1,1,1,1,1,1,1,1,1,1,1,1,1,1,1,1,1,1,1,1,1,1,1,1,1,1,0
17060000,1,01/09/2000,,1,1,860,715,791,1,30,1,1,1,,0,860,858,856,851,843,839,834,829,824,818,813,808,804,800,795,791,784,781,778,774,769,760,754,746,739,734,730,726,721,717,,1,1,1,1,1,1,1,1,1,1,1,1,1,1,1,1,1,1,1,1,1,1,1,1,1,1,1,1,1,1,0
17060000,2,01/08/2000,,1,1,950,864,909,1,31,1,1,1,0,0,950,948,946,946,944,942,940,937,933,929,925,920,915,909,909,906,903,900,899,898,896,894,891,887,884,881,877,874,869,866,864,1,1,1,1,1,1,1,1,1,1,1,1,1,1,1,1,1,1,1,1,1,1,1,1,1,1,1,1,1,1,1
17060000,1,01/08/2000,17:00,0,1,950,863,909,1,31,1,1,1,,0,950,948,946,946,944,942,940,936,932,928,924,919,914,909,909,906,902,899,899,898,896,894,890,886,884,880,876,873,868,866,863,1,1,1,1,1,1,1,1,1,1,1,1,1,1,1,1,1,1,1,1,1,1,1,1,1,1,1,1,1,1,1
17060000,1,01/08/2000,07:00,0,1,950,863,909,1,31,1,1,1,,0,950,948,946,946,945,942,940,938,934,930,926,921,916,910,909,907,904,901,899,899,896,894,893,888,885,882,879,876,870,866,866,1,1,1,1,1,1,1,1,1,1,1,1,1,1,1,1,1,1,1,1,1,1,1,1,1,1,1,1,1,1,1
17060000,1,01/08/2000,,1,1,950,863,909,1,31,1,1,1,,0,950,948,946,946,944,942,940,937,933,929,925,920,915,909,909,906,903,900,899,898,896,894,891,887,884,881,877,874,869,866,864,1,1,1,1,1,1,1,1,1,1,1,1,1,1,1,1,1,1,1,1,1,1,1,1,1,1,1,1,1,1,1
17060000,2,01/07/2000,,1,1,990,953,973,1,31,1,1,1,0,0,990,988,988,987,980,980,980,980,980,980,980,980,980,977,977,976,974,974,971,971,970,968,966,965,964,962,960,957,954,954,953,1,1,1,1,1,1,1,1,1,1,1,1,1,1,1,1,1,1,1,1,1,1,1,1,1,1,1,1,1,1,1
17060000,1,01/07/2000,,1,1,990,953,973,1,31,1,1,1,,0,990,988,988,987,980,980,980,980,980,980,980,980,980,977,977,976,974,974,971,971,970,968,966,965,964,962,960,957,954,954,953,1,1,1,1,1,1,1,1,1,1,1,1,1,1,1,1,1,1,1,1,1,1,1,1,1,1,1,1,1,1,1
17060000,2,01/06/2000,,1,1,1034,993,1015,3,28,1,1,1,0,0,1030,1030,1034,1034,1034,1034,1034,1032,1030,1028,1024,1022,1019,1015,1012,1012,1012,1010,1008,1006,1006,1004,1002,1001,998,997,995,993,993,993,,1,1,1,1,1,1,1,1,1,1,1,1,1,1,1,1,1,1,1,1,1,1,1,1,1,1,1,1,1,1,
17060000,1,01/06/2000,,1,1,1034,993,1015,3,28,1,1,1,,0,1030,1030,1034,1034,1034,1034,1034,1032,1030,1028,1024,1022,1019,1015,1012,1012,1012,1010,1008,1006,1006,1004,1002,1001,998,997,995,993,993,993,,1,1,1,1,1,1,1,1,1,1,1,1,1,1,1,1,1,1,1,1,1,1,1,1,1,1,1,1,1,1,0
17060000,2,01/05/2000,,1,1,1032,985,1014,28,1,1,1,1,0,0,985,985,988,992,996,998,1001,1004,1008,1009,1011,1011,1011,1011,1013,1015,1016,1019,1020,1022,1025,1026,1030,1030,1030,1030,1031,1032,1032,1030,1030,1,1,1,1,1,1,1,1,1,1,1,1,1,1,1,1,1,1,1,1,1,1,1,1,1,1,1,1,1,1,1
17060000,1,01/05/2000,,1,1,1032,985,1014,28,1,1,1,1,,0,985,985,988,992,996,998,1001,1004,1008,1009,1011,1011,1011,1011,1013,1015,1016,1019,1020,1022,1025,1026,1030,1030,1030,1030,1031,1032,1032,1030,1030,1,1,1,1,1,1,1,1,1,1,1,1,1,1,1,1,1,1,1,1,1,1,1,1,1,1,1,1,1,1,1
17060000,2,01/04/2000,,1,1,984,888,937,29,1,1,1,1,0,0,888,891,896,898,903,910,913,916,919,922,924,927,930,930,930,933,936,939,943,950,957,959,963,966,967,970,973,979,984,984,,1,1,1,1,1,1,1,1,1,1,1,1,1,1,1,1,1,1,1,1,1,1,1,1,1,1,1,1,1,1,
17060000,1,01/04/2000,,1,1,984,888,937,29,1,1,1,1,,0,888,891,896,898,903,910,913,916,919,922,924,927,930,930,930,933,936,939,943,950,957,959,963,966,967,970,973,979,984,984,,1,1,1,1,1,1,1,1,1,1,1,1,1,1,1,1,1,1,1,1,1,1,1,1,1,1,1,1,1,1,0
17060000,2,01/03/2000,,1,1,886,766,827,31,1,1,1,1,0,0,766,766,768,771,776,783,785,790,795,798,804,808,813,816,820,826,834,839,844,849,855,859,862,866,871,873,877,881,882,884,886,1,1,1,1,1,1,1,1,1,1,1,1,1,1,1,1,1,1,1,1,1,1,1,1,1,1,1,1,1,1,1
17060000,1,01/03/2000,,1,1,886,766,827,31,1,1,1,1,,0,766,766,768,771,776,783,785,790,795,798,804,808,813,816,820,826,834,839,844,849,855,859,862,866,871,873,877,881,882,884,886,1,1,1,1,1,1,1,1,1,1,1,1,1,1,1,1,1,1,1,1,1,1,1,1,1,1,1,1,1,1,1
17060000,2,01/02/2000,,1,1,766,650,708,29,1,1,1,1,0,0,650,650,656,657,656,666,669,677,677,678,695,698,704,704,705,708,711,715,719,726,738,745,749,754,757,758,765,765,766,,,1,1,1,1,1,1,1,1,1,1,1,1,1,1,1,1,1,1,1,1,1,1,1,1,1,1,1,1,1,,
17060000,1,01/02/2000,,1,1,766,650,708,29,1,1,1,1,,0,650,650,656,657,656,666,669,677,677,678,695,698,704,704,705,708,711,715,719,726,738,745,749,754,757,758,765,765,766,,,1,1,1,1,1,1,1,1,1,1,1,1,1,1,1,1,1,1,1,1,1,1,1,1,1,1,1,1,1,0,0
17060000,2,01/01/2000,,1,1,650,478,572,30,1,1,1,1,0,0,478,479,488,496,502,505,511,521,528,531,537,545,549,555,567,574,582,590,595,598,607,613,621,628,637,644,644,647,648,650,650,1,1,1,1,1,1,1,1,1,1,1,1,1,1,1,1,1,1,1,1,1,1,1,1,1,1,1,1,1,1,1
17060000,1,01/01/2000,,1,1,650,478,572,30,1,1,1,1,,0,478,479,488,496,502,505,511,521,528,531,537,545,549,555,567,574,582,590,595,598,607,613,621,628,637,644,644,647,648,650,650,1,1,1,1,1,1,1,1,1,1,1,1,1,1,1,1,1,1,1,1,1,1,1,1,1,1,1,1,1,1,1
17060000,2,01/12/1999,,1,1,473,419,432,31,10,1,1,1,0,0,424,424,424,424,424,424,424,424,424,419,419,419,424,424,424,424,424,424,424,424,424,426,434,440,443,448,458,458,464,466,473,1,1,1,1,1,1,1,1,1,1,1,1,1,1,1,1,1,1,1,1,1,1,1,1,1,1,1,1,1,1,1
17060000,1,01/12/1999,,1,1,473,419,432,31,10,1,1,1,793,1,424,424,424,424,424,424,424,424,424,419,419,419,424,424,424,424,424,424,424,424,424,426,434,440,443,448,458,458,464,466,473,1,1,1,1,1,1,1,1,1,1,1,1,1,1,1,1,1,1,1,1,1,1,1,1,1,1,1,1,1,1,1
17060000,2,01/11/1999,,1,1,481,422,443,1,21,1,1,1,0,0,481,480,478,476,465,461,459,459,456,453,450,443,443,441,439,439,439,437,429,423,422,422,422,422,423,427,425,423,423,424,,1,1,1,1,1,1,1,1,1,1,1,1,1,1,1,1,1,1,1,1,1,1,1,1,1,1,1,1,1,1,
17060000,1,01/11/1999,,1,1,481,422,443,1,21,1,1,1,793,1,481,480,478,476,465,461,459,459,456,453,450,443,443,441,439,439,439,437,429,423,422,422,422,422,423,427,425,423,423,424,,1,1,1,1,1,1,1,1,1,1,1,1,1,1,1,1,1,1,1,1,1,1,1,1,1,1,1,1,1,1,0
17060000,2,01/10/1999,,1,1,688,488,565,1,31,1,1,1,0,0,688,678,669,656,647,637,627,616,606,596,590,588,578,572,563,550,543,534,529,520,513,513,509,507,502,501,498,497,497,495,488,1,1,1,1,1,1,1,1,1,1,1,1,1,1,1,1,1,1,1,1,1,1,1,1,1,1,1,1,1,1,1
17060000,1,01/10/1999,,1,1,688,488,565,1,31,1,1,1,793,1,688,678,669,656,647,637,627,616,606,596,590,588,578,572,563,550,543,534,529,520,513,513,509,507,502,501,498,497,497,495,488,1,1,1,1,1,1,1,1,1,1,1,1,1,1,1,1,1,1,1,1,1,1,1,1,1,1,1,1,1,1,1
17060000,2,01/09/1999,,1,1,881,703,803,1,30,1,1,1,0,0,881,877,873,869,865,864,860,849,841,838,835,832,829,824,818,812,807,802,793,782,773,764,754,746,735,726,721,717,708,703,,1,1,1,1,1,1,1,1,1,1,1,1,1,1,1,1,1,1,1,1,1,1,1,1,1,1,1,1,1,1,
17060000,1,01/09/1999,,1,1,881,703,803,1,30,1,1,1,793,1,881,877,873,869,865,864,860,849,841,838,835,832,829,824,818,812,807,802,793,782,773,764,754,746,735,726,721,717,708,703,,1,1,1,1,1,1,1,1,1,1,1,1,1,1,1,1,1,1,1,1,1,1,1,1,1,1,1,1,1,1,0
17060000,2,01/08/1999,,1,1,974,885,929,1,31,1,1,1,0,0,974,973,970,967,964,959,957,954,950,948,944,940,940,940,936,933,930,926,921,918,914,910,906,903,897,894,893,891,889,887,885,1,1,1,1,1,1,1,1,1,1,1,1,1,1,1,1,1,1,1,1,1,1,1,1,1,1,1,1,1,1,1
17060000,1,01/08/1999,,1,1,974,885,929,1,31,1,1,1,793,1,974,973,970,967,964,959,957,954,950,948,944,940,940,940,936,933,930,926,921,918,914,910,906,903,897,894,893,891,889,887,885,1,1,1,1,1,1,1,1,1,1,1,1,1,1,1,1,1,1,1,1,1,1,1,1,1,1,1,1,1,1,1
17060000,2,01/07/1999,,1,1,1042,977,1012,1,31,1,1,1,0,0,1042,1042,1040,1038,1036,1034,1030,1027,1024,1022,1020,1019,1018,1017,1016,1015,1014,1013,1011,1009,1005,1002,1001,996,991,988,987,983,981,980,977,1,1,1,1,1,1,1,1,1,1,1,1,1,1,1,1,1,1,1,1,1,1,1,1,1,1,1,1,1,1,1
17060000,1,01/07/1999,,1,1,1042,977,1012,1,31,1,1,1,793,1,1042,1042,1040,1038,1036,1034,1030,1027,1024,1022,1020,1019,1018,1017,1016,1015,1014,1013,1011,1009,1005,1002,1001,996,991,988,987,983,981,980,977,1,1,1,1,1,1,1,1,1,1,1,1,1,1,1,1,1,1,1,1,1,1,1,1,1,1,1,1,1,1,1
17060000,2,01/06/1999,,1,1,1074,1045,1065,1,30,1,1,1,0,0,1074,1074,1074,1073,1073,1072,1072,1071,1071,1070,1068,1068,1068,1068,1068,1068,1068,1068,1068,1068,1068,1068,1061,1059,1057,1054,1051,1048,1047,1045,,1,1,1,1,1,1,1,1,1,1,1,1,1,1,1,1,1,1,1,1,1,1,1,1,1,1,1,1,1,1,
17060000,1,01/06/1999,,1,1,1074,1045,1065,1,30,1,1,1,793,1,1074,1074,1074,1073,1073,1072,1072,1071,1071,1070,1068,1068,1068,1068,1068,1068,1068,1068,1068,1068,1068,1068,1061,1059,1057,1054,1051,1048,1047,1045,,1,1,1,1,1,1,1,1,1,1,1,1,1,1,1,1,1,1,1,1,1,1,1,1,1,1,1,1,1,1,0
17060000,2,01/05/1999,,1,1,1074,999,1036,28,1,1,1,1,0,0,999,1002,1005,1009,1012,1012,1012,1012,1012,1014,1014,1014,1014,1018,1027,1031,1035,1041,1045,1051,1054,1060,1064,1066,1068,1070,1073,1074,1074,1074,1074,1,1,1,1,1,1,1,1,1,1,1,1,1,1,1,1,1,1,1,1,1,1,1,1,1,1,1,1,1,1,1
17060000,1,01/05/1999,,1,1,1074,999,1036,28,1,1,1,1,793,1,999,1002,1005,1009,1012,1012,1012,1012,1012,1014,1014,1014,1014,1018,1027,1031,1035,1041,1045,1051,1054,1060,1064,1066,1068,1070,1073,1074,1074,1074,1074,1,1,1,1,1,1,1,1,1,1,1,1,1,1,1,1,1,1,1,1,1,1,1,1,1,1,1,1,1,1,1
17060000,2,01/04/1999,,1,1,996,964,979,29,1,1,1,1,0,0,964,964,965,968,968,968,970,970,970,972,972,972,970,973,974,974,974,977,981,985,987,990,991,991,994,994,993,994,996,996,,1,1,1,1,1,1,1,1,1,1,1,1,1,1,1,1,1,1,1,1,1,1,1,1,1,1,1,1,1,1,
17060000,1,01/04/1999,,1,1,996,964,979,29,1,1,1,1,793,1,964,964,965,968,968,968,970,970,970,972,972,972,970,973,974,974,974,977,981,985,987,990,991,991,994,994,993,994,996,996,,1,1,1,1,1,1,1,1,1,1,1,1,1,1,1,1,1,1,1,1,1,1,1,1,1,1,1,1,1,1,0
17060000,2,01/03/1999,,1,1,959,836,902,31,1,1,1,1,0,0,836,843,856,865,865,869,872,874,874,876,878,881,882,886,888,895,905,910,916,920,924,931,937,939,943,947,949,951,951,955,959,1,1,1,1,1,1,1,1,1,1,1,1,1,1,1,1,1,1,1,1,1,1,1,1,1,1,1,1,1,1,1
17060000,1,01/03/1999,,1,1,959,836,902,31,1,1,1,1,793,1,836,843,856,865,865,869,872,874,874,876,878,881,882,886,888,895,905,910,916,920,924,931,937,939,943,947,949,951,951,955,959,1,1,1,1,1,1,1,1,1,1,1,1,1,1,1,1,1,1,1,1,1,1,1,1,1,1,1,1,1,1,1
17060000,2,01/02/1999,,1,1,829,694,760,28,1,1,1,1,0,0,694,702,707,712,714,719,723,731,735,738,740,742,744,750,756,762,769,776,781,789,794,798,805,812,816,821,827,829,,,,1,1,1,1,1,1,1,1,1,1,1,1,1,1,1,1,1,1,1,1,1,1,1,1,1,1,1,1,,,
17060000,1,01/02/1999,,1,1,829,694,760,28,1,1,1,1,793,1,694,702,707,712,714,719,723,731,735,738,740,742,744,750,756,762,769,776,781,789,794,798,805,812,816,821,827,829,,,,1,1,1,1,1,1,1,1,1,1,1,1,1,1,1,1,1,1,1,1,1,1,1,1,1,1,1,1,0,0,0
17060000,2,01/01/1999,,1,1,688,534,594,31,1,1,1,1,0,0,534,536,538,542,544,548,552,560,565,561,565,565,565,566,572,573,573,587,596,604,610,619,626,634,645,654,664,670,676,684,688,1,1,1,1,1,1,1,1,1,1,1,1,1,1,1,1,1,1,1,1,1,1,1,1,1,1,1,1,1,1,1
17060000,1,01/01/1999,,1,1,688,534,594,31,1,1,1,1,793,1,534,536,538,542,544,548,552,560,565,561,565,565,565,566,572,573,573,587,596,604,610,619,626,634,645,654,664,670,676,684,688,1,1,1,1,1,1,1,1,1,1,1,1,1,1,1,1,1,1,1,1,1,1,1,1,1,1,1,1,1,1,1
17060000,2,01/12/1998,,1,1,532,420,490,30,1,1,1,1,0,0,420,428,437,441,446,451,457,465,468,472,477,485,485,489,491,493,498,502,503,507,513,514,518,522,527,530,530,530,530,532,532,1,1,1,1,1,1,1,1,1,1,1,1,1,1,1,1,1,1,1,1,1,1,1,1,1,1,1,1,1,1,1
17060000,1,01/12/1998,,1,1,532,420,490,30,1,1,1,1,669,1,420,428,437,441,446,451,457,465,468,472,477,485,485,489,491,493,498,502,503,507,513,514,518,522,527,530,530,530,530,532,532,1,1,1,1,1,1,1,1,1,1,1,1,1,1,1,1,1,1,1,1,1,1,1,1,1,1,1,1,1,1,1
17060000,2,01/11/1998,,1,1,415,405,412,3,24,1,1,1,0,0,414,414,415,415,415,415,415,414,414,414,414,414,414,414,414,413,413,413,413,413,413,413,409,405,405,405,405,408,410,412,,1,1,1,1,1,1,1,1,1,1,1,1,1,1,1,1,1,1,1,1,1,1,1,1,1,1,1,1,1,1,
17060000,1,01/11/1998,,1,1,415,405,412,3,24,1,1,1,669,1,414,414,415,415,415,415,415,414,414,414,414,414,414,414,414,413,413,413,413,413,413,413,409,405,405,405,405,408,410,412,,1,1,1,1,1,1,1,1,1,1,1,1,1,1,1,1,1,1,1,1,1,1,1,1,1,1,1,1,1,1,0
17060000,2,01/10/1998,,1,1,485,416,436,1,27,1,1,1,0,0,485,474,464,460,459,459,457,453,451,445,443,435,436,434,430,430,430,430,428,425,422,420,420,420,420,418,416,416,416,416,416,1,1,1,1,1,1,1,1,1,1,1,1,1,1,1,1,1,1,1,1,1,1,1,1,1,1,1,1,1,1,1
17060000,1,01/10/1998,,1,1,485,416,436,1,27,1,1,1,669,1,485,474,464,460,459,459,457,453,451,445,443,435,436,434,430,430,430,430,428,425,422,420,420,420,420,418,416,416,416,416,416,1,1,1,1,1,1,1,1,1,1,1,1,1,1,1,1,1,1,1,1,1,1,1,1,1,1,1,1,1,1,1
17060000,2,01/09/1998,,1,1,722,494,609,1,30,1,1,1,0,0,722,714,707,699,692,687,678,673,668,661,654,647,640,637,628,611,600,587,574,562,557,545,535,526,520,517,515,507,501,494,,1,1,1,1,1,1,1,1,1,1,1,1,1,1,1,1,1,1,1,1,1,1,1,1,1,1,1,1,1,1,
17060000,1,01/09/1998,,1,1,722,494,609,1,30,1,1,1,669,1,722,714,707,699,692,687,678,673,668,661,654,647,640,637,628,611,600,587,574,562,557,545,535,526,520,517,515,507,501,494,,1,1,1,1,1,1,1,1,1,1,1,1,1,1,1,1,1,1,1,1,1,1,1,1,1,1,1,1,1,1,0
17060000,2,01/08/1998,,1,1,865,730,805,1,31,1,1,1,0,0,865,861,856,851,849,847,842,839,835,832,830,828,825,821,818,814,807,804,797,790,786,782,775,772,767,762,757,750,740,734,730,1,1,1,1,1,1,1,1,1,1,1,1,1,1,1,1,1,1,1,1,1,1,1,1,1,1,1,1,1,1,1
17060000,1,01/08/1998,,1,1,865,730,805,1,31,1,1,1,669,1,865,861,856,851,849,847,842,839,835,832,830,828,825,821,818,814,807,804,797,790,786,782,775,772,767,762,757,750,740,734,730,1,1,1,1,1,1,1,1,1,1,1,1,1,1,1,1,1,1,1,1,1,1,1,1,1,1,1,1,1,1,1
17060000,2,01/07/1998,,1,1,902,868,888,1,31,1,1,1,0,0,902,902,898,896,896,896,895,895,892,890,890,890,890,890,890,890,890,890,890,887,887,887,884,884,882,880,878,877,874,872,868,1,1,1,1,1,1,1,1,1,1,1,1,1,1,1,1,1,1,1,1,1,1,1,1,1,1,1,1,1,1,1
17060000,1,01/07/1998,,1,1,902,868,888,1,31,1,1,1,669,1,902,902,898,896,896,896,895,895,892,890,890,890,890,890,890,890,890,890,890,887,887,887,884,884,882,880,878,877,874,872,868,1,1,1,1,1,1,1,1,1,1,1,1,1,1,1,1,1,1,1,1,1,1,1,1,1,1,1,1,1,1,1
17060000,2,01/06/1998,,1,1,910,902,904,1,11,1,1,1,0,0,910,910,910,908,907,906,904,904,904,904,902,902,902,902,902,902,902,902,902,902,902,902,902,902,902,902,902,902,902,902,,1,1,1,1,1,1,1,1,1,1,1,1,1,1,1,1,1,1,1,1,1,1,1,1,1,1,1,1,1,1,
17060000,1,01/06/1998,,1,1,910,902,904,1,11,1,1,1,669,1,910,910,910,908,907,906,904,904,904,904,902,902,902,902,902,902,902,902,902,902,902,902,902,902,902,902,902,902,902,902,,1,1,1,1,1,1,1,1,1,1,1,1,1,1,1,1,1,1,1,1,1,1,1,1,1,1,1,1,1,1,0
17060000,2,01/05/1998,,1,1,909,841,877,31,1,1,1,1,0,0,841,845,848,849,851,854,854,854,860,864,866,868,870,872,876,876,880,884,888,890,889,892,895,896,898,901,905,907,907,907,909,1,1,1,1,1,1,1,1,1,1,1,1,1,1,1,1,1,1,1,1,1,1,1,1,1,1,1,1,1,1,1
17060000,1,01/05/1998,,1,1,909,841,877,31,1,1,1,1,669,1,841,845,848,849,851,854,854,854,860,864,866,868,870,872,876,876,880,884,888,890,889,892,895,896,898,901,905,907,907,907,909,1,1,1,1,1,1,1,1,1,1,1,1,1,1,1,1,1,1,1,1,1,1,1,1,1,1,1,1,1,1,1
17060000,2,01/04/1998,,1,1,837,768,802,30,1,1,1,1,0,0,768,770,772,776,779,780,782,781,784,787,789,795,798,802,804,806,809,811,815,815,815,816,816,818,822,824,827,831,835,837,,1,1,1,1,1,1,1,1,1,1,1,1,1,1,1,1,1,1,1,1,1,1,1,1,1,1,1,1,1,1,
17060000,1,01/04/1998,,1,1,837,768,802,30,1,1,1,1,669,1,768,770,772,776,779,780,782,781,784,787,789,795,798,802,804,806,809,811,815,815,815,816,816,818,822,824,827,831,835,837,,1,1,1,1,1,1,1,1,1,1,1,1,1,1,1,1,1,1,1,1,1,1,1,1,1,1,1,1,1,1,0
17060000,2,01/03/1998,,1,1,766,644,707,31,1,1,1,1,0,0,644,649,655,660,666,669,674,675,681,685,688,694,696,702,708,718,718,719,724,727,731,731,731,736,736,738,745,750,754,760,766,1,1,1,1,1,1,1,1,1,1,1,1,1,1,1,1,1,1,1,1,1,1,1,1,1,1,1,1,1,1,1
17060000,1,01/03/1998,,1,1,766,644,707,31,1,1,1,1,669,1,644,649,655,660,666,669,674,675,681,685,688,694,696,702,708,718,718,719,724,727,731,731,731,736,736,738,745,750,754,760,766,1,1,1,1,1,1,1,1,1,1,1,1,1,1,1,1,1,1,1,1,1,1,1,1,1,1,1,1,1,1,1
17060000,2,01/02/1998,,1,1,637,566,601,28,1,1,1,1,0,0,566,569,574,579,583,588,591,591,593,594,594,594,595,598,606,607,611,612,614,614,614,614,614,615,619,624,630,637,,,,1,1,1,1,1,1,1,1,1,1,1,1,1,1,1,1,1,1,1,1,1,1,1,1,1,1,1,1,,,
17060000,1,01/02/1998,,1,1,637,566,601,28,1,1,1,1,669,1,566,569,574,579,583,588,591,591,593,594,594,594,595,598,606,607,611,612,614,614,614,614,614,615,619,624,630,637,,,,1,1,1,1,1,1,1,1,1,1,1,1,1,1,1,1,1,1,1,1,1,1,1,1,1,1,1,1,0,0,0
17060000,2,01/01/1998,,1,1,558,434,497,31,1,1,1,1,0,0,434,438,442,445,451,454,459,464,467,470,473,479,484,487,491,495,498,507,511,516,522,529,536,541,541,541,541,543,547,549,558,1,1,1,1,1,1,1,1,1,1,1,1,1,1,1,1,1,1,1,1,1,1,1,1,1,1,1,1,1,1,1
17060000,1,01/01/1998,,1,1,558,434,497,31,1,1,1,1,669,1,434,438,442,445,451,454,459,464,467,470,473,479,484,487,491,495,498,507,511,516,522,529,536,541,541,541,541,543,547,549,558,1,1,1,1,1,1,1,1,1,1,1,1,1,1,1,1,1,1,1,1,1,1,1,1,1,1,1,1,1,1,1
17060000,2,01/12/1997,,1,1,429,405,409,31,1,1,1,1,0,0,405,405,405,405,405,405,405,405,405,405,405,405,405,405,405,407,407,407,407,408,409,410,412,412,414,418,418,418,420,421,429,1,1,1,1,1,1,1,1,1,1,1,1,1,1,1,1,1,1,1,1,1,1,1,1,1,1,1,1,1,1,1
17060000,1,01/12/1997,,1,1,429,405,409,31,1,1,1,1,746,1,405,405,405,405,405,405,405,405,405,405,405,405,405,405,405,407,407,407,407,408,409,410,412,412,414,418,418,418,420,421,429,1,1,1,1,1,1,1,1,1,1,1,1,1,1,1,1,1,1,1,1,1,1,1,1,1,1,1,1,1,1,1
17060000,2,01/11/1997,,1,1,409,405,407,1,9,1,1,1,0,0,409,409,408,407,407,407,407,407,405,405,405,405,405,405,405,407,407,407,407,407,408,408,409,409,409,407,405,405,405,405,,1,1,1,1,1,1,1,1,1,1,1,1,1,1,1,1,1,1,1,1,1,1,1,1,1,1,1,1,1,1,
17060000,1,01/11/1997,,1,1,409,405,407,1,9,1,1,1,746,1,409,409,408,407,407,407,407,407,405,405,405,405,405,405,405,407,407,407,407,407,408,408,409,409,409,407,405,405,405,405,,1,1,1,1,1,1,1,1,1,1,1,1,1,1,1,1,1,1,1,1,1,1,1,1,1,1,1,1,1,1,0
17060000,2,01/10/1997,,1,1,459,409,425,1,30,1,1,1,0,0,459,455,454,454,447,444,439,432,430,430,428,422,422,422,422,418,418,418,416,415,415,415,415,415,412,411,411,411,410,409,409,1,1,1,1,1,1,1,1,1,1,1,1,1,1,1,1,1,1,1,1,1,1,1,1,1,1,1,1,1,1,1
17060000,1,01/10/1997,,1,1,459,409,425,1,30,1,1,1,746,1,459,455,454,454,447,444,439,432,430,430,428,422,422,422,422,418,418,418,416,415,415,415,415,415,412,411,411,411,410,409,409,1,1,1,1,1,1,1,1,1,1,1,1,1,1,1,1,1,1,1,1,1,1,1,1,1,1,1,1,1,1,1
17060000,2,01/09/1997,,1,1,725,474,599,1,30,1,1,1,0,0,725,718,708,701,694,690,682,670,659,652,646,629,616,610,605,593,585,574,563,556,546,541,536,529,520,505,494,488,475,474,,1,1,1,1,1,1,1,1,1,1,1,1,1,1,1,1,1,1,1,1,1,1,1,1,1,1,1,1,1,1,
17060000,1,01/09/1997,,1,1,725,474,599,1,30,1,1,1,746,1,725,718,708,701,694,690,682,670,659,652,646,629,616,610,605,593,585,574,563,556,546,541,536,529,520,505,494,488,475,474,,1,1,1,1,1,1,1,1,1,1,1,1,1,1,1,1,1,1,1,1,1,1,1,1,1,1,1,1,1,1,0
17060000,2,01/08/1997,,1,1,898,733,825,1,31,1,1,1,0,0,898,892,885,881,878,874,869,865,862,857,852,848,844,838,835,828,824,821,816,813,807,801,796,790,784,776,768,761,751,743,733,1,1,1,1,1,1,1,1,1,1,1,1,1,1,1,1,1,1,1,1,1,1,1,1,1,1,1,1,1,1,1
17060000,1,01/08/1997,,1,1,898,733,825,1,31,1,1,1,746,1,898,892,885,881,878,874,869,865,862,857,852,848,844,838,835,828,824,821,816,813,807,801,796,790,784,776,768,761,751,743,733,1,1,1,1,1,1,1,1,1,1,1,1,1,1,1,1,1,1,1,1,1,1,1,1,1,1,1,1,1,1,1
17060000,2,01/07/1997,,1,1,1002,902,950,1,31,1,1,1,0,0,1002,996,991,989,988,986,982,979,977,973,969,965,962,957,954,951,945,942,938,933,931,928,926,924,921,919,913,910,907,904,902,1,1,1,1,1,1,1,1,1,1,1,1,1,1,1,1,1,1,1,1,1,1,1,1,1,1,1,1,1,1,1
17060000,1,01/07/1997,,1,1,1002,902,950,1,31,1,1,1,746,1,1002,996,991,989,988,986,982,979,977,973,969,965,962,957,954,951,945,942,938,933,931,928,926,924,921,919,913,910,907,904,902,1,1,1,1,1,1,1,1,1,1,1,1,1,1,1,1,1,1,1,1,1,1,1,1,1,1,1,1,1,1,1
17060000,2,01/06/1997,,1,1,1062,1008,1034,1,27,1,1,1,0,0,1062,1061,1059,1059,1057,1057,1057,1057,1057,1050,1049,1044,1042,1040,1039,1032,1027,1024,1020,1019,1018,1015,1015,1014,1012,1010,1008,1008,1008,1008,,1,1,1,1,1,1,1,1,1,1,1,1,1,1,1,1,1,1,1,1,1,1,1,1,1,1,1,1,1,1,
17060000,1,01/06/1997,,1,1,1062,1008,1034,1,27,1,1,1,746,1,1062,1061,1059,1059,1057,1057,1057,1057,1057,1050,1049,1044,1042,1040,1039,1032,1027,1024,1020,1019,1018,1015,1015,1014,1012,1010,1008,1008,1008,1008,,1,1,1,1,1,1,1,1,1,1,1,1,1,1,1,1,1,1,1,1,1,1,1,1,1,1,1,1,1,1,0
17060000,2,01/05/1997,,1,1,1074,1035,1062,15,1,1,1,1,0,0,1035,1036,1036,1038,1040,1041,1047,1054,1061,1062,1065,1070,1071,1072,1074,1074,1074,1074,1072,1071,1071,1070,1070,1070,1069,1069,1069,1067,1067,1067,1064,1,1,1,1,1,1,1,1,1,1,1,1,1,1,1,1,1,1,1,1,1,1,1,1,1,1,1,1,1,1,1
17060000,1,01/05/1997,,1,1,1074,1035,1062,15,1,1,1,1,746,1,1035,1036,1036,1038,1040,1041,1047,1054,1061,1062,1065,1070,1071,1072,1074,1074,1074,1074,1072,1071,1071,1070,1070,1070,1069,1069,1069,1067,1067,1067,1064,1,1,1,1,1,1,1,1,1,1,1,1,1,1,1,1,1,1,1,1,1,1,1,1,1,1,1,1,1,1,1
17060000,2,01/04/1997,,1,1,1034,947,994,30,1,1,1,1,0,0,947,950,952,955,958,961,965,971,977,983,987,991,995,998,1003,1007,1008,1008,1008,1009,1010,1010,1013,1016,1018,1021,1024,1024,1030,1034,,1,1,1,1,1,1,1,1,1,1,1,1,1,1,1,1,1,1,1,1,1,1,1,1,1,1,1,1,1,1,
17060000,1,01/04/1997,,1,1,1034,947,994,30,1,1,1,1,746,1,947,950,952,955,958,961,965,971,977,983,987,991,995,998,1003,1007,1008,1008,1008,1009,1010,1010,1013,1016,1018,1021,1024,1024,1030,1034,,1,1,1,1,1,1,1,1,1,1,1,1,1,1,1,1,1,1,1,1,1,1,1,1,1,1,1,1,1,1,0
17060000,2,01/03/1997,,1,1,942,786,861,31,2,1,1,1,0,0,791,786,789,793,797,799,805,811,817,823,831,840,845,857,864,867,870,876,880,885,891,896,898,905,910,914,922,927,933,938,942,1,1,1,1,1,1,1,1,1,1,1,1,1,1,1,1,1,1,1,1,1,1,1,1,1,1,1,1,1,1,1
17060000,1,01/03/1997,,1,1,942,786,861,31,2,1,1,1,746,1,791,786,789,793,797,799,805,811,817,823,831,840,845,857,864,867,870,876,880,885,891,896,898,905,910,914,922,927,933,938,942,1,1,1,1,1,1,1,1,1,1,1,1,1,1,1,1,1,1,1,1,1,1,1,1,1,1,1,1,1,1,1
17060000,2,01/02/1997,,1,1,785,710,749,28,1,1,1,1,0,0,710,712,713,713,714,719,723,728,733,738,743,747,750,754,757,760,760,760,760,761,766,769,772,774,776,779,784,785,,,,1,1,1,1,1,1,1,1,1,1,1,1,1,1,1,1,1,1,1,1,1,1,1,1,1,1,1,1,,,
17060000,1,01/02/1997,,1,1,785,710,749,28,1,1,1,1,746,1,710,712,713,713,714,719,723,728,733,738,743,747,750,754,757,760,760,760,760,761,766,769,772,774,776,779,784,785,,,,1,1,1,1,1,1,1,1,1,1,1,1,1,1,1,1,1,1,1,1,1,1,1,1,1,1,1,1,0,0,0
17060000,2,01/01/1997,,1,1,709,581,642,31,1,1,1,1,0,0,581,582,582,582,583,588,588,592,602,608,614,623,626,631,645,650,654,659,663,666,668,675,677,681,687,690,693,698,702,707,709,1,1,1,1,1,1,1,1,1,1,1,1,1,1,1,1,1,1,1,1,1,1,1,1,1,1,1,1,1,1,1
17060000,1,01/01/1997,,1,1,709,581,642,31,1,1,1,1,746,1,581,582,582,582,583,588,588,592,602,608,614,623,626,631,645,650,654,659,663,666,668,675,677,681,687,690,693,698,702,707,709,1,1,1,1,1,1,1,1,1,1,1,1,1,1,1,1,1,1,1,1,1,1,1,1,1,1,1,1,1,1,1
17060000,2,01/12/1996,,1,1,580,532,561,31,2,1,1,1,0,0,534,532,536,539,543,545,544,544,550,555,560,563,565,568,572,572,572,573,568,568,568,568,568,568,568,568,572,572,577,578,580,1,1,1,1,1,1,1,1,1,1,1,1,1,1,1,1,1,1,1,1,1,1,1,1,1,1,1,1,1,1,1
17060000,1,01/12/1996,,1,1,580,532,561,31,2,1,1,1,784,1,534,532,536,539,543,545,544,544,550,555,560,563,565,568,572,572,572,573,568,568,568,568,568,568,568,568,572,572,577,578,580,1,1,1,1,1,1,1,1,1,1,1,1,1,1,1,1,1,1,1,1,1,1,1,1,1,1,1,1,1,1,1
17060000,2,01/11/1996,,1,1,530,476,497,30,10,1,1,1,0,0,491,491,491,485,486,484,484,484,478,476,477,485,485,486,497,499,499,499,499,499,502,502,502,508,511,515,520,523,526,530,,1,1,1,1,1,1,1,1,1,1,1,1,1,1,1,1,1,1,1,1,1,1,1,1,1,1,1,1,1,1,
17060000,1,01/11/1996,,1,1,530,476,497,30,10,1,1,1,784,1,491,491,491,485,486,484,484,484,478,476,477,485,485,486,497,499,499,499,499,499,502,502,502,508,511,515,520,523,526,530,,1,1,1,1,1,1,1,1,1,1,1,1,1,1,1,1,1,1,1,1,1,1,1,1,1,1,1,1,1,1,0
17060000,2,01/10/1996,,1,1,609,482,522,1,25,1,1,1,0,0,609,600,590,582,575,569,565,559,547,535,533,529,523,514,507,503,501,496,491,491,490,487,484,484,482,482,482,488,491,491,491,1,1,1,1,1,1,1,1,1,1,1,1,1,1,1,1,1,1,1,1,1,1,1,1,1,1,1,1,1,1,1
17060000,1,01/10/1996,,1,1,609,482,522,1,25,1,1,1,784,1,609,600,590,582,575,569,565,559,547,535,533,529,523,514,507,503,501,496,491,491,490,487,484,484,482,482,482,488,491,491,491,1,1,1,1,1,1,1,1,1,1,1,1,1,1,1,1,1,1,1,1,1,1,1,1,1,1,1,1,1,1,1
17060000,2,01/09/1996,,1,1,808,613,717,1,30,1,1,1,0,0,808,805,803,796,788,779,776,772,760,758,749,741,733,729,725,719,713,708,703,695,680,676,667,657,649,641,636,625,619,613,,1,1,1,1,1,1,1,1,1,1,1,1,1,1,1,1,1,1,1,1,1,1,1,1,1,1,1,1,1,1,
17060000,1,01/09/1996,,1,1,808,613,717,1,30,1,1,1,784,1,808,805,803,796,788,779,776,772,760,758,749,741,733,729,725,719,713,708,703,695,680,676,667,657,649,641,636,625,619,613,,1,1,1,1,1,1,1,1,1,1,1,1,1,1,1,1,1,1,1,1,1,1,1,1,1,1,1,1,1,1,0
17060000,2,01/08/1996,,1,1,925,813,873,1,31,1,1,1,0,0,925,925,924,922,918,913,911,908,907,905,901,894,886,881,877,873,869,865,864,861,855,849,844,836,830,825,821,818,814,814,813,1,1,1,1,1,1,1,1,1,1,1,1,1,1,1,1,1,1,1,1,1,1,1,1,1,1,1,1,1,1,1
17060000,1,01/08/1996,,1,1,925,813,873,1,31,1,1,1,784,1,925,925,924,922,918,913,911,908,907,905,901,894,886,881,877,873,869,865,864,861,855,849,844,836,830,825,821,818,814,814,813,1,1,1,1,1,1,1,1,1,1,1,1,1,1,1,1,1,1,1,1,1,1,1,1,1,1,1,1,1,1,1
17060000,2,01/07/1996,,1,1,989,925,963,1,31,1,1,1,0,0,989,989,989,987,986,985,984,984,982,980,977,973,970,969,967,966,964,962,960,956,954,951,948,945,942,940,937,932,930,926,925,1,1,1,1,1,1,1,1,1,1,1,1,1,1,1,1,1,1,1,1,1,1,1,1,1,1,1,1,1,1,1
17060000,1,01/07/1996,,1,1,989,925,963,1,31,1,1,1,784,1,989,989,989,987,986,985,984,984,982,980,977,973,970,969,967,966,964,962,960,956,954,951,948,945,942,940,937,932,930,926,925,1,1,1,1,1,1,1,1,1,1,1,1,1,1,1,1,1,1,1,1,1,1,1,1,1,1,1,1,1,1,1
17060000,2,01/06/1996,,1,1,1023,990,1011,7,30,1,1,1,0,0,1012,1012,1012,1012,1013,1019,1023,1022,1022,1022,1022,1022,1022,1019,1016,1014,1014,1014,1014,1012,1010,1006,1005,1005,1004,1001,998,995,992,990,,1,1,1,1,1,1,1,1,1,1,1,1,1,1,1,1,1,1,1,1,1,1,1,1,1,1,1,1,1,1,
17060000,1,01/06/1996,,1,1,1023,990,1011,7,30,1,1,1,784,1,1012,1012,1012,1012,1013,1019,1023,1022,1022,1022,1022,1022,1022,1019,1016,1014,1014,1014,1014,1012,1010,1006,1005,1005,1004,1001,998,995,992,990,,1,1,1,1,1,1,1,1,1,1,1,1,1,1,1,1,1,1,1,1,1,1,1,1,1,1,1,1,1,1,0
17060000,2,01/05/1996,,1,1,1028,1004,1018,17,1,1,1,1,0,0,1004,1004,1004,1004,1005,1007,1011,1014,1018,1019,1022,1023,1026,1026,1027,1027,1028,1028,1028,1028,1027,1026,1022,1020,1018,1016,1014,1014,1013,1012,1012,1,1,1,1,1,1,1,1,1,1,1,1,1,1,1,1,1,1,1,1,1,1,1,1,1,1,1,1,1,1,1
17060000,1,01/05/1996,,1,1,1028,1004,1018,17,1,1,1,1,784,1,1004,1004,1004,1004,1005,1007,1011,1014,1018,1019,1022,1023,1026,1026,1027,1027,1028,1028,1028,1028,1027,1026,1022,1020,1018,1016,1014,1014,1013,1012,1012,1,1,1,1,1,1,1,1,1,1,1,1,1,1,1,1,1,1,1,1,1,1,1,1,1,1,1,1,1,1,1
17060000,2,01/04/1996,,1,1,1004,944,976,29,1,1,1,1,0,0,944,945,947,950,952,954,956,960,963,963,966,966,967,970,970,974,977,980,984,987,991,995,998,1002,1002,1003,1003,1003,1004,1004,,1,1,1,1,1,1,1,1,1,1,1,1,1,1,1,1,1,1,1,1,1,1,1,1,1,1,1,1,1,1,
17060000,1,01/04/1996,,1,1,1004,944,976,29,1,1,1,1,784,1,944,945,947,950,952,954,956,960,963,963,966,966,967,970,970,974,977,980,984,987,991,995,998,1002,1002,1003,1003,1003,1004,1004,,1,1,1,1,1,1,1,1,1,1,1,1,1,1,1,1,1,1,1,1,1,1,1,1,1,1,1,1,1,1,0
17060000,2,01/03/1996,,1,1,942,811,881,31,1,1,1,1,0,0,811,813,817,824,831,838,843,847,850,855,859,863,867,872,877,881,885,890,896,898,906,914,918,920,924,930,933,936,937,940,942,1,1,1,1,1,1,1,1,1,1,1,1,1,1,1,1,1,1,1,1,1,1,1,1,1,1,1,1,1,1,1
17060000,1,01/03/1996,,1,1,942,811,881,31,1,1,1,1,784,1,811,813,817,824,831,838,843,847,850,855,859,863,867,872,877,881,885,890,896,898,906,914,918,920,924,930,933,936,937,940,942,1,1,1,1,1,1,1,1,1,1,1,1,1,1,1,1,1,1,1,1,1,1,1,1,1,1,1,1,1,1,1
17060000,2,01/02/1996,,1,1,809,704,758,29,1,1,1,1,0,0,704,706,709,713,722,730,732,736,738,740,742,744,745,747,750,755,759,764,771,776,783,788,792,796,802,805,807,808,809,,,1,1,1,1,1,1,1,1,1,1,1,1,1,1,1,1,1,1,1,1,1,1,1,1,1,1,1,1,1,,
17060000,1,01/02/1996,,1,1,809,704,758,29,1,1,1,1,784,1,704,706,709,713,722,730,732,736,738,740,742,744,745,747,750,755,759,764,771,776,783,788,792,796,802,805,807,808,809,,,1,1,1,1,1,1,1,1,1,1,1,1,1,1,1,1,1,1,1,1,1,1,1,1,1,1,1,1,1,0,0
17060000,2,01/01/1996,,1,1,698,560,629,31,1,1,1,1,0,0,560,561,561,565,570,570,574,580,591,595,598,603,608,611,617,626,635,637,651,659,659,665,671,677,683,687,693,695,696,697,698,1,1,1,1,1,1,1,1,1,1,1,1,1,1,1,1,1,1,1,1,1,1,1,1,1,1,1,1,1,1,1
17060000,1,01/01/1996,,1,1,698,560,629,31,1,1,1,1,784,1,560,561,561,565,570,570,574,580,591,595,598,603,608,611,617,626,635,637,651,659,659,665,671,677,683,687,693,695,696,697,698,1,1,1,1,1,1,1,1,1,1,1,1,1,1,1,1,1,1,1,1,1,1,1,1,1,1,1,1,1,1,1
17060000,2,01/12/1995,,1,1,555,425,483,31,1,1,1,1,0,0,425,425,426,426,426,427,432,438,444,450,451,457,463,467,474,484,489,492,497,500,508,513,520,528,534,538,539,542,548,553,555,1,1,1,1,1,1,1,1,1,1,1,1,1,1,1,1,1,1,1,1,1,1,1,1,1,1,1,1,1,1,1
17060000,1,01/12/1995,,1,1,555,425,483,31,1,1,1,1,701,1,425,425,426,426,426,427,432,438,444,450,451,457,463,467,474,484,489,492,497,500,508,513,520,528,534,538,539,542,548,553,555,1,1,1,1,1,1,1,1,1,1,1,1,1,1,1,1,1,1,1,1,1,1,1,1,1,1,1,1,1,1,1
17060000,2,01/11/1995,,1,1,420,412,415,30,16,1,1,1,0,0,417,417,417,416,416,414,414,414,414,414,413,413,413,413,413,412,412,412,415,418,416,414,414,413,413,412,412,415,419,420,,1,1,1,1,1,1,1,1,1,1,1,1,1,1,1,1,1,1,1,1,1,1,1,1,1,1,1,1,1,1,
17060000,1,01/11/1995,,1,1,420,412,414,30,16,1,1,1,701,1,417,417,417,416,416,414,414,414,414,414,413,413,413,413,413,412,412,412,415,418,416,414,414,413,413,412,412,415,419,420,,1,1,1,1,1,1,1,1,1,1,1,1,1,1,1,1,1,1,1,1,1,1,1,1,1,1,1,1,1,1,0
17060000,2,01/10/1995,,1,1,421,416,416,1,2,1,1,1,0,0,421,416,416,416,416,416,416,416,416,416,416,416,416,416,416,416,416,416,416,416,416,416,416,416,416,416,416,416,416,416,416,1,1,1,1,1,1,1,1,1,1,1,1,1,1,1,1,1,1,1,1,1,1,1,1,1,1,1,1,1,1,1
17060000,1,01/10/1995,,1,1,421,416,416,1,2,1,1,1,701,1,421,416,416,416,416,416,416,416,416,416,416,416,416,416,416,416,416,416,416,416,416,416,416,416,416,416,416,416,416,416,416,1,1,1,1,1,1,1,1,1,1,1,1,1,1,1,1,1,1,1,1,1,1,1,1,1,1,1,1,1,1,1
17060000,2,01/09/1995,,1,1,695,434,551,1,30,1,1,1,0,0,695,688,680,670,664,648,636,628,615,604,589,581,569,560,551,538,519,512,507,502,493,479,471,463,455,449,447,447,446,434,,1,1,1,1,1,1,1,1,1,1,1,1,1,1,1,1,1,1,1,1,1,1,1,1,1,1,1,1,1,1,
17060000,1,01/09/1995,,1,1,695,434,551,1,30,1,1,1,701,1,695,688,680,670,664,648,636,628,615,604,589,581,569,560,551,538,519,512,507,502,493,479,471,463,455,449,447,447,446,434,,1,1,1,1,1,1,1,1,1,1,1,1,1,1,1,1,1,1,1,1,1,1,1,1,1,1,1,1,1,1,0
17060000,2,01/08/1995,,1,1,849,703,786,1,31,2,2,2,0,0,849,847,842,839,836,831,826,823,820,817,814,811,807,804,801,796,794,787,779,774,767,755,753,747,738,734,731,722,714,709,703,1,1,1,1,1,1,1,1,1,1,1,1,1,1,1,2,1,1,1,1,1,1,1,1,1,1,1,1,1,1,1
17060000,1,01/08/1995,,1,1,849,703,785,1,31,1,1,1,701,1,849,847,842,839,836,831,826,823,820,817,814,811,807,804,801,762,794,787,779,774,767,755,753,747,738,734,731,722,714,709,703,1,1,1,1,1,1,1,1,1,1,1,1,1,1,1,1,1,1,1,1,1,1,1,1,1,1,1,1,1,1,1
17060000,2,01/07/1995,,1,1,927,851,895,1,31,1,1,1,0,0,927,925,922,923,924,922,920,916,913,910,908,908,906,906,904,902,898,897,892,890,887,882,876,873,868,864,863,860,857,854,851,1,1,1,1,1,1,1,1,1,1,1,1,1,1,1,1,1,1,1,1,1,1,1,1,1,1,1,1,1,1,1
17060000,1,01/07/1995,,1,1,927,851,895,1,31,1,1,1,701,1,927,925,922,923,924,922,920,916,913,910,908,908,906,906,904,902,898,897,892,890,887,882,876,873,868,864,863,860,857,854,851,1,1,1,1,1,1,1,1,1,1,1,1,1,1,1,1,1,1,1,1,1,1,1,1,1,1,1,1,1,1,1
17060000,2,01/06/1995,,1,1,956,928,945,3,28,1,1,1,0,0,954,955,956,956,956,956,956,954,952,950,948,946,945,945,945,945,945,945,945,945,942,940,940,937,933,931,930,928,928,928,,1,1,1,1,1,1,1,1,1,1,1,1,1,1,1,1,1,1,1,1,1,1,1,1,1,1,1,1,1,1,
17060000,1,01/06/1995,,1,1,956,928,945,3,28,1,1,1,701,1,954,955,956,956,956,956,956,954,952,950,948,946,945,945,945,945,945,945,945,945,942,940,940,937,933,931,930,928,928,928,,1,1,1,1,1,1,1,1,1,1,1,1,1,1,1,1,1,1,1,1,1,1,1,1,1,1,1,1,1,1,0
17060000,2,01/05/1995,,1,1,954,905,932,31,1,1,1,1,0,0,905,910,910,914,915,916,917,919,925,925,925,925,925,925,928,930,934,936,939,943,944,944,946,947,947,947,948,948,949,952,954,1,1,1,1,1,1,1,1,1,1,1,1,1,1,1,1,1,1,1,1,1,1,1,1,1,1,1,1,1,1,1
17060000,1,01/05/1995,,1,1,954,905,932,31,1,1,1,1,701,1,905,910,910,914,915,916,917,919,925,925,925,925,925,925,928,930,934,936,939,943,944,944,946,947,947,947,948,948,949,952,954,1,1,1,1,1,1,1,1,1,1,1,1,1,1,1,1,1,1,1,1,1,1,1,1,1,1,1,1,1,1,1
17060000,2,01/04/1995,,1,1,897,793,848,30,1,1,1,1,0,0,793,802,806,809,811,814,816,820,825,829,832,836,836,837,841,846,850,855,859,866,877,878,880,883,887,888,880,883,889,897,,1,1,1,1,1,1,1,1,1,1,1,1,1,1,1,1,1,1,1,1,1,1,1,1,1,1,1,1,1,1,
17060000,1,01/04/1995,,1,1,897,793,848,30,1,1,1,1,701,1,793,802,806,809,811,814,816,820,825,829,832,836,836,837,841,846,850,855,859,866,877,878,880,883,887,888,880,883,889,897,,1,1,1,1,1,1,1,1,1,1,1,1,1,1,1,1,1,1,1,1,1,1,1,1,1,1,1,1,1,1,0
17060000,2,01/03/1995,,1,1,789,743,764,31,1,1,1,1,0,0,743,746,746,750,750,755,756,756,756,756,756,756,756,756,756,756,759,764,767,770,772,775,777,779,781,782,782,781,781,782,789,1,1,1,1,1,1,1,1,1,1,1,1,1,1,1,1,1,1,1,1,1,1,1,1,1,1,1,1,1,1,1
17060000,1,01/03/1995,,1,1,789,743,764,31,1,1,1,1,701,1,743,746,746,750,750,755,756,756,756,756,756,756,756,756,756,756,759,764,767,770,772,775,777,779,781,782,782,781,781,782,789,1,1,1,1,1,1,1,1,1,1,1,1,1,1,1,1,1,1,1,1,1,1,1,1,1,1,1,1,1,1,1
17060000,2,01/02/1995,,1,1,738,697,713,27,8,1,1,1,0,0,702,702,704,706,705,701,701,697,698,699,699,699,699,699,702,706,711,714,717,723,725,728,733,736,736,736,738,738,,,,1,1,1,1,1,1,1,1,1,1,1,1,1,1,1,1,1,1,1,1,1,1,1,1,1,1,1,1,,,
17060000,1,01/02/1995,,1,1,738,697,713,27,8,1,1,1,701,1,702,702,704,706,705,701,701,697,698,699,699,699,699,699,702,706,711,714,717,723,725,728,733,736,736,736,738,738,,,,1,1,1,1,1,1,1,1,1,1,1,1,1,1,1,1,1,1,1,1,1,1,1,1,1,1,1,1,0,0,0
17060000,2,01/01/1995,,1,1,696,601,661,31,1,1,1,1,0,0,601,606,614,621,628,634,640,640,644,646,646,648,652,657,660,663,667,671,675,679,682,686,686,688,690,690,690,690,692,694,696,1,1,1,1,1,1,1,1,1,1,1,1,1,1,1,1,1,1,1,1,1,1,1,1,1,1,1,1,1,1,1
17060000,1,01/01/1995,,1,1,696,601,661,31,1,1,1,1,701,1,601,606,614,621,628,634,640,640,644,646,646,648,652,657,660,663,667,671,675,679,682,686,686,688,690,690,690,690,692,694,696,1,1,1,1,1,1,1,1,1,1,1,1,1,1,1,1,1,1,1,1,1,1,1,1,1,1,1,1,1,1,1
17060000,2,01/12/1994,,1,1,595,490,535,31,1,1,1,1,0,0,490,492,495,498,501,504,509,513,515,517,518,519,519,519,520,526,532,537,542,546,551,555,557,560,562,564,572,577,582,587,595,1,1,1,1,1,1,1,1,1,1,1,1,1,1,1,1,1,1,1,1,1,1,1,1,1,1,1,1,1,1,1
17060000,1,01/12/1994,,1,1,597,490,535,31,1,1,1,1,,0,490,492,495,498,501,504,509,513,515,517,518,519,519,519,520,526,532,537,542,546,551,555,557,560,562,564,572,577,582,587,595,1,1,1,1,1,1,1,1,1,1,1,1,1,1,1,1,1,1,1,1,1,1,1,1,1,1,1,1,1,1,1
17060000,2,01/11/1994,,1,1,559,480,517,1,26,1,1,1,0,0,559,556,556,555,554,552,549,544,542,539,530,526,525,521,515,510,508,508,505,501,494,493,487,482,484,480,480,480,480,480,,1,1,1,1,1,1,1,1,1,1,1,1,1,1,1,1,1,1,1,1,1,1,1,1,1,1,1,1,1,1,
17060000,1,01/11/1994,,1,1,560,480,517,1,24,1,1,1,,0,559,556,556,555,554,552,549,544,542,539,530,526,525,521,515,510,508,508,505,501,494,493,487,482,484,480,480,480,480,480,,1,1,1,1,1,1,1,1,1,1,1,1,1,1,1,1,1,1,1,1,1,1,1,1,1,1,1,1,1,1,0
17060000,2,01/10/1994,,1,1,723,561,640,1,31,1,1,1,0,0,723,715,705,700,695,691,688,680,678,670,662,659,656,653,645,638,635,627,622,619,618,615,608,604,598,590,586,578,570,563,561,1,1,1,1,1,1,1,1,1,1,1,1,1,1,1,1,1,1,1,1,1,1,1,1,1,1,1,1,1,1,1
17060000,1,01/10/1994,,1,1,724,560,640,1,31,1,1,1,,0,723,715,705,700,695,691,688,680,678,670,662,659,656,653,645,638,635,627,622,619,618,615,608,604,598,590,586,578,570,563,561,1,1,1,1,1,1,1,1,1,1,1,1,1,1,1,1,1,1,1,1,1,1,1,1,1,1,1,1,1,1,1
17060000,2,01/09/1994,,1,1,861,729,800,1,30,1,1,1,0,0,861,858,847,847,842,840,835,830,830,830,824,820,817,815,804,799,797,796,792,784,776,770,765,761,757,755,748,742,733,729,,1,1,1,1,1,1,1,1,1,1,1,1,1,1,1,1,1,1,1,1,1,1,1,1,1,1,1,1,1,1,
17060000,1,01/09/1994,,1,1,861,728,800,1,30,1,1,1,,0,861,858,847,847,842,840,835,830,830,830,824,820,817,815,804,799,797,796,792,784,776,770,765,761,757,755,748,742,733,729,,1,1,1,1,1,1,1,1,1,1,1,1,1,1,1,1,1,1,1,1,1,1,1,1,1,1,1,1,1,1,0
17060000,2,01/08/1994,,1,1,966,865,917,1,31,1,1,1,0,0,966,963,951,947,943,940,939,939,938,936,933,930,929,927,926,920,915,915,907,905,904,902,899,896,894,890,885,884,876,869,865,1,1,1,1,1,1,1,1,1,1,1,1,1,1,1,1,1,1,1,1,1,1,1,1,1,1,1,1,1,1,1
17060000,1,01/08/1994,,1,1,966,864,917,1,31,1,1,1,,0,966,963,951,947,943,940,939,939,938,936,933,930,929,927,926,920,915,915,907,905,904,902,899,896,894,890,885,884,876,869,865,1,1,1,1,1,1,1,1,1,1,1,1,1,1,1,1,1,1,1,1,1,1,1,1,1,1,1,1,1,1,1
17060000,2,01/07/1994,,1,1,1025,969,1002,1,31,1,1,1,0,0,1025,1025,1025,1024,1023,1021,1015,1016,1015,1014,1014,1014,1014,1011,1009,1007,1002,1002,998,995,991,988,986,984,984,983,981,976,974,972,969,1,1,1,1,1,1,1,1,1,1,1,1,1,1,1,1,1,1,1,1,1,1,1,1,1,1,1,1,1,1,1
17060000,1,01/07/1994,,1,1,1025,968,1002,1,31,1,1,1,,0,1025,1025,1025,1024,1023,1021,1015,1016,1015,1014,1014,1014,1014,1011,1009,1007,1002,1002,998,995,991,988,986,984,984,983,981,976,974,972,969,1,1,1,1,1,1,1,1,1,1,1,1,1,1,1,1,1,1,1,1,1,1,1,1,1,1,1,1,1,1,1
17060000,2,01/06/1994,,1,1,1055,1025,1038,3,26,1,1,1,0,0,1053,1054,1055,1055,1053,1050,1049,1046,1043,1043,1043,1043,1040,1040,1040,1040,1037,1035,1033,1032,1030,1029,1027,1026,1026,1025,1025,1025,1025,1025,,1,1,1,1,1,1,1,1,1,1,1,1,1,1,1,1,1,1,1,1,1,1,1,1,1,1,1,1,1,1,
17060000,1,01/06/1994,,1,1,1055,1025,1038,3,26,1,1,1,,0,1053,1054,1055,1055,1053,1050,1049,1046,1043,1043,1043,1043,1040,1040,1040,1040,1037,1035,1033,1032,1030,1029,1027,1026,1026,1025,1025,1025,1025,1025,,1,1,1,1,1,1,1,1,1,1,1,1,1,1,1,1,1,1,1,1,1,1,1,1,1,1,1,1,1,1,0
17060000,2,01/05/1994,,1,1,1053,1034,1040,30,13,1,1,1,0,0,1035,1040,1040,1040,1040,1040,1040,1040,1040,1040,1040,1036,1034,1034,1034,1034,1034,1040,1040,1040,1038,1038,1038,1038,1038,1038,1041,1046,1052,1053,1053,1,1,1,1,1,1,1,1,1,1,1,1,1,1,1,1,1,1,1,1,1,1,1,1,1,1,1,1,1,1,1
17060000,1,01/05/1994,,1,1,1053,1034,1040,29,1,1,1,1,,0,1035,1040,1040,1040,1040,1040,1040,1040,1040,1040,1040,1036,1034,1034,1034,1034,1034,1040,1040,1040,1038,1038,1038,1038,1038,1038,1041,1046,1052,1053,1053,1,1,1,1,1,1,1,1,1,1,1,1,1,1,1,1,1,1,1,1,1,1,1,1,1,1,1,1,1,1,1
17060000,2,01/04/1994,,1,1,1029,986,1009,30,1,1,1,1,0,0,986,992,994,994,997,996,996,996,1003,1005,1007,1007,1009,1011,1013,1014,1014,1014,1014,1014,1014,1014,1014,1014,1014,1017,1021,1023,1024,1029,,1,1,1,1,1,1,1,1,1,1,1,1,1,1,1,1,1,1,1,1,1,1,1,1,1,1,1,1,1,1,
17060000,1,01/04/1994,,1,1,1030,984,1009,30,1,1,1,1,,0,986,992,994,994,997,996,996,996,1003,1005,1007,1007,1009,1011,1013,1014,1014,1014,1014,1014,1014,1014,1014,1014,1014,1017,1021,1023,1024,1029,,1,1,1,1,1,1,1,1,1,1,1,1,1,1,1,1,1,1,1,1,1,1,1,1,1,1,1,1,1,1,0
17060000,2,01/03/1994,,1,1,978,918,957,20,1,1,1,1,0,0,918,920,923,925,930,938,938,941,945,948,948,950,951,953,958,961,964,967,967,978,978,978,978,978,978,978,978,978,978,978,978,1,1,1,1,1,1,1,1,1,1,1,1,1,1,1,1,1,1,1,1,1,1,1,1,1,1,1,1,1,1,1
17060000,1,01/03/1994,,1,1,978,918,957,20,1,1,1,1,,0,918,920,923,925,930,938,938,941,945,948,948,950,951,953,958,961,964,967,967,978,978,978,978,978,978,978,978,978,978,978,978,1,1,1,1,1,1,1,1,1,1,1,1,1,1,1,1,1,1,1,1,1,1,1,1,1,1,1,1,1,1,1
17060000,2,01/02/1994,,1,1,915,838,876,28,1,1,1,1,0,0,838,843,845,845,851,853,854,855,858,861,864,867,873,877,881,884,887,890,891,893,898,899,899,899,902,904,909,915,,,,1,1,1,1,1,1,1,1,1,1,1,1,1,1,1,1,1,1,1,1,1,1,1,1,1,1,1,1,,,
17060000,1,01/02/1994,,1,1,915,838,876,28,1,1,1,1,,0,838,843,845,845,851,853,854,855,858,861,864,867,873,877,881,884,887,890,891,893,898,899,899,899,902,904,909,915,,,,1,1,1,1,1,1,1,1,1,1,1,1,1,1,1,1,1,1,1,1,1,1,1,1,1,1,1,1,0,0,0
17060000,2,01/01/1994,,1,1,831,706,783,31,1,1,1,1,0,0,706,715,727,737,746,749,751,755,759,764,769,774,782,787,791,796,799,802,802,802,804,806,806,809,813,816,818,821,824,827,831,1,1,1,1,1,1,1,1,1,1,1,1,1,1,1,1,1,1,1,1,1,1,1,1,1,1,1,1,1,1,1
17060000,1,01/01/1994,,1,1,831,706,783,31,1,1,1,1,,0,706,715,727,737,746,749,751,755,759,764,769,774,782,787,791,796,799,802,802,802,804,806,806,809,813,816,818,821,824,827,831,1,1,1,1,1,1,1,1,1,1,1,1,1,1,1,1,1,1,1,1,1,1,1,1,1,1,1,1,1,1,1
17060000,2,01/12/1993,,1,1,698,559,636,31,1,1,1,1,0,0,559,567,573,580,585,591,598,605,610,615,619,623,630,634,639,641,645,649,662,665,666,666,667,667,667,669,675,681,686,693,698,1,1,1,1,1,1,1,1,1,1,1,1,1,1,1,1,1,1,1,1,1,1,1,1,1,1,1,1,1,1,1
17060000,1,01/12/1993,07:00,0,1,699,558,637,31,1,1,1,1,,0,558,565,572,579,584,590,598,604,609,615,618,622,630,632,639,641,645,648,662,665,666,666,667,667,667,668,674,680,684,692,698,1,1,1,1,1,1,1,1,1,1,1,1,1,1,1,1,1,1,1,1,1,1,1,1,1,1,1,1,1,1,1
17060000,1,01/12/1993,17:00,0,1,699,558,637,31,1,1,1,1,,0,561,569,575,581,587,593,599,606,612,615,620,625,630,636,639,642,646,650,663,665,666,666,667,667,667,671,677,682,688,695,699,1,1,1,1,1,1,1,1,1,1,1,1,1,1,1,1,1,1,1,1,1,1,1,1,1,1,1,1,1,1,1
17060000,1,01/12/1993,,1,1,698,559,636,31,1,1,1,1,789,1,559,567,573,580,585,591,598,605,610,615,619,623,630,634,639,641,645,649,662,665,666,666,667,667,667,669,675,681,686,693,698,1,1,1,1,1,1,1,1,1,1,1,1,1,1,1,1,1,1,1,1,1,1,1,1,1,1,1,1,1,1,1
17060000,2,01/11/1993,,1,1,552,460,498,29,12,1,1,1,0,0,486,486,485,480,479,476,476,475,475,472,472,460,460,460,460,467,488,497,507,513,520,524,526,527,531,537,541,546,552,552,,1,1,1,1,1,1,1,1,1,1,1,1,1,1,1,1,1,1,1,1,1,1,1,1,1,1,1,1,1,1,
17060000,1,01/11/1993,07:00,0,1,552,460,498,29,12,1,1,1,,0,486,486,486,480,480,476,476,475,475,472,472,460,460,460,460,465,486,495,505,512,519,524,526,527,530,537,539,544,552,552,,1,1,1,1,1,1,1,1,1,1,1,1,1,1,1,1,1,1,1,1,1,1,1,1,1,1,1,1,1,1,0
17060000,1,01/11/1993,17:00,0,1,552,460,498,29,12,1,1,1,,0,486,486,484,480,478,476,476,475,475,472,472,460,460,460,460,470,491,499,509,515,522,524,526,527,532,538,543,548,552,552,,1,1,1,1,1,1,1,1,1,1,1,1,1,1,1,1,1,1,1,1,1,1,1,1,1,1,1,1,1,1,0
17060000,1,01/11/1993,,1,1,552,460,498,29,12,1,1,1,789,1,486,486,485,480,479,476,476,475,475,472,472,460,460,460,460,467,488,497,507,513,520,524,526,527,531,537,541,546,552,552,,1,1,1,1,1,1,1,1,1,1,1,1,1,1,1,1,1,1,1,1,1,1,1,1,1,1,1,1,1,1,0
17060000,2,01/10/1993,,1,1,614,486,544,1,31,1,1,1,0,0,614,609,603,596,592,587,580,571,567,565,562,558,550,546,541,535,534,532,534,535,530,522,521,516,513,511,498,493,489,487,486,1,1,1,1,1,1,1,1,1,1,1,1,1,1,1,1,1,1,1,1,1,1,1,1,1,1,1,1,1,1,1
17060000,1,01/10/1993,07:00,0,1,614,486,545,1,30,1,1,1,,0,614,611,605,598,592,590,582,573,568,566,562,558,550,547,542,535,535,532,530,536,532,522,521,517,513,514,499,497,489,489,486,1,1,1,1,1,1,1,1,1,1,1,1,1,1,1,1,1,1,1,1,1,1,1,1,1,1,1,1,1,1,1
17060000,1,01/10/1993,17:00,0,1,614,486,545,1,30,1,1,1,,0,614,608,602,595,592,585,578,570,567,565,562,558,550,546,540,535,534,532,538,535,528,522,521,516,513,509,498,489,489,486,486,1,1,1,1,1,1,1,1,1,1,1,1,1,1,1,1,1,1,1,1,1,1,1,1,1,1,1,1,1,1,1
17060000,1,01/10/1993,,1,1,614,486,544,1,31,1,1,1,789,1,614,609,603,596,592,587,580,571,567,565,562,558,550,546,541,535,534,532,534,535,530,522,521,516,513,511,498,493,489,487,486,1,1,1,1,1,1,1,1,1,1,1,1,1,1,1,1,1,1,1,1,1,1,1,1,1,1,1,1,1,1,1
17060000,2,01/09/1993,,1,1,777,614,699,1,30,1,1,1,0,0,777,776,774,767,759,754,746,741,734,728,722,719,710,703,696,695,692,687,685,681,678,668,662,653,646,638,630,627,619,614,,1,1,1,1,1,1,1,1,1,1,1,1,1,1,1,1,1,1,1,1,1,1,1,1,1,1,1,1,1,1,
17060000,1,01/09/1993,07:00,0,1,778,614,699,1,30,1,1,1,,0,778,776,776,768,760,756,747,742,737,730,722,720,712,705,696,695,694,687,686,682,678,669,664,656,645,640,630,629,621,614,,1,1,1,1,1,1,1,1,1,1,1,1,1,1,1,1,1,1,1,1,1,1,1,1,1,1,1,1,1,1,0
17060000,1,01/09/1993,17:00,0,1,778,614,699,1,30,1,1,1,,0,777,776,772,766,758,753,745,741,732,726,722,718,708,701,696,695,690,687,685,680,679,667,660,650,648,636,630,625,618,614,,1,1,1,1,1,1,1,1,1,1,1,1,1,1,1,1,1,1,1,1,1,1,1,1,1,1,1,1,1,1,0
17060000,1,01/09/1993,,1,1,777,614,699,1,30,1,1,1,789,1,777,776,774,767,759,754,746,741,734,728,722,719,710,703,696,695,692,687,685,681,678,668,662,653,646,638,630,627,619,614,,1,1,1,1,1,1,1,1,1,1,1,1,1,1,1,1,1,1,1,1,1,1,1,1,1,1,1,1,1,1,0
17060000,2,01/08/1993,,1,1,906,780,848,1,31,1,1,1,0,0,906,901,896,893,891,888,885,882,870,869,868,864,857,853,851,847,844,841,839,835,833,829,827,821,816,811,803,801,796,787,780,1,1,1,1,1,1,1,1,1,1,1,1,1,1,1,1,1,1,1,1,1,1,1,1,1,1,1,1,1,1,1
17060000,1,01/08/1993,07:00,0,1,907,780,848,1,31,1,1,1,,0,907,901,897,894,892,888,886,883,870,869,868,866,859,854,852,848,845,842,840,836,834,830,828,822,816,812,805,801,798,793,780,1,1,1,1,1,1,1,1,1,1,1,1,1,1,1,1,1,1,1,1,1,1,1,1,1,1,1,1,1,1,1
17060000,1,01/08/1993,17:00,0,1,907,780,848,1,31,1,1,1,,0,905,901,896,893,890,888,885,881,870,869,868,862,856,852,850,847,844,841,838,835,832,829,826,820,816,810,802,801,795,782,780,1,1,1,1,1,1,1,1,1,1,1,1,1,1,1,1,1,1,1,1,1,1,1,1,1,1,1,1,1,1,1
17060000,1,01/08/1993,,1,1,906,780,848,1,31,1,1,1,789,1,906,901,896,893,891,888,885,882,870,869,868,864,857,853,851,847,844,841,839,835,833,829,827,821,816,811,803,801,796,787,780,1,1,1,1,1,1,1,1,1,1,1,1,1,1,1,1,1,1,1,1,1,1,1,1,1,1,1,1,1,1,1
17060000,2,01/07/1993,,1,1,972,912,941,1,31,1,1,1,0,0,972,971,970,964,960,958,956,956,955,955,955,951,946,942,940,939,937,936,933,930,930,930,930,928,926,923,922,920,918,916,912,1,1,1,1,1,1,1,1,1,1,1,1,1,1,1,1,1,1,1,1,1,1,1,1,1,1,1,1,1,1,1
17060000,1,01/07/1993,07:00,0,1,972,912,941,1,31,1,1,1,,0,972,971,970,964,960,958,956,956,955,955,955,952,947,943,940,939,937,937,935,930,930,930,930,928,926,924,922,920,918,916,912,1,1,1,1,1,1,1,1,1,1,1,1,1,1,1,1,1,1,1,1,1,1,1,1,1,1,1,1,1,1,1
17060000,1,01/07/1993,17:00,0,1,972,912,941,1,31,1,1,1,,0,972,971,970,964,960,958,956,956,955,955,955,950,945,942,940,939,937,936,932,930,930,930,930,928,926,923,922,920,918,916,912,1,1,1,1,1,1,1,1,1,1,1,1,1,1,1,1,1,1,1,1,1,1,1,1,1,1,1,1,1,1,1
17060000,1,01/07/1993,,1,1,972,912,941,1,31,1,1,1,789,1,972,971,970,964,960,958,956,956,955,955,955,951,946,942,940,939,937,936,933,930,930,930,930,928,926,923,922,920,918,916,912,1,1,1,1,1,1,1,1,1,1,1,1,1,1,1,1,1,1,1,1,1,1,1,1,1,1,1,1,1,1,1
17060000,2,01/06/1993,,1,1,1002,972,986,1,21,1,1,1,0,0,1002,1002,1001,997,997,997,997,997,997,996,996,995,994,993,992,988,985,984,982,980,972,972,972,972,972,972,972,972,972,972,,1,1,1,1,1,1,1,1,1,1,1,1,1,1,1,1,1,1,1,1,1,1,1,1,1,1,1,1,1,1,
17060000,1,01/06/1993,07:00,0,1,1002,972,986,1,21,1,1,1,,0,1002,1002,1001,998,997,997,997,997,997,996,996,995,994,993,992,989,985,984,982,980,972,972,972,972,972,972,972,972,972,972,,1,1,1,1,1,1,1,1,1,1,1,1,1,1,1,1,1,1,1,1,1,1,1,1,1,1,1,1,1,1,0
17060000,1,01/06/1993,17:00,0,1,1002,972,986,1,21,1,1,1,,0,1002,1002,1001,997,997,997,997,997,997,996,996,995,994,993,992,988,985,984,982,980,972,972,972,972,972,972,972,972,972,972,,1,1,1,1,1,1,1,1,1,1,1,1,1,1,1,1,1,1,1,1,1,1,1,1,1,1,1,1,1,1,0
17060000,1,01/06/1993,,1,1,1002,972,986,1,21,1,1,1,789,1,1002,1002,1001,997,997,997,997,997,997,996,996,995,994,993,992,988,985,984,982,980,972,972,972,972,972,972,972,972,972,972,,1,1,1,1,1,1,1,1,1,1,1,1,1,1,1,1,1,1,1,1,1,1,1,1,1,1,1,1,1,1,0
17060000,2,01/05/1993,,1,1,1008,996,1004,11,1,1,1,1,0,0,996,999,999,999,999,999,1003,1006,1007,1007,1008,1008,1008,1008,1004,1003,1003,1003,1003,1005,1005,1005,1005,1005,1006,1006,1006,1005,1003,1002,1002,1,1,1,1,1,1,1,1,1,1,1,1,1,1,1,1,1,1,1,1,1,1,1,1,1,1,1,1,1,1,1
17060000,1,01/05/1993,,1,1,1008,996,1004,11,1,1,1,1,789,1,996,999,999,999,999,999,1003,1006,1007,1007,1008,1008,1008,1008,1004,1003,1003,1003,1003,1005,1005,1005,1005,1005,1006,1006,1006,1005,1003,1002,1002,1,1,1,1,1,1,1,1,1,1,1,1,1,1,1,1,1,1,1,1,1,1,1,1,1,1,1,1,1,1,1
17060000,2,01/04/1993,,1,1,996,931,969,30,1,1,1,1,0,0,931,932,934,938,941,947,952,956,961,965,968,972,973,974,975,976,977,979,979,979,979,979,981,983,985,988,990,991,994,996,,1,1,1,1,1,1,1,1,1,1,1,1,1,1,1,1,1,1,1,1,1,1,1,1,1,1,1,1,1,1,
17060000,1,01/04/1993,,1,1,996,931,969,30,1,1,1,1,789,1,931,932,934,938,941,947,952,956,961,965,968,972,973,974,975,976,977,979,979,979,979,979,981,983,985,988,990,991,994,996,,1,1,1,1,1,1,1,1,1,1,1,1,1,1,1,1,1,1,1,1,1,1,1,1,1,1,1,1,1,1,0
17060000,2,01/03/1993,,1,1,930,834,886,31,1,1,1,1,0,0,834,836,840,843,846,851,856,860,865,869,869,871,876,880,888,894,897,899,899,903,904,904,907,911,914,917,919,922,927,927,930,1,1,1,1,1,1,1,1,1,1,1,1,1,1,1,1,1,1,1,1,1,1,1,1,1,1,1,1,1,1,1
17060000,1,01/03/1993,,1,1,930,834,886,31,1,1,1,1,789,1,834,836,840,843,846,851,856,860,865,869,869,871,876,880,888,894,897,899,899,903,904,904,907,911,914,917,919,922,927,927,930,1,1,1,1,1,1,1,1,1,1,1,1,1,1,1,1,1,1,1,1,1,1,1,1,1,1,1,1,1,1,1
17060000,2,01/02/1993,,1,1,829,740,779,28,1,1,1,1,0,0,740,740,740,740,742,747,751,755,761,766,769,774,779,780,782,782,786,788,791,794,797,799,805,812,818,821,825,829,,,,1,1,1,1,1,1,1,1,1,1,1,1,1,1,1,1,1,1,1,1,1,1,1,1,1,1,1,1,,,
17060000,1,01/02/1993,,1,1,829,740,779,28,1,1,1,1,789,1,740,740,740,740,742,747,751,755,761,766,769,774,779,780,782,782,786,788,791,794,797,799,805,812,818,821,825,829,,,,1,1,1,1,1,1,1,1,1,1,1,1,1,1,1,1,1,1,1,1,1,1,1,1,1,1,1,1,0,0,0
17060000,2,01/01/1993,,1,1,740,601,674,31,1,1,1,1,0,0,601,605,610,613,616,620,626,633,639,645,651,658,671,672,677,682,685,689,692,695,699,703,708,712,717,721,725,727,729,734,740,1,1,1,1,1,1,1,1,1,1,1,1,1,1,1,1,1,1,1,1,1,1,1,1,1,1,1,1,1,1,1
17060000,1,01/01/1993,,1,1,740,601,674,31,1,1,1,1,789,1,601,605,610,613,616,620,626,633,639,645,651,658,671,672,677,682,685,689,692,695,699,703,708,712,717,721,725,727,729,734,740,1,1,1,1,1,1,1,1,1,1,1,1,1,1,1,1,1,1,1,1,1,1,1,1,1,1,1,1,1,1,1
17060000,2,01/12/1992,,1,1,597,440,508,31,1,1,1,1,0,0,440,440,440,447,447,447,452,457,459,460,473,475,485,488,500,508,513,520,525,530,535,541,549,557,561,566,572,580,585,590,597,1,1,1,1,1,1,1,1,1,1,1,1,1,1,1,1,1,1,1,1,1,1,1,1,1,1,1,1,1,1,1
17060000,1,01/12/1992,,1,1,597,440,508,31,1,1,1,1,,0,440,440,440,447,447,447,452,457,459,460,473,475,485,488,500,508,513,520,525,530,535,541,549,557,561,566,572,580,585,590,597,1,1,1,1,1,1,1,1,1,1,1,1,1,1,1,1,1,1,1,1,1,1,1,1,1,1,1,1,1,1,1
17060000,2,01/11/1992,,1,1,453,426,436,2,14,1,1,1,0,0,450,453,453,450,444,440,439,439,436,437,438,434,429,426,431,429,431,430,430,430,430,430,430,430,437,442,436,436,436,437,,1,1,1,1,1,1,1,1,1,1,1,1,1,1,1,1,1,1,1,1,1,1,1,1,1,1,1,1,1,1,
17060000,1,01/11/1992,,1,1,453,426,436,2,14,1,1,1,,0,450,453,453,450,444,440,439,439,436,437,438,434,429,426,431,429,431,430,430,430,430,430,430,430,437,442,436,436,436,437,,1,1,1,1,1,1,1,1,1,1,1,1,1,1,1,1,1,1,1,1,1,1,1,1,1,1,1,1,1,1,0
17060000,2,01/10/1992,,1,1,510,462,485,1,28,1,1,1,0,0,510,510,508,506,500,498,498,498,494,487,487,487,487,487,487,486,486,486,486,486,486,484,473,473,473,472,465,462,462,462,462,1,1,1,1,1,1,1,1,1,1,1,1,1,1,1,1,1,1,1,1,1,1,1,1,1,1,1,1,1,1,1
17060000,1,01/10/1992,,1,1,510,462,485,1,28,1,1,1,,0,510,510,508,506,500,498,498,498,494,487,487,487,487,487,487,486,486,486,486,486,486,484,473,473,473,472,465,462,462,462,462,1,1,1,1,1,1,1,1,1,1,1,1,1,1,1,1,1,1,1,1,1,1,1,1,1,1,1,1,1,1,1
17060000,2,01/09/1992,,1,1,570,510,533,1,23,1,1,1,0,0,570,569,568,568,566,558,551,545,538,537,536,535,532,532,532,532,528,527,523,515,515,513,510,510,512,513,512,513,515,515,,1,1,1,1,1,1,1,1,1,1,1,1,1,1,1,1,1,1,1,1,1,1,1,1,1,1,1,1,1,1,
17060000,1,01/09/1992,,1,1,570,510,533,1,23,1,1,1,,0,570,569,568,568,566,558,551,545,538,537,536,535,532,532,532,532,528,527,523,515,515,513,510,510,512,513,512,513,515,515,,1,1,1,1,1,1,1,1,1,1,1,1,1,1,1,1,1,1,1,1,1,1,1,1,1,1,1,1,1,1,0
17060000,2,01/08/1992,,1,1,675,572,626,2,31,1,1,1,0,0,674,675,674,672,671,668,664,657,652,646,643,643,631,629,626,626,622,618,615,615,612,609,604,601,597,588,581,575,574,574,572,1,1,1,1,1,1,1,1,1,1,1,1,1,1,1,1,1,1,1,1,1,1,1,1,1,1,1,1,1,1,1
17060000,1,01/08/1992,,1,1,675,572,626,2,31,1,1,1,,0,674,675,674,672,671,668,664,657,652,646,643,643,631,629,626,626,622,618,615,615,612,609,604,601,597,588,581,575,574,574,572,1,1,1,1,1,1,1,1,1,1,1,1,1,1,1,1,1,1,1,1,1,1,1,1,1,1,1,1,1,1,1
17060000,2,01/07/1992,,1,1,765,674,722,2,31,1,1,1,0,0,763,765,761,758,758,758,755,751,749,746,741,732,732,729,727,726,721,719,715,712,711,709,700,692,688,685,684,680,679,676,674,1,1,1,1,1,1,1,1,1,1,1,1,1,1,1,1,1,1,1,1,1,1,1,1,1,1,1,1,1,1,1
17060000,1,01/07/1992,,1,1,765,674,722,2,31,1,1,1,,0,763,765,761,758,758,758,755,751,749,746,741,732,732,729,727,726,721,719,715,712,711,709,700,692,688,685,684,680,679,676,674,1,1,1,1,1,1,1,1,1,1,1,1,1,1,1,1,1,1,1,1,1,1,1,1,1,1,1,1,1,1,1
17060000,2,01/06/1992,,1,1,838,766,811,1,30,1,1,1,0,0,838,838,838,836,835,833,832,832,830,827,826,825,824,820,818,814,812,809,806,804,800,795,791,789,786,784,779,775,771,766,,1,1,1,1,1,1,1,1,1,1,1,1,1,1,1,1,1,1,1,1,1,1,1,1,1,1,1,1,1,1,
17060000,1,01/06/1992,,1,1,838,766,811,1,30,1,1,1,,0,838,838,838,836,835,833,832,832,830,827,826,825,824,820,818,814,812,809,806,804,800,795,791,789,786,784,779,775,771,766,,1,1,1,1,1,1,1,1,1,1,1,1,1,1,1,1,1,1,1,1,1,1,1,1,1,1,1,1,1,1,0
17060000,2,01/05/1992,,1,1,867,838,859,12,31,2,2,2,0,0,856,857,859,860,861,864,864,866,866,866,866,867,866,866,866,866,866,865,865,865,862,861,861,857,856,850,847,846,842,839,838,1,1,1,1,1,1,1,1,2,1,1,1,1,1,1,1,1,1,1,1,1,1,1,1,1,1,1,1,1,1,1
17060000,1,01/05/1992,,1,1,867,817,858,12,9,1,1,1,,0,856,857,859,860,861,864,864,866,817,866,866,867,866,866,866,866,866,865,865,865,862,861,861,857,856,850,847,846,842,839,838,1,1,1,1,1,1,1,1,1,1,1,1,1,1,1,1,1,1,1,1,1,1,1,1,1,1,1,1,1,1,1
17060000,2,01/04/1992,,1,1,856,764,829,23,1,1,1,1,0,0,764,777,786,791,798,804,805,815,817,820,822,826,829,830,833,836,840,844,846,848,851,854,856,856,856,855,854,854,853,853,,1,1,1,1,1,1,1,1,1,1,1,1,1,1,1,1,1,1,1,1,1,1,1,1,1,1,1,1,1,1,
17060000,1,01/04/1992,,1,1,856,760,829,23,1,1,1,1,,0,764,777,786,791,798,804,805,815,817,820,822,826,829,830,833,836,840,844,846,848,851,854,856,856,856,855,854,854,853,853,,1,1,1,1,1,1,1,1,1,1,1,1,1,1,1,1,1,1,1,1,1,1,1,1,1,1,1,1,1,1,0
17060000,2,01/03/1992,,1,1,762,588,672,31,1,1,1,1,0,0,588,590,592,597,605,612,618,623,628,633,638,643,648,653,654,662,671,679,687,697,705,709,716,728,736,742,745,752,757,761,762,1,1,1,1,1,1,1,1,1,1,1,1,1,1,1,1,1,1,1,1,1,1,1,1,1,1,1,1,1,1,1
17060000,1,01/03/1992,,1,1,,,672,,,0,0,1,,0,588,590,592,597,605,612,618,623,628,633,638,643,648,653,654,662,671,679,687,697,705,709,716,728,736,742,745,752,757,761,762,1,1,1,1,1,1,1,1,1,1,1,1,1,1,1,1,1,1,1,1,1,1,1,1,1,1,1,1,1,1,1
17060000,2,01/02/1992,,1,1,593,537,572,23,1,1,1,1,0,0,537,541,546,548,551,556,560,564,569,572,572,572,572,573,572,569,569,571,579,583,585,590,593,593,593,590,590,590,589,,,1,1,1,1,1,1,1,1,1,1,1,1,1,1,1,1,1,1,1,1,1,1,1,1,1,1,1,1,1,,
17060000,1,01/02/1992,,1,1,593,537,572,23,1,1,1,1,,0,537,541,546,548,551,556,560,564,569,572,572,572,572,573,572,569,569,571,579,583,585,590,593,593,593,590,590,590,589,,,1,1,1,1,1,1,1,1,1,1,1,1,1,1,1,1,1,1,1,1,1,1,1,1,1,1,1,1,1,0,0
17060000,2,01/01/1992,,1,1,535,461,487,31,1,1,1,1,0,0,461,463,464,467,471,471,471,472,476,477,477,475,471,471,472,476,476,477,482,485,487,491,497,501,506,514,521,526,531,534,535,1,1,1,1,1,1,1,1,1,1,1,1,1,1,1,1,1,1,1,1,1,1,1,1,1,1,1,1,1,1,1
17060000,1,01/01/1992,,1,1,535,461,487,31,1,1,1,1,,0,461,463,464,467,471,471,471,472,476,477,477,475,471,471,472,476,476,477,482,485,487,491,497,501,506,514,521,526,531,534,535,1,1,1,1,1,1,1,1,1,1,1,1,1,1,1,1,1,1,1,1,1,1,1,1,1,1,1,1,1,1,1
17060000,2,01/12/1991,,1,1,460,419,431,31,3,1,1,1,0,0,420,420,419,419,420,420,420,420,422,424,425,425,425,426,429,425,425,425,426,426,426,430,434,441,447,450,450,454,454,457,460,1,1,1,1,1,1,1,1,1,1,1,1,1,1,1,1,1,1,1,1,1,1,1,1,1,1,1,1,1,1,1
17060000,1,01/12/1991,,1,1,460,419,431,31,31,1,1,1,756,1,420,420,419,419,420,420,420,420,422,424,425,425,425,426,429,425,425,425,426,426,426,430,434,441,447,450,450,454,454,457,460,1,1,1,1,1,1,1,1,1,1,1,1,1,1,1,1,1,1,1,1,1,1,1,1,1,1,1,1,1,1,1
17060000,2,01/11/1991,,1,1,429,419,421,1,16,1,1,1,0,0,429,426,426,423,423,423,423,422,422,421,420,420,420,420,420,419,419,420,421,420,420,419,419,420,420,419,419,419,419,419,,1,1,1,1,1,1,1,1,1,1,1,1,1,1,1,1,1,1,1,1,1,1,1,1,1,1,1,1,1,1,
17060000,1,01/11/1991,,1,1,429,419,421,1,1,1,1,1,756,1,429,426,426,423,423,423,423,422,422,421,420,420,420,420,420,419,419,420,421,420,420,419,419,420,420,419,419,419,419,419,,1,1,1,1,1,1,1,1,1,1,1,1,1,1,1,1,1,1,1,1,1,1,1,1,1,1,1,1,1,1,0
17060000,2,01/10/1991,,1,1,604,430,497,1,31,1,1,1,0,0,604,595,583,573,564,554,550,542,533,525,519,514,510,505,492,488,485,477,466,465,456,449,446,448,448,448,445,435,434,433,430,1,1,1,1,1,1,1,1,1,1,1,1,1,1,1,1,1,1,1,1,1,1,1,1,1,1,1,1,1,1,1
17060000,1,01/10/1991,,1,1,604,430,497,1,1,1,1,1,756,1,604,595,583,573,564,554,550,542,533,525,519,514,510,505,492,488,485,477,466,465,456,449,446,448,448,448,445,435,434,433,430,1,1,1,1,1,1,1,1,1,1,1,1,1,1,1,1,1,1,1,1,1,1,1,1,1,1,1,1,1,1,1
17060000,2,01/09/1991,,1,1,817,614,727,1,30,1,1,1,0,0,817,811,804,802,797,792,790,786,783,778,772,765,759,753,747,737,729,719,708,692,682,675,667,657,649,642,634,628,620,614,,1,1,1,1,1,1,1,1,1,1,1,1,1,1,1,1,1,1,1,1,1,1,1,1,1,1,1,1,1,1,
17060000,1,01/09/1991,,1,1,817,614,727,1,1,1,1,1,756,1,817,811,804,802,797,792,790,786,783,778,772,765,759,753,747,737,729,719,708,692,682,675,667,657,649,642,634,628,620,614,,1,1,1,1,1,1,1,1,1,1,1,1,1,1,1,1,1,1,1,1,1,1,1,1,1,1,1,1,1,1,0
17060000,2,01/08/1991,,1,1,901,821,869,1,31,1,1,1,0,0,901,901,899,899,897,897,895,893,891,889,886,883,883,883,883,881,877,872,867,863,857,851,845,843,838,833,831,829,824,822,821,1,1,1,1,1,1,1,1,1,1,1,1,1,1,1,1,1,1,1,1,1,1,1,1,1,1,1,1,1,1,1
17060000,1,01/08/1991,,1,1,901,821,869,1,1,1,1,1,756,1,901,901,899,899,897,897,895,893,891,889,886,883,883,883,883,881,877,872,867,863,857,851,845,843,838,833,831,829,824,822,821,1,1,1,1,1,1,1,1,1,1,1,1,1,1,1,1,1,1,1,1,1,1,1,1,1,1,1,1,1,1,1
17060000,2,01/07/1991,,1,1,964,902,935,1,29,1,1,1,0,0,964,961,958,956,955,950,950,946,946,943,941,940,940,940,940,940,940,940,939,938,934,930,925,920,915,910,908,906,902,902,902,1,1,1,1,1,1,1,1,1,1,1,1,1,1,1,1,1,1,1,1,1,1,1,1,1,1,1,1,1,1,1
17060000,1,01/07/1991,,1,1,964,902,935,1,1,1,1,1,756,1,964,961,958,956,955,950,950,946,946,943,941,940,940,940,940,940,940,940,939,938,934,930,925,920,915,910,908,906,902,902,902,1,1,1,1,1,1,1,1,1,1,1,1,1,1,1,1,1,1,1,1,1,1,1,1,1,1,1,1,1,1,1
17060000,2,01/06/1991,,1,1,988,964,980,1,30,1,1,1,0,0,988,986,986,986,984,984,983,984,982,980,979,980,980,981,983,983,983,984,984,982,982,981,978,978,975,971,969,966,965,964,,1,1,1,1,1,1,1,1,1,1,1,1,1,1,1,1,1,1,1,1,1,1,1,1,1,1,1,1,1,1,
17060000,1,01/06/1991,,1,1,988,964,980,1,1,1,1,1,756,1,988,986,986,986,984,984,983,984,982,980,979,980,980,981,983,983,983,984,984,982,982,981,978,978,975,971,969,966,965,964,,1,1,1,1,1,1,1,1,1,1,1,1,1,1,1,1,1,1,1,1,1,1,1,1,1,1,1,1,1,1,0
17060000,2,01/05/1991,,1,1,984,950,969,28,1,1,1,1,0,0,950,951,952,953,959,961,961,959,959,960,960,962,962,963,966,969,970,970,973,975,981,982,983,983,982,982,983,984,984,984,984,1,1,1,1,1,1,1,1,1,1,1,1,1,1,1,1,1,1,1,1,1,1,1,1,1,1,1,1,1,1,1
17060000,1,01/05/1991,,1,1,984,950,969,28,28,1,1,1,756,1,950,951,952,953,959,961,961,959,959,960,960,962,962,963,966,969,970,970,973,975,981,982,983,983,982,982,983,984,984,984,984,1,1,1,1,1,1,1,1,1,1,1,1,1,1,1,1,1,1,1,1,1,1,1,1,1,1,1,1,1,1,1
17060000,2,01/04/1991,,1,1,949,876,918,30,1,1,1,1,0,0,876,880,883,887,890,893,894,896,899,902,905,909,913,917,924,925,928,930,936,938,938,938,938,939,943,945,945,945,946,949,,1,1,1,1,1,1,1,1,1,1,1,1,1,1,1,1,1,1,1,1,1,1,1,1,1,1,1,1,1,1,
17060000,1,01/04/1991,07:00,0,1,949,876,1836,30,1,1,1,1,,0,876,879,882,886,889,893,894,895,898,902,904,908,912,914,924,924,927,930,935,938,938,938,938,939,942,944,945,945,945,949,,1,1,1,1,1,1,1,1,1,1,1,1,1,1,1,1,1,1,1,1,1,1,1,1,1,1,1,1,1,1,0
17060000,1,01/04/1991,17:00,0,1,949,876,1836,30,1,1,1,1,,0,876,880,883,887,891,893,894,896,899,902,905,910,913,919,924,926,928,930,936,938,938,938,938,939,944,945,945,945,946,949,,1,1,1,1,1,1,1,1,1,1,1,1,1,1,1,1,1,1,1,1,1,1,1,1,1,1,1,1,1,1,0
17060000,1,01/04/1991,,1,1,949,876,918,30,30,1,1,1,756,1,876,880,883,887,890,893,894,896,899,902,905,909,913,917,924,925,928,930,936,938,938,938,938,939,943,945,945,945,946,949,,1,1,1,1,1,1,1,1,1,1,1,1,1,1,1,1,1,1,1,1,1,1,1,1,1,1,1,1,1,1,0
17060000,2,01/03/1991,,1,1,876,814,837,31,10,1,1,1,0,0,827,827,827,827,827,827,826,821,817,814,814,815,820,824,827,830,834,837,840,842,846,846,847,849,852,856,859,862,868,873,876,1,1,1,1,1,1,1,1,1,1,1,1,1,1,1,1,1,1,1,1,1,1,1,1,1,1,1,1,1,1,1
17060000,1,01/03/1991,07:00,0,1,876,814,1674,31,10,1,1,1,,0,827,827,827,827,827,827,827,822,818,814,814,814,819,823,827,829,833,836,839,841,846,846,846,848,850,855,859,860,866,872,875,1,1,1,1,1,1,1,1,1,1,1,1,1,1,1,1,1,1,1,1,1,1,1,1,1,1,1,1,1,1,1
17060000,1,01/03/1991,17:00,0,1,876,814,1674,31,10,1,1,1,,0,827,827,827,827,827,827,825,820,815,814,814,816,820,825,827,831,835,837,840,843,846,846,847,849,854,857,859,863,869,874,876,1,1,1,1,1,1,1,1,1,1,1,1,1,1,1,1,1,1,1,1,1,1,1,1,1,1,1,1,1,1,1
17060000,1,01/03/1991,,1,1,876,814,837,31,31,1,1,1,756,1,827,827,827,827,827,827,826,821,817,814,814,815,820,824,827,830,834,837,840,842,846,846,847,849,852,856,859,862,868,873,876,1,1,1,1,1,1,1,1,1,1,1,1,1,1,1,1,1,1,1,1,1,1,1,1,1,1,1,1,1,1,1
17060000,2,01/02/1991,,1,1,827,780,814,22,1,1,1,1,0,0,780,791,799,803,807,810,810,810,810,810,810,810,810,810,810,813,816,817,820,821,824,827,827,827,827,827,827,827,,,,1,1,1,1,1,1,1,1,1,1,1,1,1,1,1,1,1,1,1,1,1,1,1,1,1,1,1,1,,,
17060000,1,01/02/1991,07:00,0,1,827,778,1627,22,1,1,1,1,,0,778,788,798,801,806,810,810,810,810,810,810,810,810,810,810,812,816,816,819,820,823,827,827,827,827,827,827,827,,,,1,1,1,1,1,1,1,1,1,1,1,1,1,1,1,1,1,1,1,1,1,1,1,1,1,1,1,1,0,0,0
17060000,1,01/02/1991,17:00,0,1,827,778,1627,22,1,1,1,1,,0,782,794,799,804,807,810,810,810,810,810,810,810,810,810,810,814,816,817,820,821,824,827,827,827,827,827,827,827,,,,1,1,1,1,1,1,1,1,1,1,1,1,1,1,1,1,1,1,1,1,1,1,1,1,1,1,1,1,0,0,0
17060000,1,01/02/1991,,1,1,827,778,814,22,22,1,1,1,756,1,780,791,799,803,807,810,810,810,810,810,810,810,810,810,810,813,816,817,820,821,824,827,827,827,827,827,827,827,,,,1,1,1,1,1,1,1,1,1,1,1,1,1,1,1,1,1,1,1,1,1,1,1,1,1,1,1,1,0,0,0
17060000,2,01/01/1991,,1,1,773,584,672,31,1,1,1,1,0,0,584,595,601,606,611,614,619,625,631,636,638,640,648,654,662,671,677,681,688,695,699,705,710,716,722,730,737,745,755,764,773,1,1,1,1,1,1,1,1,1,1,1,1,1,1,1,1,1,1,1,1,1,1,1,1,1,1,1,1,1,1,1
17060000,1,01/01/1991,07:00,0,1,774,580,1344,31,1,1,1,1,,0,580,594,599,605,610,613,618,624,630,635,638,640,648,653,659,669,676,679,686,694,698,704,709,714,720,729,735,743,751,759,772,1,1,1,1,1,1,1,1,1,1,1,1,1,1,1,1,1,1,1,1,1,1,1,1,1,1,1,1,1,1,1
17060000,1,01/01/1991,17:00,0,1,774,580,1344,31,1,1,1,1,,0,588,596,602,607,611,614,620,626,632,636,638,640,648,654,664,672,678,682,689,696,699,706,710,717,724,731,739,747,759,769,774,1,1,1,1,1,1,1,1,1,1,1,1,1,1,1,1,1,1,1,1,1,1,1,1,1,1,1,1,1,1,1
17060000,1,01/01/1991,,1,1,774,580,672,31,31,1,1,1,756,1,584,595,601,606,611,614,619,625,631,636,638,640,648,654,662,671,677,681,688,695,699,705,710,716,722,730,737,745,755,764,773,1,1,1,1,1,1,1,1,1,1,1,1,1,1,1,1,1,1,1,1,1,1,1,1,1,1,1,1,1,1,1
17060000,2,01/12/1990,,1,1,578,420,501,31,1,1,1,1,0,0,420,427,428,433,437,441,443,448,467,473,482,488,491,493,502,502,506,513,517,521,527,531,536,542,549,552,558,566,573,575,578,1,1,1,1,1,1,1,1,1,1,1,1,1,1,1,1,1,1,1,1,1,1,1,1,1,1,1,1,1,1,1
17060000,1,01/12/1990,07:00,0,1,578,420,501,31,1,1,1,1,,0,420,427,428,433,437,441,443,448,467,473,482,488,491,493,502,502,506,513,517,521,527,531,536,542,549,552,558,566,573,575,578,1,1,1,1,1,1,1,1,1,1,1,1,1,1,1,1,1,1,1,1,1,1,1,1,1,1,1,1,1,1,1
17060000,1,01/12/1990,17:00,0,1,578,420,501,31,1,1,1,1,,0,420,427,428,433,437,441,443,448,467,473,482,488,491,493,502,502,506,513,517,521,527,531,536,542,549,552,558,566,573,575,578,1,1,1,1,1,1,1,1,1,1,1,1,1,1,1,1,1,1,1,1,1,1,1,1,1,1,1,1,1,1,1
17060000,1,01/12/1990,,1,1,578,420,501,31,1,1,1,1,,0,420,427,428,433,437,441,443,448,467,473,482,488,491,493,502,502,506,513,517,521,527,531,536,542,549,552,558,566,573,575,578,1,1,1,1,1,1,1,1,1,1,1,1,1,1,1,1,1,1,1,1,1,1,1,1,1,1,1,1,1,1,1
17060000,2,01/11/1990,,1,1,430,416,420,23,14,1,1,1,0,0,422,422,422,420,420,420,419,419,418,418,418,418,418,416,416,416,416,423,426,418,417,418,430,427,422,419,418,419,422,420,,1,1,1,1,1,1,1,1,1,1,1,1,1,1,1,1,1,1,1,1,1,1,1,1,1,1,1,1,1,1,
17060000,1,01/11/1990,07:00,0,1,430,416,420,23,14,1,1,1,,0,422,422,422,420,420,420,419,419,418,418,418,418,418,416,416,416,416,423,426,418,417,418,430,427,422,419,418,419,422,420,,1,1,1,1,1,1,1,1,1,1,1,1,1,1,1,1,1,1,1,1,1,1,1,1,1,1,1,1,1,1,0
17060000,1,01/11/1990,17:00,0,1,430,416,420,23,14,1,1,1,,0,422,422,422,420,420,420,419,419,418,418,418,418,418,416,416,416,416,423,426,418,417,418,430,427,422,419,418,419,422,420,,1,1,1,1,1,1,1,1,1,1,1,1,1,1,1,1,1,1,1,1,1,1,1,1,1,1,1,1,1,1,0
17060000,1,01/11/1990,,1,1,430,416,420,23,14,1,1,1,,0,422,422,422,420,420,420,419,419,418,418,418,418,418,416,416,416,416,423,426,418,417,418,430,427,422,419,418,419,422,420,,1,1,1,1,1,1,1,1,1,1,1,1,1,1,1,1,1,1,1,1,1,1,1,1,1,1,1,1,1,1,0
17060000,2,01/10/1990,,1,1,593,428,501,1,31,1,1,1,0,0,593,587,581,573,570,565,562,556,550,544,537,527,518,508,501,498,488,480,475,468,463,456,456,453,443,435,431,431,431,431,428,1,1,1,1,1,1,1,1,1,1,1,1,1,1,1,1,1,1,1,1,1,1,1,1,1,1,1,1,1,1,1
17060000,1,01/10/1990,07:00,0,1,593,428,501,1,31,1,1,1,,0,593,587,581,573,570,565,562,556,550,544,537,527,518,508,501,498,488,480,475,468,463,456,456,453,443,435,431,431,431,431,428,1,1,1,1,1,1,1,1,1,1,1,1,1,1,1,1,1,1,1,1,1,1,1,1,1,1,1,1,1,1,1
17060000,1,01/10/1990,17:00,0,1,593,428,501,1,31,1,1,1,,0,593,587,581,573,570,565,562,556,550,544,537,527,518,508,501,498,488,480,475,468,463,456,456,453,443,435,431,431,431,431,428,1,1,1,1,1,1,1,1,1,1,1,1,1,1,1,1,1,1,1,1,1,1,1,1,1,1,1,1,1,1,1
17060000,1,01/10/1990,,1,1,593,428,501,1,31,1,1,1,,0,593,587,581,573,570,565,562,556,550,544,537,527,518,508,501,498,488,480,475,468,463,456,456,453,443,435,431,431,431,431,428,1,1,1,1,1,1,1,1,1,1,1,1,1,1,1,1,1,1,1,1,1,1,1,1,1,1,1,1,1,1,1
17060000,2,01/09/1990,,1,1,785,602,705,1,30,2,2,2,0,0,785,781,777,775,775,773,760,752,746,740,735,729,723,717,712,706,700,695,689,682,675,669,663,657,645,636,619,615,606,602,,1,1,1,1,1,1,1,1,2,2,2,2,2,2,2,2,1,1,1,1,1,1,1,1,1,1,1,1,1,1,
17060000,1,01/09/1990,07:00,0,1,785,602,704,1,30,1,1,1,,0,785,781,777,775,775,773,760,752,732,730,727,725,723,721,714,716,700,695,689,682,675,669,663,657,645,636,619,615,606,602,,1,1,1,1,1,1,1,1,1,1,1,1,1,1,1,1,1,1,1,1,1,1,1,1,1,1,1,1,1,1,0
17060000,1,01/09/1990,17:00,0,1,785,602,704,1,30,1,1,1,,0,785,781,777,775,775,773,760,752,732,730,727,725,723,721,714,716,700,695,689,682,675,669,663,657,645,636,619,615,606,602,,1,1,1,1,1,1,1,1,1,1,1,1,1,1,1,1,1,1,1,1,1,1,1,1,1,1,1,1,1,1,0
17060000,1,01/09/1990,,1,1,,,,,,0,0,0,,0,785,781,777,775,775,773,760,752,732,730,,,,721,714,716,700,695,689,682,675,669,663,657,645,636,619,615,606,602,,1,1,1,1,1,1,1,1,1,1,0,0,0,1,1,1,1,1,1,1,1,1,1,1,1,1,1,1,1,1,0
17060000,2,01/08/1990,,1,1,895,791,851,1,31,1,1,1,0,0,895,893,892,890,889,885,878,875,873,870,869,867,864,861,857,853,851,847,843,841,838,835,832,829,824,819,813,807,800,794,791,1,1,1,1,1,1,1,1,1,1,1,1,1,1,1,1,1,1,1,1,1,1,1,1,1,1,1,1,1,1,1
17060000,1,01/08/1990,07:00,0,1,895,791,851,1,31,1,1,1,,0,895,893,892,890,889,885,878,875,873,870,869,867,864,861,857,853,851,847,843,841,838,835,832,829,824,819,813,807,800,794,791,1,1,1,1,1,1,1,1,1,1,1,1,1,1,1,1,1,1,1,1,1,1,1,1,1,1,1,1,1,1,1
17060000,1,01/08/1990,17:00,0,1,895,791,851,1,31,1,1,1,,0,895,893,892,890,889,885,878,875,873,870,869,867,864,861,857,853,851,847,843,841,838,835,832,829,824,819,813,807,800,794,791,1,1,1,1,1,1,1,1,1,1,1,1,1,1,1,1,1,1,1,1,1,1,1,1,1,1,1,1,1,1,1
17060000,1,01/08/1990,,1,1,895,791,851,1,31,1,1,1,,0,895,893,892,890,889,885,878,875,873,870,869,867,864,861,857,853,851,847,843,841,838,835,832,829,824,819,813,807,800,794,791,1,1,1,1,1,1,1,1,1,1,1,1,1,1,1,1,1,1,1,1,1,1,1,1,1,1,1,1,1,1,1
17060000,2,01/07/1990,,1,1,947,896,921,1,30,1,1,1,0,0,947,945,943,942,940,939,936,934,932,930,929,928,928,926,925,923,922,920,916,913,911,910,909,908,906,906,905,902,898,896,896,1,1,1,1,1,1,1,1,1,1,1,1,1,1,1,1,1,1,1,1,1,1,1,1,1,1,1,1,1,1,1
17060000,1,01/07/1990,,1,1,947,896,921,1,30,1,1,1,,0,947,945,943,942,940,939,936,934,932,930,929,928,928,926,925,923,922,920,916,913,911,910,909,908,906,906,905,902,898,896,896,1,1,1,1,1,1,1,1,1,1,1,1,1,1,1,1,1,1,1,1,1,1,1,1,1,1,1,1,1,1,1
17060000,2,01/06/1990,,1,1,959,950,954,1,30,1,1,1,0,0,959,958,958,958,957,957,957,956,955,955,953,953,953,953,953,953,954,952,952,952,952,952,953,952,952,952,952,952,951,950,,1,1,1,1,1,1,1,1,1,1,1,1,1,1,1,1,1,1,1,1,1,1,1,1,1,1,1,1,1,1,
17060000,1,01/06/1990,,1,1,959,950,954,1,30,1,1,1,,0,959,958,958,958,957,957,957,956,955,955,953,953,953,953,953,953,954,952,952,952,952,952,953,952,952,952,952,952,951,950,,1,1,1,1,1,1,1,1,1,1,1,1,1,1,1,1,1,1,1,1,1,1,1,1,1,1,1,1,1,1,0
17060000,2,01/05/1990,,1,1,960,948,954,30,1,1,1,1,0,0,948,948,948,949,950,952,953,955,955,956,955,956,956,956,956,957,957,955,953,953,953,953,953,953,955,955,957,957,958,960,960,1,1,1,1,1,1,1,1,1,1,1,1,1,1,1,1,1,1,1,1,1,1,1,1,1,1,1,1,1,1,1
17060000,1,01/05/1990,,1,1,960,948,954,30,1,1,1,1,,0,948,948,948,949,950,952,953,955,955,956,955,956,956,956,956,957,957,955,953,953,953,953,953,953,955,955,957,957,958,960,960,1,1,1,1,1,1,1,1,1,1,1,1,1,1,1,1,1,1,1,1,1,1,1,1,1,1,1,1,1,1,1
17060000,2,01/04/1990,,1,1,946,905,921,30,1,1,1,1,0,0,905,907,908,908,908,908,908,909,913,913,916,918,919,919,921,923,923,923,923,923,925,926,927,929,932,936,939,944,945,946,,1,1,1,1,1,1,1,1,1,1,1,1,1,1,1,1,1,1,1,1,1,1,1,1,1,1,1,1,1,1,
17060000,1,01/04/1990,,1,1,946,905,921,30,1,1,1,1,,0,905,907,908,908,908,908,908,909,913,913,916,918,919,919,921,923,923,923,923,923,925,926,927,929,932,936,939,944,945,946,,1,1,1,1,1,1,1,1,1,1,1,1,1,1,1,1,1,1,1,1,1,1,1,1,1,1,1,1,1,1,0
17060000,2,01/03/1990,,1,1,905,796,864,31,1,1,1,1,0,0,796,802,809,817,821,829,835,840,847,857,858,860,865,868,872,873,877,879,880,880,881,881,883,884,886,889,894,902,902,903,905,1,1,1,1,1,1,1,1,1,1,1,1,1,1,1,1,1,1,1,1,1,1,1,1,1,1,1,1,1,1,1
17060000,1,01/03/1990,,1,1,905,796,864,31,1,1,1,1,,0,796,802,809,817,821,829,835,840,847,857,858,860,865,868,872,873,877,879,880,880,881,881,883,884,886,889,894,902,902,903,905,1,1,1,1,1,1,1,1,1,1,1,1,1,1,1,1,1,1,1,1,1,1,1,1,1,1,1,1,1,1,1
17060000,2,01/02/1990,,1,1,789,599,688,28,1,1,1,1,0,0,599,604,609,612,617,624,630,638,644,654,662,670,682,690,699,704,709,714,716,722,729,738,743,752,760,769,781,789,,,,1,1,1,1,1,1,1,1,1,1,1,1,1,1,1,1,1,1,1,1,1,1,1,1,1,1,1,1,,,
17060000,1,01/02/1990,,1,1,789,599,688,28,1,1,1,1,,0,599,604,609,612,617,624,630,638,644,654,662,670,682,690,699,704,709,714,716,722,729,738,743,752,760,769,781,789,,,,1,1,1,1,1,1,1,1,1,1,1,1,1,1,1,1,1,1,1,1,1,1,1,1,1,1,1,1,0,0,0
17060000,2,01/01/1990,,1,1,591,533,550,31,22,1,1,1,0,0,563,561,558,554,548,545,543,541,539,540,545,547,548,549,549,548,545,541,537,538,536,533,534,539,545,551,558,567,574,583,591,1,1,1,1,1,1,1,1,1,1,1,1,1,1,1,1,1,1,1,1,1,1,1,1,1,1,1,1,1,1,1
17060000,1,01/01/1990,,1,1,591,533,550,31,22,1,1,1,,0,563,561,558,554,548,545,543,541,539,540,545,547,548,549,549,548,545,541,537,538,536,533,534,539,545,551,558,567,574,583,591,1,1,1,1,1,1,1,1,1,1,1,1,1,1,1,1,1,1,1,1,1,1,1,1,1,1,1,1,1,1,1
17060000,2,01/12/1989,,1,1,595,565,573,1,31,1,1,1,0,0,595,591,590,587,583,577,574,572,568,567,567,569,568,569,570,572,573,572,570,574,571,569,569,567,568,567,566,568,569,567,565,1,1,1,1,1,1,1,1,1,1,1,1,1,1,1,1,1,1,1,1,1,1,1,1,1,1,1,1,1,1,1
17060000,1,01/12/1989,,1,1,595,565,573,1,31,1,1,1,846,1,595,591,590,587,583,577,574,572,568,567,567,569,568,569,570,572,573,572,570,574,571,569,569,567,568,567,566,568,569,567,565,1,1,1,1,1,1,1,1,1,1,1,1,1,1,1,1,1,1,1,1,1,1,1,1,1,1,1,1,1,1,1
17060000,2,01/11/1989,,1,1,597,544,574,23,6,1,1,1,0,0,545,546,545,546,545,544,545,544,549,552,560,562,569,574,578,583,586,589,590,590,592,595,597,597,597,597,597,597,597,597,,1,1,1,1,1,1,1,1,1,1,1,1,1,1,1,1,1,1,1,1,1,1,1,1,1,1,1,1,1,1,
17060000,1,01/11/1989,,1,1,597,544,574,23,6,1,1,1,846,1,545,546,545,546,545,544,545,544,549,552,560,562,569,574,578,583,586,589,590,590,592,595,597,597,597,597,597,597,597,597,,1,1,1,1,1,1,1,1,1,1,1,1,1,1,1,1,1,1,1,1,1,1,1,1,1,1,1,1,1,1,0
17060000,2,01/10/1989,,1,1,721,543,609,1,31,1,1,1,0,0,721,714,707,699,689,681,670,660,649,640,631,624,618,610,605,599,590,584,577,571,561,557,554,550,547,545,545,546,545,545,543,1,1,1,1,1,1,1,1,1,1,1,1,1,1,1,1,1,1,1,1,1,1,1,1,1,1,1,1,1,1,1
17060000,1,01/10/1989,,1,1,721,543,609,1,31,1,1,1,846,1,721,714,707,699,689,681,670,660,649,640,631,624,618,610,605,599,590,584,577,571,561,557,554,550,547,545,545,546,545,545,543,1,1,1,1,1,1,1,1,1,1,1,1,1,1,1,1,1,1,1,1,1,1,1,1,1,1,1,1,1,1,1
17060000,2,01/09/1989,,1,1,896,730,819,1,30,1,1,1,0,0,896,892,888,883,877,874,868,862,856,852,844,837,832,825,825,817,815,812,806,801,796,786,779,772,763,756,751,743,737,730,,1,1,1,1,1,1,1,1,1,1,1,1,1,1,1,1,1,1,1,1,1,1,1,1,1,1,1,1,1,1,
17060000,1,01/09/1989,,1,1,896,730,819,1,30,1,1,1,846,1,896,892,888,883,877,874,868,862,856,852,844,837,832,825,825,817,815,812,806,801,796,786,779,772,763,756,751,743,737,730,,1,1,1,1,1,1,1,1,1,1,1,1,1,1,1,1,1,1,1,1,1,1,1,1,1,1,1,1,1,1,0
17060000,2,01/08/1989,,1,1,1002,905,949,1,31,1,1,1,0,0,1002,998,993,990,987,984,982,970,975,974,962,957,948,947,943,940,941,936,938,935,933,931,929,926,923,921,917,915,910,906,905,1,1,1,1,1,1,1,1,1,1,1,1,1,1,1,1,1,1,1,1,1,1,1,1,1,1,1,1,1,1,1
17060000,1,01/08/1989,,1,1,1002,905,949,1,31,1,1,1,846,1,1002,998,993,990,987,984,982,970,975,974,962,957,948,947,943,940,941,936,938,935,933,931,929,926,923,921,917,915,910,906,905,1,1,1,1,1,1,1,1,1,1,1,1,1,1,1,1,1,1,1,1,1,1,1,1,1,1,1,1,1,1,1
17060000,2,01/07/1989,,1,1,1068,1004,1033,1,31,1,1,1,0,0,1068,1064,1060,1058,1056,1055,1053,1050,1047,1047,1047,1043,1039,1035,1033,1029,1028,1027,1024,1022,1021,1020,1018,1016,1015,1015,1014,1010,1007,1005,1004,1,1,1,1,1,1,1,1,1,1,1,1,1,1,1,1,1,1,1,1,1,1,1,1,1,1,1,1,1,1,1
17060000,1,01/07/1989,,1,1,1068,1004,1033,1,31,1,1,1,846,1,1068,1064,1060,1058,1056,1055,1053,1050,1047,1047,1047,1043,1039,1035,1033,1029,1028,1027,1024,1022,1021,1020,1018,1016,1015,1015,1014,1010,1007,1005,1004,1,1,1,1,1,1,1,1,1,1,1,1,1,1,1,1,1,1,1,1,1,1,1,1,1,1,1,1,1,1,1
17060000,2,01/06/1989,,1,1,1095,1075,1086,7,30,1,1,1,0,0,1087,1088,1090,1094,1094,1094,1095,1095,1095,1095,1094,1092,1089,1089,1088,1088,1086,1085,1083,1082,1082,1081,1081,1081,1079,1079,1078,1077,1077,1075,,1,1,1,1,1,1,1,1,1,1,1,1,1,1,1,1,1,1,1,1,1,1,1,1,1,1,1,1,1,1,
17060000,1,01/06/1989,,1,1,1095,1075,1086,7,30,1,1,1,846,1,1087,1088,1090,1094,1094,1094,1095,1095,1095,1095,1094,1092,1089,1089,1088,1088,1086,1085,1083,1082,1082,1081,1081,1081,1079,1079,1078,1077,1077,1075,,1,1,1,1,1,1,1,1,1,1,1,1,1,1,1,1,1,1,1,1,1,1,1,1,1,1,1,1,1,1,0
17060000,2,01/05/1989,,1,1,1091,1055,1076,26,1,1,1,1,0,0,1055,1055,1056,1055,1057,1060,1061,1065,1067,1070,1074,1075,1075,1074,1075,1077,1078,1078,1080,1083,1086,1088,1088,1089,1090,1091,1090,1089,1087,1087,1087,1,1,1,1,1,1,1,1,1,1,1,1,1,1,1,1,1,1,1,1,1,1,1,1,1,1,1,1,1,1,1
17060000,1,01/05/1989,,1,1,1091,1055,1076,26,1,1,1,1,846,1,1055,1055,1056,1055,1057,1060,1061,1065,1067,1070,1074,1075,1075,1074,1075,1077,1078,1078,1080,1083,1086,1088,1088,1089,1090,1091,1090,1089,1087,1087,1087,1,1,1,1,1,1,1,1,1,1,1,1,1,1,1,1,1,1,1,1,1,1,1,1,1,1,1,1,1,1,1
17060000,2,01/04/1989,,1,1,1057,978,1023,30,1,1,1,1,0,0,978,980,982,985,990,996,999,1004,1008,1014,1018,1023,1025,1029,1032,1031,1031,1031,1032,1032,1036,1038,1041,1042,1047,1051,1052,1054,1056,1057,,1,1,1,1,1,1,1,1,1,1,1,1,1,1,1,1,1,1,1,1,1,1,1,1,1,1,1,1,1,1,
17060000,1,01/04/1989,,1,1,1057,978,1023,30,1,1,1,1,846,1,978,980,982,985,990,996,999,1004,1008,1014,1018,1023,1025,1029,1032,1031,1031,1031,1032,1032,1036,1038,1041,1042,1047,1051,1052,1054,1056,1057,,1,1,1,1,1,1,1,1,1,1,1,1,1,1,1,1,1,1,1,1,1,1,1,1,1,1,1,1,1,1,0
17060000,2,01/03/1989,,1,1,976,882,932,31,1,1,1,1,0,0,882,884,886,886,888,891,897,901,905,909,918,924,931,933,934,937,938,940,948,949,950,954,956,959,963,968,969,971,973,974,976,1,1,1,1,1,1,1,1,1,1,1,1,1,1,1,1,1,1,1,1,1,1,1,1,1,1,1,1,1,1,1
17060000,1,01/03/1989,,1,1,977,882,932,31,1,1,1,1,846,1,882,884,886,886,888,891,897,901,905,909,918,924,931,933,934,937,938,940,948,949,950,954,956,959,963,968,969,971,973,974,976,1,1,1,1,1,1,1,1,1,1,1,1,1,1,1,1,1,1,1,1,1,1,1,1,1,1,1,1,1,1,1
17060000,2,01/02/1989,,1,1,882,717,801,28,1,1,1,1,0,0,717,723,725,729,734,741,748,761,770,781,787,793,800,804,808,814,818,823,828,832,838,845,851,858,863,868,874,882,,,,1,1,1,1,1,1,1,1,1,1,1,1,1,1,1,1,1,1,1,1,1,1,1,1,1,1,1,1,,,
17060000,1,01/02/1989,,1,1,886,717,801,28,1,1,1,1,846,1,717,723,725,729,734,741,748,761,770,781,787,793,800,804,808,814,818,823,828,832,838,845,851,858,863,868,874,882,,,,1,1,1,1,1,1,1,1,1,1,1,1,1,1,1,1,1,1,1,1,1,1,1,1,1,1,1,1,0,0,0
17060000,2,01/01/1989,,1,1,716,643,678,30,1,1,1,1,0,0,643,645,644,645,645,646,649,652,660,666,669,669,673,674,681,681,682,683,683,686,689,693,695,699,700,701,703,708,714,716,716,1,1,1,1,1,1,1,1,1,1,1,1,1,1,1,1,1,1,1,1,1,1,1,1,1,1,1,1,1,1,1
17060000,1,01/01/1989,,1,1,717,643,678,31,1,1,1,1,846,1,643,645,644,645,645,646,649,652,660,666,669,669,673,674,681,681,682,683,683,686,689,693,695,699,700,701,703,708,714,716,716,1,1,1,1,1,1,1,1,1,1,1,1,1,1,1,1,1,1,1,1,1,1,1,1,1,1,1,1,1,1,1
17060000,2,01/12/1988,,1,1,641,487,564,31,1,1,1,1,0,0,487,491,492,496,504,507,511,517,523,527,533,537,541,549,556,564,572,577,583,588,594,600,607,613,617,622,625,630,635,637,641,1,1,1,1,1,1,1,1,1,1,1,1,1,1,1,1,1,1,1,1,1,1,1,1,1,1,1,1,1,1,1
17060000,1,01/12/1988,07:00,0,1,642,486,564,31,1,1,1,1,777,1,486,490,492,495,502,506,510,516,522,526,532,536,540,547,552,563,568,576,581,588,594,598,606,612,616,622,625,628,635,637,640,1,1,1,1,1,1,1,1,1,1,1,1,1,1,1,1,1,1,1,1,1,1,1,1,1,1,1,1,1,1,1
17060000,1,01/12/1988,17:00,0,1,642,486,564,31,1,1,1,1,777,1,488,492,493,498,506,508,512,518,524,528,534,538,542,551,560,565,576,578,585,588,594,602,608,614,618,622,626,632,635,638,642,1,1,1,1,1,1,1,1,1,1,1,1,1,1,1,1,1,1,1,1,1,1,1,1,1,1,1,1,1,1,1
17060000,1,01/12/1988,,1,1,641,487,564,31,1,1,1,1,776,1,487,491,492,496,504,507,511,517,523,527,533,537,541,549,556,564,572,577,583,588,594,600,607,613,617,622,625,630,635,637,641,1,1,1,1,1,1,1,1,1,1,1,1,1,1,1,1,1,1,1,1,1,1,1,1,1,1,1,1,1,1,1
17060000,2,01/11/1988,,1,1,491,424,449,30,6,2,2,2,0,0,433,432,429,431,426,424,429,430,433,436,437,442,443,442,443,439,439,444,446,447,452,458,464,468,474,481,483,483,488,491,,2,2,2,2,2,2,2,2,2,2,2,2,2,2,2,2,2,2,2,2,2,2,2,2,2,2,2,2,2,2,
17060000,1,01/11/1988,07:00,0,1,584,544,551,30,1,1,1,1,777,1,544,544,544,544,544,544,544,544,544,544,544,544,545,544,544,545,545,545,547,548,550,553,556,556,558,560,564,568,574,582,,1,1,1,1,1,1,1,1,1,1,1,1,1,1,1,1,1,1,1,1,1,1,1,1,1,1,1,1,1,1,0
17060000,1,01/11/1988,17:00,0,1,584,544,551,30,1,1,1,1,777,1,544,544,544,544,544,545,544,544,545,544,544,544,544,545,544,545,545,545,548,548,552,554,556,558,560,562,566,570,578,584,,1,1,1,1,1,1,1,1,1,1,1,1,1,1,1,1,1,1,1,1,1,1,1,1,1,1,1,1,1,1,0
17060000,1,01/11/1988,,1,1,583,544,551,30,1,1,1,1,776,1,544,544,544,544,544,544,544,544,544,544,544,544,544,544,544,545,545,545,547,548,551,553,556,557,559,561,565,569,576,583,,1,1,1,1,1,1,1,1,1,1,1,1,1,1,1,1,1,1,1,1,1,1,1,1,1,1,1,1,1,1,0
17060000,2,01/10/1988,,1,1,498,416,438,1,21,2,2,2,0,0,498,490,480,466,457,448,442,439,436,433,432,432,432,432,429,425,421,418,418,417,416,417,420,425,431,436,441,444,441,439,435,2,2,2,2,2,2,2,2,2,2,2,2,2,2,2,2,2,2,2,2,2,2,2,2,2,2,2,2,2,2,2
17060000,1,01/10/1988,07:00,0,1,588,543,557,1,30,1,1,1,777,1,588,584,578,575,572,570,567,565,564,563,562,560,559,557,555,552,551,551,552,551,549,548,547,546,545,545,546,546,544,543,544,1,1,1,1,1,1,1,1,1,1,1,1,1,1,1,1,1,1,1,1,1,1,1,1,1,1,1,1,1,1,1
17060000,1,01/10/1988,17:00,0,1,588,543,557,1,30,1,1,1,777,1,586,580,576,574,572,568,566,564,563,563,561,560,558,556,554,552,552,551,552,550,548,548,546,545,546,545,546,545,544,544,544,1,1,1,1,1,1,1,1,1,1,1,1,1,1,1,1,1,1,1,1,1,1,1,1,1,1,1,1,1,1,1
17060000,1,01/10/1988,,1,1,587,543,557,1,30,1,1,1,776,1,587,582,577,574,572,569,566,564,563,563,561,560,558,556,554,552,551,551,552,550,548,548,546,545,545,545,546,545,544,543,544,1,1,1,1,1,1,1,1,1,1,1,1,1,1,1,1,1,1,1,1,1,1,1,1,1,1,1,1,1,1,1
17060000,2,01/09/1988,,1,1,747,507,622,1,30,2,2,2,0,0,747,739,731,722,713,704,696,687,679,670,663,656,649,639,631,621,611,600,587,576,564,555,548,538,533,528,523,520,516,507,,2,1,2,2,2,2,2,2,2,2,2,2,2,2,2,2,2,2,2,2,2,2,2,2,2,2,2,2,2,2,
17060000,1,01/09/1988,07:00,0,1,744,592,668,1,30,1,1,1,777,1,744,740,737,734,731,723,714,707,698,692,687,678,667,658,654,652,650,648,646,643,643,643,642,638,634,630,626,618,608,597,,1,1,1,1,1,1,1,1,1,1,1,1,1,1,1,1,1,1,1,1,1,1,1,1,1,1,1,1,1,1,0
17060000,1,01/09/1988,17:00,0,1,744,592,668,1,30,1,1,1,777,1,742,739,735,732,729,718,710,703,695,690,683,672,663,656,653,651,649,647,644,643,643,643,640,636,632,628,622,614,602,592,,1,1,1,1,1,1,1,1,1,1,1,1,1,1,1,1,1,1,1,1,1,1,1,1,1,1,1,1,1,1,0
17060000,1,01/09/1988,,1,1,743,594,668,1,30,1,1,1,776,1,743,739,736,733,730,720,712,705,696,691,685,675,665,657,653,651,649,647,645,643,643,643,641,637,633,629,624,616,605,594,,1,1,1,1,1,1,1,1,1,1,1,1,1,1,1,1,1,1,1,1,1,1,1,1,1,1,1,1,1,1,0
17060000,2,01/08/1988,,1,1,888,756,828,1,31,2,2,2,0,0,888,887,883,880,878,874,870,866,863,859,854,850,847,842,835,828,826,824,819,813,807,801,794,789,783,779,773,769,765,760,756,2,2,2,2,2,2,2,2,2,2,2,2,2,2,2,2,2,2,2,2,2,2,2,2,2,2,2,2,2,2,2
17060000,1,01/08/1988,07:00,0,1,979,846,926,1,31,1,1,1,777,1,979,978,976,974,972,971,968,966,960,956,952,946,942,940,936,933,930,926,922,918,914,908,901,895,888,884,878,870,863,856,848,1,1,1,1,1,1,1,1,1,1,1,1,1,1,1,1,1,1,1,1,1,1,1,1,1,1,1,1,1,1,1
17060000,1,01/08/1988,17:00,0,1,979,846,926,1,31,1,1,1,777,1,978,977,975,973,972,970,967,962,958,954,948,944,941,938,935,932,928,924,919,916,911,904,898,891,886,882,874,867,859,852,846,1,1,1,1,1,1,1,1,1,1,1,1,1,1,1,1,1,1,1,1,1,1,1,1,1,1,1,1,1,1,1
17060000,1,01/08/1988,,1,1,978,847,926,1,31,1,1,1,776,1,978,977,975,973,972,970,967,964,959,955,950,945,941,939,935,932,929,925,920,917,912,906,899,893,887,883,876,868,861,854,847,1,1,1,1,1,1,1,1,1,1,1,1,1,1,1,1,1,1,1,1,1,1,1,1,1,1,1,1,1,1,1
17060000,2,01/07/1988,,1,1,953,889,926,3,31,2,2,2,0,0,952,952,953,953,951,950,947,945,941,939,938,935,933,933,932,931,928,925,923,921,918,915,912,908,903,902,900,896,894,893,889,2,2,2,2,2,2,2,2,2,2,2,2,2,2,2,2,2,2,2,2,2,2,2,2,2,2,2,2,2,2,1
17060000,1,01/07/1988,07:00,0,1,1066,889,1034,2,31,1,1,1,777,1,1064,1066,1065,1064,1064,1064,1064,1064,1063,1062,1061,1061,1061,1058,1056,1054,1052,1047,1041,1036,1030,1022,1014,1005,998,992,989,986,985,982,889,1,1,1,1,1,1,1,1,1,1,1,1,1,1,1,1,1,1,1,1,1,1,1,1,1,1,1,1,1,1,1
17060000,1,01/07/1988,17:00,0,1,1066,889,1034,2,31,1,1,1,777,1,1065,1066,1066,1065,1064,1064,1063,1063,1062,1062,1061,1060,1060,1057,1055,1054,1051,1043,1040,1033,1026,1018,1009,1002,996,990,988,986,984,981,889,1,1,1,1,1,1,1,1,1,1,1,1,1,1,1,1,1,1,1,1,1,1,1,1,1,1,1,1,1,1,1
17060000,1,01/07/1988,,1,1,1066,889,1033,2,31,1,1,1,776,1,1064,1066,1065,1064,1064,1064,1063,1063,1062,1062,1061,1060,1060,1057,1055,1054,1051,1045,1040,1034,1028,1020,1011,1003,997,991,988,986,984,981,889,1,1,1,1,1,1,1,1,1,1,1,1,1,1,1,1,1,1,1,1,1,1,1,1,1,1,1,1,1,1,1
17060000,2,01/06/1988,,1,1,965,952,959,5,27,2,2,2,0,0,957,958,959,960,965,962,963,962,962,960,962,960,959,960,960,962,962,961,961,959,958,957,956,955,955,955,952,953,953,952,,1,1,1,1,1,2,2,2,2,2,2,2,2,2,2,2,2,2,2,2,2,2,2,2,2,2,2,2,2,2,
17060000,1,01/06/1988,07:00,0,1,1066,956,1026,21,1,1,1,1,777,1,956,958,958,960,964,971,976,984,992,999,1006,1012,1020,1026,1034,1042,1048,1055,1060,1063,1064,1066,1066,1065,1066,1066,1066,1065,1065,1063,,1,1,1,1,1,1,1,1,1,1,1,1,1,1,1,1,1,1,1,1,1,1,1,1,1,1,1,1,1,1,0
17060000,1,01/06/1988,17:00,0,1,1066,956,1026,21,1,1,1,1,777,1,958,958,960,960,967,974,979,988,996,1003,1008,1016,1023,1030,1038,1045,1052,1058,1062,1064,1066,1066,1065,1066,1066,1066,1066,1066,1065,1064,,1,1,1,1,1,1,1,1,1,1,1,1,1,1,1,1,1,1,1,1,1,1,1,1,1,1,1,1,1,1,0
17060000,1,01/06/1988,,1,1,1066,957,1025,22,1,1,1,1,776,1,957,958,959,960,965,972,977,986,994,1001,1007,1014,1021,1028,1036,1043,1050,1056,1061,1063,1065,1066,1065,1065,1066,1066,1066,1065,1065,1063,,1,1,1,1,1,1,1,1,1,1,1,1,1,1,1,1,1,1,1,1,1,1,1,1,1,1,1,1,1,1,0
17060000,2,01/05/1988,,1,1,960,919,948,20,1,1,1,1,0,0,919,921,925,932,936,938,938,941,944,946,948,949,950,951,951,953,956,957,958,960,960,960,960,959,956,956,956,955,954,954,954,1,1,1,1,1,1,1,1,1,1,1,1,1,1,1,1,1,1,1,1,1,1,1,1,1,1,1,1,1,1,1
17060000,1,01/05/1988,07:00,0,1,961,918,949,20,1,1,1,1,777,1,918,920,924,931,936,938,938,940,943,946,948,949,950,951,951,952,956,957,958,960,960,961,960,959,957,956,957,956,954,954,954,1,1,1,1,1,1,1,1,1,1,1,1,1,1,1,1,1,1,1,1,1,1,1,1,1,1,1,1,1,1,1
17060000,1,01/05/1988,17:00,0,1,961,918,949,20,1,1,1,1,777,1,920,922,927,934,937,938,939,942,945,947,948,950,950,951,952,954,956,957,959,961,960,960,960,959,956,956,956,955,955,954,954,1,1,1,1,1,1,1,1,1,1,1,1,1,1,1,1,1,1,1,1,1,1,1,1,1,1,1,1,1,1,1
17060000,1,01/05/1988,,1,1,960,919,948,20,1,1,1,1,776,1,919,921,925,932,936,938,938,941,944,946,948,949,950,951,951,953,956,957,958,960,960,960,960,959,956,956,956,955,954,954,954,1,1,1,1,1,1,1,1,1,1,1,1,1,1,1,1,1,1,1,1,1,1,1,1,1,1,1,1,1,1,1
17060000,2,01/04/1988,,1,1,915,864,895,30,1,1,1,1,0,0,864,864,865,866,868,871,874,876,882,889,893,896,899,903,904,904,905,906,906,906,907,907,908,909,910,910,910,911,913,915,,1,1,1,1,1,1,1,1,1,1,1,1,1,1,1,1,1,1,1,1,1,1,1,1,1,1,1,1,1,1,
17060000,1,01/04/1988,07:00,0,1,916,864,895,30,1,1,1,1,777,1,864,864,864,866,868,870,874,876,880,888,892,895,899,902,904,904,905,906,906,906,907,907,908,909,910,910,910,911,912,915,,1,1,1,1,1,1,1,1,1,1,1,1,1,1,1,1,1,1,1,1,1,1,1,1,1,1,1,1,1,1,0
17060000,1,01/04/1988,17:00,0,1,916,864,895,30,1,1,1,1,777,1,864,864,866,867,868,872,875,877,884,890,894,897,899,904,904,904,905,906,906,906,907,908,908,909,910,910,911,912,914,916,,1,1,1,1,1,1,1,1,1,1,1,1,1,1,1,1,1,1,1,1,1,1,1,1,1,1,1,1,1,1,0
17060000,1,01/04/1988,,1,1,915,864,895,30,1,1,1,1,776,1,864,864,865,866,868,871,874,876,882,889,893,896,899,903,904,904,905,906,906,906,907,907,908,909,910,910,910,911,913,915,,1,1,1,1,1,1,1,1,1,1,1,1,1,1,1,1,1,1,1,1,1,1,1,1,1,1,1,1,1,1,0
17060000,2,01/03/1988,,1,1,860,761,799,31,1,1,1,1,0,0,761,763,765,769,772,775,777,779,783,785,786,788,791,794,796,796,797,798,798,801,803,807,810,814,819,823,830,838,846,854,860,1,1,1,1,1,1,1,1,1,1,1,1,1,1,1,1,1,1,1,1,1,1,1,1,1,1,1,1,1,1,1
17060000,1,01/03/1988,07:00,0,1,862,761,800,31,1,1,1,1,777,1,761,763,765,768,771,774,777,779,782,785,786,788,790,794,796,796,797,798,798,801,803,806,809,813,818,822,828,836,844,852,859,1,1,1,1,1,1,1,1,1,1,1,1,1,1,1,1,1,1,1,1,1,1,1,1,1,1,1,1,1,1,1
17060000,1,01/03/1988,17:00,0,1,862,761,800,31,1,1,1,1,777,1,762,764,766,770,773,776,778,780,784,786,787,789,792,794,797,797,797,798,799,801,804,808,811,815,820,824,832,840,849,856,862,1,1,1,1,1,1,1,1,1,1,1,1,1,1,1,1,1,1,1,1,1,1,1,1,1,1,1,1,1,1,1
17060000,1,01/03/1988,,1,1,860,761,799,31,1,1,1,1,776,1,761,763,765,769,772,775,777,779,783,785,786,788,791,794,796,796,797,798,798,801,803,807,810,814,819,823,830,838,846,854,860,1,1,1,1,1,1,1,1,1,1,1,1,1,1,1,1,1,1,1,1,1,1,1,1,1,1,1,1,1,1,1
17060000,2,01/02/1988,,1,1,760,691,734,29,1,1,1,1,0,0,691,695,698,702,708,713,717,717,722,724,727,730,735,738,740,743,746,746,748,748,749,751,752,755,757,757,758,759,760,,,1,1,1,1,1,1,1,1,1,1,1,1,1,1,1,1,1,1,1,1,1,1,1,1,1,1,1,1,1,,
17060000,1,01/02/1988,07:00,0,1,761,690,734,29,1,1,1,1,777,1,690,694,698,701,707,712,720,716,722,724,726,729,734,737,740,742,746,746,748,748,749,751,752,754,757,757,758,759,761,,,1,1,1,1,1,1,1,1,1,1,1,1,1,1,1,1,1,1,1,1,1,1,1,1,1,1,1,1,1,0,0
17060000,1,01/02/1988,17:00,0,1,761,690,734,29,1,1,1,1,777,1,692,696,698,704,710,714,714,718,723,725,728,732,736,739,741,744,746,747,748,748,750,752,753,756,758,757,758,760,760,,,1,1,1,1,1,1,1,1,1,1,1,1,1,1,1,1,1,1,1,1,1,1,1,1,1,1,1,1,1,0,0
17060000,1,01/02/1988,,1,1,760,691,734,29,1,1,1,1,776,1,691,695,698,702,708,713,717,717,722,724,727,730,735,738,740,743,746,746,748,748,749,751,752,755,757,757,758,759,760,,,1,1,1,1,1,1,1,1,1,1,1,1,1,1,1,1,1,1,1,1,1,1,1,1,1,1,1,1,1,0,0
17060000,2,01/01/1988,,1,1,687,549,617,31,1,1,1,1,0,0,549,555,559,565,571,571,574,577,584,585,588,593,597,603,608,609,615,622,629,635,641,645,652,659,662,668,675,679,682,684,687,1,1,1,1,1,1,1,1,1,1,1,1,1,1,1,1,1,1,1,1,1,1,1,1,1,1,1,1,1,1,1
17060000,1,01/01/1988,07:00,0,1,688,548,617,31,1,1,1,1,777,1,548,554,558,564,570,570,574,576,583,584,588,592,596,602,606,608,614,620,628,634,640,644,650,658,662,666,674,678,682,684,686,1,1,1,1,1,1,1,1,1,1,1,1,1,1,1,1,1,1,1,1,1,1,1,1,1,1,1,1,1,1,1
17060000,1,01/01/1988,17:00,0,1,688,548,617,31,1,1,1,1,777,1,550,556,560,566,572,572,574,578,586,586,588,595,599,604,610,610,616,624,630,636,642,646,654,660,663,670,676,680,682,684,688,1,1,1,1,1,1,1,1,1,1,1,1,1,1,1,1,1,1,1,1,1,1,1,1,1,1,1,1,1,1,1
17060000,1,01/01/1988,,1,1,687,549,617,31,1,1,1,1,776,1,549,555,559,565,571,571,574,577,584,585,588,593,597,603,608,609,615,622,629,635,641,645,652,659,662,668,675,679,682,684,687,1,1,1,1,1,1,1,1,1,1,1,1,1,1,1,1,1,1,1,1,1,1,1,1,1,1,1,1,1,1,1
17060000,2,01/12/1987,,1,1,543,450,488,29,4,1,1,1,0,0,452,452,453,450,452,455,457,461,463,469,473,471,469,467,471,475,482,490,493,493,497,505,509,515,521,527,531,540,543,541,543,1,1,1,1,1,1,1,1,1,1,1,1,1,1,1,1,1,1,1,1,1,1,1,1,1,1,1,1,1,1,1
17060000,1,01/12/1987,07:00,0,1,544,450,488,29,1,1,1,1,731,1,450,452,454,450,452,454,456,460,462,468,472,470,470,466,470,474,480,488,492,492,496,504,508,514,520,526,530,538,544,540,542,1,1,1,1,1,1,1,1,1,1,1,1,1,1,1,1,1,1,1,1,1,1,1,1,1,1,1,1,1,1,1
17060000,1,01/12/1987,17:00,0,1,544,450,488,29,1,1,1,1,731,1,454,452,452,450,452,456,458,462,464,470,474,472,468,468,472,476,484,492,494,494,498,506,510,516,522,528,532,542,542,541,544,1,1,1,1,1,1,1,1,1,1,1,1,1,1,1,1,1,1,1,1,1,1,1,1,1,1,1,1,1,1,1
17060000,1,01/12/1987,,1,1,544,450,488,29,4,1,1,1,732,1,452,452,453,450,452,455,457,461,463,469,473,471,469,467,471,475,482,490,493,493,497,505,509,515,521,527,531,540,543,541,543,1,1,1,1,1,1,1,1,1,1,1,1,1,1,1,1,1,1,1,1,1,1,1,1,1,1,1,1,1,1,1
17060000,2,01/11/1987,,1,1,447,420,429,30,21,1,1,1,0,0,425,427,430,431,429,428,428,429,427,425,427,425,427,431,428,430,427,424,423,421,420,420,423,431,433,437,439,443,443,447,,1,1,1,1,1,1,1,1,1,1,1,1,1,1,1,1,1,1,1,1,1,1,1,1,1,1,1,1,1,1,
17060000,1,01/11/1987,07:00,0,1,444,420,429,29,20,1,1,1,731,1,426,426,430,432,428,428,428,430,427,426,428,424,428,430,428,430,428,424,424,422,420,420,420,428,432,432,436,438,442,442,,1,1,1,1,1,1,1,1,1,1,1,1,1,1,1,1,1,1,1,1,1,1,1,1,1,1,1,1,1,1,0
17060000,1,01/11/1987,17:00,0,1,444,420,429,29,20,1,1,1,731,1,424,428,430,430,430,428,428,428,427,424,426,426,426,432,428,430,426,424,422,420,420,420,420,434,434,434,438,440,444,444,,1,1,1,1,1,1,1,1,1,1,1,1,1,1,1,1,1,1,1,1,1,1,1,1,1,1,1,1,1,1,0
17060000,1,01/11/1987,,1,1,448,420,429,30,21,1,1,1,732,1,425,427,430,431,429,428,428,429,427,425,427,425,427,431,428,430,427,424,423,421,420,420,423,431,433,437,439,443,443,447,,1,1,1,1,1,1,1,1,1,1,1,1,1,1,1,1,1,1,1,1,1,1,1,1,1,1,1,1,1,1,0
17060000,2,01/10/1987,,1,1,506,428,459,1,31,1,1,1,0,0,506,497,493,489,485,482,479,475,472,469,466,464,461,458,456,453,450,448,448,447,446,446,445,445,443,440,438,437,434,429,428,1,1,1,1,1,1,1,1,1,1,1,1,1,1,1,1,1,1,1,1,1,1,1,1,1,1,1,1,1,1,1
17060000,1,01/10/1987,07:00,0,1,510,46,452,1,21,1,1,1,731,1,510,498,494,490,486,482,480,476,472,470,466,464,462,458,456,454,450,448,448,447,446,446,445,445,444,440,438,437,436,430,428,1,1,1,1,1,1,1,1,1,1,1,1,1,1,1,1,1,1,1,1,1,1,1,1,1,1,1,1,1,1,1
17060000,1,01/10/1987,17:00,0,1,510,46,452,1,21,1,1,1,731,1,502,496,492,488,484,482,478,474,472,468,466,464,460,458,456,452,450,448,448,446,46,446,445,445,442,440,437,436,431,428,428,1,1,1,1,1,1,1,1,1,1,1,1,1,1,1,1,1,1,1,1,1,1,1,1,1,1,1,1,1,1,1
17060000,1,01/10/1987,,1,1,510,428,459,1,31,1,1,1,732,1,506,497,493,489,485,482,479,475,472,469,466,464,461,458,456,453,450,448,448,447,446,446,445,445,443,440,438,437,434,429,428,1,1,1,1,1,1,1,1,1,1,1,1,1,1,1,1,1,1,1,1,1,1,1,1,1,1,1,1,1,1,1
17060000,2,01/09/1987,,1,1,683,513,598,1,30,1,1,1,0,0,683,679,673,669,663,656,647,644,641,635,629,625,618,613,611,605,596,588,580,573,564,556,542,537,528,525,523,520,517,513,,1,1,1,1,1,1,1,1,1,1,1,1,1,1,1,1,1,1,1,1,1,1,1,1,1,1,1,1,1,1,
17060000,1,01/09/1987,07:00,0,1,684,512,598,1,30,1,1,1,731,1,684,680,674,670,664,658,648,644,642,636,630,626,620,612,612,606,598,590,582,574,566,558,544,538,530,525,523,520,518,514,,1,1,1,1,1,1,1,1,1,1,1,1,1,1,1,1,1,1,1,1,1,1,1,1,1,1,1,1,1,1,0
17060000,1,01/09/1987,17:00,0,1,684,512,598,1,30,1,1,1,731,1,682,678,672,668,662,654,646,644,640,634,628,624,616,614,610,604,594,586,578,572,562,554,540,536,526,524,522,520,516,512,,1,1,1,1,1,1,1,1,1,1,1,1,1,1,1,1,1,1,1,1,1,1,1,1,1,1,1,1,1,1,0
17060000,1,01/09/1987,,1,1,684,513,598,1,30,1,1,1,732,1,683,679,673,669,663,656,647,644,641,635,629,625,618,613,611,605,596,588,580,573,564,556,542,537,528,525,523,520,517,513,,1,1,1,1,1,1,1,1,1,1,1,1,1,1,1,1,1,1,1,1,1,1,1,1,1,1,1,1,1,1,0
17060000,2,01/08/1987,,1,1,807,684,741,1,28,1,1,1,0,0,807,803,798,792,788,784,779,774,769,765,761,757,752,747,743,739,735,735,731,727,724,721,716,709,703,696,690,684,686,685,684,1,1,1,1,1,1,1,1,1,1,1,1,1,1,1,1,1,1,1,1,1,1,1,1,1,1,1,1,1,1,1
17060000,1,01/08/1987,07:00,0,1,808,683,741,1,28,1,1,1,731,1,808,804,799,793,788,785,780,775,770,766,762,758,753,748,744,740,736,735,732,728,724,722,717,710,704,697,691,685,686,685,684,1,1,1,1,1,1,1,1,1,1,1,1,1,1,1,1,1,1,1,1,1,1,1,1,1,1,1,1,1,1,1
17060000,1,01/08/1987,17:00,0,1,808,683,741,1,28,1,1,1,731,1,806,802,796,797,787,782,777,773,768,764,760,756,751,746,742,738,734,734,730,726,723,720,714,707,701,694,688,683,685,684,684,1,1,1,1,1,1,1,1,1,1,1,1,1,1,1,1,1,1,1,1,1,1,1,1,1,1,1,1,1,1,1
17060000,1,01/08/1987,,1,1,807,684,741,1,28,1,1,1,732,1,807,803,798,792,788,784,779,774,769,765,761,757,752,747,743,739,735,735,731,727,724,721,716,709,703,696,690,684,686,685,684,1,1,1,1,1,1,1,1,1,1,1,1,1,1,1,1,1,1,1,1,1,1,1,1,1,1,1,1,1,1,1
17060000,2,01/07/1987,,1,1,917,810,876,1,31,1,1,1,0,0,917,916,916,916,915,912,907,902,898,896,894,892,891,888,886,885,882,880,877,873,870,864,857,853,846,839,833,824,817,812,810,1,1,1,1,1,1,1,1,1,1,1,1,1,1,1,1,1,1,1,1,1,1,1,1,1,1,1,1,1,1,1
17060000,1,01/07/1987,07:00,0,1,917,809,876,1,31,1,1,1,731,1,917,916,915,916,915,913,908,903,898,896,894,892,892,888,886,885,882,880,878,874,871,865,858,854,847,840,834,826,818,813,810,1,1,1,1,1,1,1,1,1,1,1,1,1,1,1,1,1,1,1,1,1,1,1,1,1,1,1,1,1,1,1
17060000,1,01/07/1987,17:00,0,1,917,809,876,1,31,1,1,1,731,1,917,916,916,915,914,910,906,901,898,896,894,892,890,888,885,884,881,879,876,872,868,862,856,851,844,838,831,822,816,811,809,1,1,1,1,1,1,1,1,1,1,1,1,1,1,1,1,1,1,1,1,1,1,1,1,1,1,1,1,1,1,1
17060000,1,01/07/1987,,1,1,917,810,876,1,31,1,1,1,732,1,917,916,916,916,915,912,907,902,898,896,894,892,891,888,886,885,882,880,877,873,870,864,857,853,846,839,833,824,817,812,810,1,1,1,1,1,1,1,1,1,1,1,1,1,1,1,1,1,1,1,1,1,1,1,1,1,1,1,1,1,1,1
17060000,2,01/06/1987,,1,1,953,918,940,1,30,1,1,1,0,0,953,953,951,950,949,944,947,952,952,951,950,949,947,944,942,937,937,937,936,936,935,935,935,931,928,925,924,921,919,918,,1,1,1,1,1,1,1,1,1,1,1,1,1,1,1,1,1,1,1,1,1,1,1,1,1,1,1,1,1,1,
17060000,1,01/06/1987,07:00,0,1,953,917,939,1,30,1,1,1,731,1,953,953,951,950,950,945,946,951,952,951,950,949,947,945,943,939,937,937,936,936,935,935,935,932,928,925,924,921,919,918,,1,1,1,1,1,1,1,1,1,1,1,1,1,1,1,1,1,1,1,1,1,1,1,1,1,1,1,1,1,1,0
17060000,1,01/06/1987,17:00,0,1,953,917,939,1,30,1,1,1,731,1,953,952,951,950,918,943,948,952,952,950,950,948,946,943,941,938,937,937,936,936,935,935,934,930,927,925,923,920,918,917,,1,1,1,1,1,1,1,1,1,1,1,1,1,1,1,1,1,1,1,1,1,1,1,1,1,1,1,1,1,1,0
17060000,1,01/06/1987,,1,1,953,918,940,1,30,1,1,1,732,1,953,953,951,950,949,944,947,952,952,951,950,949,947,944,942,937,937,937,936,936,935,935,935,931,928,925,924,921,919,918,,1,1,1,1,1,1,1,1,1,1,1,1,1,1,1,1,1,1,1,1,1,1,1,1,1,1,1,1,1,1,0
17060000,2,01/05/1987,,1,1,968,954,961,17,1,1,1,1,0,0,954,954,955,956,957,957,958,960,960,961,962,962,963,963,965,967,968,968,968,967,966,965,964,963,962,960,957,955,956,955,954,1,1,1,1,1,1,1,1,1,1,1,1,1,1,1,1,1,1,1,1,1,1,1,1,1,1,1,1,1,1,1
17060000,1,01/05/1987,07:00,0,1,968,953,960,17,1,1,1,1,731,1,953,954,954,956,957,957,958,959,960,960,960,962,962,963,964,966,968,967,968,967,966,965,964,962,962,960,958,955,956,955,954,1,1,1,1,1,1,1,1,1,1,1,1,1,1,1,1,1,1,1,1,1,1,1,1,1,1,1,1,1,1,1
17060000,1,01/05/1987,17:00,0,1,968,953,960,17,1,1,1,1,731,1,954,954,955,956,956,957,958,960,961,960,961,962,963,963,965,967,967,968,967,967,965,964,963,963,962,959,956,955,955,954,953,1,1,1,1,1,1,1,1,1,1,1,1,1,1,1,1,1,1,1,1,1,1,1,1,1,1,1,1,1,1,1
17060000,1,01/05/1987,,1,1,968,954,961,17,1,1,1,1,732,1,954,954,955,956,957,957,958,960,960,961,962,962,963,963,965,967,968,968,968,967,966,965,964,963,962,960,957,955,956,955,954,1,1,1,1,1,1,1,1,1,1,1,1,1,1,1,1,1,1,1,1,1,1,1,1,1,1,1,1,1,1,1
17060000,2,01/04/1987,,1,1,952,918,934,29,1,1,1,1,0,0,918,919,920,919,918,919,918,919,919,918,919,920,921,927,934,939,941,943,945,947,950,951,950,950,950,950,951,951,952,952,,1,1,1,1,1,1,1,1,1,1,1,1,1,1,1,1,1,1,1,1,1,1,1,1,1,1,1,1,1,1,
17060000,1,01/04/1987,07:00,0,1,952,917,934,22,1,1,1,1,731,1,917,918,920,919,918,919,918,919,919,918,918,919,920,926,932,938,941,942,944,946,949,952,950,950,949,950,951,951,952,952,,1,1,1,1,1,1,1,1,1,1,1,1,1,1,1,1,1,1,1,1,1,1,1,1,1,1,1,1,1,1,0
17060000,1,01/04/1987,17:00,0,1,952,917,934,22,1,1,1,1,731,1,918,919,919,919,918,918,918,919,918,918,919,920,922,928,936,940,941,943,945,948,950,949,950,950,950,950,950,951,952,951,,1,1,1,1,1,1,1,1,1,1,1,1,1,1,1,1,1,1,1,1,1,1,1,1,1,1,1,1,1,1,0
17060000,1,01/04/1987,,1,1,952,918,934,29,1,1,1,1,732,1,918,919,920,919,918,919,918,919,919,918,919,920,921,927,934,939,941,943,945,947,950,951,950,950,950,950,951,951,952,952,,1,1,1,1,1,1,1,1,1,1,1,1,1,1,1,1,1,1,1,1,1,1,1,1,1,1,1,1,1,1,0
17060000,2,01/03/1987,,1,1,916,791,854,31,1,1,1,1,0,0,791,794,798,803,807,810,814,818,824,829,835,839,843,847,854,858,860,865,868,869,870,871,874,882,890,899,906,910,913,914,916,1,1,1,1,1,1,1,1,1,1,1,1,1,1,1,1,1,1,1,1,1,1,1,1,1,1,1,1,1,1,1
17060000,1,01/03/1987,07:00,0,1,916,790,854,31,1,1,1,1,731,1,790,793,797,802,806,809,813,817,822,828,833,838,842,845,852,857,859,864,867,868,870,871,872,880,887,896,905,909,912,914,915,1,1,1,1,1,1,1,1,1,1,1,1,1,1,1,1,1,1,1,1,1,1,1,1,1,1,1,1,1,1,1
17060000,1,01/03/1987,17:00,0,1,916,790,854,31,1,1,1,1,731,1,792,795,799,804,807,811,815,819,825,830,836,840,843,849,855,858,861,865,868,869,870,871,876,883,892,901,907,910,913,914,916,1,1,1,1,1,1,1,1,1,1,1,1,1,1,1,1,1,1,1,1,1,1,1,1,1,1,1,1,1,1,1
17060000,1,01/03/1987,,1,1,916,791,854,31,1,1,1,1,732,1,791,794,798,803,807,810,814,818,824,829,835,839,843,847,854,858,860,865,868,869,870,871,874,882,890,899,906,910,913,914,916,1,1,1,1,1,1,1,1,1,1,1,1,1,1,1,1,1,1,1,1,1,1,1,1,1,1,1,1,1,1,1
17060000,2,01/02/1987,,1,1,788,755,773,28,1,1,1,1,0,0,755,759,763,765,768,770,772,771,771,771,771,772,772,772,772,773,773,773,774,775,777,777,780,780,782,784,786,788,,,,1,1,1,1,1,1,1,1,1,1,1,1,1,1,1,1,1,1,1,1,1,1,1,1,1,1,1,1,,,
17060000,1,01/02/1987,07:00,0,1,788,754,772,28,1,1,1,1,731,1,754,758,762,764,768,770,772,771,771,770,771,771,772,772,772,772,772,773,773,774,776,776,779,779,779,781,783,786,,,,1,1,1,1,1,1,1,1,1,1,1,1,1,1,1,1,1,1,1,1,1,1,1,1,1,1,1,1,0,0,0
17060000,1,01/02/1987,17:00,0,1,788,754,772,28,1,1,1,1,731,1,756,760,764,766,768,770,771,771,770,771,771,772,772,771,772,773,773,773,774,775,777,777,777,780,780,782,785,788,,,,1,1,1,1,1,1,1,1,1,1,1,1,1,1,1,1,1,1,1,1,1,1,1,1,1,1,1,1,0,0,0
17060000,1,01/02/1987,,1,1,788,755,773,28,1,1,1,1,732,1,755,759,763,765,768,770,772,771,771,771,771,772,772,772,772,773,773,773,774,775,777,777,780,780,782,784,786,788,,,,1,1,1,1,1,1,1,1,1,1,1,1,1,1,1,1,1,1,1,1,1,1,1,1,1,1,1,1,0,0,0
17060000,2,01/01/1987,,1,1,752,693,727,31,1,1,1,1,0,0,693,700,705,707,711,715,719,722,721,721,723,721,724,728,732,730,730,731,731,733,732,734,733,733,734,737,743,746,748,749,752,1,1,1,1,1,1,1,1,1,1,1,1,1,1,1,1,1,1,1,1,1,1,1,1,1,1,1,1,1,1,1
17060000,1,01/01/1987,07:00,0,1,753,692,727,31,1,1,1,1,731,1,692,698,706,706,710,714,718,722,722,720,722,720,724,725,734,730,730,731,730,732,732,733,733,732,734,736,741,746,747,748,751,1,1,1,1,1,1,1,1,1,1,1,1,1,1,1,1,1,1,1,1,1,1,1,1,1,1,1,1,1,1,1
17060000,1,01/01/1987,17:00,0,1,753,692,727,31,1,1,1,1,731,1,694,702,704,708,712,716,720,722,720,722,724,722,724,730,730,730,730,730,731,734,732,734,732,734,734,738,744,746,748,750,753,1,1,1,1,1,1,1,1,1,1,1,1,1,1,1,1,1,1,1,1,1,1,1,1,1,1,1,1,1,1,1
17060000,1,01/01/1987,,1,1,753,693,727,31,1,1,1,1,732,1,693,700,705,707,711,715,719,722,721,721,723,721,724,728,732,730,730,731,731,733,732,734,733,733,734,737,743,746,748,749,752,1,1,1,1,1,1,1,1,1,1,1,1,1,1,1,1,1,1,1,1,1,1,1,1,1,1,1,1,1,1,1
17060000,2,01/12/1986,,1,1,689,635,668,31,1,1,1,1,0,0,635,638,642,651,653,650,653,659,660,662,660,662,665,668,667,675,675,677,679,682,684,687,683,675,671,673,677,677,681,683,689,1,1,1,1,1,1,1,1,1,1,1,1,1,1,1,1,1,1,1,1,1,1,1,1,1,1,1,1,1,1,1
17060000,1,01/12/1986,07:00,0,1,690,634,668,31,1,1,1,1,814,1,634,638,640,650,654,650,652,658,660,662,660,662,664,668,666,674,674,676,678,682,684,686,684,676,672,672,676,676,680,682,687,1,1,1,1,1,1,1,1,1,1,1,1,1,1,1,1,1,1,1,1,1,1,1,1,1,1,1,1,1,1,1
17060000,1,01/12/1986,17:00,0,1,690,634,668,31,1,1,1,1,814,1,636,638,644,652,652,650,654,660,660,662,660,662,666,668,668,676,676,678,680,682,684,688,682,676,670,674,678,678,682,684,690,1,1,1,1,1,1,1,1,1,1,1,1,1,1,1,1,1,1,1,1,1,1,1,1,1,1,1,1,1,1,1
17060000,1,01/12/1986,,1,1,690,635,668,31,1,1,1,1,809,1,635,638,642,651,653,650,653,659,660,662,660,662,665,668,667,675,675,677,679,682,684,687,683,675,671,673,677,677,681,683,689,1,1,1,1,1,1,1,1,1,1,1,1,1,1,1,1,1,1,1,1,1,1,1,1,1,1,1,1,1,1,1
17060000,2,01/11/1986,,1,1,631,597,620,16,1,1,1,1,0,0,597,602,605,609,613,619,618,618,620,620,625,623,618,617,621,631,631,627,623,622,622,625,629,629,625,622,620,623,627,631,,1,1,1,1,1,1,1,1,1,1,1,1,1,1,1,1,1,1,1,1,1,1,1,1,1,1,1,1,1,1,
17060000,1,01/11/1986,07:00,0,1,632,596,620,16,1,1,1,1,814,1,596,602,604,608,612,618,618,618,620,620,624,624,618,616,620,630,632,628,624,622,622,624,628,630,626,622,620,622,626,630,,1,1,1,1,1,1,1,1,1,1,1,1,1,1,1,1,1,1,1,1,1,1,1,1,1,1,1,1,1,1,0
17060000,1,01/11/1986,17:00,0,1,632,596,620,16,1,1,1,1,814,1,598,602,606,610,614,620,618,618,620,620,626,622,618,618,622,632,630,626,622,622,622,626,630,628,624,622,620,624,628,632,,1,1,1,1,1,1,1,1,1,1,1,1,1,1,1,1,1,1,1,1,1,1,1,1,1,1,1,1,1,1,0
17060000,1,01/11/1986,,1,1,632,597,620,16,1,1,1,1,809,1,597,602,605,609,613,619,618,618,620,620,625,623,618,617,621,631,631,627,623,622,622,625,629,629,625,622,620,623,627,631,,1,1,1,1,1,1,1,1,1,1,1,1,1,1,1,1,1,1,1,1,1,1,1,1,1,1,1,1,1,1,0
17060000,2,01/10/1986,,1,1,660,583,607,1,29,1,1,1,0,0,660,652,647,641,636,631,626,619,613,609,604,600,597,597,597,597,596,597,596,598,596,594,592,595,593,589,587,587,583,585,590,1,1,1,1,1,1,1,1,1,1,1,1,1,1,1,1,1,1,1,1,1,1,1,1,1,1,1,1,1,1,1
17060000,1,01/10/1986,07:00,0,1,799,582,672,12,29,1,1,1,814,1,761,753,748,742,737,732,727,721,714,710,705,701,698,697,697,697,696,696,696,697,596,594,592,594,594,590,586,586,584,584,588,1,1,1,1,1,1,1,1,1,1,1,1,1,1,1,1,1,1,1,1,1,1,1,1,1,1,1,1,1,1,1
17060000,1,01/10/1986,17:00,0,1,799,582,672,12,29,1,1,1,814,1,758,750,745,739,734,730,725,717,712,707,703,799,696,697,696,697,696,697,696,698,596,594,592,596,592,588,588,584,582,586,592,1,1,1,1,1,1,1,1,1,1,1,1,1,1,1,1,1,1,1,1,1,1,1,1,1,1,1,1,1,1,1
17060000,1,01/10/1986,,1,1,661,583,607,1,29,1,1,1,809,1,660,652,647,641,636,631,626,619,613,609,604,600,597,597,597,597,596,597,596,598,596,594,592,595,593,589,587,587,583,585,590,1,1,1,1,1,1,1,1,1,1,1,1,1,1,1,1,1,1,1,1,1,1,1,1,1,1,1,1,1,1,1
17060000,2,01/09/1986,,1,1,828,665,752,1,30,1,1,1,0,0,828,823,819,815,812,808,803,799,793,787,782,776,769,763,755,750,746,741,735,730,725,718,712,705,697,689,683,675,669,665,,1,1,1,1,1,1,1,1,1,1,1,1,1,1,1,1,1,1,1,1,1,1,1,1,1,1,1,1,1,1,
17060000,1,01/09/1986,07:00,0,1,829,664,752,1,30,1,1,1,814,1,829,824,820,816,812,809,803,801,795,789,783,778,770,764,757,751,747,742,736,732,726,719,713,707,699,691,685,676,670,666,,1,1,1,1,1,1,1,1,1,1,1,1,1,1,1,1,1,1,1,1,1,1,1,1,1,1,1,1,1,1,0
17060000,1,01/09/1986,17:00,0,1,829,664,752,1,30,1,1,1,814,1,826,822,818,814,811,807,802,797,791,784,780,774,768,762,753,749,745,739,734,728,724,716,710,703,694,687,680,673,667,664,,1,1,1,1,1,1,1,1,1,1,1,1,1,1,1,1,1,1,1,1,1,1,1,1,1,1,1,1,1,1,0
17060000,1,01/09/1986,,1,1,829,665,752,1,30,1,1,1,809,1,828,823,819,815,812,808,803,799,793,787,782,776,769,763,755,750,746,741,735,730,725,718,712,705,697,689,683,675,669,665,,1,1,1,1,1,1,1,1,1,1,1,1,1,1,1,1,1,1,1,1,1,1,1,1,1,1,1,1,1,1,0
17060000,2,01/08/1986,,1,1,929,834,893,1,31,1,1,1,0,0,929,926,924,923,922,921,922,920,920,920,918,915,909,906,903,899,897,893,888,885,881,877,873,869,863,860,855,851,845,840,834,1,1,1,1,1,1,1,1,1,1,1,1,1,1,1,1,1,1,1,1,1,1,1,1,1,1,1,1,1,1,1
17060000,1,01/08/1986,07:00,0,1,930,833,893,1,31,1,1,1,814,1,930,926,924,923,922,922,922,920,920,920,918,915,910,906,904,899,897,894,889,886,882,878,874,870,865,861,856,852,846,841,835,1,1,1,1,1,1,1,1,1,1,1,1,1,1,1,1,1,1,1,1,1,1,1,1,1,1,1,1,1,1,1
17060000,1,01/08/1986,17:00,0,1,930,833,893,1,31,1,1,1,814,1,928,925,922,923,922,920,922,920,920,920,917,914,908,905,902,898,896,892,887,884,880,876,872,838,861,859,854,849,844,839,833,1,1,1,1,1,1,1,1,1,1,1,1,1,1,1,1,1,1,1,1,1,1,1,1,1,1,1,1,1,1,1
17060000,1,01/08/1986,,1,1,930,834,893,1,31,1,1,1,809,1,929,926,924,923,922,921,922,920,920,920,918,915,909,906,903,899,897,893,888,885,881,877,873,869,863,860,855,851,845,840,834,1,1,1,1,1,1,1,1,1,1,1,1,1,1,1,1,1,1,1,1,1,1,1,1,1,1,1,1,1,1,1
17060000,2,01/07/1986,,1,1,965,932,956,1,31,1,1,1,0,0,965,965,964,964,964,965,964,963,962,960,958,960,960,958,958,956,956,956,956,956,954,954,954,954,953,952,952,948,941,936,932,1,1,1,1,1,1,1,1,1,1,1,1,1,1,1,1,1,1,1,1,1,1,1,1,1,1,1,1,1,1,1
17060000,1,01/07/1986,07:00,0,1,965,932,956,1,31,1,1,1,814,1,965,965,964,964,964,965,964,963,962,960,958,960,960,958,958,956,955,956,956,956,954,954,954,954,953,952,953,950,942,937,932,1,1,1,1,1,1,1,1,1,1,1,1,1,1,1,1,1,1,1,1,1,1,1,1,1,1,1,1,1,1,1
17060000,1,01/07/1986,17:00,0,1,965,932,956,1,31,1,1,1,814,1,965,965,964,964,964,964,963,962,961,959,958,960,960,958,957,956,956,956,956,956,954,954,954,954,952,952,952,946,940,935,932,1,1,1,1,1,1,1,1,1,1,1,1,1,1,1,1,1,1,1,1,1,1,1,1,1,1,1,1,1,1,1
17060000,1,01/07/1986,,1,1,965,932,956,1,31,1,1,1,809,1,965,965,964,964,964,965,964,963,962,960,958,960,960,958,958,956,956,956,956,956,954,954,954,954,953,952,952,948,941,936,932,1,1,1,1,1,1,1,1,1,1,1,1,1,1,1,1,1,1,1,1,1,1,1,1,1,1,1,1,1,1,1
17060000,2,01/06/1986,,1,1,997,965,975,1,30,1,1,1,0,0,997,994,992,988,982,981,975,976,975,975,974,974,975,974,972,972,970,970,970,969,968,970,972,972,971,970,967,967,966,965,,1,1,1,1,1,1,1,1,1,1,1,1,1,1,1,1,1,1,1,1,1,1,1,1,1,1,1,1,1,1,
17060000,1,01/06/1986,07:00,0,1,998,964,975,1,30,1,1,1,814,1,998,998,994,990,984,984,976,976,975,974,974,974,975,973,972,972,970,970,970,969,968,970,972,971,971,970,968,967,967,965,,1,1,1,1,1,1,1,1,1,1,1,1,1,1,1,1,1,1,1,1,1,1,1,1,1,1,1,1,1,1,0
17060000,1,01/06/1986,17:00,0,1,998,964,975,1,30,1,1,1,814,1,996,990,990,986,979,978,974,976,975,976,974,974,974,974,972,972,970,970,970,969,968,970,972,972,970,969,966,966,966,964,,1,1,1,1,1,1,1,1,1,1,1,1,1,1,1,1,1,1,1,1,1,1,1,1,1,1,1,1,1,1,0
17060000,1,01/06/1986,,1,1,998,965,975,1,30,1,1,1,809,1,997,994,992,988,982,981,975,976,975,975,974,974,975,974,972,972,970,970,970,969,968,970,972,972,971,970,967,967,966,965,,1,1,1,1,1,1,1,1,1,1,1,1,1,1,1,1,1,1,1,1,1,1,1,1,1,1,1,1,1,1,0
17060000,2,01/05/1986,,1,1,1007,966,983,28,1,1,1,1,0,0,966,967,971,975,976,973,972,972,976,976,976,978,978,978,980,985,986,984,984,982,980,982,985,989,993,997,1003,1007,1004,1005,1004,1,1,1,1,1,1,1,1,1,1,1,1,1,1,1,1,1,1,1,1,1,1,1,1,1,1,1,1,1,1,1
17060000,1,01/05/1986,07:00,0,1,1008,966,983,28,1,1,1,1,814,1,966,966,970,974,976,974,972,972,976,976,976,978,978,978,980,984,986,984,984,982,980,982,984,988,992,996,1002,1006,1006,1004,1008,1,1,1,1,1,1,1,1,1,1,1,1,1,1,1,1,1,1,1,1,1,1,1,1,1,1,1,1,1,1,1
17060000,1,01/05/1986,17:00,0,1,1008,966,983,28,1,1,1,1,814,1,966,968,972,976,976,972,972,972,976,976,976,978,978,978,980,986,986,984,984,982,980,982,986,990,994,998,1004,1008,1002,1006,1000,1,1,1,1,1,1,1,1,1,1,1,1,1,1,1,1,1,1,1,1,1,1,1,1,1,1,1,1,1,1,1
17060000,1,01/05/1986,,1,1,1007,966,983,28,1,1,1,1,809,1,966,967,971,975,976,973,972,972,976,976,976,978,978,978,980,985,986,984,984,982,980,982,985,989,993,997,1003,1007,1004,1005,1004,1,1,1,1,1,1,1,1,1,1,1,1,1,1,1,1,1,1,1,1,1,1,1,1,1,1,1,1,1,1,1
17060000,2,01/04/1986,,1,1,964,888,933,30,1,1,1,1,0,0,888,891,895,900,905,909,913,917,921,925,929,933,936,936,938,938,942,944,944,944,947,948,949,953,956,957,960,960,962,964,,1,1,1,1,1,1,1,1,1,1,1,1,1,1,1,1,1,1,1,1,1,1,1,1,1,1,1,1,1,1,
17060000,1,01/04/1986,07:00,0,1,962,888,933,30,1,1,1,1,814,1,888,890,894,898,904,908,912,916,920,924,928,932,936,936,938,938,940,944,944,944,946,948,948,952,956,956,960,960,960,962,,1,1,1,1,1,1,1,1,1,1,1,1,1,1,1,1,1,1,1,1,1,1,1,1,1,1,1,1,1,1,0
17060000,1,01/04/1986,17:00,0,1,962,888,933,30,1,1,1,1,814,1,888,892,896,902,906,910,914,918,922,926,930,934,936,936,938,938,942,944,944,944,948,948,950,954,956,958,960,960,960,962,,1,1,1,1,1,1,1,1,1,1,1,1,1,1,1,1,1,1,1,1,1,1,1,1,1,1,1,1,1,1,0
17060000,1,01/04/1986,,1,1,964,888,933,30,1,1,1,1,809,1,888,891,895,900,905,909,913,917,921,925,929,933,936,936,938,938,942,944,944,944,947,948,949,953,956,957,960,960,962,964,,1,1,1,1,1,1,1,1,1,1,1,1,1,1,1,1,1,1,1,1,1,1,1,1,1,1,1,1,1,1,0
17060000,2,01/03/1986,,1,1,884,817,857,30,1,1,1,1,0,0,817,821,827,828,834,840,844,851,855,853,854,859,845,849,853,856,856,859,862,865,868,868,868,871,874,875,878,878,881,884,884,1,1,1,1,1,1,1,1,1,1,1,1,1,1,1,1,1,1,1,1,1,1,1,1,1,1,1,1,1,1,1
17060000,1,01/03/1986,07:00,0,1,884,816,857,30,1,1,1,1,814,1,816,820,824,828,831,840,842,850,856,852,852,858,844,848,852,856,856,858,862,864,868,868,868,870,874,874,878,878,880,884,884,1,1,1,1,1,1,1,1,1,1,1,1,1,1,1,1,1,1,1,1,1,1,1,1,1,1,1,1,1,1,1
17060000,1,01/03/1986,17:00,0,1,884,816,857,30,1,1,1,1,814,1,818,822,830,828,836,840,846,852,854,854,854,860,846,850,854,856,856,860,862,866,868,868,868,872,874,876,878,878,882,884,884,1,1,1,1,1,1,1,1,1,1,1,1,1,1,1,1,1,1,1,1,1,1,1,1,1,1,1,1,1,1,1
17060000,1,01/03/1986,,1,1,884,817,857,30,1,1,1,1,809,1,817,821,827,828,834,840,844,851,855,853,854,859,845,849,853,856,856,859,862,865,868,868,868,871,874,875,878,878,881,884,884,1,1,1,1,1,1,1,1,1,1,1,1,1,1,1,1,1,1,1,1,1,1,1,1,1,1,1,1,1,1,1
17060000,2,01/02/1986,,1,1,814,717,761,28,1,1,1,1,0,0,717,721,727,728,731,739,744,748,754,754,754,760,763,767,765,763,764,764,764,765,770,772,778,789,797,801,807,814,,,,1,1,1,1,1,1,1,1,1,1,1,1,1,1,1,1,1,1,1,1,1,1,1,1,1,1,1,1,,,
17060000,1,01/02/1986,07:00,0,1,816,716,761,28,1,1,1,1,814,1,716,720,724,728,732,738,742,750,752,754,752,760,762,766,765,764,763,764,764,764,768,770,776,786,795,800,805,812,,,,1,1,1,1,1,1,1,1,1,1,1,1,1,1,1,1,1,1,1,1,1,1,1,1,1,1,1,1,0,0,0
17060000,1,01/02/1986,17:00,0,1,816,716,761,28,1,1,1,1,814,1,718,722,730,728,730,740,746,746,756,754,756,760,764,768,764,762,764,764,764,766,772,774,780,792,798,802,808,816,,,,1,1,1,1,1,1,1,1,1,1,1,1,1,1,1,1,1,1,1,1,1,1,1,1,1,1,1,1,0,0,0
17060000,1,01/02/1986,,1,1,816,717,761,28,1,1,1,1,809,1,717,721,727,728,731,739,744,748,754,754,754,760,763,767,765,763,764,764,764,765,770,772,778,789,797,801,807,814,,,,1,1,1,1,1,1,1,1,1,1,1,1,1,1,1,1,1,1,1,1,1,1,1,1,1,1,1,1,0,0,0
17060000,2,01/01/1986,,1,1,724,659,701,20,1,1,1,1,0,0,659,663,667,670,672,674,680,686,693,698,711,718,720,723,720,720,719,719,720,724,722,722,719,715,690,692,692,695,706,710,715,1,1,1,1,1,1,1,1,1,1,1,1,1,1,1,1,1,1,1,1,1,1,1,1,1,1,1,1,1,1,1
17060000,1,01/01/1986,07:00,0,1,724,658,701,20,1,1,1,1,814,1,658,662,666,669,671,673,678,684,690,696,708,718,720,722,720,720,719,719,719,724,724,722,718,716,690,690,692,696,704,710,714,1,1,1,1,1,1,1,1,1,1,1,1,1,1,1,1,1,1,1,1,1,1,1,1,1,1,1,1,1,1,1
17060000,1,01/01/1986,17:00,0,1,724,658,701,20,1,1,1,1,814,1,660,664,667,670,673,675,682,688,695,699,713,718,720,723,720,720,719,718,720,724,720,722,719,714,690,694,692,694,708,710,716,1,1,1,1,1,1,1,1,1,1,1,1,1,1,1,1,1,1,1,1,1,1,1,1,1,1,1,1,1,1,1
17060000,1,01/01/1986,,1,1,724,659,701,20,1,1,1,1,809,1,659,663,667,670,672,674,680,686,693,698,711,718,720,723,720,720,719,719,720,724,722,722,719,715,690,692,692,695,706,710,715,1,1,1,1,1,1,1,1,1,1,1,1,1,1,1,1,1,1,1,1,1,1,1,1,1,1,1,1,1,1,1
17060000,2,01/12/1985,,1,1,657,517,584,31,5,1,1,1,0,0,520,529,522,519,517,521,525,533,539,546,554,561,567,576,584,589,593,599,605,611,615,618,618,621,630,638,642,644,647,656,657,1,1,1,1,1,1,1,1,1,1,1,1,1,1,1,1,1,1,1,1,1,1,1,1,1,1,1,1,1,1,1
17060000,1,01/12/1985,07:00,0,1,658,516,584,31,5,1,1,1,745,1,518,530,526,520,516,520,524,532,538,544,552,560,566,574,583,588,592,598,604,610,614,618,618,620,628,636,642,644,648,656,656,1,1,1,1,1,1,1,1,1,1,1,1,1,1,1,1,1,1,1,1,1,1,1,1,1,1,1,1,1,1,1
17060000,1,01/12/1985,17:00,0,1,658,516,584,31,5,1,1,1,745,1,522,528,518,518,518,522,526,534,540,548,556,562,568,578,586,590,594,602,606,612,616,618,618,622,632,640,642,644,646,656,658,1,1,1,1,1,1,1,1,1,1,1,1,1,1,1,1,1,1,1,1,1,1,1,1,1,1,1,1,1,1,1
17060000,1,01/12/1985,,1,1,658,517,584,31,5,1,1,1,746,1,520,529,522,519,517,521,525,533,539,546,554,561,567,576,584,589,593,599,605,611,615,618,618,621,630,638,642,644,647,656,657,1,1,1,1,1,1,1,1,1,1,1,1,1,1,1,1,1,1,1,1,1,1,1,1,1,1,1,1,1,1,1
17060000,2,01/11/1985,,1,1,547,517,528,15,9,1,1,1,0,0,529,526,524,524,524,527,525,521,517,519,525,529,533,537,547,543,539,535,531,528,525,521,519,523,527,531,535,532,526,518,,1,1,1,1,1,1,1,1,1,1,1,1,1,1,1,1,1,1,1,1,1,1,1,1,1,1,1,1,1,1,
17060000,1,01/11/1985,07:00,0,1,560,516,528,12,9,1,1,1,745,1,530,526,524,524,524,526,526,522,518,518,524,528,532,534,546,544,540,536,532,528,526,522,518,522,526,530,534,534,528,520,,1,1,1,1,1,1,1,1,1,1,1,1,1,1,1,1,1,1,1,1,1,1,1,1,1,1,1,1,1,1,0
17060000,1,01/11/1985,17:00,0,1,560,516,528,12,9,1,1,1,745,1,528,526,524,524,524,528,524,520,516,520,526,560,534,538,548,542,538,534,530,528,524,520,520,524,528,532,536,530,524,516,,1,1,1,1,1,1,1,1,1,1,1,1,1,1,1,1,1,1,1,1,1,1,1,1,1,1,1,1,1,1,0
17060000,1,01/11/1985,,1,1,548,517,528,15,9,1,1,1,746,1,529,526,524,524,524,527,525,521,517,519,525,529,533,537,547,543,539,535,531,528,525,521,519,523,527,531,535,532,526,518,,1,1,1,1,1,1,1,1,1,1,1,1,1,1,1,1,1,1,1,1,1,1,1,1,1,1,1,1,1,1,0
17060000,2,01/10/1985,,1,1,620,530,567,1,31,1,1,1,0,0,620,620,617,611,607,603,597,593,589,585,581,577,573,569,565,561,557,555,552,549,547,544,541,540,539,536,536,535,532,531,530,1,1,1,1,1,1,1,1,1,1,1,1,1,1,1,1,1,1,1,1,1,1,1,1,1,1,1,1,1,1,1
17060000,1,01/10/1985,07:00,0,1,620,530,567,1,30,1,1,1,745,1,620,620,618,612,608,604,598,594,590,586,582,578,574,570,566,562,558,556,552,550,548,544,542,540,539,536,535,534,533,532,530,1,1,1,1,1,1,1,1,1,1,1,1,1,1,1,1,1,1,1,1,1,1,1,1,1,1,1,1,1,1,1
17060000,1,01/10/1985,17:00,0,1,620,530,567,1,30,1,1,1,745,1,620,620,616,610,606,602,596,592,588,584,580,576,572,568,564,560,556,554,552,548,546,544,540,540,538,535,536,535,531,530,530,1,1,1,1,1,1,1,1,1,1,1,1,1,1,1,1,1,1,1,1,1,1,1,1,1,1,1,1,1,1,1
17060000,1,01/10/1985,,1,1,620,530,567,1,31,1,1,1,746,1,620,620,617,611,607,603,597,593,589,585,581,577,573,569,565,561,557,555,552,549,547,544,541,540,539,536,536,535,532,531,530,1,1,1,1,1,1,1,1,1,1,1,1,1,1,1,1,1,1,1,1,1,1,1,1,1,1,1,1,1,1,1
17060000,2,01/09/1985,,1,1,739,623,685,1,30,1,1,1,0,0,739,736,733,727,723,719,713,709,706,704,702,698,695,692,690,688,686,685,681,677,671,667,660,654,649,642,635,631,627,623,,1,1,1,1,1,1,1,1,1,1,1,1,1,1,1,1,1,1,1,1,1,1,1,1,1,1,1,1,1,1,
17060000,1,01/09/1985,07:00,0,1,740,622,685,1,30,1,1,1,745,1,740,736,734,728,724,720,714,710,706,704,702,698,696,692,690,688,686,686,682,678,672,668,662,656,650,644,636,632,628,624,,1,1,1,1,1,1,1,1,1,1,1,1,1,1,1,1,1,1,1,1,1,1,1,1,1,1,1,1,1,1,0
17060000,1,01/09/1985,17:00,0,1,740,622,685,1,30,1,1,1,745,1,738,736,732,726,722,718,712,708,706,704,702,698,694,692,690,688,686,684,680,676,670,666,658,652,648,640,634,630,626,622,,1,1,1,1,1,1,1,1,1,1,1,1,1,1,1,1,1,1,1,1,1,1,1,1,1,1,1,1,1,1,0
17060000,1,01/09/1985,,1,1,740,623,685,1,30,1,1,1,746,1,739,736,733,727,723,719,713,709,706,704,702,698,695,692,690,688,686,685,681,677,671,667,660,654,649,642,635,631,627,623,,1,1,1,1,1,1,1,1,1,1,1,1,1,1,1,1,1,1,1,1,1,1,1,1,1,1,1,1,1,1,0
17060000,2,01/08/1985,,1,1,822,742,781,1,31,1,1,1,0,0,822,821,820,817,813,809,805,802,797,793,787,783,779,775,774,774,774,776,776,776,774,771,768,765,762,759,755,751,748,745,742,1,1,1,1,1,1,1,1,1,1,1,1,1,1,1,1,1,1,1,1,1,1,1,1,1,1,1,1,1,1,1
17060000,1,01/08/1985,07:00,0,1,822,460,776,1,26,1,1,1,745,1,822,822,820,818,814,810,806,802,798,794,788,784,780,776,774,774,774,776,776,776,774,772,768,766,762,460,756,752,748,746,742,1,1,1,1,1,1,1,1,1,1,1,1,1,1,1,1,1,1,1,1,1,1,1,1,1,1,1,1,1,1,1
17060000,1,01/08/1985,17:00,0,1,822,460,776,1,26,1,1,1,745,1,822,820,820,816,812,808,804,802,796,792,786,782,778,774,774,774,774,776,776,776,774,770,768,764,762,758,754,750,748,744,742,1,1,1,1,1,1,1,1,1,1,1,1,1,1,1,1,1,1,1,1,1,1,1,1,1,1,1,1,1,1,1
17060000,1,01/08/1985,,1,1,822,742,781,1,31,1,1,1,746,1,822,821,820,817,813,809,805,802,797,793,787,783,779,775,774,774,774,776,776,776,774,771,768,765,762,759,755,751,748,745,742,1,1,1,1,1,1,1,1,1,1,1,1,1,1,1,1,1,1,1,1,1,1,1,1,1,1,1,1,1,1,1
17060000,2,01/07/1985,,1,1,879,824,853,1,31,1,1,1,0,0,879,878,878,876,874,874,870,868,868,866,864,860,858,856,854,852,850,848,847,844,844,842,838,837,836,834,833,831,830,827,824,1,1,1,1,1,1,1,1,1,1,1,1,1,1,1,1,1,1,1,1,1,1,1,1,1,1,1,1,1,1,1
17060000,1,01/07/1985,07:00,0,1,880,824,853,1,31,1,1,1,745,1,878,878,878,876,874,874,870,868,868,866,864,860,858,856,854,852,850,848,847,844,844,843,838,836,835,834,834,832,831,828,824,1,1,1,1,1,1,1,1,1,1,1,1,1,1,1,1,1,1,1,1,1,1,1,1,1,1,1,1,1,1,1
17060000,1,01/07/1985,17:00,0,1,880,824,853,1,31,1,1,1,745,1,880,878,878,876,874,874,870,868,868,866,864,860,858,856,854,852,850,848,846,844,844,840,838,838,836,834,832,830,828,826,824,1,1,1,1,1,1,1,1,1,1,1,1,1,1,1,1,1,1,1,1,1,1,1,1,1,1,1,1,1,1,1
17060000,1,01/07/1985,,1,1,880,824,853,1,31,1,1,1,746,1,879,878,878,876,874,874,870,868,868,866,864,860,858,856,854,852,850,848,847,844,844,842,838,837,836,834,833,831,830,827,824,1,1,1,1,1,1,1,1,1,1,1,1,1,1,1,1,1,1,1,1,1,1,1,1,1,1,1,1,1,1,1
17060000,2,01/06/1985,,1,1,898,878,887,1,29,1,1,1,0,0,898,897,896,896,896,896,898,898,896,890,890,890,887,884,884,884,882,882,881,884,884,883,882,881,880,880,880,879,878,878,,1,1,1,1,1,1,1,1,1,1,1,1,1,1,1,1,1,1,1,1,1,1,1,1,1,1,1,1,1,1,
17060000,1,01/06/1985,07:00,0,1,898,878,887,1,28,1,1,1,745,1,898,897,896,896,896,896,898,898,896,890,890,890,888,884,884,884,882,882,880,884,884,883,882,882,880,880,880,880,878,878,,1,1,1,1,1,1,1,1,1,1,1,1,1,1,1,1,1,1,1,1,1,1,1,1,1,1,1,1,1,1,0
17060000,1,01/06/1985,17:00,0,1,898,878,887,1,28,1,1,1,745,1,898,896,896,896,896,896,898,898,896,890,890,890,886,884,884,884,882,882,882,884,884,882,882,880,880,880,880,878,878,878,,1,1,1,1,1,1,1,1,1,1,1,1,1,1,1,1,1,1,1,1,1,1,1,1,1,1,1,1,1,1,0
17060000,1,01/06/1985,,1,1,898,878,887,1,29,1,1,1,746,1,898,897,896,896,896,896,898,898,896,890,890,890,887,884,884,884,882,882,881,884,884,883,882,881,880,880,880,879,878,878,,1,1,1,1,1,1,1,1,1,1,1,1,1,1,1,1,1,1,1,1,1,1,1,1,1,1,1,1,1,1,0
17060000,2,01/05/1985,,1,1,898,842,879,25,1,1,1,1,0,0,842,842,843,848,855,857,862,865,871,875,878,878,878,879,878,882,884,886,886,886,890,892,894,897,898,898,898,898,898,898,898,1,1,1,1,1,1,1,1,1,1,1,1,1,1,1,1,1,1,1,1,1,1,1,1,1,1,1,1,1,1,1
17060000,1,01/05/1985,17:00,0,1,989,842,880,30,1,1,1,1,745,1,842,842,843,848,858,858,864,866,872,876,878,878,877,879,878,882,884,886,886,886,890,892,894,898,898,898,898,898,898,989,898,1,1,1,1,1,1,1,1,1,1,1,1,1,1,1,1,1,1,1,1,1,1,1,1,1,1,1,1,1,1,1
17060000,1,01/05/1985,07:00,0,1,989,842,880,30,1,1,1,1,745,1,842,842,842,848,852,856,860,864,870,874,878,878,878,878,878,881,884,885,886,885,890,891,894,896,898,898,897,898,898,898,898,1,1,1,1,1,1,1,1,1,1,1,1,1,1,1,1,1,1,1,1,1,1,1,1,1,1,1,1,1,1,1
17060000,1,01/05/1985,,1,1,898,842,879,25,1,1,1,1,746,1,842,842,843,848,855,857,862,865,871,875,878,878,878,879,878,882,884,886,886,886,890,892,894,897,898,898,898,898,898,898,898,1,1,1,1,1,1,1,1,1,1,1,1,1,1,1,1,1,1,1,1,1,1,1,1,1,1,1,1,1,1,1
17060000,2,01/04/1985,,1,1,850,836,842,8,18,1,1,1,0,0,839,838,838,837,845,847,848,850,850,850,848,847,846,844,844,842,838,836,836,836,837,839,840,840,840,840,840,840,841,842,,1,1,1,1,1,1,1,1,1,1,1,1,1,1,1,1,1,1,1,1,1,1,1,1,1,1,1,1,1,1,
17060000,1,01/04/1985,07:00,0,1,850,835,842,8,18,1,1,1,745,1,839,838,838,836,844,846,848,850,850,850,848,846,846,844,844,842,838,836,836,836,838,840,840,840,839,840,840,840,840,841,,1,1,1,1,1,1,1,1,1,1,1,1,1,1,1,1,1,1,1,1,1,1,1,1,1,1,1,1,1,1,0
17060000,1,01/04/1985,17:00,0,1,850,835,842,8,18,1,1,1,745,1,838,838,838,838,846,848,848,850,849,850,848,847,846,844,844,842,838,835,836,836,836,838,840,840,840,840,840,840,841,842,,1,1,1,1,1,1,1,1,1,1,1,1,1,1,1,1,1,1,1,1,1,1,1,1,1,1,1,1,1,1,0
17060000,1,01/04/1985,,1,1,850,836,842,8,18,1,1,1,746,1,839,838,838,837,845,847,848,850,850,850,848,847,846,844,844,842,838,836,836,836,837,839,840,840,840,840,840,840,841,842,,1,1,1,1,1,1,1,1,1,1,1,1,1,1,1,1,1,1,1,1,1,1,1,1,1,1,1,1,1,1,0
17060000,2,01/03/1985,,1,1,844,816,831,26,6,1,1,1,0,0,820,820,818,818,817,816,818,820,823,826,829,830,830,830,830,833,834,834,834,834,839,842,840,842,842,844,843,844,842,842,840,1,1,1,1,1,1,1,1,1,1,1,1,1,1,1,1,1,1,1,1,1,1,1,1,1,1,1,1,1,1,1
17060000,1,01/03/1985,07:00,0,1,844,816,831,26,5,1,1,1,745,1,820,820,818,818,816,816,818,820,822,826,830,830,830,830,830,832,834,834,834,834,838,842,840,842,842,844,844,844,842,842,840,1,1,1,1,1,1,1,1,1,1,1,1,1,1,1,1,1,1,1,1,1,1,1,1,1,1,1,1,1,1,1
17060000,1,01/03/1985,17:00,0,1,844,816,831,26,5,1,1,1,745,1,820,820,818,818,818,816,818,820,824,826,828,830,830,830,830,833,834,834,834,834,840,842,840,842,842,844,842,844,842,841,840,1,1,1,1,1,1,1,1,1,1,1,1,1,1,1,1,1,1,1,1,1,1,1,1,1,1,1,1,1,1,1
17060000,1,01/03/1985,,1,1,844,816,831,26,6,1,1,1,746,1,820,820,818,818,817,816,818,820,823,826,829,830,830,830,830,833,834,834,834,834,839,842,840,842,842,844,843,844,842,842,840,1,1,1,1,1,1,1,1,1,1,1,1,1,1,1,1,1,1,1,1,1,1,1,1,1,1,1,1,1,1,1
17060000,2,01/02/1985,,1,1,831,797,821,15,1,1,1,1,0,0,797,800,804,807,811,813,815,817,822,826,826,828,827,830,831,830,828,828,826,826,826,824,824,825,826,828,827,824,,,,1,1,1,1,1,1,1,1,1,1,1,1,1,1,1,1,1,1,1,1,1,1,1,1,1,1,1,1,,,
17060000,1,01/02/1985,07:00,0,1,832,795,821,15,1,1,1,1,745,1,795,799,803,809,811,812,815,815,820,826,826,828,826,830,832,830,828,828,826,826,826,824,824,824,826,828,828,824,,,,1,1,1,1,1,1,1,1,1,1,1,1,1,1,1,1,1,1,1,1,1,1,1,1,1,1,1,1,0,0,0
17060000,1,01/02/1985,17:00,0,1,832,795,821,15,1,1,1,1,745,1,798,801,805,806,811,814,815,818,824,826,826,828,828,830,830,830,828,828,826,826,826,824,824,826,826,828,826,824,,,,1,1,1,1,1,1,1,1,1,1,1,1,1,1,1,1,1,1,1,1,1,1,1,1,1,1,1,1,0,0,0
17060000,1,01/02/1985,,1,1,832,797,821,15,1,1,1,1,746,1,797,800,804,807,811,813,815,817,822,826,826,828,827,830,831,830,828,828,826,826,826,824,824,825,826,828,827,824,,,,1,1,1,1,1,1,1,1,1,1,1,1,1,1,1,1,1,1,1,1,1,1,1,1,1,1,1,1,0,0,0
17060000,2,01/01/1985,,1,1,791,600,689,31,1,1,1,1,0,0,600,602,604,612,616,618,621,629,633,641,646,654,661,668,674,678,687,697,706,717,728,735,741,751,759,769,776,778,784,786,791,1,1,1,1,1,1,1,1,1,1,1,1,1,1,1,1,1,1,1,1,1,1,1,1,1,1,1,1,1,1,1
17060000,1,01/01/1985,07:00,0,1,791,599,689,31,1,1,1,1,745,1,599,602,603,611,614,618,620,627,630,639,644,653,659,667,672,677,684,695,703,714,726,734,738,749,757,766,775,777,782,785,790,1,1,1,1,1,1,1,1,1,1,1,1,1,1,1,1,1,1,1,1,1,1,1,1,1,1,1,1,1,1,1
17060000,1,01/01/1985,17:00,0,1,791,599,689,31,1,1,1,1,745,1,601,602,605,613,617,617,622,630,635,642,647,655,662,669,675,679,689,699,708,719,730,736,744,753,760,771,776,779,785,787,791,1,1,1,1,1,1,1,1,1,1,1,1,1,1,1,1,1,1,1,1,1,1,1,1,1,1,1,1,1,1,1
17060000,1,01/01/1985,,1,1,791,600,689,31,1,1,1,1,746,1,600,602,604,612,616,618,621,629,633,641,646,654,661,668,674,678,687,697,706,717,728,735,741,751,759,769,776,778,784,786,791,1,1,1,1,1,1,1,1,1,1,1,1,1,1,1,1,1,1,1,1,1,1,1,1,1,1,1,1,1,1,1
17060000,2,01/12/1984,,1,1,599,506,544,31,8,1,1,1,0,0,520,518,516,514,512,509,507,506,511,517,520,523,528,530,533,537,540,543,543,546,556,558,564,571,576,584,591,593,596,598,599,1,1,1,1,1,1,1,1,1,1,1,1,1,1,1,1,1,1,1,1,1,1,1,1,1,1,1,1,1,1,1
17060000,1,01/12/1984,07:00,0,1,808,504,549,7,8,1,1,1,770,1,520,518,516,514,512,510,808,504,510,516,520,522,528,530,532,536,540,542,542,545,555,557,562,570,575,581,592,592,595,598,598,1,1,1,1,1,1,1,1,1,1,1,1,1,1,1,1,1,1,1,1,1,1,1,1,1,1,1,1,1,1,1
17060000,1,01/12/1984,17:00,0,1,808,504,549,7,8,1,1,1,770,1,520,518,516,514,512,508,506,508,512,518,520,524,528,530,534,538,540,543,544,546,556,559,566,571,577,587,590,594,597,598,599,1,1,1,1,1,1,1,1,1,1,1,1,1,1,1,1,1,1,1,1,1,1,1,1,1,1,1,1,1,1,1
17060000,1,01/12/1984,,1,1,599,506,544,31,8,1,1,1,771,1,520,518,516,514,512,509,507,506,511,517,520,523,528,530,533,537,540,543,543,546,556,558,564,571,576,584,591,593,596,598,599,1,1,1,1,1,1,1,1,1,1,1,1,1,1,1,1,1,1,1,1,1,1,1,1,1,1,1,1,1,1,1
17060000,2,01/11/1984,,1,1,529,494,507,27,9,1,1,1,0,0,502,498,497,496,497,496,500,498,494,496,498,503,505,502,498,500,502,504,506,508,510,513,517,521,524,526,529,522,522,520,,1,1,1,1,1,1,1,1,1,1,1,1,1,1,1,1,1,1,1,1,1,1,1,1,1,1,1,1,1,1,
17060000,1,01/11/1984,07:00,0,1,530,494,506,28,9,1,1,1,770,1,502,498,496,496,498,496,498,498,494,496,498,502,506,502,498,498,502,504,506,508,510,510,512,516,520,524,526,528,522,520,,1,1,1,1,1,1,1,1,1,1,1,1,1,1,1,1,1,1,1,1,1,1,1,1,1,1,1,1,1,1,0
17060000,1,01/11/1984,17:00,0,1,530,494,506,28,9,1,1,1,770,1,502,498,498,496,496,496,502,498,494,496,498,504,504,502,498,502,502,504,506,508,510,510,514,518,522,524,526,530,522,522,,1,1,1,1,1,1,1,1,1,1,1,1,1,1,1,1,1,1,1,1,1,1,1,1,1,1,1,1,1,1,0
17060000,1,01/11/1984,,1,1,530,494,507,27,9,1,1,1,771,1,502,498,497,496,497,496,500,498,494,496,498,503,505,502,498,500,502,504,506,508,510,513,517,521,524,526,529,522,522,520,,1,1,1,1,1,1,1,1,1,1,1,1,1,1,1,1,1,1,1,1,1,1,1,1,1,1,1,1,1,1,0
17060000,2,01/10/1984,,1,1,639,505,557,1,31,1,1,1,0,0,639,632,627,623,614,600,595,591,587,580,575,571,566,557,551,547,543,539,535,531,529,527,523,519,517,513,511,509,510,509,505,1,1,1,1,1,1,1,1,1,1,1,1,1,1,1,1,1,1,1,1,1,1,1,1,1,1,1,1,1,1,1
17060000,1,01/10/1984,07:00,0,1,640,504,557,1,31,1,1,1,770,1,640,634,628,624,618,602,596,592,588,582,576,572,568,558,552,548,544,540,536,532,528,528,524,520,518,514,512,510,506,510,506,1,1,1,1,1,1,1,1,1,1,1,1,1,1,1,1,1,1,1,1,1,1,1,1,1,1,1,1,1,1,1
17060000,1,01/10/1984,17:00,0,1,640,504,557,1,31,1,1,1,770,1,638,630,626,622,610,598,594,590,586,578,574,570,564,556,550,546,542,538,534,530,529,526,522,518,516,512,510,508,514,508,504,1,1,1,1,1,1,1,1,1,1,1,1,1,1,1,1,1,1,1,1,1,1,1,1,1,1,1,1,1,1,1
17060000,1,01/10/1984,,1,1,640,505,557,1,31,1,1,1,771,1,639,632,627,623,614,600,595,591,587,580,575,571,566,557,551,547,543,539,535,531,529,527,523,519,517,513,511,509,510,509,505,1,1,1,1,1,1,1,1,1,1,1,1,1,1,1,1,1,1,1,1,1,1,1,1,1,1,1,1,1,1,1
17060000,2,01/09/1984,,1,1,798,645,722,1,30,1,1,1,0,0,798,795,786,781,777,773,767,762,757,751,745,739,735,731,727,721,715,711,705,696,689,683,679,675,669,665,661,657,651,645,,1,1,1,1,1,1,1,1,1,1,1,1,1,1,1,1,1,1,1,1,1,1,1,1,1,1,1,1,1,1,
17060000,1,01/09/1984,07:00,0,1,798,79,705,1,1,1,1,1,770,1,79,796,788,782,778,774,768,764,758,752,746,740,736,732,728,722,716,712,706,698,690,684,680,676,670,666,662,658,652,646,,1,1,1,1,1,1,1,1,1,1,1,1,1,1,1,1,1,1,1,1,1,1,1,1,1,1,1,1,1,1,0
17060000,1,01/09/1984,17:00,0,1,798,79,705,1,1,1,1,1,770,1,798,794,784,780,776,772,766,760,756,750,744,738,737,430,726,720,714,710,704,694,688,680,678,674,668,664,660,656,650,644,,1,1,1,1,1,1,1,1,1,1,1,1,1,1,1,1,1,1,1,1,1,1,1,1,1,1,1,1,1,1,0
17060000,1,01/09/1984,,1,1,798,645,722,1,30,1,1,1,771,1,798,795,786,781,777,773,767,762,757,751,745,739,735,731,727,721,715,711,705,696,689,683,679,675,669,665,661,657,651,645,,1,1,1,1,1,1,1,1,1,1,1,1,1,1,1,1,1,1,1,1,1,1,1,1,1,1,1,1,1,1,0
17060000,2,01/08/1984,,1,1,905,800,854,1,31,1,1,1,0,0,905,904,902,899,897,895,893,891,883,877,873,871,867,863,860,857,852,847,843,838,831,827,823,819,815,811,807,804,803,802,800,1,1,1,1,1,1,1,1,1,1,1,1,1,1,1,1,1,1,1,1,1,1,1,1,1,1,1,1,1,1,1
17060000,1,01/08/1984,07:00,0,1,906,798,853,1,31,1,1,1,770,1,906,904,902,899,896,896,894,892,884,879,874,870,868,864,860,858,854,848,844,840,832,828,824,820,816,812,808,804,804,802,802,1,1,1,1,1,1,1,1,1,1,1,1,1,1,1,1,1,1,1,1,1,1,1,1,1,1,1,1,1,1,1
17060000,1,01/08/1984,17:00,0,1,906,798,853,1,31,1,1,1,770,1,904,904,902,898,898,894,892,890,881,875,872,872,866,862,860,856,850,846,842,836,830,826,822,818,814,810,806,804,802,802,798,1,1,1,1,1,1,1,1,1,1,1,1,1,1,1,1,1,1,1,1,1,1,1,1,1,1,1,1,1,1,1
17060000,1,01/08/1984,,1,1,906,800,854,1,31,1,1,1,771,1,905,904,902,899,897,895,893,891,883,877,873,871,867,863,860,857,852,847,843,838,831,827,823,819,815,811,807,804,803,802,800,1,1,1,1,1,1,1,1,1,1,1,1,1,1,1,1,1,1,1,1,1,1,1,1,1,1,1,1,1,1,1
17060000,2,01/07/1984,,1,1,958,907,937,1,31,1,1,1,0,0,958,958,958,957,956,956,955,953,951,949,948,946,943,940,940,936,936,936,936,936,935,931,927,923,921,918,915,912,911,910,907,1,1,1,1,1,1,1,1,1,1,1,1,1,1,1,1,1,1,1,1,1,1,1,1,1,1,1,1,1,1,1
17060000,1,01/07/1984,07:00,0,1,958,906,937,1,31,1,1,1,770,1,958,958,958,958,956,956,955,954,952,950,948,946,944,940,940,936,935,936,936,936,936,932,928,924,921,918,916,912,912,910,908,1,1,1,1,1,1,1,1,1,1,1,1,1,1,1,1,1,1,1,1,1,1,1,1,1,1,1,1,1,1,1
17060000,1,01/07/1984,17:00,0,1,958,906,937,1,31,1,1,1,770,1,958,958,958,956,956,955,954,952,950,948,948,946,942,940,939,936,936,936,936,936,934,930,926,922,920,918,914,912,910,910,906,1,1,1,1,1,1,1,1,1,1,1,1,1,1,1,1,1,1,1,1,1,1,1,1,1,1,1,1,1,1,1
17060000,1,01/07/1984,,1,1,958,907,937,1,31,1,1,1,771,1,958,958,958,957,956,956,955,953,951,949,948,946,943,940,940,936,936,936,936,936,935,931,927,923,921,918,915,912,911,910,907,1,1,1,1,1,1,1,1,1,1,1,1,1,1,1,1,1,1,1,1,1,1,1,1,1,1,1,1,1,1,1
17060000,2,01/06/1984,,1,1,1004,958,985,2,30,1,1,1,0,0,1002,1004,1002,1004,1002,998,996,996,995,992,992,992,991,990,988,988,987,984,983,981,978,978,975,972,968,965,963,961,959,958,,1,1,1,1,1,1,1,1,1,1,1,1,1,1,1,1,1,1,1,1,1,1,1,1,1,1,1,1,1,1,
17060000,1,01/06/1984,07:00,0,1,1004,958,985,2,29,1,1,1,770,1,1002,1003,1002,1004,1002,998,996,996,995,992,992,992,991,990,988,988,987,984,982,981,978,978,976,972,968,966,964,961,960,958,,1,1,1,1,1,1,1,1,1,1,1,1,1,1,1,1,1,1,1,1,1,1,1,1,1,1,1,1,1,1,0
17060000,1,01/06/1984,17:00,0,1,1004,958,985,2,29,1,1,1,770,1,1002,1004,1002,1004,1002,998,996,996,994,991,992,992,990,990,988,988,986,984,984,980,978,978,974,971,968,964,962,960,958,958,,1,1,1,1,1,1,1,1,1,1,1,1,1,1,1,1,1,1,1,1,1,1,1,1,1,1,1,1,1,1,0
17060000,1,01/06/1984,,1,1,1004,958,985,2,30,1,1,1,771,1,1002,1004,1002,1004,1002,998,996,996,995,992,992,992,991,990,988,988,987,984,983,981,978,978,975,972,968,965,963,961,959,958,,1,1,1,1,1,1,1,1,1,1,1,1,1,1,1,1,1,1,1,1,1,1,1,1,1,1,1,1,1,1,0
17060000,2,01/05/1984,,1,1,1014,978,1001,23,1,1,1,1,0,0,978,982,985,989,991,994,998,995,998,998,998,998,998,998,1000,1002,1007,1010,1010,1009,1008,1010,1014,1011,1010,1008,1006,1006,1006,1004,1002,1,1,1,1,1,1,1,1,1,1,1,1,1,1,1,1,1,1,1,1,1,1,1,1,1,1,1,1,1,1,1
17060000,1,01/05/1984,07:00,0,1,1014,977,1001,23,1,1,1,1,770,1,977,981,984,988,990,992,998,995,997,998,998,998,998,998,998,1002,1006,1010,1010,1009,1008,1010,1013,1011,1010,1008,1006,1006,1005,1004,1002,1,1,1,1,1,1,1,1,1,1,1,1,1,1,1,1,1,1,1,1,1,1,1,1,1,1,1,1,1,1,1
17060000,1,01/05/1984,17:00,0,1,1014,977,1001,23,1,1,1,1,770,1,978,982,986,990,992,996,998,994,998,998,998,998,998,998,1002,1002,1008,1010,1010,1008,1008,1010,1014,1010,1010,1008,1006,1006,1004,1004,1002,1,1,1,1,1,1,1,1,1,1,1,1,1,1,1,1,1,1,1,1,1,1,1,1,1,1,1,1,1,1,1
17060000,1,01/05/1984,,1,1,1014,978,1001,23,1,1,1,1,771,1,978,982,985,989,991,994,998,995,998,998,998,998,998,998,1000,1002,1007,1010,1010,1009,1008,1010,1014,1011,1010,1008,1006,1006,1006,1004,1002,1,1,1,1,1,1,1,1,1,1,1,1,1,1,1,1,1,1,1,1,1,1,1,1,1,1,1,1,1,1,1
17060000,2,01/04/1984,,1,1,975,903,938,30,1,1,1,1,0,0,903,907,911,913,914,917,919,921,922,920,920,924,924,928,929,935,939,947,951,954,956,958,960,960,962,964,969,972,971,975,,1,1,1,1,1,1,1,1,1,1,1,1,1,1,1,1,1,1,1,1,1,1,1,1,1,1,1,1,1,1,
17060000,1,01/04/1984,07:00,0,1,976,902,938,30,1,1,1,1,770,1,902,906,910,912,914,916,918,920,922,920,922,924,924,927,928,934,938,946,950,953,956,958,960,960,961,964,970,972,970,974,,1,1,1,1,1,1,1,1,1,1,1,1,1,1,1,1,1,1,1,1,1,1,1,1,1,1,1,1,1,1,0
17060000,1,01/04/1984,17:00,0,1,976,902,938,30,1,1,1,1,770,1,904,908,912,914,914,918,920,921,922,920,920,924,924,928,930,936,940,948,952,954,956,958,960,960,962,964,968,972,972,976,,1,1,1,1,1,1,1,1,1,1,1,1,1,1,1,1,1,1,1,1,1,1,1,1,1,1,1,1,1,1,0
17060000,1,01/04/1984,,1,1,976,903,938,30,1,1,1,1,771,1,903,907,911,913,914,917,919,921,922,920,920,924,924,928,929,935,939,947,951,954,956,958,960,960,962,964,969,972,971,975,,1,1,1,1,1,1,1,1,1,1,1,1,1,1,1,1,1,1,1,1,1,1,1,1,1,1,1,1,1,1,0
17060000,2,01/03/1984,,1,1,902,803,853,31,1,1,1,1,0,0,803,806,807,810,813,823,828,831,834,836,837,837,838,839,849,853,853,856,857,860,867,877,881,883,888,890,890,894,898,900,902,1,1,1,1,1,1,1,1,1,1,1,1,1,1,1,1,1,1,1,1,1,1,1,1,1,1,1,1,1,1,1
17060000,1,01/03/1984,07:00,0,1,902,802,853,30,1,1,1,1,770,1,802,806,806,810,812,820,828,830,834,836,838,838,838,838,848,852,854,856,858,858,866,876,880,882,888,890,893,898,898,901,901,1,1,1,1,1,1,1,1,1,1,1,1,1,1,1,1,1,1,1,1,1,1,1,1,1,1,1,1,1,1,1
17060000,1,01/03/1984,17:00,0,1,902,802,853,30,1,1,1,1,770,1,804,806,808,810,814,826,828,832,834,836,836,836,838,840,850,854,852,856,856,862,868,878,882,884,888,891,895,898,901,902,902,1,1,1,1,1,1,1,1,1,1,1,1,1,1,1,1,1,1,1,1,1,1,1,1,1,1,1,1,1,1,1
17060000,1,01/03/1984,,1,1,902,803,853,31,1,1,1,1,771,1,803,806,807,810,813,823,828,831,834,836,837,837,838,839,849,853,853,856,857,860,867,877,881,883,888,890,890,894,898,900,902,1,1,1,1,1,1,1,1,1,1,1,1,1,1,1,1,1,1,1,1,1,1,1,1,1,1,1,1,1,1,1
17060000,2,01/02/1984,,1,1,796,703,741,29,1,1,1,1,0,0,703,703,704,704,705,708,709,710,711,712,716,720,721,726,733,740,745,752,756,763,770,775,778,781,784,787,790,792,796,,,1,1,1,1,1,1,1,1,1,1,1,1,1,1,1,1,1,1,1,1,1,1,1,1,1,1,1,1,1,,
17060000,1,01/02/1984,07:00,0,1,798,702,741,29,1,1,1,1,770,1,702,704,704,704,705,707,709,710,710,712,714,719,720,724,730,738,744,753,753,762,770,774,778,780,784,786,790,792,794,,,1,1,1,1,1,1,1,1,1,1,1,1,1,1,1,1,1,1,1,1,1,1,1,1,1,1,1,1,1,0,0
17060000,1,01/02/1984,17:00,0,1,798,702,741,29,1,1,1,1,770,1,704,702,703,704,705,708,709,709,711,712,717,720,722,727,735,741,746,750,758,764,770,776,778,782,784,788,790,792,798,,,1,1,1,1,1,1,1,1,1,1,1,1,1,1,1,1,1,1,1,1,1,1,1,1,1,1,1,1,1,0,0
17060000,1,01/02/1984,,1,1,798,703,741,29,1,1,1,1,771,1,703,703,704,704,705,708,709,710,711,712,716,720,721,726,733,740,745,752,756,763,770,775,778,781,784,787,790,792,796,,,1,1,1,1,1,1,1,1,1,1,1,1,1,1,1,1,1,1,1,1,1,1,1,1,1,1,1,1,1,0,0
17060000,2,01/01/1984,,1,1,701,545,615,31,1,1,1,1,0,0,545,549,550,552,557,560,567,573,582,589,592,595,593,597,600,605,614,621,630,637,640,644,650,652,656,663,669,683,694,698,701,1,1,1,1,1,1,1,1,1,1,1,1,1,1,1,1,1,1,1,1,1,1,1,1,1,1,1,1,1,1,1
17060000,1,01/01/1984,07:00,0,1,701,544,615,31,1,1,1,1,770,1,544,550,550,552,556,560,566,570,579,588,592,596,594,596,598,604,612,620,628,636,638,642,648,652,655,663,666,679,692,698,701,1,1,1,1,1,1,1,1,1,1,1,1,1,1,1,1,1,1,1,1,1,1,1,1,1,1,1,1,1,1,1
17060000,1,01/01/1984,17:00,0,1,701,544,615,31,1,1,1,1,770,1,546,548,550,552,558,560,568,576,584,590,592,594,592,598,602,606,616,622,632,638,641,646,651,652,656,663,672,686,695,698,701,1,1,1,1,1,1,1,1,1,1,1,1,1,1,1,1,1,1,1,1,1,1,1,1,1,1,1,1,1,1,1
17060000,1,01/01/1984,,1,1,701,545,615,31,1,1,1,1,771,1,545,549,550,552,557,560,567,573,582,589,592,595,593,597,600,605,614,621,630,637,640,644,650,652,656,663,669,683,694,698,701,1,1,1,1,1,1,1,1,1,1,1,1,1,1,1,1,1,1,1,1,1,1,1,1,1,1,1,1,1,1,1
17060000,2,01/12/1983,,1,1,541,451,481,31,1,1,1,1,0,0,451,456,457,459,457,459,465,465,461,463,462,466,461,459,461,465,464,467,474,479,484,491,499,503,511,515,519,527,529,537,541,1,1,1,1,1,1,1,1,1,1,1,1,1,1,1,1,1,1,1,1,1,1,1,1,1,1,1,1,1,1,1
17060000,1,01/12/1983,07:00,0,1,542,450,481,31,1,1,1,1,654,1,450,456,458,460,458,460,466,466,462,464,460,468,462,460,460,466,464,466,472,480,482,490,498,502,510,514,518,526,528,536,540,1,1,1,1,1,1,1,1,1,1,1,1,1,1,1,1,1,1,1,1,1,1,1,1,1,1,1,1,1,1,1
17060000,1,01/12/1983,17:00,0,1,542,450,481,31,1,1,1,1,654,1,452,456,456,458,456,458,464,464,460,462,464,464,460,458,462,464,464,468,476,478,486,492,499,504,512,516,520,528,530,538,542,1,1,1,1,1,1,1,1,1,1,1,1,1,1,1,1,1,1,1,1,1,1,1,1,1,1,1,1,1,1,1
17060000,1,01/12/1983,,1,1,541,451,481,31,1,1,1,1,654,1,451,456,457,459,457,459,465,465,461,463,462,466,461,459,461,465,464,467,474,479,484,491,499,503,511,515,519,527,529,537,541,1,1,1,1,1,1,1,1,1,1,1,1,1,1,1,1,1,1,1,1,1,1,1,1,1,1,1,1,1,1,1
17060000,2,01/11/1983,,1,1,447,408,421,30,5,1,1,1,0,0,410,413,411,410,408,409,410,412,411,413,413,418,420,416,419,418,420,423,426,429,423,422,429,432,435,431,435,437,441,447,,1,1,1,1,1,1,1,1,1,1,1,1,1,1,1,1,1,1,1,1,1,1,1,1,1,1,1,1,1,1,
17060000,1,01/11/1983,07:00,0,1,448,408,421,30,5,1,1,1,654,1,410,414,412,410,408,410,410,412,412,414,412,418,420,418,420,418,420,422,426,430,424,420,428,430,436,432,434,438,440,446,,1,1,1,1,1,1,1,1,1,1,1,1,1,1,1,1,1,1,1,1,1,1,1,1,1,1,1,1,1,1,0
17060000,1,01/11/1983,17:00,0,1,448,408,421,30,5,1,1,1,654,1,410,412,410,410,408,408,410,412,410,412,414,418,420,414,418,418,420,424,426,428,422,424,430,434,434,430,436,436,442,448,,1,1,1,1,1,1,1,1,1,1,1,1,1,1,1,1,1,1,1,1,1,1,1,1,1,1,1,1,1,1,0
17060000,1,01/11/1983,,1,1,447,408,421,30,5,1,1,1,654,1,410,413,411,410,408,409,410,412,411,413,413,418,420,416,419,418,420,423,426,429,423,422,429,432,435,431,435,437,441,447,,1,1,1,1,1,1,1,1,1,1,1,1,1,1,1,1,1,1,1,1,1,1,1,1,1,1,1,1,1,1,0
17060000,2,01/10/1983,,1,1,456,410,433,1,30,1,1,1,0,0,456,456,454,443,440,446,454,453,447,446,441,442,445,439,438,445,435,429,433,425,422,417,415,416,415,413,411,411,413,410,410,1,1,1,1,1,1,1,1,1,1,1,1,1,1,1,1,1,1,1,1,1,1,1,1,1,1,1,1,1,1,1
17060000,1,01/10/1983,07:00,0,1,456,408,433,1,31,1,1,1,654,1,456,456,454,444,440,444,454,456,448,448,442,444,444,440,436,444,440,428,434,424,420,416,414,416,416,412,410,412,414,410,412,1,1,1,1,1,1,1,1,1,1,1,1,1,1,1,1,1,1,1,1,1,1,1,1,1,1,1,1,1,1,1
17060000,1,01/10/1983,17:00,0,1,456,408,433,1,31,1,1,1,654,1,456,456,454,442,440,448,454,450,446,444,440,440,446,438,440,446,431,430,432,426,424,418,416,416,414,414,412,410,412,410,408,1,1,1,1,1,1,1,1,1,1,1,1,1,1,1,1,1,1,1,1,1,1,1,1,1,1,1,1,1,1,1
17060000,1,01/10/1983,,1,1,456,410,433,1,30,1,1,1,654,1,456,456,454,443,440,446,454,453,447,446,441,442,445,439,438,445,435,429,433,425,422,417,415,416,415,413,411,411,413,410,410,1,1,1,1,1,1,1,1,1,1,1,1,1,1,1,1,1,1,1,1,1,1,1,1,1,1,1,1,1,1,1
17060000,2,01/09/1983,,1,1,530,445,471,1,25,1,1,1,0,0,530,515,506,504,491,487,483,481,480,477,474,471,469,468,465,463,461,458,458,457,456,454,453,449,445,461,454,454,455,451,,1,1,1,1,1,1,1,1,1,1,1,1,1,1,1,1,1,1,1,1,1,1,1,1,1,1,1,1,1,1,
17060000,1,01/09/1983,07:00,0,1,534,444,471,1,25,1,1,1,654,1,534,518,506,504,492,488,484,482,480,478,474,472,470,468,466,464,462,458,458,458,456,454,454,450,444,464,454,454,456,452,,1,1,1,1,1,1,1,1,1,1,1,1,1,1,1,1,1,1,1,1,1,1,1,1,1,1,1,1,1,1,0
17060000,1,01/09/1983,17:00,0,1,534,444,471,1,25,1,1,1,654,1,526,512,506,504,490,486,482,480,480,476,474,470,468,468,464,462,460,458,458,456,456,454,452,448,446,458,454,454,454,450,,1,1,1,1,1,1,1,1,1,1,1,1,1,1,1,1,1,1,1,1,1,1,1,1,1,1,1,1,1,1,0
17060000,1,01/09/1983,,1,1,530,445,471,1,25,1,1,1,654,1,530,515,506,504,491,487,483,481,480,477,474,471,469,468,465,463,461,458,458,457,456,454,453,449,445,461,454,454,455,451,,1,1,1,1,1,1,1,1,1,1,1,1,1,1,1,1,1,1,1,1,1,1,1,1,1,1,1,1,1,1,0
17060000,2,01/08/1983,,1,1,722,536,632,1,31,1,1,1,0,0,722,720,714,710,706,704,693,687,678,673,668,663,657,647,639,630,622,614,604,594,590,587,583,581,578,574,567,558,548,537,536,1,1,1,1,1,1,1,1,1,1,1,1,1,1,1,1,1,1,1,1,1,1,1,1,1,1,1,1,1,1,1
17060000,1,01/08/1983,07:00,0,1,723,536,632,1,30,1,1,1,654,1,723,721,715,711,707,705,695,687,679,675,669,665,659,649,641,631,623,617,607,595,590,587,583,581,578,576,570,560,552,538,536,1,1,1,1,1,1,1,1,1,1,1,1,1,1,1,1,1,1,1,1,1,1,1,1,1,1,1,1,1,1,1
17060000,1,01/08/1983,17:00,0,1,723,536,632,1,30,1,1,1,654,1,721,719,713,709,705,703,691,687,677,671,667,661,655,645,637,629,621,611,601,593,590,587,583,581,578,572,564,556,544,536,536,1,1,1,1,1,1,1,1,1,1,1,1,1,1,1,1,1,1,1,1,1,1,1,1,1,1,1,1,1,1,1
17060000,1,01/08/1983,,1,1,722,536,632,1,31,1,1,1,654,1,722,720,714,710,706,704,693,687,678,673,668,663,657,647,639,630,622,614,604,594,590,587,583,581,578,574,567,558,548,537,536,1,1,1,1,1,1,1,1,1,1,1,1,1,1,1,1,1,1,1,1,1,1,1,1,1,1,1,1,1,1,1
17060000,2,01/07/1983,,1,1,831,726,782,1,31,1,1,1,0,0,831,828,827,824,819,815,812,810,808,806,803,802,802,800,794,787,780,776,770,766,762,756,753,750,747,744,743,740,732,730,726,1,1,1,1,1,1,1,1,1,1,1,1,1,1,1,1,1,1,1,1,1,1,1,1,1,1,1,1,1,1,1
17060000,1,01/07/1983,07:00,0,1,832,725,782,1,31,1,1,1,654,1,832,829,828,825,820,816,812,810,808,806,805,802,802,802,794,787,781,777,771,767,763,757,753,751,747,745,743,741,733,731,727,1,1,1,1,1,1,1,1,1,1,1,1,1,1,1,1,1,1,1,1,1,1,1,1,1,1,1,1,1,1,1
17060000,1,01/07/1983,17:00,0,1,832,725,782,1,31,1,1,1,654,1,830,828,826,824,818,814,812,810,808,806,802,803,802,798,794,787,779,775,769,765,761,755,753,749,747,743,743,739,731,729,725,1,1,1,1,1,1,1,1,1,1,1,1,1,1,1,1,1,1,1,1,1,1,1,1,1,1,1,1,1,1,1
17060000,1,01/07/1983,,1,1,831,726,782,1,31,1,1,1,654,1,831,828,827,824,819,815,812,810,808,806,803,802,802,800,794,787,780,776,770,766,762,756,753,750,747,744,743,740,732,730,726,1,1,1,1,1,1,1,1,1,1,1,1,1,1,1,1,1,1,1,1,1,1,1,1,1,1,1,1,1,1,1
17060000,2,01/06/1983,,1,1,858,833,849,1,30,1,1,1,0,0,858,856,856,856,855,854,850,850,850,850,850,853,853,854,852,853,855,852,854,852,850,849,846,847,846,842,838,836,834,833,,1,1,1,1,1,1,1,1,1,1,1,1,1,1,1,1,1,1,1,1,1,1,1,1,1,1,1,1,1,1,
17060000,1,01/06/1983,07:00,0,1,858,832,850,1,30,1,1,1,654,1,858,856,856,856,856,854,850,850,851,850,850,854,852,854,853,852,856,852,854,854,850,850,846,847,846,845,838,836,834,834,,1,1,1,1,1,1,1,1,1,1,1,1,1,1,1,1,1,1,1,1,1,1,1,1,1,1,1,1,1,1,0
17060000,1,01/06/1983,17:00,0,1,858,832,850,1,30,1,1,1,654,1,858,856,856,856,854,854,850,850,850,850,851,853,854,854,852,854,854,852,854,850,850,848,846,848,846,840,838,836,834,832,,1,1,1,1,1,1,1,1,1,1,1,1,1,1,1,1,1,1,1,1,1,1,1,1,1,1,1,1,1,1,0
17060000,1,01/06/1983,,1,1,858,833,849,1,30,1,1,1,654,1,858,856,856,856,855,854,850,850,850,850,850,853,853,854,852,853,855,852,854,852,850,849,846,847,846,842,838,836,834,833,,1,1,1,1,1,1,1,1,1,1,1,1,1,1,1,1,1,1,1,1,1,1,1,1,1,1,1,1,1,1,0
17060000,2,01/05/1983,,1,1,858,838,847,30,5,1,1,1,0,0,840,842,840,841,838,838,839,840,838,838,838,838,841,841,845,846,849,849,850,851,852,852,852,854,854,854,856,856,856,858,857,1,1,1,1,1,1,1,1,1,1,1,1,1,1,1,1,1,1,1,1,1,1,1,1,1,1,1,1,1,1,1
17060000,1,01/05/1983,07:00,0,1,858,838,847,30,5,1,1,1,654,1,840,842,840,841,839,838,840,840,838,838,839,838,840,841,845,845,849,848,850,852,852,852,852,854,854,854,856,856,856,858,857,1,1,1,1,1,1,1,1,1,1,1,1,1,1,1,1,1,1,1,1,1,1,1,1,1,1,1,1,1,1,1
17060000,1,01/05/1983,17:00,0,1,858,838,847,30,5,1,1,1,654,1,841,842,840,842,838,838,839,840,838,838,838,838,842,842,846,847,850,850,850,850,852,852,852,854,854,855,856,856,857,858,858,1,1,1,1,1,1,1,1,1,1,1,1,1,1,1,1,1,1,1,1,1,1,1,1,1,1,1,1,1,1,1
17060000,1,01/05/1983,,1,1,858,838,847,30,5,1,1,1,654,1,840,842,840,841,838,838,839,840,838,838,838,838,841,841,845,846,849,849,850,851,852,852,852,854,854,854,856,856,856,858,857,1,1,1,1,1,1,1,1,1,1,1,1,1,1,1,1,1,1,1,1,1,1,1,1,1,1,1,1,1,1,1
17060000,2,01/04/1983,,1,1,838,788,815,29,1,1,1,1,0,0,788,791,792,797,798,798,799,800,802,804,803,807,810,812,814,816,816,820,824,825,828,831,832,831,832,836,837,837,838,837,,1,1,1,1,1,1,1,1,1,1,1,1,1,1,1,1,1,1,1,1,1,1,1,1,1,1,1,1,1,1,
17060000,1,01/04/1983,07:00,0,1,838,786,815,27,1,1,1,1,654,1,786,790,790,796,798,799,799,800,802,804,802,806,810,812,814,816,816,820,824,824,828,830,832,832,832,836,838,836,838,837,,1,1,1,1,1,1,1,1,1,1,1,1,1,1,1,1,1,1,1,1,1,1,1,1,1,1,1,1,1,1,0
17060000,1,01/04/1983,17:00,0,1,838,786,815,27,1,1,1,1,654,1,790,792,794,798,798,798,799,800,802,804,804,808,810,812,814,816,816,820,824,826,828,832,832,830,832,836,836,838,838,838,,1,1,1,1,1,1,1,1,1,1,1,1,1,1,1,1,1,1,1,1,1,1,1,1,1,1,1,1,1,1,0
17060000,1,01/04/1983,,1,1,838,788,815,29,1,1,1,1,654,1,788,791,792,797,798,798,799,800,802,804,803,807,810,812,814,816,816,820,824,825,828,831,832,831,832,836,837,837,838,837,,1,1,1,1,1,1,1,1,1,1,1,1,1,1,1,1,1,1,1,1,1,1,1,1,1,1,1,1,1,1,0
17060000,2,01/03/1983,,1,1,777,737,747,31,13,1,1,1,0,0,743,745,746,748,747,745,746,741,738,738,739,738,737,737,738,740,742,743,741,744,745,747,748,747,750,756,757,764,770,774,777,1,1,1,1,1,1,1,1,1,1,1,1,1,1,1,1,1,1,1,1,1,1,1,1,1,1,1,1,1,1,1
17060000,1,01/03/1983,17:00,0,1,782,736,748,31,14,1,1,1,654,1,744,746,747,748,747,744,745,740,739,738,740,738,738,736,738,740,742,742,740,742,746,748,748,748,750,756,758,766,770,774,782,1,1,1,1,1,1,1,1,1,1,1,1,1,1,1,1,1,1,1,1,1,1,1,1,1,1,1,1,1,1,1
17060000,1,01/03/1983,07:00,0,1,782,736,748,31,14,1,1,1,654,1,743,745,746,749,747,746,747,743,738,738,739,738,737,738,738,740,742,744,742,746,744,746,748,746,750,756,756,762,770,774,772,1,1,1,1,1,1,1,1,1,1,1,1,1,1,1,1,1,1,1,1,1,1,1,1,1,1,1,1,1,1,1
17060000,1,01/03/1983,,1,1,777,737,747,31,13,1,1,1,654,1,743,745,746,748,747,745,746,741,738,738,739,738,737,737,738,740,742,743,741,744,745,747,748,747,750,756,757,764,770,774,777,1,1,1,1,1,1,1,1,1,1,1,1,1,1,1,1,1,1,1,1,1,1,1,1,1,1,1,1,1,1,1
17060000,2,01/02/1983,,1,1,743,697,719,28,1,1,1,1,0,0,697,697,698,701,706,703,703,703,705,707,707,712,719,721,724,724,726,728,730,731,732,732,733,735,739,739,742,743,,,,1,1,1,1,1,1,1,1,1,1,1,1,1,1,1,1,1,1,1,1,1,1,1,1,1,1,1,1,,,
17060000,1,01/02/1983,07:00,0,1,744,697,719,28,1,1,1,1,654,1,698,697,697,701,706,705,704,702,704,708,707,711,717,720,723,724,725,728,731,731,733,732,733,735,739,739,742,742,,,,1,1,1,1,1,1,1,1,1,1,1,1,1,1,1,1,1,1,1,1,1,1,1,1,1,1,1,1,0,0,0
17060000,1,01/02/1983,17:00,0,1,744,697,719,28,1,1,1,1,654,1,697,698,699,702,706,702,702,704,706,707,708,713,721,722,725,725,727,729,730,731,732,733,734,736,739,740,743,744,,,,1,1,1,1,1,1,1,1,1,1,1,1,1,1,1,1,1,1,1,1,1,1,1,1,1,1,1,1,0,0,0
17060000,1,01/02/1983,,1,1,743,697,719,28,1,1,1,1,654,1,697,697,698,701,706,703,703,703,705,707,707,712,719,721,724,724,726,728,730,731,732,732,733,735,739,739,742,743,,,,1,1,1,1,1,1,1,1,1,1,1,1,1,1,1,1,1,1,1,1,1,1,1,1,1,1,1,1,0,0,0
17060000,2,01/01/1983,,1,1,693,597,649,31,1,1,1,1,0,0,597,604,611,615,623,625,632,635,635,637,643,646,647,649,650,651,653,656,658,659,662,664,666,665,669,670,673,675,677,684,693,1,1,1,1,1,1,1,1,1,1,1,1,1,1,1,1,1,1,1,1,1,1,1,1,1,1,1,1,1,1,1
17060000,1,01/01/1983,07:00,0,1,696,596,649,31,1,1,1,1,654,1,596,604,610,611,624,625,630,637,634,636,642,646,648,649,650,651,652,656,658,658,664,664,666,666,672,670,671,674,676,682,691,1,1,1,1,1,1,1,1,1,1,1,1,1,1,1,1,1,1,1,1,1,1,1,1,1,1,1,1,1,1,1
17060000,1,01/01/1983,17:00,0,1,696,596,649,31,1,1,1,1,654,1,598,604,612,620,623,626,635,634,636,638,644,646,646,650,650,652,654,656,658,660,661,664,666,664,667,671,675,676,678,686,696,1,1,1,1,1,1,1,1,1,1,1,1,1,1,1,1,1,1,1,1,1,1,1,1,1,1,1,1,1,1,1
17060000,1,01/01/1983,,1,1,693,597,649,31,1,1,1,1,654,1,597,604,611,615,623,625,632,635,635,637,643,646,647,649,650,651,653,656,658,659,662,664,666,665,669,670,673,675,677,684,693,1,1,1,1,1,1,1,1,1,1,1,1,1,1,1,1,1,1,1,1,1,1,1,1,1,1,1,1,1,1,1
17060000,2,01/12/1982,,1,1,590,489,540,31,1,1,1,1,0,0,489,494,499,500,503,507,512,515,520,526,528,530,534,537,541,543,540,542,543,544,548,554,559,570,576,577,579,578,587,589,590,1,1,1,1,1,1,1,1,1,1,1,1,1,1,1,1,1,1,1,1,1,1,1,1,1,1,1,1,1,1,1
17060000,1,01/12/1982,07:00,0,1,591,488,540,31,1,1,1,1,,0,488,493,499,499,504,506,512,514,518,524,532,530,534,536,540,544,539,544,542,543,547,553,557,568,575,580,578,578,586,588,589,1,1,1,1,1,1,1,1,1,1,1,1,1,1,1,1,1,1,1,1,1,1,1,1,1,1,1,1,1,1,1
17060000,1,01/12/1982,17:00,0,1,591,488,540,31,1,1,1,1,,0,490,494,498,501,502,508,512,516,522,528,524,530,534,538,542,541,540,540,544,545,549,555,561,572,577,574,580,578,588,590,591,1,1,1,1,1,1,1,1,1,1,1,1,1,1,1,1,1,1,1,1,1,1,1,1,1,1,1,1,1,1,1
17060000,1,01/12/1982,,1,1,591,489,540,31,1,1,1,1,,0,489,494,499,500,503,507,512,515,520,526,528,530,534,537,541,543,540,542,543,544,548,554,559,570,576,577,579,578,587,589,590,1,1,1,1,1,1,1,1,1,1,1,1,1,1,1,1,1,1,1,1,1,1,1,1,1,1,1,1,1,1,1
17060000,2,01/11/1982,,1,1,,,,,,0,0,0,0,0,,,,483,480,476,470,465,463,462,464,463,465,468,468,463,464,465,467,470,466,463,467,469,470,469,471,473,480,484,,,,,1,1,1,1,1,1,1,1,1,1,1,1,1,1,1,1,1,1,1,1,1,1,1,1,1,1,1,
17060000,1,01/11/1982,07:00,0,1,,,,,,0,0,0,,0,,,,484,481,477,471,465,463,461,464,462,464,467,468,463,464,464,468,469,468,464,467,468,470,470,470,472,478,483,,0,0,0,1,1,1,1,1,1,1,1,1,1,1,1,1,1,1,1,1,1,1,1,1,1,1,1,1,1,1,0
17060000,1,01/11/1982,17:00,0,1,,,,,,0,0,0,,0,,,,482,479,475,468,464,462,463,464,463,465,469,467,462,463,465,465,471,463,462,467,470,469,468,472,474,481,485,,0,0,0,1,1,1,1,1,1,1,1,1,1,1,1,1,1,1,1,1,1,1,1,1,1,1,1,1,1,1,0
17060000,1,01/11/1982,,1,1,484,,,30,,1,0,0,,0,,,,483,480,476,470,465,463,462,464,463,465,468,468,463,464,465,467,470,466,463,467,469,470,469,471,473,480,484,,0,0,0,1,1,1,1,1,1,1,1,1,1,1,1,1,1,1,1,1,1,1,1,1,1,1,1,1,1,1,0
17060000,2,01/10/1982,,1,1,,,,,,0,0,0,0,0,597,588,583,579,575,566,558,550,536,529,523,519,512,505,499,,,,,,,,,,,,,,,,,1,1,1,1,1,1,1,1,1,1,1,1,1,1,1,4,4,4,4,4,4,4,4,4,4,4,4,4,,,
17060000,1,01/10/1982,07:00,0,1,,,,,,0,0,0,,0,602,589,584,580,576,569,560,552,533,532,524,520,514,507,500,494,,,,,,,,,,,,,,,,1,1,1,1,1,1,1,1,1,1,1,1,1,1,1,1,0,0,0,0,0,0,0,0,0,0,0,0,0,0,0
17060000,1,01/10/1982,17:00,0,1,,,,,,0,0,0,,0,591,586,582,578,574,563,556,547,538,526,522,518,510,502,498,,,,,,,,,,,,,,,,,1,1,1,1,1,1,1,1,1,1,1,1,1,1,1,0,0,0,0,0,0,0,0,0,0,0,0,0,0,0,0
17060000,1,01/10/1982,,1,1,,,,,,0,0,0,,0,597,588,583,579,575,566,558,550,536,529,523,519,512,505,499,,,,,,,,,,,,,,,,,1,1,1,1,1,1,1,1,1,1,1,1,1,1,1,4,4,4,4,4,4,4,4,4,4,4,4,4,0,0,0
17060000,2,01/09/1982,,1,1,789,609,711,1,30,1,1,1,0,0,789,785,782,778,773,767,761,759,755,748,742,738,733,724,716,711,706,700,694,688,683,676,670,663,656,647,638,629,619,609,,1,1,1,1,1,1,1,1,1,1,1,1,1,1,1,1,1,1,1,1,1,1,1,1,1,1,1,1,1,1,
17060000,1,01/09/1982,07:00,0,1,789,606,711,1,30,1,1,1,,0,788,787,786,779,775,768,762,759,756,749,743,739,736,727,718,712,707,702,695,689,684,677,671,665,658,649,640,632,621,611,,1,1,1,1,1,1,1,1,1,1,1,1,1,1,1,1,1,1,1,1,1,1,1,1,1,1,1,1,1,1,0
17060000,1,01/09/1982,17:00,0,1,789,606,711,1,30,1,1,1,,0,789,783,781,776,771,765,760,758,753,747,741,737,730,721,714,706,704,698,692,686,681,674,669,661,653,644,636,625,617,606,,1,1,1,1,1,1,1,1,1,1,1,1,1,1,1,1,1,1,1,1,1,1,1,1,1,1,1,1,1,1,0
17060000,1,01/09/1982,,1,1,789,609,711,1,30,1,1,1,,0,789,785,782,778,773,767,761,759,755,748,742,738,733,724,716,711,706,700,694,688,683,676,670,663,656,647,638,629,619,609,,1,1,1,1,1,1,1,1,1,1,1,1,1,1,1,1,1,1,1,1,1,1,1,1,1,1,1,1,1,1,0
