CHLOROPHYLL,CHLOROPHYLL_A,CHLOROPHYLL_B,CLOUD_COVER,DEPTH_CLASS,DOC,ID,LATITUDE,LOCATION,LONGITUDE,MISSION,N_TOTAL,N_TOTAL_DISSOLVED,POC,P_ORGANIC,P_TOTAL,SAMPLE_SITE,SAMPLING_DEPTH,SILICA,SPM,TOC,TOTAL_DEPTH,TURBIDITY,WATER_PERIOD,blue_max,blue_mean,blue_median,blue_min,blue_stdDev,count_pixel,datetime,dif_date_point,green_max,green_mean,green_median,green_min,green_stdDev,img_date,nir_max,nir_mean,nir_median,nir_min,nir_stdDev,red_max,red_mean,red_median,red_min,red_stdDev,system_index
1.0350000000000001,1.9690600000000003,"< 0,01",51,1,3.575,2,-2.28422,LG,-55.22023,I,0.2254,0.12689999999999999,"< 0,001",0.0129137,0.022095,2,0.2,1.99,14.799999999999997,2.579,2.3,3.2,R,-0.006329734116139223,-0.01935973329100171,-0.016703648174521152,-0.02450234334536923,0.0063667478770784965,6,2013-03-09 10:40:00,7.132026712962963,-0.005289537455225816,-0.01676610660736086,-0.01372319056978093,-0.02140385202946851,0.0056721806811863935,2013-03-16T13:50:07,0.023559543362991806,0.01730827468421781,0.016002309848480542,0.013022393986905672,0.004018099796498882,-0.004381417838030154,-0.01663055438702857,-0.01455431571934045,-0.02160928246417403,0.006180269238482299,2_1_BOA_LE07_228061_20130316
1.0350000000000001,1.9690600000000003,"< 0,01",73,1,3.575,2,-2.28422,LG,-55.22023,I,0.2254,0.12689999999999999,"< 0,001",0.0129137,0.022095,2,0.2,1.99,14.799999999999997,2.579,2.3,3.2,R,-0.006434584319425726,-0.019297391789263683,-0.017100419188613165,-0.023642526009780528,0.006177054254207982,6,2013-03-09 10:40:00,7.132303599537037,-0.005397380362608398,-0.016731347361101927,-0.014042453558834166,-0.02067528587922064,0.005506166149262891,2013-03-16T13:50:31,0.024256688489025638,0.017893218257312615,0.01704705581566237,0.0131362633473554,0.0043812465426062,-0.004517643412018685,-0.016627153336750147,-0.014896561512230403,-0.02095572685481987,0.006033956095671987,2_1_BOA_LE07_228062_20130316
0.6993333333333335,2.1440399999999995,1.9471400000000005,51,1,2.854,3,-2.19696,LG,-55.29953,I,0.3364,0.279,3.771,0.02585875999999999,0.066088,3,0.2,2.43,34.40000000000004,6.625,4.63,39.800000000000004,R,0.016953327452293714,0.01486481702751747,0.015081729216286345,0.005861880068191647,0.0034242016992927474,7,2013-03-09 11:20:00,7.104248935185185,0.028229873526483255,0.025426033206140657,0.025072792930482965,0.01637205810392857,0.0035325996068963496,2013-03-16T13:50:07,0.020464673234308298,0.017437435428138907,0.017404065989460787,0.015300970205695374,0.0016147305539198588,0.03640573917307653,0.03305152202469297,0.03364287438288868,0.019369313606330686,0.005217323055229418,3_1_BOA_LE07_228061_20130316
0.6993333333333335,2.1440399999999995,1.9471400000000005,73,1,2.854,3,-2.19696,LG,-55.29953,I,0.3364,0.279,3.771,0.02585875999999999,0.066088,3,0.2,2.43,34.40000000000004,6.625,4.63,39.800000000000004,R,0.016887022595521255,0.015559692988157584,0.016812128499967043,0.005956721679217021,0.003996301794388484,7,2013-03-09 11:20:00,7.1045258217592595,0.02815553108094687,0.026038140599655202,0.027786184334232418,0.01641876470456679,0.003900563062196744,2013-03-16T13:50:31,0.025137405377873324,0.01780497140024893,0.017394043742652427,0.014111479415751936,0.003251658181853717,0.036274513830083,0.03389433822095397,0.03616737338968728,0.019372932806896934,0.005544688375600734,3_1_BOA_LE07_228062_20130316
0.8273333333333333,10.23478,8.205020000000001,51,1,1.017,4,-2.221738,LG,-55.270194,I,0.376,0.04269,6.223000000000001,0.06377527999999999,0.113632,4,0.2,2.45,44.39999999999999,7.24,5.44,51.27333333333333,R,0.018009694991331905,0.01752591354187375,0.01751420534156868,0.016950374655433476,0.00035706488254057473,9,2013-03-09 13:00:00,7.034804490740741,0.029450474159873664,0.0291245976938197,0.029106201654781644,0.028587739454074085,0.00024120062157532702,2013-03-16T13:50:07,0.013204170864609118,0.012897264498057575,0.01297001064980938,0.011842820293621562,0.0004524288563907623,0.034967067263621796,0.0347281860037289,0.03477548290296215,0.03404220589579483,0.00027457060348828226,4_1_BOA_LE07_228061_20130316
0.8273333333333333,10.23478,8.205020000000001,73,1,1.017,4,-2.221738,LG,-55.270194,I,0.376,0.04269,6.223000000000001,0.06377527999999999,0.113632,4,0.2,2.45,44.39999999999999,7.24,5.44,51.27333333333333,R,0.018754245424071038,0.01784668604289995,0.017614170846393502,0.017199831063879567,0.0005460885534098505,9,2013-03-09 13:00:00,7.035081377314815,0.029781688540660503,0.029311530464772268,0.029266878038370366,0.02893025044171569,0.0002597333286121524,2013-03-16T13:50:31,0.013891703901518039,0.013209952518195213,0.013088052682927016,0.012304510619173079,0.0004506878085614635,0.03551061027878488,0.03486741234053309,0.03488502117531307,0.034057807755505404,0.0004512161495158439,4_1_BOA_LE07_228062_20130316
0.865,9.28442,8.13614,51,2,3.617,5,-2.221738,LG,-55.270194,I,0.3254,0.1891,3.2729999999999997,0.0803902,0.097652,4,1.0,2.29,43.6,6.89,5.44,51.05,R,0.018009694991331905,0.01752591354187375,0.01751420534156868,0.016950374655433476,0.00035706488254057473,9,2013-03-09 13:00:00,7.034804490740741,0.029450474159873664,0.0291245976938197,0.029106201654781644,0.028587739454074085,0.00024120062157532702,2013-03-16T13:50:07,0.013204170864609118,0.012897264498057575,0.01297001064980938,0.011842820293621562,0.0004524288563907623,0.034967067263621796,0.0347281860037289,0.03477548290296215,0.03404220589579483,0.00027457060348828226,5_1_BOA_LE07_228061_20130316
0.865,9.28442,8.13614,73,2,3.617,5,-2.221738,LG,-55.270194,I,0.3254,0.1891,3.2729999999999997,0.0803902,0.097652,4,1.0,2.29,43.6,6.89,5.44,51.05,R,0.018754245424071038,0.01784668604289995,0.017614170846393502,0.017199831063879567,0.0005460885534098505,9,2013-03-09 13:00:00,7.035081377314815,0.029781688540660503,0.029311530464772268,0.029266878038370366,0.02893025044171569,0.0002597333286121524,2013-03-16T13:50:31,0.013891703901518039,0.013209952518195213,0.013088052682927016,0.012304510619173079,0.0004506878085614635,0.03551061027878488,0.03486741234053309,0.03488502117531307,0.034057807755505404,0.0004512161495158439,5_1_BOA_LE07_228062_20130316
0.74,,,51,3,2.602,6,-2.221738,LG,-55.270194,I,0.3496,0.19640000000000002,3.764,0.06108580000000001,0.096666,4,2.0,2.38,44.8,6.366,5.44,49.3,R,0.018009694991331905,0.01752591354187375,0.01751420534156868,0.016950374655433476,0.00035706488254057473,9,2013-03-09 13:00:00,7.034804490740741,0.029450474159873664,0.0291245976938197,0.029106201654781644,0.028587739454074085,0.00024120062157532702,2013-03-16T13:50:07,0.013204170864609118,0.012897264498057575,0.01297001064980938,0.011842820293621562,0.0004524288563907623,0.034967067263621796,0.0347281860037289,0.03477548290296215,0.03404220589579483,0.00027457060348828226,6_1_BOA_LE07_228061_20130316
0.74,,,73,3,2.602,6,-2.221738,LG,-55.270194,I,0.3496,0.19640000000000002,3.764,0.06108580000000001,0.096666,4,2.0,2.38,44.8,6.366,5.44,49.3,R,0.018754245424071038,0.01784668604289995,0.017614170846393502,0.017199831063879567,0.0005460885534098505,9,2013-03-09 13:00:00,7.035081377314815,0.029781688540660503,0.029311530464772268,0.029266878038370366,0.02893025044171569,0.0002597333286121524,2013-03-16T13:50:31,0.013891703901518039,0.013209952518195213,0.013088052682927016,0.012304510619173079,0.0004506878085614635,0.03551061027878488,0.03486741234053309,0.03488502117531307,0.034057807755505404,0.0004512161495158439,6_1_BOA_LE07_228062_20130316
0.73,6.867619999999999,"< 0,01",51,4,3.418,7,-2.221738,LG,-55.270194,I,0.3395,0.2579,"< 0,001",0.14646030000000002,0.182482,4,3.0,2.42,47.2,3.121,5.44,51,R,0.018009694991331905,0.01752591354187375,0.01751420534156868,0.016950374655433476,0.00035706488254057473,9,2013-03-09 13:00:00,7.034804490740741,0.029450474159873664,0.0291245976938197,0.029106201654781644,0.028587739454074085,0.00024120062157532702,2013-03-16T13:50:07,0.013204170864609118,0.012897264498057575,0.01297001064980938,0.011842820293621562,0.0004524288563907623,0.034967067263621796,0.0347281860037289,0.03477548290296215,0.03404220589579483,0.00027457060348828226,7_1_BOA_LE07_228061_20130316
0.73,6.867619999999999,"< 0,01",73,4,3.418,7,-2.221738,LG,-55.270194,I,0.3395,0.2579,"< 0,001",0.14646030000000002,0.182482,4,3.0,2.42,47.2,3.121,5.44,51,R,0.018754245424071038,0.01784668604289995,0.017614170846393502,0.017199831063879567,0.0005460885534098505,9,2013-03-09 13:00:00,7.035081377314815,0.029781688540660503,0.029311530464772268,0.029266878038370366,0.02893025044171569,0.0002597333286121524,2013-03-16T13:50:31,0.013891703901518039,0.013209952518195213,0.013088052682927016,0.012304510619173079,0.0004506878085614635,0.03551061027878488,0.03486741234053309,0.03488502117531307,0.034057807755505404,0.0004512161495158439,7_1_BOA_LE07_228062_20130316
1.21,44.09388,19.88334,51,1,1.39,8,-2.20957,LG,-55.34711,I,0.3736,0.09461,5.89,0.04609018,0.105741,5,0.2,2.3,44.800000000000004,7.28,1.8,58.5,R,0.014596828490529415,0.013158046743569374,0.012990258771848336,0.012120408106208892,0.0008028151382721444,9,2013-03-09 14:35:00,6.9688322685185184,0.019513934154650924,0.01767897635965944,0.017078784125119446,0.016422408992509203,0.0011186810625263284,2013-03-16T13:50:07,0.010755532880127865,0.009508298277751053,0.009353785072887675,0.009025213100752678,0.0005205290486895019,0.02439319056217096,0.021370204825208777,0.021459984441599616,0.02034990450522542,0.0012949851732684513,8_1_BOA_LE07_228061_20130316
1.21,44.09388,19.88334,73,1,1.39,8,-2.20957,LG,-55.34711,I,0.3736,0.09461,5.89,0.04609018,0.105741,5,0.2,2.3,44.800000000000004,7.28,1.8,58.5,R,0.014649792995282553,0.01350307625923647,0.013707945977009986,0.012585434163382859,0.0006114160574758292,9,2013-03-09 14:35:00,6.9691091550925925,0.01978173998674247,0.018072547530087368,0.017808615415110543,0.017253272151694258,0.0009712393336084484,2013-03-16T13:50:31,0.010726987989823123,0.00972018707632759,0.00972761791757715,0.009077196518083155,0.00041490843936381515,0.02442270564234476,0.021487970533066017,0.021513783351854,0.0201973872323699,0.0013738666302307372,8_1_BOA_LE07_228062_20130316
0.47882352941176476,5.2461400000000005,4.278520000000001,51,1,3.665,16,-2.262023,PQ,-55.456187,I,0.3896,0.207,2.7039999999999997,0.0669758,0.081673,13,0.2,1.97,45.20000000000002,6.369,4.5,47.19999999999999,R,0.03210439836687178,0.0315998266349608,0.03162688968137542,0.030862675117478318,0.0003739683733976716,9,2013-03-11 08:00:00,5.243137824074074,0.040028264750471824,0.03898675711125282,0.039165279609266544,0.0370172386035124,0.00099649273723096,2013-03-16T13:50:07,0.021382176667331908,0.0203538056523385,0.02034282147269549,0.019083945745050984,0.0006430855929613815,0.04455106352766015,0.043502027939126164,0.04335227375711382,0.04231978807133406,0.000732172727874218,16_1_BOA_LE07_228061_20130316
0.47882352941176476,5.2461400000000005,4.278520000000001,73,1,3.665,16,-2.262023,PQ,-55.456187,I,0.3896,0.207,2.7039999999999997,0.0669758,0.081673,13,0.2,1.97,45.20000000000002,6.369,4.5,47.19999999999999,R,0.031965845271724164,0.031602179032616355,0.03163950394819343,0.031096506864094743,0.00022260739360815658,9,2013-03-11 08:00:00,5.243414710648148,0.04012001326857893,0.039152162719834044,0.03943262692493775,0.03718011080105753,0.0010022891329220932,2013-03-16T13:50:31,0.020750544554067954,0.02016799417030824,0.02008418288060873,0.01942562886726734,0.0003767569235918626,0.044540926958767005,0.04348453067998013,0.04328714540873459,0.04255285730818972,0.0006941920881041604,16_1_BOA_LE07_228062_20130316
0.45,3.6313799999999996,"< 0,01",51,2,3.157,17,-2.262023,PQ,-55.456187,I,0.3668,0.2766,"< 0,001",0.037906300000000004,0.086013,13,1.0,2.08,37.2,2.374,4.5,49.2,R,0.03210439836687178,0.0315998266349608,0.03162688968137542,0.030862675117478318,0.0003739683733976716,9,2013-03-11 08:00:00,5.243137824074074,0.040028264750471824,0.03898675711125282,0.039165279609266544,0.0370172386035124,0.00099649273723096,2013-03-16T13:50:07,0.021382176667331908,0.0203538056523385,0.02034282147269549,0.019083945745050984,0.0006430855929613815,0.04455106352766015,0.043502027939126164,0.04335227375711382,0.04231978807133406,0.000732172727874218,17_1_BOA_LE07_228061_20130316
0.45,3.6313799999999996,"< 0,01",73,2,3.157,17,-2.262023,PQ,-55.456187,I,0.3668,0.2766,"< 0,001",0.037906300000000004,0.086013,13,1.0,2.08,37.2,2.374,4.5,49.2,R,0.031965845271724164,0.031602179032616355,0.03163950394819343,0.031096506864094743,0.00022260739360815658,9,2013-03-11 08:00:00,5.243414710648148,0.04012001326857893,0.039152162719834044,0.03943262692493775,0.03718011080105753,0.0010022891329220932,2013-03-16T13:50:31,0.020750544554067954,0.02016799417030824,0.02008418288060873,0.01942562886726734,0.0003767569235918626,0.044540926958767005,0.04348453067998013,0.04328714540873459,0.04255285730818972,0.0006941920881041604,17_1_BOA_LE07_228062_20130316
0.47,3.8961799999999993,0.017680000000000473,51,3,2.004,18,-2.262023,PQ,-55.456187,I,0.3797,0.2748,3.297,0.0634249,0.075952,13,2.0,1.9,39.2,5.301,4.5,49.3,R,0.03210439836687178,0.0315998266349608,0.03162688968137542,0.030862675117478318,0.0003739683733976716,9,2013-03-11 08:00:00,5.243137824074074,0.040028264750471824,0.03898675711125282,0.039165279609266544,0.0370172386035124,0.00099649273723096,2013-03-16T13:50:07,0.021382176667331908,0.0203538056523385,0.02034282147269549,0.019083945745050984,0.0006430855929613815,0.04455106352766015,0.043502027939126164,0.04335227375711382,0.04231978807133406,0.000732172727874218,18_1_BOA_LE07_228061_20130316
0.47,3.8961799999999993,0.017680000000000473,73,3,2.004,18,-2.262023,PQ,-55.456187,I,0.3797,0.2748,3.297,0.0634249,0.075952,13,2.0,1.9,39.2,5.301,4.5,49.3,R,0.031965845271724164,0.031602179032616355,0.03163950394819343,0.031096506864094743,0.00022260739360815658,9,2013-03-11 08:00:00,5.243414710648148,0.04012001326857893,0.039152162719834044,0.03943262692493775,0.03718011080105753,0.0010022891329220932,2013-03-16T13:50:31,0.020750544554067954,0.02016799417030824,0.02008418288060873,0.01942562886726734,0.0003767569235918626,0.044540926958767005,0.04348453067998013,0.04328714540873459,0.04255285730818972,0.0006941920881041604,18_1_BOA_LE07_228062_20130316
0.48,3.1221399999999995,"< 0,01",51,4,3.364,19,-2.262023,PQ,-55.456187,I,0.3712,0.2595,2.849,0.0938846,0.10436,13,4.0,1.76,37.2,6.213,4.5,46.6,R,0.03210439836687178,0.0315998266349608,0.03162688968137542,0.030862675117478318,0.0003739683733976716,9,2013-03-11 08:00:00,5.243137824074074,0.040028264750471824,0.03898675711125282,0.039165279609266544,0.0370172386035124,0.00099649273723096,2013-03-16T13:50:07,0.021382176667331908,0.0203538056523385,0.02034282147269549,0.019083945745050984,0.0006430855929613815,0.04455106352766015,0.043502027939126164,0.04335227375711382,0.04231978807133406,0.000732172727874218,19_1_BOA_LE07_228061_20130316
0.48,3.1221399999999995,"< 0,01",73,4,3.364,19,-2.262023,PQ,-55.456187,I,0.3712,0.2595,2.849,0.0938846,0.10436,13,4.0,1.76,37.2,6.213,4.5,46.6,R,0.031965845271724164,0.031602179032616355,0.03163950394819343,0.031096506864094743,0.00022260739360815658,9,2013-03-11 08:00:00,5.243414710648148,0.04012001326857893,0.039152162719834044,0.03943262692493775,0.03718011080105753,0.0010022891329220932,2013-03-16T13:50:31,0.020750544554067954,0.02016799417030824,0.02008418288060873,0.01942562886726734,0.0003767569235918626,0.044540926958767005,0.04348453067998013,0.04328714540873459,0.04255285730818972,0.0006941920881041604,19_1_BOA_LE07_228062_20130316
0.7635714285714287,4.81448,"< 0,01",73,1,3.381,20,-2.175347,GP,-55.490867,I,0.3632,0.2109,"< 0,001",0.0827775,0.097455,14,0.2,2.02,39.599999999999966,3.133,2.0,47.35714285714287,R,0.01945313482951248,0.01909689992798627,0.019297191313068864,0.018909970074769477,0.00017712247888474896,6,2013-03-11 11:20:00,5.1045258217592595,0.026354292472705647,0.024613735446127133,0.025193887115586833,0.02328870130477986,0.0011967169905569607,2013-03-16T13:50:31,0.013863465768536525,0.012880579336866736,0.013120082699307405,0.012361275015397442,0.00053465155852319,0.02913835583449522,0.02761087840909241,0.027587181484921963,0.026740205117873592,0.0008956948637911018,20_1_BOA_LE07_228062_20130316
0.6329999999999999,4.23382,"< 0,01",51,1,3.98,21,-2.133265,GP,-55.488798,I,0.4277,0.24309999999999998,2.9120000000000004,0.0850073,0.100612,15,0.2,2.15,39.20000000000001,6.892,4.6,44.599999999999994,R,0.023327051482735645,0.021867892898123513,0.021947124824540573,0.02000123102085936,0.0008590492670889086,9,2013-03-11 13:00:00,5.034804490740741,0.03500639869548572,0.03293331970300909,0.03310136580704313,0.028868759757402943,0.0016758360204505677,2013-03-16T13:50:07,0.015256115607993226,0.014098419601796402,0.014253377913663334,0.012930330278178217,0.0006224240416752314,0.04085933193432887,0.03897159363165293,0.03975687462762349,0.03424453341174448,0.0019151726780304546,21_1_BOA_LE07_228061_20130316
0.56,4.7448,1.9983599999999995,51,2,1.788,22,-2.133265,GP,-55.488798,I,0.2172,0.1152,2.1319999999999997,0.1175968,0.136713,15,1.0,2.12,40.4,3.92,4.6,45.4,R,0.023327051482735645,0.021867892898123513,0.021947124824540573,0.02000123102085936,0.0008590492670889086,9,2013-03-11 13:00:00,5.034804490740741,0.03500639869548572,0.03293331970300909,0.03310136580704313,0.028868759757402943,0.0016758360204505677,2013-03-16T13:50:07,0.015256115607993226,0.014098419601796402,0.014253377913663334,0.012930330278178217,0.0006224240416752314,0.04085933193432887,0.03897159363165293,0.03975687462762349,0.03424453341174448,0.0019151726780304546,22_1_BOA_LE07_228061_20130316
0.51,4.618299999999999,0.05302000000000119,51,3,3.171,23,-2.133265,GP,-55.488798,I,0.3629,0.2708,3.3170000000000006,0.0975533,0.11047499999999999,15,2.0,2.24,41.2,6.488,4.6,48.2,R,0.023327051482735645,0.021867892898123513,0.021947124824540573,0.02000123102085936,0.0008590492670889086,9,2013-03-11 13:00:00,5.034804490740741,0.03500639869548572,0.03293331970300909,0.03310136580704313,0.028868759757402943,0.0016758360204505677,2013-03-16T13:50:07,0.015256115607993226,0.014098419601796402,0.014253377913663334,0.012930330278178217,0.0006224240416752314,0.04085933193432887,0.03897159363165293,0.03975687462762349,0.03424453341174448,0.0019151726780304546,23_1_BOA_LE07_228061_20130316
0.5,,,51,4,3.5,24,-2.133265,GP,-55.488798,I,0.3646,0.1911,2.981,0.0688495,0.083448,15,4.0,2.03,48.0,6.481,4.6,51.8,R,0.023327051482735645,0.021867892898123513,0.021947124824540573,0.02000123102085936,0.0008590492670889086,9,2013-03-11 13:00:00,5.034804490740741,0.03500639869548572,0.03293331970300909,0.03310136580704313,0.028868759757402943,0.0016758360204505677,2013-03-16T13:50:07,0.015256115607993226,0.014098419601796402,0.014253377913663334,0.012930330278178217,0.0006224240416752314,0.04085933193432887,0.03897159363165293,0.03975687462762349,0.03424453341174448,0.0019151726780304546,24_1_BOA_LE07_228061_20130316
1.074375,12.625559999999998,0.043840000000001725,51,1,3.504,27,-2.078954,SN,-55.526776,I,0.3786,0.23800000000000002,2.98,0.1251926,0.141251,18,0.2,2.12,36.8,6.484,4.5,42.925,R,0.02011304149084073,0.01885847178586225,0.019362951366450557,0.01599799976630375,0.0013343160780058326,9,2013-03-11 16:30:00,4.888971157407408,0.03117116333412365,0.02604414694775353,0.026742352007608695,0.020305969464382997,0.0034175651471096548,2013-03-16T13:50:07,0.014959878231752193,0.013027159299218175,0.013707199295468195,0.010461450018472027,0.001442015387162885,0.03522632740385384,0.030501889544275032,0.03134406358295349,0.024132257602846187,0.003590685978641072,27_1_BOA_LE07_228061_20130316
0.5223529411764707,5.01372,"< 0,01",51,1,4.37,29,-2.151079,PC,-55.565754,I,0.4128,0.2928,2.7009999999999996,0.0799566,0.086013,20,0.2,2.44,41.20000000000002,7.071,5.2,45.32941176470588,R,0.025251280440283772,0.02430110336652434,0.02426435227945729,0.023419107211758838,0.000569709091946078,9,2013-03-12 08:30:00,4.222304490740741,0.0341423132460168,0.03326128469021946,0.0331523786424123,0.03251737207107823,0.0005026817832018205,2013-03-16T13:50:07,0.016396125768727777,0.015845829964693695,0.016017669810067133,0.0151413942374049,0.0004685248455936261,0.04014472684877482,0.039220275055389955,0.039310235786603524,0.03781387564097802,0.0007443893686986463,29_1_BOA_LE07_228061_20130316
0.5223529411764707,5.01372,"< 0,01",73,1,4.37,29,-2.151079,PC,-55.565754,I,0.4128,0.2928,2.7009999999999996,0.0799566,0.086013,20,0.2,2.44,41.20000000000002,7.071,5.2,45.32941176470588,R,0.025140773506077498,0.024488932757168156,0.024605749485710274,0.023425010046125228,0.0005187605949926654,9,2013-03-12 08:30:00,4.222581377314815,0.034667950264799796,0.03351679402021261,0.033506790941243425,0.033061431946032685,0.0005130508883985625,2013-03-16T13:50:31,0.016745326182392613,0.01594292965693061,0.01605994057230169,0.015224490985288688,0.00042386860661582315,0.040150902307972317,0.039400366270308594,0.039457439982277506,0.0379855840928091,0.0006605753381959141,29_1_BOA_LE07_228062_20130316
0.6505555555555558,14.398620000000001,"< 0,01",51,1,1.719,30,-2.173808,PD,-55.59809,I,0.4462,0.1722,4.867999999999999,0.059079099999999996,0.105741,21,0.2,2.38,45.19999999999996,6.587,5.0,48.08888888888888,R,0.02067876128208482,0.01934918221731097,0.01916370125991576,0.01866292339830113,0.000567354189285203,9,2013-03-12 10:15:00,4.149387824074074,0.02512634877740323,0.02376638030700731,0.023888266363607673,0.02246626889846154,0.000734974529018689,2013-03-16T13:50:07,0.016660730502861484,0.015587611559924157,0.01534733515287667,0.014926305881529885,0.0005547643203133528,0.02706609432423247,0.025865494366021712,0.02602221776087426,0.02427516565183906,0.0008406965866812095,30_1_BOA_LE07_228061_20130316
0.6505555555555558,14.398620000000001,"< 0,01",73,1,1.719,30,-2.173808,PD,-55.59809,I,0.4462,0.1722,4.867999999999999,0.059079099999999996,0.105741,21,0.2,2.38,45.19999999999996,6.587,5.0,48.08888888888888,R,0.02110805787525876,0.019527336575979257,0.019287459503622796,0.0185846068035109,0.0007220304007354844,9,2013-03-12 10:15:00,4.149664710648148,0.025440273540307284,0.02397404344013032,0.024113817809185666,0.022773433949425635,0.0007571810068758143,2013-03-16T13:50:31,0.016744441823185047,0.015685929798038487,0.015807041370150838,0.013912672423819609,0.0008206366819967929,0.027113074069654228,0.0259910915048348,0.02611371326007869,0.02476328472007889,0.0007749933412303333,30_1_BOA_LE07_228062_20130316
0.68,11.677800000000001,"< 0,01",51,2,4.603,31,-2.173808,PD,-55.59809,I,0.5042,0.3365,"< 0,001",0.020622099999999994,0.111067,21,1.0,2.9,43.6,2.64,5.0,47.7,R,0.02067876128208482,0.01934918221731097,0.01916370125991576,0.01866292339830113,0.000567354189285203,9,2013-03-12 10:30:00,4.138971157407408,0.02512634877740323,0.02376638030700731,0.023888266363607673,0.02246626889846154,0.000734974529018689,2013-03-16T13:50:07,0.016660730502861484,0.015587611559924157,0.01534733515287667,0.014926305881529885,0.0005547643203133528,0.02706609432423247,0.025865494366021712,0.02602221776087426,0.02427516565183906,0.0008406965866812095,31_1_BOA_LE07_228061_20130316
0.68,11.677800000000001,"< 0,01",73,2,4.603,31,-2.173808,PD,-55.59809,I,0.5042,0.3365,"< 0,001",0.020622099999999994,0.111067,21,1.0,2.9,43.6,2.64,5.0,47.7,R,0.02110805787525876,0.019527336575979257,0.019287459503622796,0.0185846068035109,0.0007220304007354844,9,2013-03-12 10:30:00,4.139248043981482,0.025440273540307284,0.02397404344013032,0.024113817809185666,0.022773433949425635,0.0007571810068758143,2013-03-16T13:50:31,0.016744441823185047,0.015685929798038487,0.015807041370150838,0.013912672423819609,0.0008206366819967929,0.027113074069654228,0.0259910915048348,0.02611371326007869,0.02476328472007889,0.0007749933412303333,31_1_BOA_LE07_228062_20130316
0.625,6.35592,"< 0,01",51,3,3.461,32,-2.173808,PD,-55.59809,I,0.4301,0.2484,3.773,0.1501476,0.156638,21,3.0,2.57,44.8,7.234,5.0,50.599999999999994,R,0.02067876128208482,0.01934918221731097,0.01916370125991576,0.01866292339830113,0.000567354189285203,9,2013-03-12 10:30:00,4.138971157407408,0.02512634877740323,0.02376638030700731,0.023888266363607673,0.02246626889846154,0.000734974529018689,2013-03-16T13:50:07,0.016660730502861484,0.015587611559924157,0.01534733515287667,0.014926305881529885,0.0005547643203133528,0.02706609432423247,0.025865494366021712,0.02602221776087426,0.02427516565183906,0.0008406965866812095,32_1_BOA_LE07_228061_20130316
0.625,6.35592,"< 0,01",73,3,3.461,32,-2.173808,PD,-55.59809,I,0.4301,0.2484,3.773,0.1501476,0.156638,21,3.0,2.57,44.8,7.234,5.0,50.599999999999994,R,0.02110805787525876,0.019527336575979257,0.019287459503622796,0.0185846068035109,0.0007220304007354844,9,2013-03-12 10:30:00,4.139248043981482,0.025440273540307284,0.02397404344013032,0.024113817809185666,0.022773433949425635,0.0007571810068758143,2013-03-16T13:50:31,0.016744441823185047,0.015685929798038487,0.015807041370150838,0.013912672423819609,0.0008206366819967929,0.027113074069654228,0.0259910915048348,0.02611371326007869,0.02476328472007889,0.0007749933412303333,32_1_BOA_LE07_228062_20130316
0.875,,,51,4,4.587,33,-2.173808,PD,-55.59809,I,0.4039,0.2024,2.2270000000000003,0.0919314,0.098047,21,5.0,2.86,48.4,6.814,5.0,55.599999999999994,R,0.02067876128208482,0.01934918221731097,0.01916370125991576,0.01866292339830113,0.000567354189285203,9,2013-03-12 10:30:00,4.138971157407408,0.02512634877740323,0.02376638030700731,0.023888266363607673,0.02246626889846154,0.000734974529018689,2013-03-16T13:50:07,0.016660730502861484,0.015587611559924157,0.01534733515287667,0.014926305881529885,0.0005547643203133528,0.02706609432423247,0.025865494366021712,0.02602221776087426,0.02427516565183906,0.0008406965866812095,33_1_BOA_LE07_228061_20130316
0.875,,,73,4,4.587,33,-2.173808,PD,-55.59809,I,0.4039,0.2024,2.2270000000000003,0.0919314,0.098047,21,5.0,2.86,48.4,6.814,5.0,55.599999999999994,R,0.02110805787525876,0.019527336575979257,0.019287459503622796,0.0185846068035109,0.0007220304007354844,9,2013-03-12 10:30:00,4.139248043981482,0.025440273540307284,0.02397404344013032,0.024113817809185666,0.022773433949425635,0.0007571810068758143,2013-03-16T13:50:31,0.016744441823185047,0.015685929798038487,0.015807041370150838,0.013912672423819609,0.0008206366819967929,0.027113074069654228,0.0259910915048348,0.02611371326007869,0.02476328472007889,0.0007749933412303333,33_1_BOA_LE07_228062_20130316
0.8205,0.5277800000000001,2.1738,51,1,1.648,34,-2.142593,PC,-55.625756,I,0.3387,0.1222,4.268000000000001,0.0812591,0.086408,22,0.2,2.71,37.599999999999966,5.916,5.0,39.11999999999999,R,0.027424201377819413,0.026652950270410203,0.02672028389252319,0.02616541700300058,0.0003450996635550287,9,2013-03-12 11:15:00,4.107721157407408,0.03567821648551505,0.03481318855330473,0.034714281048395475,0.03460449327783967,0.00035062368804537246,2013-03-16T13:50:07,0.017978803290794234,0.01725527352539413,0.017150834604125743,0.016113156352700806,0.0005837027902274871,0.03994306983263714,0.03924594707250764,0.03920976735419437,0.038972650526224506,0.00033742116677226936,34_1_BOA_LE07_228061_20130316
0.8205,0.5277800000000001,2.1738,73,1,1.648,34,-2.142593,PC,-55.625756,I,0.3387,0.1222,4.268000000000001,0.0812591,0.086408,22,0.2,2.71,37.599999999999966,5.916,5.0,39.11999999999999,R,0.027211120379461964,0.026701995288792604,0.026584510495838803,0.02645445346997583,0.00023851326699499156,9,2013-03-12 11:15:00,4.107998043981482,0.03584314429909733,0.03490382366827466,0.03480837832519079,0.034436076191972614,0.0004766594891491049,2013-03-16T13:50:31,0.01791730988186375,0.01727287496043104,0.017278659330313906,0.016391681730440286,0.0004923085759128336,0.039889342332892826,0.03938222837575323,0.03941232165074496,0.03901705513076832,0.000284885318717992,34_1_BOA_LE07_228062_20130316
1.1066666666666667,29.82148,"< 0,01",51,1,2.675,40,-2.207789,PD,-55.623565,I,0.6296,0.1255,5.638000000000001,0.0837534,0.116986,25,0.2,2.54,47.60000000000003,8.313,1.7,52.4,R,0.02373826184177267,0.020278498049901575,0.02103702865526891,0.015493424305783217,0.0027305196883518684,8,2013-03-12 15:30:00,3.9306378240740742,0.02778034138270026,0.026185267684162118,0.027101831879948985,0.019412374354411663,0.0027491927085438648,2013-03-16T13:50:07,0.02679433934644026,0.023266846290840557,0.02340572371353758,0.02239293614908103,0.0012867337808146187,0.03243229881663305,0.02994471316571666,0.030746250984800372,0.02318537377448089,0.00335399343734967,40_1_BOA_LE07_228061_20130316
1.1066666666666667,29.82148,"< 0,01",73,1,2.675,40,-2.207789,PD,-55.623565,I,0.6296,0.1255,5.638000000000001,0.0837534,0.116986,25,0.2,2.54,47.60000000000003,8.313,1.7,52.4,R,0.02424256420883852,0.018961720076847703,0.019382946983854933,0.014046585794075986,0.0032144408939195216,7,2013-03-12 15:30:00,3.9309147106481483,0.028298807540968054,0.02540197917178146,0.027002337018438793,0.019086878859558842,0.003082786426301549,2013-03-16T13:50:31,0.02738727500281673,0.024044654775532304,0.024121690910693487,0.023034679423487754,0.0012386040039656068,0.03269033068416988,0.028261697010422127,0.029993951986611055,0.021442669468482105,0.0037770869228654874,40_1_BOA_LE07_228062_20130316
0.64,4.77506,"< 0,01",51,1,2.977,43,-2.152492,PC,-55.676202,I,0.468,0.233,3.5560000000000005,0.1465375,0.155849,28,0.2,2.77,48.4,6.533,4.8,49,R,0.028243410241560813,0.027529474475532893,0.02747225698233477,0.026982034768861185,0.00036590251630824066,9,2013-03-13 11:30:00,3.0973044907407408,0.03473740489746266,0.03389100468266855,0.03396217166661428,0.033012833718897294,0.000580327874403133,2013-03-16T13:50:07,0.01889719915858604,0.018031735660430117,0.017835191814362616,0.017114813051334735,0.0005586634925391303,0.03925577100524454,0.0387873074570812,0.038871772115485294,0.03809686723377989,0.0003335374625127875,43_1_BOA_LE07_228061_20130316
0.64,4.77506,"< 0,01",73,1,2.977,43,-2.152492,PC,-55.676202,I,0.468,0.233,3.5560000000000005,0.1465375,0.155849,28,0.2,2.77,48.4,6.533,4.8,49,R,0.028401993722811228,0.027597129783145057,0.027437228850767284,0.027188982257768318,0.00035063433487358904,9,2013-03-13 11:30:00,3.097581377314815,0.03472240309263126,0.03389738738506337,0.03389408152421299,0.03297227181792407,0.0005723884170492719,2013-03-16T13:50:31,0.018715599602918742,0.017991780349180073,0.017955696994845796,0.0169734847099715,0.0005207323957302532,0.039138602569974264,0.0387047677718772,0.0388382700180193,0.03803954640326565,0.00039849554347596395,43_1_BOA_LE07_228062_20130316
0.745,7.46594,0.7145600000000008,51,1,2.714,44,-2.131452,PC,-55.657457,I,0.4135,0.3159,3.325,0.099408,0.106727,29,0.2,2.79,46.4,6.039,5.1,49.025000000000006,R,0.023212027046064124,0.022608559218986364,0.022720965483016105,0.02086271743745228,0.0007221388491852213,9,2013-03-13 12:00:00,3.0764711574074073,0.02969727799765521,0.02898911064773282,0.0291311449173691,0.027727366868961816,0.0006458755703812707,2013-03-16T13:50:07,0.01559269146932173,0.014413077401600565,0.014656613668310794,0.013373951679809329,0.0008228872475968547,0.03319455970020868,0.03249749945240576,0.03237056634865598,0.030337149407062808,0.0008189351344011955,44_1_BOA_LE07_228061_20130316
0.745,7.46594,0.7145600000000008,73,1,2.714,44,-2.131452,PC,-55.657457,I,0.4135,0.3159,3.325,0.099408,0.106727,29,0.2,2.79,46.4,6.039,5.1,49.025000000000006,R,0.023454825226093733,0.02282357039308811,0.02275390105110922,0.02175971131322504,0.0005355427063980024,9,2013-03-13 12:00:00,3.0767480439814814,0.029811241779989908,0.02924612139116487,0.029280416786370733,0.028160503356633972,0.0005449483054099515,2013-03-16T13:50:31,0.01647109907469191,0.014781217044742374,0.014359005670691767,0.013733937319080385,0.0009278167556747804,0.03309407174159166,0.032788832620384595,0.032737960365738665,0.031149384867546894,0.0006018434592525569,44_1_BOA_LE07_228062_20130316
2.605,14.209,"< 0,01",51,1,4.305,54,-2.178437,PD,-55.633239,I,0.4136,0.22949999999999998,2.4960000000000004,0.04274,0.0466,36,0.2,2.68,49.19999999999997,6.801,5.1,49.15,R,0.02386802926091113,0.022241037663008386,0.02189547078195213,0.021362106461228655,0.000914930976310324,9,2013-03-15 13:30:00,1.0139711574074075,0.027983598515090448,0.02648330404125773,0.026303345728654413,0.025714692125170555,0.000822888756340846,2013-03-16T13:50:07,0.018805686836327364,0.016408059995726986,0.016682986949808597,0.015425893060709555,0.0010330917057072165,0.032255472336410726,0.029583722649959388,0.029538806371974403,0.02845047580097904,0.0011751669176496861,54_1_BOA_LE07_228061_20130316
2.605,14.209,"< 0,01",73,1,4.305,54,-2.178437,PD,-55.633239,I,0.4136,0.22949999999999998,2.4960000000000004,0.04274,0.0466,36,0.2,2.68,49.19999999999997,6.801,5.1,49.15,R,0.02379334581504839,0.022395019154649736,0.02225336355337227,0.021473963319171986,0.0008106089831523425,9,2013-03-15 13:30:00,1.0142480439814814,0.027682399313897203,0.026647237031842193,0.026482107065357648,0.026146505036758208,0.000576038198895243,2013-03-16T13:50:31,0.018610268211300643,0.01661492268952397,0.01629802799511909,0.01550741137900273,0.0009369743170955498,0.031967869462171936,0.02972136944535844,0.029606708591964757,0.028765833714666407,0.000924952576786778,54_1_BOA_LE07_228062_20130316
0.5833333333333334,7.027,"< 0,01",51,1,3.549,60,-2.176642,GP,-55.372401,I,0.3387,0.22010000000000002,"< 0,001",0.03395,0.0361,39,0.2,2.71,38.40000000000005,2.456,5.0,42.6,R,0.01195857201922303,0.01151302398544193,0.01145525894551348,0.010684831171978217,0.0003841340263820894,9,2013-03-16 13:00:00,0.03480449074074074,0.016717902768405762,0.016218821204745666,0.016347493761094813,0.01553837850234075,0.0003639133561002055,2013-03-16T13:50:07,0.009352766663769364,0.00815879055493609,0.00817116501651596,0.007247477768162631,0.0006133159407607124,0.020262066560409384,0.01953338498032561,0.01949952648653995,0.01876239460026298,0.0004604044742057805,60_1_BOA_LE07_228061_20130316
0.5833333333333334,7.027,"< 0,01",73,1,3.549,60,-2.176642,GP,-55.372401,I,0.3387,0.22010000000000002,"< 0,001",0.03395,0.0361,39,0.2,2.71,38.40000000000005,2.456,5.0,42.6,R,0.012071016564697987,0.01168268823739931,0.01159687605714833,0.011138733729630288,0.00030381382391693625,9,2013-03-16 13:00:00,0.03508137731481482,0.016712766772386985,0.0161555086947406,0.015996389881831424,0.015380877843240569,0.00048626614797575866,2013-03-16T13:50:31,0.008990699718112227,0.00805646610048088,0.007895140912212332,0.0073138850014712875,0.0004932142815922888,0.02068626716908334,0.019431293311323462,0.01943672016048647,0.018602675506651255,0.0006489106372798493,60_1_BOA_LE07_228062_20130316
0.535,5.052,"< 0,01",51,1,4.721,63,-2.166034,LG,-55.233215,I,0.3068,0.2965,"< 0,001",0.037110000000000004,0.039700000000000006,42,0.2,2.21,36.8,2.801,3.0,38.075,R,0.016699454432100733,0.013255745252896006,0.014304080928317312,0.008881534773143056,0.0020848179990005924,9,2013-03-17 10:30:00,-0.8610288425925926,0.02734591613142985,0.024252362552711994,0.025943740038908345,0.0190516604223556,0.0024310548192539284,2013-03-16T13:50:07,0.02206864950804685,0.01717274237469618,0.015588198921775343,0.014888026883424756,0.002090635758010225,0.033355111338801716,0.02992634510779087,0.03163745578831348,0.023531263961013432,0.0028000056601927533,63_1_BOA_LE07_228061_20130316
0.75,6.871,"< 0,01",44,1,4.924,64,-2.2035,LG,-55.236138,I,0.3526,0.2975,2.601,0.04221,0.0448,43,0.2,2.99,31.200000000000006,7.525,5.7,37,R,0.013165337999396657,0.012445799604328515,0.01254884814502182,0.011330568421708225,0.0005885915075072565,9,2013-03-17 11:14:00,15.108364641203703,0.027963408976283903,0.026747593106933684,0.026585310462412637,0.025962097095459283,0.0006040608101286318,2013-04-01T13:50:02,0.007176839891408646,0.006420858699220273,0.006381236529514479,0.005369601919251897,0.000540777624303526,0.03448505832890309,0.033091330646471434,0.03310758236596628,0.03242905742406693,0.0005853961310304209,64_1_BOA_LE07_228061_20130401
0.75,6.871,"< 0,01",54,1,4.924,64,-2.2035,LG,-55.236138,I,0.3526,0.2975,2.601,0.04221,0.0448,43,0.2,2.99,31.200000000000006,7.525,5.7,37,R,0.013484996591383965,0.012789292400046096,0.012800358892164044,0.011555240984738644,0.0006150558568287943,9,2013-03-17 11:14:00,15.108641527777777,0.02822360623285009,0.0270059645319975,0.026862237296780948,0.026385872159417526,0.0005423449705769794,2013-04-01T13:50:26,0.007282993861171434,0.006516612457320235,0.006439610093370865,0.005453376258378289,0.0005445532966981233,0.03474254929686911,0.03337037987787651,0.03339172301656079,0.03265994263844203,0.0005885700864065887,64_1_BOA_LE07_228062_20130401
0.74,8.372,"< 0,01",44,2,4.866,65,-2.2035,LG,-55.236138,I,0.344,0.3063,2.564,0.03952,0.0421,43,1.0,2.01,31.2,7.43,5.7,44.9,R,0.013165337999396657,0.012445799604328515,0.01254884814502182,0.011330568421708225,0.0005885915075072565,9,2013-03-17 11:14:00,15.108364641203703,0.027963408976283903,0.026747593106933684,0.026585310462412637,0.025962097095459283,0.0006040608101286318,2013-04-01T13:50:02,0.007176839891408646,0.006420858699220273,0.006381236529514479,0.005369601919251897,0.000540777624303526,0.03448505832890309,0.033091330646471434,0.03310758236596628,0.03242905742406693,0.0005853961310304209,65_1_BOA_LE07_228061_20130401
0.74,8.372,"< 0,01",54,2,4.866,65,-2.2035,LG,-55.236138,I,0.344,0.3063,2.564,0.03952,0.0421,43,1.0,2.01,31.2,7.43,5.7,44.9,R,0.013484996591383965,0.012789292400046096,0.012800358892164044,0.011555240984738644,0.0006150558568287943,9,2013-03-17 11:14:00,15.108641527777777,0.02822360623285009,0.0270059645319975,0.026862237296780948,0.026385872159417526,0.0005423449705769794,2013-04-01T13:50:26,0.007282993861171434,0.006516612457320235,0.006439610093370865,0.005453376258378289,0.0005445532966981233,0.03474254929686911,0.03337037987787651,0.03339172301656079,0.03265994263844203,0.0005885700864065887,65_1_BOA_LE07_228062_20130401
0.66,4.646,"< 0,01",44,3,1.509,66,-2.2035,LG,-55.236138,I,0.3627,0.3397,5.715999999999999,0.056069999999999995,0.0588,43,3.0,3.07,31.2,7.225,5.7,37.400000000000006,R,0.013165337999396657,0.012445799604328515,0.01254884814502182,0.011330568421708225,0.0005885915075072565,9,2013-03-17 11:14:00,15.108364641203703,0.027963408976283903,0.026747593106933684,0.026585310462412637,0.025962097095459283,0.0006040608101286318,2013-04-01T13:50:02,0.007176839891408646,0.006420858699220273,0.006381236529514479,0.005369601919251897,0.000540777624303526,0.03448505832890309,0.033091330646471434,0.03310758236596628,0.03242905742406693,0.0005853961310304209,66_1_BOA_LE07_228061_20130401
0.66,4.646,"< 0,01",54,3,1.509,66,-2.2035,LG,-55.236138,I,0.3627,0.3397,5.715999999999999,0.056069999999999995,0.0588,43,3.0,3.07,31.2,7.225,5.7,37.400000000000006,R,0.013484996591383965,0.012789292400046096,0.012800358892164044,0.011555240984738644,0.0006150558568287943,9,2013-03-17 11:14:00,15.108641527777777,0.02822360623285009,0.0270059645319975,0.026862237296780948,0.026385872159417526,0.0005423449705769794,2013-04-01T13:50:26,0.007282993861171434,0.006516612457320235,0.006439610093370865,0.005453376258378289,0.0005445532966981233,0.03474254929686911,0.03337037987787651,0.03339172301656079,0.03265994263844203,0.0005885700864065887,66_1_BOA_LE07_228062_20130401
0.63,,,44,4,4.143,67,-2.2035,LG,-55.236138,I,0.3065,0.2589,3.22,0.04269,0.046,43,4.5,2.93,28.8,7.363,5.7,38.3,R,0.013165337999396657,0.012445799604328515,0.01254884814502182,0.011330568421708225,0.0005885915075072565,9,2013-03-17 11:14:00,15.108364641203703,0.027963408976283903,0.026747593106933684,0.026585310462412637,0.025962097095459283,0.0006040608101286318,2013-04-01T13:50:02,0.007176839891408646,0.006420858699220273,0.006381236529514479,0.005369601919251897,0.000540777624303526,0.03448505832890309,0.033091330646471434,0.03310758236596628,0.03242905742406693,0.0005853961310304209,67_1_BOA_LE07_228061_20130401
0.63,,,54,4,4.143,67,-2.2035,LG,-55.236138,I,0.3065,0.2589,3.22,0.04269,0.046,43,4.5,2.93,28.8,7.363,5.7,38.3,R,0.013484996591383965,0.012789292400046096,0.012800358892164044,0.011555240984738644,0.0006150558568287943,9,2013-03-17 11:14:00,15.108641527777777,0.02822360623285009,0.0270059645319975,0.026862237296780948,0.026385872159417526,0.0005423449705769794,2013-04-01T13:50:26,0.007282993861171434,0.006516612457320235,0.006439610093370865,0.005453376258378289,0.0005445532966981233,0.03474254929686911,0.03337037987787651,0.03339172301656079,0.03265994263844203,0.0005885700864065887,67_1_BOA_LE07_228062_20130401
0.81,6.924,"< 0,01",51,1,4.481,68,-2.222999,LG,-55.199011,I,0.3405,0.28300000000000003,"< 0,001",0.07027000000000001,0.07390000000000001,44,0.2,3.2,28.799999999999994,2.949,5.7,37.2,R,0.018704112246081383,0.01689857196897592,0.016648994943603425,0.014864500573924733,0.0012260159017050763,9,2013-03-17 13:15:00,-0.975612175925926,0.02871757870729619,0.02798134794179888,0.028447247004439923,0.027284190242961703,0.0004229237626992186,2013-03-16T13:50:07,0.01647076729247324,0.01530141232618782,0.01575859285942262,0.01395642282766903,0.0006595368569492876,0.0363936773303246,0.035520264383714584,0.03587126652046568,0.03440505786519425,0.0005698064161141768,68_1_BOA_LE07_228061_20130316
0.81,6.924,"< 0,01",44,1,4.481,68,-2.222999,LG,-55.199011,I,0.3405,0.28300000000000003,"< 0,001",0.07027000000000001,0.07390000000000001,44,0.2,3.2,28.799999999999994,2.949,5.7,37.2,R,0.012632665725498536,0.011843654141670025,0.011661576447523823,0.01108300908090701,0.0004892244547776862,9,2013-03-17 13:15:00,15.024336863425926,0.026634006239005657,0.025798866546689576,0.026105338166065643,0.02453013938914722,0.0006829254699638057,2013-04-01T13:50:02,0.0074069879823729905,0.006525414661774884,0.006565464704264208,0.005823562550595971,0.0005533452945408823,0.0330035899640022,0.03144556876046391,0.03142875236785986,0.029828804030059948,0.0009392764577588317,68_1_BOA_LE07_228061_20130401
0.81,6.924,"< 0,01",73,1,4.481,68,-2.222999,LG,-55.199011,I,0.3405,0.28300000000000003,"< 0,001",0.07027000000000001,0.07390000000000001,44,0.2,3.2,28.799999999999994,2.949,5.7,37.2,R,0.019494345955000367,0.01644968316908878,0.016513918744388255,0.015387589021813454,0.0011737034699724103,8,2013-03-17 13:15:00,-0.9753352893518519,0.028780089491317693,0.027624588593844392,0.027640036583752855,0.027063810574030574,0.0005104892936293848,2013-03-16T13:50:31,0.016032443833117152,0.014876353124045387,0.014746689295083257,0.012049200636367767,0.0010610201996788693,0.03576012741512177,0.03450294996993392,0.03453168127823095,0.03066906660364893,0.00156338313541001,68_1_BOA_LE07_228062_20130316
0.81,6.924,"< 0,01",54,1,4.481,68,-2.222999,LG,-55.199011,I,0.3405,0.28300000000000003,"< 0,001",0.07027000000000001,0.07390000000000001,44,0.2,3.2,28.799999999999994,2.949,5.7,37.2,R,0.012889843294072922,0.012071949031626075,0.01211791339376525,0.011354207441812753,0.00045827416625541926,9,2013-03-17 13:15:00,15.02461375,0.026890994612848843,0.026056298458263773,0.026360160362381035,0.024799054366048384,0.0006569555906778716,2013-04-01T13:50:26,0.007465131516424589,0.006603316568933425,0.006634776737076879,0.005880656327980165,0.0005535017708738373,0.033476742934116996,0.03171889925184872,0.03188244534634069,0.030062868407767587,0.000977714981007294,68_1_BOA_LE07_228062_20130401
0.645,6.097,"< 0,01",51,1,4.544,69,-2.242784,LG,-55.066126,I,0.4013,0.2747,"< 0,001",0.0445,0.0475,45,0.2,2.42,34.00000000000003,2.593,10.0,41.55,R,0.014558091700453604,0.009370184288370454,0.009585103782750706,0.006851821606182338,0.002531116991802166,9,2013-03-18 09:15:00,-1.8089455092592592,0.02393764767186628,0.016387194421606095,0.016652108063270787,0.013263287566519288,0.003455096829799705,2013-03-16T13:50:07,0.023088563540133118,0.01896577337656549,0.01752123364205665,0.01491050289270868,0.002401169549475846,0.03090573713070242,0.02161835544265544,0.022129498522477736,0.017438245504906302,0.0042738632410650595,69_1_BOA_LE07_228061_20130316
0.645,6.097,"< 0,01",44,1,4.544,69,-2.242784,LG,-55.066126,I,0.4013,0.2747,"< 0,001",0.0445,0.0475,45,0.2,2.42,34.00000000000003,2.593,10.0,41.55,R,0.0006885304313919705,-0.000626571227360318,0.00020544938853941236,-0.012806171204875733,0.004491161267308081,7,2013-03-18 09:15:00,14.191003530092592,0.008510676843771624,0.006409240078421891,0.007561137819903585,-0.008436513574644349,0.005562972271417957,2013-04-01T13:50:02,0.025504457749501847,0.011430173154260835,0.010200900418204348,0.008633828473949532,0.005252508101356588,0.011206924411677362,0.009192136978898185,0.010573134077810183,-0.006983302637732131,0.006064790147243323,69_1_BOA_LE07_228061_20130401
0.645,6.097,"< 0,01",73,1,4.544,69,-2.242784,LG,-55.066126,I,0.4013,0.2747,"< 0,001",0.0445,0.0475,45,0.2,2.42,34.00000000000003,2.593,10.0,41.55,R,0.014576449045485114,0.00955408198369557,0.010095303209485294,0.005387352776330904,0.002686687360909808,9,2013-03-18 09:15:00,-1.8086686226851851,0.023939598183501318,0.01659654968537457,0.015971023802254274,0.01361948413213173,0.0034194427608033985,2013-03-16T13:50:31,0.02214272832268519,0.01863040848494655,0.016967077828703228,0.014486407213864665,0.0024223513389896485,0.030939238739506096,0.02195370831307368,0.021086092321154718,0.018325079743443475,0.004145383924074499,69_1_BOA_LE07_228062_20130316
0.645,6.097,"< 0,01",54,1,4.544,69,-2.242784,LG,-55.066126,I,0.4013,0.2747,"< 0,001",0.0445,0.0475,45,0.2,2.42,34.00000000000003,2.593,10.0,41.55,R,0.0015638338606302586,0.003555673425736489,0.0004993596580063833,-0.0007434925331109045,0.0008329935075839721,5,2013-03-18 09:15:00,14.191280416666666,0.009404858955934445,0.008252383092377621,0.008065535104449358,0.0063815070223875725,0.0010422613430113026,2013-04-01T13:50:26,0.012274608068987974,0.0154528280521373,0.010343440988935422,0.008974831354149362,0.0012297718481795983,0.012053461499724468,0.012552600378951437,0.010927898915050797,0.008999677035607074,0.0010842747342511628,69_1_BOA_LE07_228062_20130401
,"< 0,01","< 0,01",89,1,3.118,70,-2.180361111111111,AM,-55.016444444444446,I,0.3603,0.3125,4.19,0.15288000000000002,0.16190000000000002,46,0.2,1.91,107.19999999999996,7.308,,,R,0.01905353047174004,0.017105440711548257,0.017640488623374154,0.014168437867499474,0.001624148910515442,6,2013-03-18 09:00:00,7.197405104166666,0.02809869416195037,0.027036991187822816,0.027230697289889305,0.02373577779835482,0.0014562703578129103,2013-03-25T13:44:15,0.02431983957156609,0.023428182403904634,0.024066814418751074,0.02023759038953716,0.0015822684096484653,0.03711074993829577,0.036083147747370536,0.03628689879259227,0.03203643273362262,0.0015733094273447964,70_1_BOA_LE07_227062_20130325
1.9066666666666665,9.32688,0.9149999999999994,7,1,3.89,71,-2.258797,PQ,-55.623565,II,0.2193,0.2243,0.14800000000000013,"< 0,01",0.03629907279542316,9,0.2,3.17,14.750000000000005,4.038,5.1,27.26666666666667,F,0.0026493732844567065,0.0024491378001360252,0.0024011427295717105,0.0022748633528070963,0.00013586366466452203,5,2013-09-08 14:45:00,-16.03862701388889,0.009784526296877302,0.008719197842997834,0.008996241783555523,0.008104271333643257,0.0006630653537117285,2013-08-23T13:49:22,0.005618505072583531,0.004501307428702801,0.004695825205384601,0.0035293501484555435,0.0006917856670513302,0.012819903033422207,0.012059220855938357,0.01250403098824536,0.010714647476116272,0.0007869365237580305,71_1_BOA_LE07_228061_20130823
1.9066666666666665,9.32688,0.9149999999999994,18,1,3.89,71,-2.258797,PQ,-55.623565,II,0.2193,0.2243,0.14800000000000013,"< 0,01",0.03629907279542316,9,0.2,3.17,14.750000000000005,4.038,5.1,27.26666666666667,F,0.0033684726956360557,0.0031198507858972136,0.0031834148100683447,0.0027004549840935477,0.00022465494788733838,5,2013-09-08 14:45:00,-16.03835017361111,0.009616770506484924,0.008883581385876594,0.008724828670232405,0.008051719972129681,0.0006237632163411202,2013-08-23T13:49:46,0.005008789831199417,0.004517236319548436,0.004270026430491604,0.0035848486938473683,0.00045782424556065754,0.013198467190620712,0.011918360222056975,0.011696943491878343,0.010448871582619883,0.0008991001511125183,71_1_BOA_LE07_228062_20130823
2.7699999999999996,43.91885999999999,5.135179999999999,7,1,4.128,72,-2.274821,PQ,-55.625139,II,0.2429,0.2502,0.16,0.03629907279542316,0.03629907279542316,10,0.2,2.87,10.250000000000016,4.288,3.7,7.233333333333333,F,-0.021682720989950912,-0.029245439952760827,-0.025448698644932145,-0.03340749857909286,0.004547116441482435,9,2013-09-08 13:30:00,-15.986543680555556,-0.014037593389830584,-0.021875297207059916,-0.016553266469638832,-0.027313146681287474,0.0049393876395754455,2013-08-23T13:49:22,0.041943111207826456,0.03759038915488037,0.03368211232003209,0.026998668664661322,0.0052355102942178025,-0.015674570837533347,-0.02428143511240905,-0.01973580032919104,-0.029283936348549422,0.005003436320525933,72_1_BOA_LE07_228061_20130823
2.7699999999999996,43.91885999999999,5.135179999999999,18,1,4.128,72,-2.274821,PQ,-55.625139,II,0.2429,0.2502,0.16,0.03629907279542316,0.03629907279542316,10,0.2,2.87,10.250000000000016,4.288,3.7,7.233333333333333,F,-0.0006871030438764412,-0.005151855695958355,-0.0022899411058679214,-0.015189384245600741,0.004906777106945767,9,2013-09-08 13:30:00,-15.986266840277779,0.001886164705689036,-0.001219931364631884,0.000798315634994589,-0.008697025463882898,0.003669494248465724,2013-08-23T13:49:46,0.020520593497387354,0.008337795546245155,0.004963651089849657,0.0022338928842859877,0.005773364471326866,0.0032653106134357176,-0.001139829421642439,0.0011795288211669218,-0.010067661429737078,0.004322045725574032,72_1_BOA_LE07_228062_20130823
2.216666666666667,44.738425,0.8987750000000037,1,1,4.38,73,-2.251349,PQ,-55.543966,II,0.3108,0.2989,0.2160000000000002,0.053450827896426946,0.060958768987966074,7,0.2,3.21,26.999999999999975,4.596,4.2,19.3,F,0.0018003974448811463,0.0008808095999657248,0.000663928787900607,0.00012073063050125309,0.0006203369540433317,9,2013-09-09 11:15:00,15.107443472222222,0.012193950412531816,0.011473678961085138,0.011411666298609131,0.010814604904793107,0.0004193469433719662,2013-09-24T13:49:43,0.007169787422183948,0.006514232104984077,0.006504503189379153,0.006089620533287323,0.00033371467118011234,0.012517539870340804,0.011933386614734646,0.012081154009785102,0.010688001323808578,0.000576723291012283,73_1_BOA_LE07_228061_20130924
2.216666666666667,44.738425,0.8987750000000037,28,1,4.38,73,-2.251349,PQ,-55.543966,II,0.3108,0.2989,0.2160000000000002,0.053450827896426946,0.060958768987966074,7,0.2,3.21,26.999999999999975,4.596,4.2,19.3,F,0.0021816275558133556,0.0015616551792027016,0.001324608636855842,0.0007543291273229818,0.0005302669016704352,9,2013-09-09 11:15:00,15.1077203125,0.012912597762185231,0.012436913682333859,0.012356088160940491,0.011955540315358329,0.00029811997657899346,2013-09-24T13:50:07,0.008262463256627932,0.007184194697865673,0.006972074940771036,0.006343825158466914,0.0006118234572589942,0.012748272607774901,0.01226815706199654,0.012399716600549674,0.011612526906610689,0.00040287682404815375,73_1_BOA_LE07_228062_20130924
1.9233333333333331,12.126819999999999,0.8066000000000019,1,1,4.119,74,-2.240289,PQ,-55.582417,II,0.2746,0.2767,0.06500000000000039,0.04762399020573551,0.054843164332215436,8,0.2,3.31,19.999999999999982,4.184,4.2,22.666666666666668,F,0.0014965120174146185,0.0009016158331861888,0.0007735492289151387,0.000581290251051695,0.0002739815920164954,9,2013-09-09 10:20:00,15.145637916666667,0.012344880505526288,0.01141500051877165,0.011322061237564426,0.010774252834169858,0.0005003169370766879,2013-09-24T13:49:43,0.0076093259021707636,0.0071257838148210744,0.007143627771280851,0.006142911371471672,0.0004165854321557203,0.015038948611926053,0.014426273981380458,0.014340988277596537,0.013809101832989716,0.00040086978102504156,74_1_BOA_LE07_228061_20130924
1.9233333333333331,12.126819999999999,0.8066000000000019,28,1,4.119,74,-2.240289,PQ,-55.582417,II,0.2746,0.2767,0.06500000000000039,0.04762399020573551,0.054843164332215436,8,0.2,3.31,19.999999999999982,4.184,4.2,22.666666666666668,F,0.001854825398227419,0.001443613247993218,0.0015585284358690613,0.0008418035870778832,0.00031747484117983514,9,2013-09-09 10:20:00,15.145914756944444,0.011676323608583642,0.01139382673483315,0.011436995085843414,0.010922035784408474,0.00022427662333127167,2013-09-24T13:50:07,0.008007498010469667,0.0073635180194423005,0.007302545643019742,0.0063709048485233195,0.0005025689818605951,0.015180160905780338,0.014686784879341415,0.014672028554772886,0.0142269847047641,0.0002726580688562977,74_1_BOA_LE07_228062_20130924
2.335,157.77267999999998,0.35940000000002303,1,1,6.79,75,-2.251349,PQ,-55.492699,II,0.5651,0.6089,0.32899999999999974,0.022063812770996755,0.052673111067271655,11,0.2,3.3,22.000000000000004,7.119,4.3,40.35,F,-0.000566181740215381,-0.006823946181357411,-0.0036728440690650477,-0.015350117903956495,0.004419297266409876,9,2013-09-09 14:15:00,14.982443472222222,0.00942964521069321,0.0034152825473190104,0.006494233212171997,-0.004889238802615659,0.004266804343031434,2013-09-24T13:49:43,0.021354908793358277,0.012273449327717833,0.007898461594952718,0.0063540546548687855,0.004861257538059255,0.010903553003418796,0.004413340768079259,0.008704917044165018,-0.00553641706111868,0.0050132287462311045,75_1_BOA_LE07_228061_20130924
2.335,157.77267999999998,0.35940000000002303,28,1,6.79,75,-2.251349,PQ,-55.492699,II,0.5651,0.6089,0.32899999999999974,0.022063812770996755,0.052673111067271655,11,0.2,3.3,22.000000000000004,7.119,4.3,40.35,F,0.0036343433158576317,-0.0012957462290591512,-0.00022963727244447278,-0.0012964609985062561,0.0016659490464115952,9,2013-09-09 14:15:00,14.9827203125,0.014342990285909565,0.00975432147060584,0.010609752092762742,0.009792793719904644,0.0014763551869441305,2013-09-24T13:50:07,0.013200794654933878,0.00904143163937012,0.009255270693917348,0.008028108840143905,0.0016210634993159012,0.01503363053669188,0.011440505101241732,0.011707763930972963,0.009897143317760999,0.0016899654966790858,75_1_BOA_LE07_228062_20130924
1.7683333333333335,24.077300000000005,1.2062199999999983,1,1,4.01,76,-2.251349,PQ,-55.492699,II,0.2601,0.24960000000000002,0.3390000000000004,0.026500991486416138,0.03314263168277767,12,0.2,3.01,13.750000000000012,4.349,2.5,43.81666666666666,F,-0.000566181740215381,-0.006823946181357411,-0.0036728440690650477,-0.015350117903956495,0.004419297266409876,9,2013-09-09 12:45:00,15.044943472222222,0.00942964521069321,0.0034152825473190104,0.006494233212171997,-0.004889238802615659,0.004266804343031434,2013-09-24T13:49:43,0.021354908793358277,0.012273449327717833,0.007898461594952718,0.0063540546548687855,0.004861257538059255,0.010903553003418796,0.004413340768079259,0.008704917044165018,-0.00553641706111868,0.0050132287462311045,76_1_BOA_LE07_228061_20130924
1.7683333333333335,24.077300000000005,1.2062199999999983,28,1,4.01,76,-2.251349,PQ,-55.492699,II,0.2601,0.24960000000000002,0.3390000000000004,0.026500991486416138,0.03314263168277767,12,0.2,3.01,13.750000000000012,4.349,2.5,43.81666666666666,F,0.0036343433158576317,-0.0012957462290591512,-0.00022963727244447278,-0.0012964609985062561,0.0016659490464115952,9,2013-09-09 12:45:00,15.0452203125,0.014342990285909565,0.00975432147060584,0.010609752092762742,0.009792793719904644,0.0014763551869441305,2013-09-24T13:50:07,0.013200794654933878,0.00904143163937012,0.009255270693917348,0.008028108840143905,0.0016210634993159012,0.01503363053669188,0.011440505101241732,0.011707763930972963,0.009897143317760999,0.0016899654966790858,76_1_BOA_LE07_228062_20130924
2.092222222222222,116.28688,"< 0,01",1,2,4.762,77,-2.251349,PQ,-55.492699,II,0.3863,0.3433,0.16100000000000048,0.03939843272854818,0.0570132175971592,11,1.4,3.174,10.250000000000016,4.923,4.3,22.56666666666667,F,-0.000566181740215381,-0.006823946181357411,-0.0036728440690650477,-0.015350117903956495,0.004419297266409876,9,2013-09-09 14:15:00,14.982443472222222,0.00942964521069321,0.0034152825473190104,0.006494233212171997,-0.004889238802615659,0.004266804343031434,2013-09-24T13:49:43,0.021354908793358277,0.012273449327717833,0.007898461594952718,0.0063540546548687855,0.004861257538059255,0.010903553003418796,0.004413340768079259,0.008704917044165018,-0.00553641706111868,0.0050132287462311045,77_1_BOA_LE07_228061_20130924
2.092222222222222,116.28688,"< 0,01",28,2,4.762,77,-2.251349,PQ,-55.492699,II,0.3863,0.3433,0.16100000000000048,0.03939843272854818,0.0570132175971592,11,1.4,3.174,10.250000000000016,4.923,4.3,22.56666666666667,F,0.0036343433158576317,-0.0012957462290591512,-0.00022963727244447278,-0.0012964609985062561,0.0016659490464115952,9,2013-09-09 14:15:00,14.9827203125,0.014342990285909565,0.00975432147060584,0.010609752092762742,0.009792793719904644,0.0014763551869441305,2013-09-24T13:50:07,0.013200794654933878,0.00904143163937012,0.009255270693917348,0.008028108840143905,0.0016210634993159012,0.01503363053669188,0.011440505101241732,0.011707763930972963,0.009897143317760999,0.0016899654966790858,77_1_BOA_LE07_228062_20130924
2.23,42.172000000000004,1.154285714285718,1,3,4.007,78,-2.251349,PQ,-55.492699,II,0.2858,0.31489999999999996,0.4770000000000003,0.030066286516644947,0.03728546064312487,11,3.5,3.17,15.250000000000021,4.484,4.3,20.8,F,-0.000566181740215381,-0.006823946181357411,-0.0036728440690650477,-0.015350117903956495,0.004419297266409876,9,2013-09-09 14:15:00,14.982443472222222,0.00942964521069321,0.0034152825473190104,0.006494233212171997,-0.004889238802615659,0.004266804343031434,2013-09-24T13:49:43,0.021354908793358277,0.012273449327717833,0.007898461594952718,0.0063540546548687855,0.004861257538059255,0.010903553003418796,0.004413340768079259,0.008704917044165018,-0.00553641706111868,0.0050132287462311045,78_1_BOA_LE07_228061_20130924
2.23,42.172000000000004,1.154285714285718,28,3,4.007,78,-2.251349,PQ,-55.492699,II,0.2858,0.31489999999999996,0.4770000000000003,0.030066286516644947,0.03728546064312487,11,3.5,3.17,15.250000000000021,4.484,4.3,20.8,F,0.0036343433158576317,-0.0012957462290591512,-0.00022963727244447278,-0.0012964609985062561,0.0016659490464115952,9,2013-09-09 14:15:00,14.9827203125,0.014342990285909565,0.00975432147060584,0.010609752092762742,0.009792793719904644,0.0014763551869441305,2013-09-24T13:50:07,0.013200794654933878,0.00904143163937012,0.009255270693917348,0.008028108840143905,0.0016210634993159012,0.01503363053669188,0.011440505101241732,0.011707763930972963,0.009897143317760999,0.0016899654966790858,78_1_BOA_LE07_228062_20130924
,35.18269999999999,0.909375000000005,1,1,3.903,79,-2.205757,LG,-55.347217,II,0.3243,0.3032,0.40600000000000014,0.03938122862054899,0.0483330045373841,5,0.2,3.3,34.8,4.309,4.6,,F,0.0066167027590273,0.006069136383305998,0.006010772048679853,0.005615107056667689,0.0003307987449051088,9,2013-09-10 09:00:00,14.201193472222222,0.020672069359667068,0.01932901727630655,0.019177576330511134,0.018584380202430997,0.0006439899927752446,2013-09-24T13:49:43,0.009584521986512596,0.009052729744945287,0.008968184036055237,0.008726820739596223,0.0002705705887743248,0.02404396375772833,0.023780656242312143,0.023755506972073893,0.023491086394501225,0.00017008722094940813,79_1_BOA_LE07_228061_20130924
,35.18269999999999,0.909375000000005,28,1,3.903,79,-2.205757,LG,-55.347217,II,0.3243,0.3032,0.40600000000000014,0.03938122862054899,0.0483330045373841,5,0.2,3.3,34.8,4.309,4.6,,F,0.00685356198992121,0.006239713097912269,0.006281646719115321,0.005587938250976124,0.000365935452133804,9,2013-09-10 09:00:00,14.2014703125,0.02080042706574574,0.019521953165843237,0.019583919760533024,0.01893470466963207,0.0006560491682058913,2013-09-24T13:50:07,0.00976493872505927,0.009065063913066268,0.008936276696354268,0.008593420873432454,0.0003643428843713622,0.024637927767735227,0.024034548990376464,0.024103929646716468,0.023586378392565208,0.00031948835582496513,79_1_BOA_LE07_228062_20130924
1.405,39.161649999999995,"< 0,01",1,1,3.0319999999999996,80,-2.173257,GP,-55.372851,II,0.2384,0.26539999999999997,0.365,"< 0,01",0.03531268494772143,39,0.2,2.99,29.99999999999997,3.397,4.7,35.55,F,0.006764607751860038,0.005737503835230529,0.0056042887974705035,0.0040535414451876445,0.0007862033737054873,9,2013-09-10 11:45:00,14.086610138888888,0.0204083748742387,0.01911673680862492,0.019043035096350188,0.017580966693250627,0.0009052239993328205,2013-09-24T13:49:43,0.01242088095684818,0.010564835504242852,0.010433249004647746,0.009511751097479842,0.0008029052585348416,0.022296483578554672,0.0211009355346513,0.020986164271580253,0.0194409269212795,0.0008387667627461525,80_1_BOA_LE07_228061_20130924
1.405,39.161649999999995,"< 0,01",28,1,3.0319999999999996,80,-2.173257,GP,-55.372851,II,0.2384,0.26539999999999997,0.365,"< 0,01",0.03531268494772143,39,0.2,2.99,29.99999999999997,3.397,4.7,35.55,F,0.007597298989969756,0.006098791083902951,0.006323318736032027,0.004359369301870879,0.000964118712023082,9,2013-09-10 11:45:00,14.086886979166668,0.020469600158559753,0.019573741925054174,0.019768630704280164,0.018228252387056196,0.0008119929557375572,2013-09-24T13:50:07,0.012313698287041434,0.011061258013052643,0.010849595820004125,0.009889331860016452,0.0008503782637621313,0.02271875669752643,0.021224332208750633,0.021393512512990556,0.019772405215314356,0.0008802310425852347,80_1_BOA_LE07_228062_20130924
1.4249999999999998,20.15526666666667,0.5840333333333353,1,1,3.0620000000000003,81,-2.135144,GP,-55.370602,II,0.24960000000000002,0.217,0.22099999999999964,"< 0,01",0.03925823633852831,40,0.2,3.09,38.40000000000005,3.283,4.7,43.5,F,0.008601488463513541,0.007591425036786301,0.007800599744905634,0.007115295969562846,0.0004052022371872469,9,2013-09-10 14:00:00,13.992860138888888,0.02333027960924064,0.02204772596040223,0.02215475261786347,0.02141472626215596,0.0005466710897360176,2013-09-24T13:49:43,0.012340953877141759,0.011466486902138574,0.011628997544645171,0.011210530582603106,0.0003313919478820007,0.031891384577150204,0.030586561851948923,0.030747334607051268,0.029729383053171736,0.0006153381205085155,81_1_BOA_LE07_228061_20130924
0.963181818181818,17.572000000000006,"< 0,01",1,1,2.8909999999999996,82,-2.113672,GP,-55.370602,II,0.25120000000000003,0.2328,0.4730000000000003,0.04098514140438045,0.04300651015979483,41,0.2,3.03,43.999999999999986,3.364,2.6,25.731818181818177,F,0.007198448795310255,0.004603057614020261,0.005339488247288533,0.0006470318376981671,0.0018982078106583263,9,2013-09-10 14:40:00,13.965082361111111,0.022747074543829002,0.01960868421262148,0.02040836843858796,0.015806043424313947,0.002166742040811866,2013-09-24T13:49:43,0.017129440697268083,0.01478500423787022,0.014226972763695753,0.01327237702401188,0.0012703913756364948,0.032675199525842136,0.028896995930884163,0.029974465466376887,0.024623818229845513,0.002493649677147408,82_1_BOA_LE07_228061_20130924
1.471111111111111,85.3848,"< 0,01",1,1,4.075,83,-2.115929,GP,-55.447053,II,0.4322,0.3875,0.2160000000000002,0.03429211675300148,0.056815940027618854,47,0.2,2.45,29.200000000000003,4.291,4.2,40.077777777777776,F,0.007665791888860792,0.006412268229370093,0.006475352382233186,0.005542370014990583,0.0006308488418520875,9,2013-09-10 17:15:00,13.857443472222222,0.021319054140711113,0.019902898064180215,0.019621734704868554,0.018681288064237585,0.0007754654386369373,2013-09-24T13:49:43,0.011297757869290617,0.009841257170785673,0.009431273544723673,0.008876417534885769,0.0008083188039308702,0.023223454295923658,0.022020920311508208,0.02207032579126955,0.021228740057430983,0.0006854610005503242,83_1_BOA_LE07_228061_20130924
1.42,16.341166666666666,1.2471333333333352,1,2,3.1860000000000004,84,-2.135144,GP,-55.370602,II,0.25329999999999997,0.2159,0.1759999999999997,0.04648031579450479,0.04734661668968238,40,1.1,3.09,35.599999999999966,3.362,4.7,46.1,F,0.008601488463513541,0.007591425036786301,0.007800599744905634,0.007115295969562846,0.0004052022371872469,9,2013-09-10 14:00:00,13.992860138888888,0.02333027960924064,0.02204772596040223,0.02215475261786347,0.02141472626215596,0.0005466710897360176,2013-09-24T13:49:43,0.012340953877141759,0.011466486902138574,0.011628997544645171,0.011210530582603106,0.0003313919478820007,0.031891384577150204,0.030586561851948923,0.030747334607051268,0.029729383053171736,0.0006153381205085155,84_1_BOA_LE07_228061_20130924
0.9537499999999999,,,1,3,,85,-2.135144,GP,-55.370602,II,,,,,,40,4.0,,102.39999999999999,,4.7,43.8125,F,0.008601488463513541,0.007591425036786301,0.007800599744905634,0.007115295969562846,0.0004052022371872469,9,2013-09-10 14:00:00,13.992860138888888,0.02333027960924064,0.02204772596040223,0.02215475261786347,0.02141472626215596,0.0005466710897360176,2013-09-24T13:49:43,0.012340953877141759,0.011466486902138574,0.011628997544645171,0.011210530582603106,0.0003313919478820007,0.031891384577150204,0.030586561851948923,0.030747334607051268,0.029729383053171736,0.0006153381205085155,85_1_BOA_LE07_228061_20130924
1.72,43.31135555555555,"< 0,01",1,1,4.627,86,-2.170323,GP,-55.493823,II,0.3353,0.3041,0.391,0.037088183073584524,0.037088183073584524,14,0.2,3.31,35.66666666666667,5.018,3.3,30.299999999999997,F,0.0066745418827318555,0.004556516484121365,0.0046610612498786674,0.0038130598139014087,0.001007339797984406,9,2013-09-11 18:00:00,12.826193472222222,0.020583465707788195,0.018131025050046268,0.017888294527242617,0.01715485096127809,0.001070181734504096,2013-09-24T13:49:43,0.008933192896156947,0.008075667870672137,0.008088845916185763,0.007412036860910107,0.0004493773529695381,0.023466478538192476,0.022710848826726367,0.022671756354390733,0.021793019805284586,0.0006512501163366302,86_1_BOA_LE07_228061_20130924
1.72,43.31135555555555,"< 0,01",28,1,4.627,86,-2.170323,GP,-55.493823,II,0.3353,0.3041,0.391,0.037088183073584524,0.037088183073584524,14,0.2,3.31,35.66666666666667,5.018,3.3,30.299999999999997,F,0.0063408578006624115,0.004501141675096316,0.004325454079735093,0.0032696466346170336,0.0011079592844419391,9,2013-09-11 18:00:00,12.8264703125,0.019061553829530474,0.018345921370156358,0.0181821586778178,0.017618095125623862,0.0004697639176757917,2013-09-24T13:50:07,0.00853790237339234,0.0077838963494093055,0.007585872662253974,0.0064119900410148575,0.0006127175514589494,0.0227638442462543,0.02158460124761557,0.021561930529057173,0.020468336594000144,0.0006717644714305214,86_1_BOA_LE07_228062_20130924
1.3924999999999998,18.88723333333333,"< 0,01",1,1,3.847,88,-2.070564,SN,-55.486853,II,0.2503,0.21289999999999998,0.22099999999999964,0.037337072967122444,0.06332609982245019,16,0.2,3.19,40.000000000000036,4.068,4.3,92.2375,F,0.004668860018928139,0.004071048532523404,0.004215951047095413,0.0036128262142721516,0.00028931506161313127,9,2013-09-11 10:00:00,13.159526805555556,0.01807532632986339,0.01666414221951581,0.0169322644924258,0.015706796581161725,0.0007471172093238668,2013-09-24T13:49:43,0.007835058151786114,0.0060426351897786635,0.006129836216314927,0.0051378081348046,0.0007432345971798168,0.02682673297966174,0.02590475105092489,0.02578472837896252,0.025434002623819403,0.000430379674349437,88_1_BOA_LE07_228061_20130924
1.545,26.173533333333335,8.715333333333335,1,1,3.887,89,-2.037612,SN,-55.486403,II,0.29350000000000004,0.2751,0.1759999999999997,0.051378074685995125,0.0747681988557901,17,0.2,3.53,70.5,4.063,2.5,73.6,F,0.006179870433077123,0.0036095610966611386,0.004534003462113974,-0.01350201275471256,0.005780945747311398,9,2013-09-11 08:30:00,13.222026805555556,0.020439382370090808,0.01871217423821289,0.01925186898342542,0.0012301543388602842,0.005886125549964596,2013-09-24T13:49:43,0.014781851215575962,0.011911496068290544,0.011379616108313872,0.009962634297550163,0.0014151376308944369,0.03216260077177925,0.0307612254911197,0.031721878116380824,0.013257917258937033,0.005849990519651897,89_1_BOA_LE07_228061_20130924
1.43,41.450433333333336,"< 0,01",1,1,4.788,92,-2.078954,SN,-55.526778,II,0.4616,0.3773,0.806,0.05750518672524191,0.09331229039258236,18,0.2,3.61,73.99999999999996,5.594,4.1,86.6,F,0.009609204817002384,0.008532400764479127,0.008578454855533811,0.007958554024757996,0.0004642445810438022,9,2013-09-11 11:10:00,13.110915694444444,0.022892723477248505,0.022275182518144573,0.022236246196621554,0.02179269244396742,0.00036448305769779313,2013-09-24T13:49:43,0.018417660734717803,0.017818446541866827,0.017797526091827956,0.017211475846912946,0.0003674868687496917,0.03372441148654441,0.03296126710202526,0.033081529054062336,0.03206398067547089,0.0005156018919626414,92_1_BOA_LE07_228061_20130924
1.34,62.903999999999996,"< 0,01",1,1,5.195,93,-2.095675,SN,-55.488855,II,0.424,0.3586,0.7709999999999999,0.07792475390292565,0.09784967449201026,19,0.2,3.7,64.99999999999999,5.966,3.8,74.65,F,0.008457227981203371,0.007609791829444065,0.007610065093054747,0.006893246164281219,0.0005134465927945037,9,2013-09-11 13:30:00,13.013693472222222,0.022724881688707087,0.022448099396347593,0.022536409630348524,0.021841598761031804,0.00030958572778754206,2013-09-24T13:49:43,0.01723775044050991,0.016097487385624915,0.016240649259182477,0.014985148224735949,0.0006517230650455352,0.03216192626906815,0.031203446916155,0.031063894110247195,0.030436307487395994,0.0006266013068598123,93_1_BOA_LE07_228061_20130924
1.2,16.771600000000003,1.1535999999999995,1,2,3.533,94,-2.037612,SN,-55.486403,II,0.2548,0.24530000000000002,0.4730000000000003,0.008437475628700487,0.058394160583941604,17,0.6,3.61,63.500000000000014,4.006,2.5,69.4,F,0.006179870433077123,0.0036095610966611386,0.004534003462113974,-0.01350201275471256,0.005780945747311398,9,2013-09-11 08:30:00,13.222026805555556,0.020439382370090808,0.01871217423821289,0.01925186898342542,0.0012301543388602842,0.005886125549964596,2013-09-24T13:49:43,0.014781851215575962,0.011911496068290544,0.011379616108313872,0.009962634297550163,0.0014151376308944369,0.03216260077177925,0.0307612254911197,0.031721878116380824,0.013257917258937033,0.005849990519651897,94_1_BOA_LE07_228061_20130924
1.05,14.450133333333335,4.759133333333335,1,3,3.746,95,-2.037612,SN,-55.486403,II,0.29719999999999996,0.2658,0.22699999999999987,0.03351439992384619,0.04853028210692444,17,2.0,3.44,72.50000000000006,3.973,2.5,81.4,F,0.006179870433077123,0.0036095610966611386,0.004534003462113974,-0.01350201275471256,0.005780945747311398,9,2013-09-11 08:30:00,13.222026805555556,0.020439382370090808,0.01871217423821289,0.01925186898342542,0.0012301543388602842,0.005886125549964596,2013-09-24T13:49:43,0.014781851215575962,0.011911496068290544,0.011379616108313872,0.009962634297550163,0.0014151376308944369,0.03216260077177925,0.0307612254911197,0.031721878116380824,0.013257917258937033,0.005849990519651897,95_1_BOA_LE07_228061_20130924
,39.0378,"< 0,01",1,1,3.25,96,-2.0458,SN,-55.4319,II,0.332,0.2801,0.06499999999999995,0.020765757125733607,0.04675478398106135,48,0.2,2.48,28.857142857142847,3.315,,,F,-0.013789362199150081,-0.035433079493669306,-0.041939367239826136,-0.0587995928395053,0.014839927836677385,9,2013-09-11 00:00:00,13.576193472222222,-0.0035255715004977872,-0.023872837929718064,-0.03041386665307095,-0.044321624964058365,0.013586678997372722,2013-09-24T13:49:43,0.06586738868301197,0.03905436727018145,0.04068616240451925,0.02185523695869871,0.01455930226453288,0.0013002982961900084,-0.022773571469941505,-0.030971772646205757,-0.048244893528285086,0.01665556415564518,96_1_BOA_LE07_228061_20130924
1.42,92.44123333333333,"< 0,01",1,1,5.614,97,-2.151079,PC,-55.565754,II,0.5322,0.5435,"< 0,001",0.04733533717516637,0.0747681988557901,20,0.2,3.5,34.999999999999986,5.547,4.6,53.2,F,0.008320140141196792,0.007021355723856072,0.006886531222685859,0.0061534229687831565,0.0007502865887231648,9,2013-09-12 09:00:00,12.201193472222222,0.02147758755042984,0.020456796722130008,0.020427576862560547,0.019876969505962717,0.0005573846061766267,2013-09-24T13:49:43,0.013158514187515988,0.011451372746053054,0.011437937607961158,0.010484410826558765,0.0007702854653594888,0.024877141624040915,0.023488858714021617,0.023572558181241602,0.02282074596046632,0.0006687267995014216,97_1_BOA_LE07_228061_20130924
1.42,92.44123333333333,"< 0,01",28,1,5.614,97,-2.151079,PC,-55.565754,II,0.5322,0.5435,"< 0,001",0.04733533717516637,0.0747681988557901,20,0.2,3.5,34.999999999999986,5.547,4.6,53.2,F,0.008236844038918173,0.0072685614221289895,0.007463661947078745,0.006266472788600007,0.000558940325130789,9,2013-09-12 09:00:00,12.2014703125,0.021493331639678308,0.020313940601577228,0.020150754846550926,0.019384092062293246,0.0007194249177007862,2013-09-24T13:50:07,0.012480541487799457,0.010801343005685167,0.01046918567076277,0.009537829442753125,0.0010770684342390493,0.024023170128058352,0.022527414559603255,0.022748042549686404,0.020767698848454304,0.0011121538308990003,97_1_BOA_LE07_228062_20130924
1.62,117.47905,"< 0,01",1,1,3.991,98,-2.173808,PD,-55.59809,II,0.3008,0.3056,0.9339999999999997,0.0445190474825975,0.057802327875320574,21,0.2,3.46,36.499999999999936,4.925,4.0,28.85,F,0.008239742480485758,0.007941725183855892,0.008161750164503627,0.007243171394463089,0.00033381988770958624,9,2013-09-12 17:30:00,11.847026805555556,0.022383615358639766,0.021765715872670607,0.021743265571892746,0.02142724570644773,0.0002832241512557388,2013-09-24T13:49:43,0.011582324960514829,0.010448725618243837,0.010525684235094356,0.0095933430903857,0.0006483006735842815,0.03076233201707216,0.029399303010496338,0.029357350993046587,0.028340049779888292,0.0007386601259462357,98_1_BOA_LE07_228061_20130924
1.62,117.47905,"< 0,01",28,1,3.991,98,-2.173808,PD,-55.59809,II,0.3008,0.3056,0.9339999999999997,0.0445190474825975,0.057802327875320574,21,0.2,3.46,36.499999999999936,4.925,4.0,28.85,F,0.009102317881197891,0.008201431508380916,0.00824071911923909,0.00756069268573278,0.0005155343484229284,9,2013-09-12 17:30:00,11.847303645833334,0.02288295652142088,0.021931744813565548,0.02147235958345868,0.021197222951143117,0.0006572315482898128,2013-09-24T13:50:07,0.011533237733065221,0.010566452118012912,0.010522471884398378,0.009364798255304226,0.0007125649144052532,0.029734629952593968,0.028841043794294172,0.028675014993724462,0.028234342510375904,0.0005311984236387298,98_1_BOA_LE07_228062_20130924
0.8863636363636364,21.022080000000003,"< 0,01",1,1,3.262,99,-2.116737,PC,-55.692899,II,0.3353,0.2919,0.6080000000000001,"< 0,01",0.06628526336555535,26,0.2,3.22,81.00000000000003,3.87,4.0,94.26363636363635,F,0.010938860168183486,0.010454564123165908,0.010301540583884654,0.009673404868904781,0.00042717924620732354,9,2013-09-12 13:30:00,12.013693472222222,0.025937100014785056,0.025407404330639892,0.025466469074616443,0.02465823383062752,0.00036839594425942194,2013-09-24T13:49:43,0.02202043471257845,0.02103406585480959,0.020893791240854418,0.019946688141320376,0.0006844545381839271,0.03914534708394609,0.03888776135645086,0.038900980298499976,0.03832666504586021,0.00025044032642703,99_1_BOA_LE07_228061_20130924
0.8863636363636364,21.022080000000003,"< 0,01",28,1,3.262,99,-2.116737,PC,-55.692899,II,0.3353,0.2919,0.6080000000000001,"< 0,01",0.06628526336555535,26,0.2,3.22,81.00000000000003,3.87,4.0,94.26363636363635,F,0.011810223416551397,0.010768419171475948,0.010946732217792179,0.008973062340181885,0.0009428140023589832,9,2013-09-12 13:30:00,12.0139703125,0.02652857104580204,0.02592455445200834,0.025897787855746396,0.02556319089676451,0.0002843473951155075,2013-09-24T13:50:07,0.02206904748571053,0.021638199373508457,0.021651364385028772,0.020920837976109607,0.0004081592528292026,0.04000487658168422,0.039186023448416006,0.03924367001954739,0.0382201881172343,0.0004944925773563363,99_1_BOA_LE07_228062_20130924
1.4100000000000001,45.29327500000001,"< 0,01",1,2,4.16,100,-2.173808,PD,-55.59809,II,0.2527,0.2726,"< 0,001",0.03985006904714934,0.03985006904714934,21,1.0,2.69,26.99999999999994,3.963,4.0,27.85,F,0.008239742480485758,0.007941725183855892,0.008161750164503627,0.007243171394463089,0.00033381988770958624,9,2013-09-12 17:30:00,11.847026805555556,0.022383615358639766,0.021765715872670607,0.021743265571892746,0.02142724570644773,0.0002832241512557388,2013-09-24T13:49:43,0.011582324960514829,0.010448725618243837,0.010525684235094356,0.0095933430903857,0.0006483006735842815,0.03076233201707216,0.029399303010496338,0.029357350993046587,0.028340049779888292,0.0007386601259462357,100_1_BOA_LE07_228061_20130924
1.4100000000000001,45.29327500000001,"< 0,01",28,2,4.16,100,-2.173808,PD,-55.59809,II,0.2527,0.2726,"< 0,001",0.03985006904714934,0.03985006904714934,21,1.0,2.69,26.99999999999994,3.963,4.0,27.85,F,0.009102317881197891,0.008201431508380916,0.00824071911923909,0.00756069268573278,0.0005155343484229284,9,2013-09-12 17:30:00,11.847303645833334,0.02288295652142088,0.021931744813565548,0.02147235958345868,0.021197222951143117,0.0006572315482898128,2013-09-24T13:50:07,0.011533237733065221,0.010566452118012912,0.010522471884398378,0.009364798255304226,0.0007125649144052532,0.029734629952593968,0.028841043794294172,0.028675014993724462,0.028234342510375904,0.0005311984236387298,100_1_BOA_LE07_228062_20130924
1.14,226.90726666666666,"< 0,01",1,3,2.762,101,-2.173808,PD,-55.59809,II,0.30210000000000004,0.2743,< LD,0.02504285788261751,0.032550798974156636,21,3.5,3.7,32.000000000000014,2.342,4.0,33.75,F,0.008239742480485758,0.007941725183855892,0.008161750164503627,0.007243171394463089,0.00033381988770958624,9,2013-09-12 17:30:00,11.847026805555556,0.022383615358639766,0.021765715872670607,0.021743265571892746,0.02142724570644773,0.0002832241512557388,2013-09-24T13:49:43,0.011582324960514829,0.010448725618243837,0.010525684235094356,0.0095933430903857,0.0006483006735842815,0.03076233201707216,0.029399303010496338,0.029357350993046587,0.028340049779888292,0.0007386601259462357,101_1_BOA_LE07_228061_20130924
1.14,226.90726666666666,"< 0,01",28,3,2.762,101,-2.173808,PD,-55.59809,II,0.30210000000000004,0.2743,< LD,0.02504285788261751,0.032550798974156636,21,3.5,3.7,32.000000000000014,2.342,4.0,33.75,F,0.009102317881197891,0.008201431508380916,0.00824071911923909,0.00756069268573278,0.0005155343484229284,9,2013-09-12 17:30:00,11.847303645833334,0.02288295652142088,0.021931744813565548,0.02147235958345868,0.021197222951143117,0.0006572315482898128,2013-09-24T13:50:07,0.011533237733065221,0.010566452118012912,0.010522471884398378,0.009364798255304226,0.0007125649144052532,0.029734629952593968,0.028841043794294172,0.028675014993724462,0.028234342510375904,0.0005311984236387298,101_1_BOA_LE07_228062_20130924
1.3375,74.50572,6.421440000000013,1,1,3.393,102,-2.150581,PC,-55.714166,II,0.41609999999999997,0.3956,0.40600000000000014,"< 0,01",0.1236930361017952,27,0.2,3.17,72.49999999999999,3.799,4.0,87.16250000000001,F,0.009849999373197554,0.008899530316788942,0.008981811552507435,0.007971620631225503,0.0004919864112124121,9,2013-09-12 14:30:00,11.972026805555556,0.02427796915291716,0.023609224423349614,0.023566975703623275,0.02285835167565063,0.0004705003227700131,2013-09-24T13:49:43,0.021525597180395806,0.021087604535311038,0.021175218026909824,0.0206353957892466,0.0002493704666179995,0.03321056187935425,0.03281353019587241,0.03284599354181139,0.03237584924830867,0.00024962342904835466,102_1_BOA_LE07_228061_20130924
1.3375,74.50572,6.421440000000013,28,1,3.393,102,-2.150581,PC,-55.714166,II,0.41609999999999997,0.3956,0.40600000000000014,"< 0,01",0.1236930361017952,27,0.2,3.17,72.49999999999999,3.799,4.0,87.16250000000001,F,0.010110702522439145,0.009267792479345116,0.009271705577076017,0.008423846669255566,0.0004994053878156885,9,2013-09-12 14:30:00,11.972303645833334,0.02452929198332718,0.023407660794843313,0.023302648873769795,0.02210616345168414,0.000701529140109451,2013-09-24T13:50:07,0.02211482652621901,0.020884047531021552,0.02073200326874378,0.020088727680771946,0.0005620561981822231,0.03401346485041359,0.03250747954065781,0.03291727643369757,0.030711786352114898,0.0010415153058479668,102_1_BOA_LE07_228062_20130924
1.25,36.818200000000004,0.09373333333333386,1,1,5.697,103,-2.152492,PC,-55.676202,II,0.21850000000000003,0.1974,0.03200000000000003,0.0020245019538910475,0.04793844939830341,28,0.2,2.89,45.99999999999999,5.729,4.0,56.9,F,0.011794694898876319,0.009629449660422684,0.009155778496503298,0.007383635993267459,0.0014258059249655027,9,2013-09-12 15:45:00,11.919943472222222,0.026011200112820133,0.023742602784665168,0.02327489464883177,0.022058312527130586,0.0012236030210586181,2013-09-24T13:49:43,0.020056616288667745,0.018123195989356276,0.018033456410286308,0.016701037771936086,0.001115316366722082,0.03567203378736899,0.033805484714994685,0.03348176602415837,0.032341782021861706,0.0011751828987636994,103_1_BOA_LE07_228061_20130924
1.25,36.818200000000004,0.09373333333333386,28,1,5.697,103,-2.152492,PC,-55.676202,II,0.21850000000000003,0.1974,0.03200000000000003,0.0020245019538910475,0.04793844939830341,28,0.2,2.89,45.99999999999999,5.729,4.0,56.9,F,0.010302880954742914,0.009315293056840772,0.009210933523040244,0.007750041289432226,0.0008994357564909976,9,2013-09-12 15:45:00,11.9202203125,0.024358229238921537,0.02352152203001516,0.023522745855072063,0.022117034068422588,0.0006531745670171763,2013-09-24T13:50:07,0.018830475076944846,0.017750152421674718,0.01797794544134488,0.016610233179675138,0.0006958281660236679,0.03464729430557264,0.033465384228783424,0.03317920737071744,0.03246627406419521,0.0006897309097538554,103_1_BOA_LE07_228062_20130924
0.98,34.81416666666667,0,1,1,3.119,104,-2.131452,PC,-55.657457,II,0.2874,0.29969999999999997,0.21599999999999975,"< 0,01",0.04734661668968238,29,0.2,2.83,43.500000000000064,3.335,4.3,41.7,F,0.010775371706043669,0.00984303076501534,0.009822806854135233,0.008941200996098466,0.000585551045578624,9,2013-09-12 12:00:00,12.076193472222222,0.024597245362792296,0.024074426808155587,0.02403998620810015,0.023620952968724164,0.00026324724176068806,2013-09-24T13:49:43,0.016531413663510106,0.015604260081909767,0.015653240634653152,0.014871618355618971,0.0005528640895636185,0.035056433477133525,0.034405649004189735,0.03447046474651111,0.033877185432611784,0.00039604037334341565,104_1_BOA_LE07_228061_20130924
0.98,34.81416666666667,0,28,1,3.119,104,-2.131452,PC,-55.657457,II,0.2874,0.29969999999999997,0.21599999999999975,"< 0,01",0.04734661668968238,29,0.2,2.83,43.500000000000064,3.335,4.3,41.7,F,0.01116780800516001,0.01015891336738961,0.010150726545734604,0.0091522750953861,0.0006703173528692798,9,2013-09-12 12:00:00,12.0764703125,0.02450332127973344,0.024123518757263603,0.02417838697835409,0.023912136513096087,0.00021280076699657096,2013-09-24T13:50:07,0.016580942811285714,0.0157039959705118,0.015565820085704476,0.014875126404681225,0.0004956939661574289,0.03514211474933553,0.03466504299737275,0.03470457582422324,0.03403083392198476,0.00039737140287934814,104_1_BOA_LE07_228062_20130924
1.26,19.50157777777778,0.9598666666666664,1,1,2.913,105,-2.1572,SL,-55.805249,II,0.18710000000000002,0.1752,0.06500000000000039,0.010595907575658065,0.02821069244426909,30,0.2,2.76,38.00000000000003,2.978,3.7,16.9,F,0.005755306786503362,0.00512267701856441,0.00509795148716557,0.004086721563212547,0.0005230062109775456,9,2013-09-13 14:00:00,10.992860138888888,0.018204630716096404,0.017659943358437576,0.017624613799010154,0.01715205178886569,0.0003672782064371434,2013-09-24T13:49:43,0.00997542118446335,0.009298671858452862,0.009532098070928814,0.008369807614092974,0.0005624923236366907,0.027013775393176415,0.026385724749614082,0.026361209568634428,0.025795336912406958,0.00034749877376200733,105_1_BOA_LE07_228061_20130924
1.26,19.50157777777778,0.9598666666666664,28,1,2.913,105,-2.1572,SL,-55.805249,II,0.18710000000000002,0.1752,0.06500000000000039,0.010595907575658065,0.02821069244426909,30,0.2,2.76,38.00000000000003,2.978,3.7,16.9,F,0.00606969523068475,0.005091654372394448,0.004948248599771022,0.0038507472341674847,0.0006335051551337782,9,2013-09-13 14:00:00,10.993136979166668,0.0184242588140729,0.01799140673483709,0.017955098573007124,0.017514789171162806,0.00026542283527122867,2013-09-24T13:50:07,0.009846562206295241,0.00865662547291347,0.00878887534598623,0.007601955510614738,0.0006384146068244103,0.026873989405266592,0.026094605205660277,0.025946034999702425,0.02520536321090606,0.00048699266488660666,105_1_BOA_LE07_228062_20130924
1.98,21.01435,1.109466666666668,1,1,2.813,106,-2.219976,SL,-55.808397,II,0.2096,0.21170000000000003,0.14800000000000013,"< 0,01",0.0071019925034523585,31,0.2,2.15,12.28571428571428,2.9610000000000003,3.7,27.9,F,0.0013907155956758592,0.00012327011405894692,0.0003490961122530438,-0.0009522449991696061,0.0006936598377154577,9,2013-09-13 15:00:00,10.951193472222222,0.009532704726596161,0.008789135658053993,0.00871226483924083,0.008430455966232094,0.00034903947717263186,2013-09-24T13:49:43,0.004197707311410525,0.0038659596444125138,0.003937709972730265,0.0035064385092751105,0.0001815040996498063,0.011840670352666945,0.010658112754645475,0.01044466550323844,0.010140019046070231,0.0005709697238832586,106_1_BOA_LE07_228061_20130924
1.98,21.01435,1.109466666666668,28,1,2.813,106,-2.219976,SL,-55.808397,II,0.2096,0.21170000000000003,0.14800000000000013,"< 0,01",0.0071019925034523585,31,0.2,2.15,12.28571428571428,2.9610000000000003,3.7,27.9,F,0.0007119928223328995,0.00010108231881811692,8.4084959672567e-05,-0.0004973299033218257,0.00034484651195220177,9,2013-09-13 15:00:00,10.9514703125,0.009367501978226788,0.008715847644183091,0.00878082955732339,0.008130242918724377,0.0004564479044186292,2013-09-24T13:50:07,0.004599969862776238,0.0041720473245545585,0.004197027989004154,0.003545006790652683,0.00034643040041930297,0.011079013073589262,0.010578190542497508,0.010488912141695193,0.010340107320497765,0.00023140315277818274,106_1_BOA_LE07_228062_20130924
1.6755555555555555,32.11915,1.6480250000000034,1,1,2.954,107,-2.177378,SL,-55.806321,II,0.2357,0.243,0.32899999999999974,0.013926839359831737,0.04655750641152102,33,0.2,2.75,28.499999999999982,3.283,4.0,35.42222222222223,F,0.005540786360751832,0.004580727597064654,0.004719638863390548,0.003552346125792853,0.0006136627439857537,9,2013-09-13 16:30:00,10.888693472222222,0.018425017032162455,0.017605895596661647,0.017688577855101,0.017273888922353882,0.00031843452897465155,2013-09-24T13:49:43,0.006859384970153724,0.006001108366293763,0.006165658810357168,0.005420506838923757,0.0004572247132331346,0.02465913802938269,0.023752847586927542,0.023818755893556233,0.023525828127799783,0.0003908486646024698,107_1_BOA_LE07_228061_20130924
1.6755555555555555,32.11915,1.6480250000000034,28,1,2.954,107,-2.177378,SL,-55.806321,II,0.2357,0.243,0.32899999999999974,0.013926839359831737,0.04655750641152102,33,0.2,2.75,28.499999999999982,3.283,4.0,35.42222222222223,F,0.006685890331258944,0.0050515509518446935,0.00472232908846682,0.0035489175953061364,0.0010958253740177238,9,2013-09-13 16:30:00,10.8889703125,0.020154489794499648,0.018587820730261866,0.018786378105135535,0.01696121530390923,0.0011577741013474535,2013-09-24T13:50:07,0.008013708071258977,0.006535276865879904,0.006492386676649239,0.005103046269985088,0.0010355420059015511,0.02572881546917346,0.024224169121162716,0.024123453915076302,0.02286964433218042,0.0008622839179629131,107_1_BOA_LE07_228062_20130924
1.6233333333333333,22.107724999999995,1.05035,1,2,2.916,108,-2.177378,SL,-55.806321,II,0.146,0.1898,0.16100000000000048,"< 0,01",0.023673308344841194,33,1.0,2.81,25.999999999999982,3.0770000000000004,4.0,39.1,F,0.005540786360751832,0.004580727597064654,0.004719638863390548,0.003552346125792853,0.0006136627439857537,9,2013-09-13 16:30:00,10.888693472222222,0.018425017032162455,0.017605895596661647,0.017688577855101,0.017273888922353882,0.00031843452897465155,2013-09-24T13:49:43,0.006859384970153724,0.006001108366293763,0.006165658810357168,0.005420506838923757,0.0004572247132331346,0.02465913802938269,0.023752847586927542,0.023818755893556233,0.023525828127799783,0.0003908486646024698,108_1_BOA_LE07_228061_20130924
1.6233333333333333,22.107724999999995,1.05035,28,2,2.916,108,-2.177378,SL,-55.806321,II,0.146,0.1898,0.16100000000000048,"< 0,01",0.023673308344841194,33,1.0,2.81,25.999999999999982,3.0770000000000004,4.0,39.1,F,0.006685890331258944,0.0050515509518446935,0.00472232908846682,0.0035489175953061364,0.0010958253740177238,9,2013-09-13 16:30:00,10.8889703125,0.020154489794499648,0.018587820730261866,0.018786378105135535,0.01696121530390923,0.0011577741013474535,2013-09-24T13:50:07,0.008013708071258977,0.006535276865879904,0.006492386676649239,0.005103046269985088,0.0010355420059015511,0.02572881546917346,0.024224169121162716,0.024123453915076302,0.02286964433218042,0.0008622839179629131,108_1_BOA_LE07_228062_20130924
1.725,17.9659,0.55865,1,3,2.872,109,-2.177378,SL,-55.806321,II,0.2293,0.1863,0.4770000000000003,"< 0,01",0.011836654172420595,33,3.0,2.85,34.0,3.349,4.0,34.5,F,0.005540786360751832,0.004580727597064654,0.004719638863390548,0.003552346125792853,0.0006136627439857537,9,2013-09-13 16:30:00,10.888693472222222,0.018425017032162455,0.017605895596661647,0.017688577855101,0.017273888922353882,0.00031843452897465155,2013-09-24T13:49:43,0.006859384970153724,0.006001108366293763,0.006165658810357168,0.005420506838923757,0.0004572247132331346,0.02465913802938269,0.023752847586927542,0.023818755893556233,0.023525828127799783,0.0003908486646024698,109_1_BOA_LE07_228061_20130924
1.725,17.9659,0.55865,28,3,2.872,109,-2.177378,SL,-55.806321,II,0.2293,0.1863,0.4770000000000003,"< 0,01",0.011836654172420595,33,3.0,2.85,34.0,3.349,4.0,34.5,F,0.006685890331258944,0.0050515509518446935,0.00472232908846682,0.0035489175953061364,0.0010958253740177238,9,2013-09-13 16:30:00,10.8889703125,0.020154489794499648,0.018587820730261866,0.018786378105135535,0.01696121530390923,0.0011577741013474535,2013-09-24T13:50:07,0.008013708071258977,0.006535276865879904,0.006492386676649239,0.005103046269985088,0.0010355420059015511,0.02572881546917346,0.024224169121162716,0.024123453915076302,0.02286964433218042,0.0008622839179629131,109_1_BOA_LE07_228062_20130924
1.605,14.535099999999996,2.3121250000000004,1,2,2.916,110,-2.112532,PC,-55.621423,II,0.3421,0.2439,0.4460000000000006,0.007136514653940794,0.04438745314657723,24,0.7,3.0,67.49999999999999,3.3620000000000005,4.3,12.959999999999999,F,0.01106946917018098,0.010373932254805597,0.010305870454427097,0.009796231148217063,0.0003757418048766208,9,2013-09-14 15:00:00,9.951193472222222,0.0272215290136435,0.02656164544164523,0.026550451697873463,0.025719210281228998,0.0004937100108107241,2013-09-24T13:49:43,0.014524388285038629,0.013455803874900838,0.013313728066305017,0.013134455989650169,0.0004973166847206471,0.03905000377462379,0.037700855413377816,0.03762056050144795,0.03720905698041419,0.0005406023980141451,110_1_BOA_LE07_228061_20130924
1.605,14.535099999999996,2.3121250000000004,28,2,2.916,110,-2.112532,PC,-55.621423,II,0.3421,0.2439,0.4460000000000006,0.007136514653940794,0.04438745314657723,24,0.7,3.0,67.49999999999999,3.3620000000000005,4.3,12.959999999999999,F,0.011665664195227831,0.01048859366324267,0.010310013357319693,0.00956724054725115,0.0006457905559726658,9,2013-09-14 15:00:00,9.9514703125,0.02739183920212343,0.026334434866879818,0.026104487758375265,0.025362997491161374,0.0006211720069388676,2013-09-24T13:50:07,0.014365768567986645,0.013174355094092097,0.013094207846956096,0.012072007900750812,0.0005956420152750887,0.03822472260243962,0.03772730532606408,0.037917009918030826,0.03718900725883037,0.0003567875699712089,110_1_BOA_LE07_228062_20130924
1.83,44.90213333333333,"< 0,01",1,3,3.343,111,-2.112532,PC,-55.621423,II,0.2773,0.24600000000000002,0.5460000000000003,0.013195038130170957,0.06806076149141843,24,3.5,3.02,64.50000000000004,3.8890000000000002,4.3,12.3,F,0.01106946917018098,0.010373932254805597,0.010305870454427097,0.009796231148217063,0.0003757418048766208,9,2013-09-14 15:00:00,9.951193472222222,0.0272215290136435,0.02656164544164523,0.026550451697873463,0.025719210281228998,0.0004937100108107241,2013-09-24T13:49:43,0.014524388285038629,0.013455803874900838,0.013313728066305017,0.013134455989650169,0.0004973166847206471,0.03905000377462379,0.037700855413377816,0.03762056050144795,0.03720905698041419,0.0005406023980141451,111_1_BOA_LE07_228061_20130924
1.83,44.90213333333333,"< 0,01",28,3,3.343,111,-2.112532,PC,-55.621423,II,0.2773,0.24600000000000002,0.5460000000000003,0.013195038130170957,0.06806076149141843,24,3.5,3.02,64.50000000000004,3.8890000000000002,4.3,12.3,F,0.011665664195227831,0.01048859366324267,0.010310013357319693,0.00956724054725115,0.0006457905559726658,9,2013-09-14 15:00:00,9.9514703125,0.02739183920212343,0.026334434866879818,0.026104487758375265,0.025362997491161374,0.0006211720069388676,2013-09-24T13:50:07,0.014365768567986645,0.013174355094092097,0.013094207846956096,0.012072007900750812,0.0005956420152750887,0.03822472260243962,0.03772730532606408,0.037917009918030826,0.03718900725883037,0.0003567875699712089,111_1_BOA_LE07_228062_20130924
0.8333333333333334,31.679624999999998,"< 0,01",1,1,3.113,112,-2.142593,PC,-55.625756,II,0.4069,0.2695,0.06600000000000072,0.05052316723982363,0.06727165121325707,22,0.2,2.54,41.50000000000001,3.1790000000000007,4.3,64.76666666666667,F,0.010451173887256714,0.009364378565906675,0.00956103609284451,0.007277894757629511,0.0010515924452399667,9,2013-09-14 13:40:00,10.006749027777778,0.02444144759148,0.02310393655826552,0.023314631674039226,0.020694469025723063,0.0012602588346785982,2013-09-24T13:49:43,0.012747471437339529,0.01148707137637762,0.011692189407852719,0.008955160017561971,0.001187057122160069,0.0336470481611473,0.032523138649408714,0.032383930580398915,0.030411928650437535,0.0009723821029308492,112_1_BOA_LE07_228061_20130924
0.8333333333333334,31.679624999999998,"< 0,01",28,1,3.113,112,-2.142593,PC,-55.625756,II,0.4069,0.2695,0.06600000000000072,0.05052316723982363,0.06727165121325707,22,0.2,2.54,41.50000000000001,3.1790000000000007,4.3,64.76666666666667,F,0.011060322555619307,0.009704418958412538,0.009773916469963756,0.009188991779903679,0.0006094652044882276,9,2013-09-14 13:40:00,10.007025868055555,0.024544967681816153,0.023531757844730584,0.023494168111286892,0.02243771887464286,0.0006086197238757478,2013-09-24T13:50:07,0.01373069087892321,0.012163850754710765,0.011938081950255149,0.011307405323794456,0.0008967405023856033,0.03309331790941176,0.03244904908443667,0.03250368053121222,0.03196187981340686,0.00028972671403593376,112_1_BOA_LE07_228062_20130924
1.9625,16.584400000000002,"< 0,01",1,1,3.23,113,-2.073498,PC,-55.620867,II,0.368,0.3118,"< 0,001",0.006564866864415167,0.1112645492207536,23,0.2,3.0,93.50000000000004,2.9280000000000004,3.3,30.837500000000002,F,0.005033615549389372,-0.04537977524880063,-0.05649376191217988,-0.07907715154879469,0.02976959189985785,9,2013-09-14 16:15:00,9.899110138888888,0.015462700382868053,-0.033885440403949564,-0.045086480368140475,-0.06611190586059364,0.028556906954747163,2013-09-24T13:49:43,0.026264473093345956,0.002254114935053293,0.0009463328557578476,-0.01459645244071335,0.013940855082873427,0.02664503480976634,-0.02550744227508019,-0.03586339313058682,-0.05871618044953516,0.029541788478294796,113_1_BOA_LE07_228061_20130924
1.709,21.987933333333338,"< 0,01",1,1,3.107,114,-2.112532,PC,-55.621423,II,0.28859999999999997,0.2481,0.133,0.009263899452356783,0.08463207733280725,24,0.2,2.91,68.49999999999994,3.24,4.3,12.24,F,0.01106946917018098,0.010373932254805597,0.010305870454427097,0.009796231148217063,0.0003757418048766208,9,2013-09-14 15:00:00,9.951193472222222,0.0272215290136435,0.02656164544164523,0.026550451697873463,0.025719210281228998,0.0004937100108107241,2013-09-24T13:49:43,0.014524388285038629,0.013455803874900838,0.013313728066305017,0.013134455989650169,0.0004973166847206471,0.03905000377462379,0.037700855413377816,0.03762056050144795,0.03720905698041419,0.0005406023980141451,114_1_BOA_LE07_228061_20130924
1.709,21.987933333333338,"< 0,01",28,1,3.107,114,-2.112532,PC,-55.621423,II,0.28859999999999997,0.2481,0.133,0.009263899452356783,0.08463207733280725,24,0.2,2.91,68.49999999999994,3.24,4.3,12.24,F,0.011665664195227831,0.01048859366324267,0.010310013357319693,0.00956724054725115,0.0006457905559726658,9,2013-09-14 15:00:00,9.9514703125,0.02739183920212343,0.026334434866879818,0.026104487758375265,0.025362997491161374,0.0006211720069388676,2013-09-24T13:50:07,0.014365768567986645,0.013174355094092097,0.013094207846956096,0.012072007900750812,0.0005956420152750887,0.03822472260243962,0.03772730532606408,0.037917009918030826,0.03718900725883037,0.0003567875699712089,114_1_BOA_LE07_228062_20130924
1.4266666666666665,20.333699999999997,0.8227000000000012,1,1,2.797,115,-2.201618,SL,-55.792751,II,0.22460000000000002,0.2296,0.16,"< 0,01",0.016571315841388833,32,0.2,2.35,15.500000000000027,2.9570000000000003,4.0,28.066666666666666,F,0.0017398647955011014,0.0011047130505063144,0.0009384192949865953,0.00034081955896855635,0.00044200855541121314,9,2013-09-14 07:30:00,10.263693472222222,0.011474882041310162,0.010974310202763694,0.011061271565628559,0.010497108839585935,0.00032362105454861103,2013-09-24T13:49:43,0.0035731800886162936,0.0028908075486887186,0.0028551932209442757,0.002106540118066184,0.00042883559353327274,0.013986607762817672,0.013066077979955371,0.013164666244999262,0.012194576551208348,0.0005806907886456131,115_1_BOA_LE07_228061_20130924
1.4266666666666665,20.333699999999997,0.8227000000000012,28,1,2.797,115,-2.201618,SL,-55.792751,II,0.22460000000000002,0.2296,0.16,"< 0,01",0.016571315841388833,32,0.2,2.35,15.500000000000027,2.9570000000000003,4.0,28.066666666666666,F,0.0026436364582913246,0.00073270868393384,0.0005872708041535588,-0.0003560672339922039,0.000872334881044782,9,2013-09-14 07:30:00,10.2639703125,0.011846026304901261,0.010688993872092928,0.01089472425152135,0.009231845141504902,0.0007593049322277744,2013-09-24T13:50:07,0.004874286671577827,0.0031847225251527586,0.0031577261212489983,0.0013176170041886651,0.0009636510961255156,0.014985305508498492,0.01322783954371189,0.013368379625087847,0.010780882929138867,0.0013440330902168849,115_1_BOA_LE07_228062_20130924
1.76,23.711599999999994,0.692628571428573,1,1,3.019,116,-2.162501,SL,-55.744975,II,0.1861,0.2152,0.3390000000000004,0.011001856163744828,0.021108699940816728,34,0.2,2.79,28.000000000000025,3.3580000000000005,4.3,25.45,F,0.007820933288023683,0.0069220123890061476,0.00665585467256094,0.006260174773193445,0.0005538396941955584,9,2013-09-14 10:00:00,10.159526805555556,0.020494883189798117,0.019496269218326333,0.019700193098306576,0.018810463253547283,0.0005759263454874716,2013-09-24T13:49:43,0.019737457518956808,0.01762191921602732,0.018276963452993664,0.013665259838901662,0.0018135246109884618,0.031236925061746797,0.030069504732170845,0.030154502824820545,0.028430521671038794,0.0008900914283637278,116_1_BOA_LE07_228061_20130924
1.76,23.711599999999994,0.692628571428573,28,1,3.019,116,-2.162501,SL,-55.744975,II,0.1861,0.2152,0.3390000000000004,0.011001856163744828,0.021108699940816728,34,0.2,2.79,28.000000000000025,3.3580000000000005,4.3,25.45,F,0.007677309178844802,0.007300206810722429,0.007340368851081984,0.006695461331019363,0.00029640198619339605,9,2013-09-14 10:00:00,10.159803645833334,0.020120870493844048,0.01935948389010001,0.019203427939562697,0.01862571577223724,0.0004771502819837138,2013-09-24T13:50:07,0.018078944660357987,0.014992266787910687,0.014837255010703973,0.011207770344246732,0.002113988433890226,0.03067392338547644,0.029096677634669058,0.029039482124186007,0.027203289521546502,0.0011624140623062449,116_1_BOA_LE07_228062_20130924
,11.32025,0.26235000000000014,1,1,2.852,117,-2.1425,SL,-55.899444,II,0.22089999999999999,0.2104,0.806,"< 0,01",0.0437956204379562,35,0.2,2.77,39.60000000000002,3.658,,,F,-0.03573059016265988,-0.046843953444095414,-0.0508035732651471,-0.054812581386510115,0.005799755814797711,9,2013-09-14 00:00:00,10.576193472222222,-0.02489879449863836,-0.03585841383475888,-0.040528943801478944,-0.044436331880932614,0.005913267726290855,2013-09-24T13:49:43,0.07761361851422974,0.058456485321439225,0.0653915913645383,0.043509270702550736,0.010668705022473008,-0.022540383309450053,-0.037296774394245266,-0.043201973626733184,-0.04804339991281781,0.007885644578044944,117_1_BOA_LE07_228061_20130924
,11.32025,0.26235000000000014,28,1,2.852,117,-2.1425,SL,-55.899444,II,0.22089999999999999,0.2104,0.806,"< 0,01",0.0437956204379562,35,0.2,2.77,39.60000000000002,3.658,,,F,-0.01565063891477885,-0.03631770576425834,-0.036184255794999676,-0.05422758735218748,0.0142080658545957,9,2013-09-14 00:00:00,10.5764703125,-0.002762392081915758,-0.023761135024132282,-0.023567084234990765,-0.04246501719167153,0.014905783720472155,2013-09-24T13:50:07,0.07681489048398428,0.03977800334934907,0.034597597183195626,0.017624996628946978,0.021262915105388677,0.002107491683505394,-0.022141319946429115,-0.021582745698610017,-0.04607039777826166,0.018276099971412097,117_1_BOA_LE07_228062_20130924
3.085,123.83965714285716,0.021371428571442017,1,2,5.08,118,-2.262013,PQ,-55.456187,II,0.4612,0.4165,0.47,0.6443085421187611,0.6443085421187611,13,1.2,3.39,28.799999999999994,5.55,3.9,59,F,0.0035349563966446777,0.0027194219787629926,0.0026042688065289754,0.002414535837109995,0.00042841428767563224,6,2013-09-15 16:30:00,8.888693472222222,0.015538306872801043,0.014962310546109175,0.01512918039067656,0.014088756333360236,0.00048783461759120835,2013-09-24T13:49:43,0.00902781119792975,0.00849188449885438,0.008528017364667646,0.008188809427337546,0.00028288813978772086,0.016941511548766736,0.01671255233582887,0.01670382345385704,0.016299311853658374,0.00021783982680334915,118_1_BOA_LE07_228061_20130924
3.085,123.83965714285716,0.021371428571442017,28,2,5.08,118,-2.262013,PQ,-55.456187,II,0.4612,0.4165,0.47,0.6443085421187611,0.6443085421187611,13,1.2,3.39,28.799999999999994,5.55,3.9,59,F,0.003985193715316844,0.0030479059249417136,0.002973202023953226,0.0026388934331838115,0.0004925297020370886,6,2013-09-15 16:30:00,8.8889703125,0.015644083016246833,0.015049546072691785,0.01515538136974857,0.014379520769468912,0.00047727915440404873,2013-09-24T13:50:07,0.009422007970081634,0.008572865948825273,0.008564280254107685,0.008256689343750848,0.0003871911095682869,0.017099350754100226,0.016875350739112897,0.017009553060557257,0.016386546101465088,0.0002960312817961906,118_1_BOA_LE07_228062_20130924
,55.145771428571436,2.6133714285714293,1,3,4.67,119,-2.262013,PQ,-55.456187,II,0.3923,0.3404,0.44200000000000017,0.04964535896114989,0.054843164332215436,13,3.5,3.38,34.399999999999984,5.112,3.9,,F,0.0035349563966446777,0.0027194219787629926,0.0026042688065289754,0.002414535837109995,0.00042841428767563224,6,2013-09-15 16:30:00,8.888693472222222,0.015538306872801043,0.014962310546109175,0.01512918039067656,0.014088756333360236,0.00048783461759120835,2013-09-24T13:49:43,0.00902781119792975,0.00849188449885438,0.008528017364667646,0.008188809427337546,0.00028288813978772086,0.016941511548766736,0.01671255233582887,0.01670382345385704,0.016299311853658374,0.00021783982680334915,119_1_BOA_LE07_228061_20130924
,55.145771428571436,2.6133714285714293,28,3,4.67,119,-2.262013,PQ,-55.456187,II,0.3923,0.3404,0.44200000000000017,0.04964535896114989,0.054843164332215436,13,3.5,3.38,34.399999999999984,5.112,3.9,,F,0.003985193715316844,0.0030479059249417136,0.002973202023953226,0.0026388934331838115,0.0004925297020370886,6,2013-09-15 16:30:00,8.8889703125,0.015644083016246833,0.015049546072691785,0.01515538136974857,0.014379520769468912,0.00047727915440404873,2013-09-24T13:50:07,0.009422007970081634,0.008572865948825273,0.008564280254107685,0.008256689343750848,0.0003871911095682869,0.017099350754100226,0.016875350739112897,0.017009553060557257,0.016386546101465088,0.0002960312817961906,119_1_BOA_LE07_228062_20130924
3.27,55.9252,"< 0,01",1,1,5.501,120,-2.262013,PQ,-55.456187,II,0.533,0.4195,0.806,0.04280074447074496,0.058394160583941604,13,0.2,3.36,29.19999999999995,6.307,3.9,59.21666666666666,F,0.0035349563966446777,0.0027194219787629926,0.0026042688065289754,0.002414535837109995,0.00042841428767563224,6,2013-09-15 16:30:00,8.888693472222222,0.015538306872801043,0.014962310546109175,0.01512918039067656,0.014088756333360236,0.00048783461759120835,2013-09-24T13:49:43,0.00902781119792975,0.00849188449885438,0.008528017364667646,0.008188809427337546,0.00028288813978772086,0.016941511548766736,0.01671255233582887,0.01670382345385704,0.016299311853658374,0.00021783982680334915,120_1_BOA_LE07_228061_20130924
3.27,55.9252,"< 0,01",28,1,5.501,120,-2.262013,PQ,-55.456187,II,0.533,0.4195,0.806,0.04280074447074496,0.058394160583941604,13,0.2,3.36,29.19999999999995,6.307,3.9,59.21666666666666,F,0.003985193715316844,0.0030479059249417136,0.002973202023953226,0.0026388934331838115,0.0004925297020370886,6,2013-09-15 16:30:00,8.8889703125,0.015644083016246833,0.015049546072691785,0.01515538136974857,0.014379520769468912,0.00047727915440404873,2013-09-24T13:50:07,0.009422007970081634,0.008572865948825273,0.008564280254107685,0.008256689343750848,0.0003871911095682869,0.017099350754100226,0.016875350739112897,0.017009553060557257,0.016386546101465088,0.0002960312817961906,120_1_BOA_LE07_228062_20130924
1.9833333333333334,17.330325,"< 0,01",1,1,3.022,121,-2.20666,PD,-55.623562,II,0.2823,0.2452,0.39400000000000013,"< 0,01",0.03886368119944763,25,0.2,2.54,30.799999999999994,3.416,3.3,11.633333333333335,F,0.002606676280775407,0.0011657998906386153,0.0013328371111299558,-0.00016865780081457178,0.0009455940307667143,9,2013-09-15 09:00:00,9.201193472222222,0.0149880037837141,0.013940154561688501,0.014468177360053977,0.01268570562789709,0.0006844630870402573,2013-09-24T13:49:43,0.008529973483958824,0.00820944604304196,0.008186226556831053,0.0077861949368722636,0.00025946279167637335,0.019237012407096132,0.01802367776141874,0.018822394398379485,0.016270784151826537,0.0008758309243601644,121_1_BOA_LE07_228061_20130924
1.9833333333333334,17.330325,"< 0,01",28,1,3.022,121,-2.20666,PD,-55.623562,II,0.2823,0.2452,0.39400000000000013,"< 0,01",0.03886368119944763,25,0.2,2.54,30.799999999999994,3.416,3.3,11.633333333333335,F,0.0038099763700844853,-0.0011764301038703568,0.0015146297937333134,-0.02802993024782853,0.009697716353851471,9,2013-09-15 09:00:00,9.2014703125,0.01778998137192743,0.012209462633532505,0.014897521112871756,-0.013385179145359482,0.009191023957284137,2013-09-24T13:50:07,0.01386359645176993,0.008580461045039902,0.008595875691725527,-0.0010475396315180463,0.003810849739070245,0.02231657145566551,0.0164723723879269,0.017855284539014186,-0.0023383151085466236,0.0068001561092520466,121_1_BOA_LE07_228062_20130924
1.2900000000000003,85.8194,"< 0,01",1,1,2.982,122,-2.178437,PD,-55.633239,II,0.37799999999999995,0.2645,0.47,"< 0,01",0.048727559676464784,36,0.2,2.75,32.00000000000003,3.452,3.9,38.18,F,0.0074345850792646405,0.006099802894554612,0.005968751610618817,0.005114451323643052,0.0008243176649206112,9,2013-09-15 10:15:00,9.149110138888888,0.020616149693028416,0.019727264674013756,0.019805823865001793,0.01886105721297251,0.0005933200109442514,2013-09-24T13:49:43,0.010147019732100006,0.009235341516910248,0.009357979695812695,0.008600842269628768,0.00044497578982455,0.023520655119515586,0.02188216043732978,0.022391645308632926,0.02020057601259438,0.0010086937686848308,122_1_BOA_LE07_228061_20130924
1.2900000000000003,85.8194,"< 0,01",28,1,2.982,122,-2.178437,PD,-55.633239,II,0.37799999999999995,0.2645,0.47,"< 0,01",0.048727559676464784,36,0.2,2.75,32.00000000000003,3.452,3.9,38.18,F,0.007368139257075657,0.006205075318771732,0.006311379094112907,0.005334947283570779,0.0006844459037139427,9,2013-09-15 10:15:00,9.149386979166668,0.0208491585736891,0.019980255659883834,0.01996235165211807,0.01930910635651071,0.00045822074334481595,2013-09-24T13:50:07,0.010033362242480711,0.009367644134988256,0.009348053550359026,0.00892820697477137,0.00028856660413906216,0.023392270812955945,0.021909357208624285,0.022239508325304545,0.020055147542987248,0.0010831888624645682,122_1_BOA_LE07_228062_20130924
2.3765853658536584,44.131299999999996,"< 0,01",1,1,4.684,123,-2.238955,LG,-55.33916,II,0.3826,0.3949,0.03200000000000003,0.05707041271116975,0.059380548431643324,6,0.2,3.49,35.99999999999998,4.716,,25.726829268292686,F,0.006612642938208568,0.005844134347385276,0.005887348057703804,0.004630748516873156,0.0006162587444460012,9,2013-09-16 10:30:00,8.138693472222222,0.022093692723964147,0.021156585033262062,0.021288988568902278,0.019988782037329768,0.0007215853443165381,2013-09-24T13:49:43,0.010212683826441724,0.009595749966196951,0.009644343559237288,0.00874574385626883,0.0004851017973323172,0.024463524496747574,0.023644289325150072,0.02361105739518157,0.022372846336991898,0.0005663918139564917,123_1_BOA_LE07_228061_20130924
2.3765853658536584,44.131299999999996,"< 0,01",28,1,4.684,123,-2.238955,LG,-55.33916,II,0.3826,0.3949,0.03200000000000003,0.05707041271116975,0.059380548431643324,6,0.2,3.49,35.99999999999998,4.716,,25.726829268292686,F,0.006753486134005414,0.005932093187741241,0.005863060145150166,0.0048403081404782035,0.0005325756615165438,9,2013-09-16 10:30:00,8.1389703125,0.022197222058473715,0.021348463907011228,0.02145383085513552,0.02015168052461244,0.0007625398803467788,2013-09-24T13:50:07,0.010265143008660643,0.009639021397879045,0.009809866863051502,0.008676505418910171,0.0005181598043224744,0.02465745527808707,0.023808719055485,0.02398657640936985,0.022735734103611866,0.0005664829921872852,123_1_BOA_LE07_228062_20130924
1.4875000000000003,147.07165714285713,"< 0,01",1,1,4.111,124,-2.307096,LG,-55.373301,II,0.57,0.5253,0.44200000000000017,0.01686589346544115,0.03274807654369699,37,0.2,2.83,27.00000000000001,4.553,3.5,44.5625,F,0.0014506363917518306,0.0005959494817523702,0.0006471793286592434,9.727957563471397e-05,0.00041528633080650774,9,2013-09-16 13:30:00,8.013693472222222,0.013461092857430305,0.013192571372361399,0.013263973569734747,0.012462242535354074,0.00031382952978439003,2013-09-24T13:49:43,0.010815247069681745,0.010327240507231538,0.010388162639001976,0.009716758269314547,0.0003530028826255513,0.012697378735173015,0.012076921813089777,0.012071726337270635,0.011296172223949907,0.0003881431026047474,124_1_BOA_LE07_228061_20130924
1.4875000000000003,147.07165714285713,"< 0,01",28,1,4.111,124,-2.307096,LG,-55.373301,II,0.57,0.5253,0.44200000000000017,0.01686589346544115,0.03274807654369699,37,0.2,2.83,27.00000000000001,4.553,3.5,44.5625,F,0.001474042017332677,0.0007222768832895334,0.0005120026022516402,0.0003690128055227216,0.0003854650487538015,9,2013-09-16 13:30:00,8.0139703125,0.013582471987591594,0.013301617781035557,0.013347787472022999,0.0125574418316842,0.0003027725185918644,2013-09-24T13:50:07,0.011016070437504348,0.010402125716693656,0.010440602715186993,0.009785832376709394,0.00034547037630378475,0.012699155478624673,0.012103627491483826,0.012302877263801871,0.011364072668951246,0.00048771208526626953,124_1_BOA_LE07_228062_20130924
1.3966666666666667,115.30596666666666,"< 0,01",1,2,3.47,125,-2.255185,LG,-55.376673,II,0.3182,0.287,0.009999999999999787,0.012165640012471265,0.04537384099427895,38,1.2,3.05,35.00000000000003,3.48,4.1,56.18333333333333,F,0.0076676601823580815,0.006828130281697843,0.007194926767580056,0.005711834217152389,0.0006587996132896633,9,2013-09-16 11:30:00,8.097026805555556,0.021758568569101678,0.02104947923243396,0.021122833998499298,0.020757743484001962,0.00029493200739113634,2013-09-24T13:49:43,0.01193822935793918,0.011038473822628547,0.011016984341698207,0.010410629589545067,0.00046071446738487454,0.02831516810274158,0.02652863156188872,0.026566210598494948,0.025167861471020143,0.0007892756521875535,125_1_BOA_LE07_228061_20130924
1.3966666666666667,115.30596666666666,"< 0,01",28,2,3.47,125,-2.255185,LG,-55.376673,II,0.3182,0.287,0.009999999999999787,0.012165640012471265,0.04537384099427895,38,1.2,3.05,35.00000000000003,3.48,4.1,56.18333333333333,F,0.007869712580718597,0.006964026199870053,0.006985966158404725,0.00598132238962952,0.0006504680247636877,9,2013-09-16 11:30:00,8.097303645833334,0.022107215456721917,0.02123843234303855,0.021496733249349552,0.02088777251696896,0.00037348114145796475,2013-09-24T13:50:07,0.011605810351935692,0.010820854151584345,0.010956340701092358,0.010438041333906727,0.0003421800612217077,0.028135385539443322,0.02661898859588398,0.026758927471754613,0.025016268321562684,0.0008528719901664768,125_1_BOA_LE07_228062_20130924
1.1349999999999998,76.98266666666667,"< 0,01",1,3,3.241,126,-2.255185,LG,-55.376673,II,0.2403,0.282,0.08899999999999997,0.012783164948601013,0.03906095876898796,38,3.5,2.94,35.49999999999997,3.33,4.1,55.349999999999994,F,0.0076676601823580815,0.006828130281697843,0.007194926767580056,0.005711834217152389,0.0006587996132896633,9,2013-09-16 11:30:00,8.097026805555556,0.021758568569101678,0.02104947923243396,0.021122833998499298,0.020757743484001962,0.00029493200739113634,2013-09-24T13:49:43,0.01193822935793918,0.011038473822628547,0.011016984341698207,0.010410629589545067,0.00046071446738487454,0.02831516810274158,0.02652863156188872,0.026566210598494948,0.025167861471020143,0.0007892756521875535,126_1_BOA_LE07_228061_20130924
1.1349999999999998,76.98266666666667,"< 0,01",28,3,3.241,126,-2.255185,LG,-55.376673,II,0.2403,0.282,0.08899999999999997,0.012783164948601013,0.03906095876898796,38,3.5,2.94,35.49999999999997,3.33,4.1,55.349999999999994,F,0.007869712580718597,0.006964026199870053,0.006985966158404725,0.00598132238962952,0.0006504680247636877,9,2013-09-16 11:30:00,8.097303645833334,0.022107215456721917,0.02123843234303855,0.021496733249349552,0.02088777251696896,0.00037348114145796475,2013-09-24T13:50:07,0.011605810351935692,0.010820854151584345,0.010956340701092358,0.010438041333906727,0.0003421800612217077,0.028135385539443322,0.02661898859588398,0.026758927471754613,0.025016268321562684,0.0008528719901664768,126_1_BOA_LE07_228062_20130924
1.4622222222222223,105.10323333333335,"< 0,01",1,1,3.586,127,-2.255185,LG,-55.376673,II,0.4379,0.386,0.391,0.021320504157839842,0.061747879266127445,38,0.2,2.89,33.499999999999986,3.977,4.1,58.44444444444444,F,0.0076676601823580815,0.006828130281697843,0.007194926767580056,0.005711834217152389,0.0006587996132896633,9,2013-09-16 11:30:00,8.097026805555556,0.021758568569101678,0.02104947923243396,0.021122833998499298,0.020757743484001962,0.00029493200739113634,2013-09-24T13:49:43,0.01193822935793918,0.011038473822628547,0.011016984341698207,0.010410629589545067,0.00046071446738487454,0.02831516810274158,0.02652863156188872,0.026566210598494948,0.025167861471020143,0.0007892756521875535,127_1_BOA_LE07_228061_20130924
1.4622222222222223,105.10323333333335,"< 0,01",28,1,3.586,127,-2.255185,LG,-55.376673,II,0.4379,0.386,0.391,0.021320504157839842,0.061747879266127445,38,0.2,2.89,33.499999999999986,3.977,4.1,58.44444444444444,F,0.007869712580718597,0.006964026199870053,0.006985966158404725,0.00598132238962952,0.0006504680247636877,9,2013-09-16 11:30:00,8.097303645833334,0.022107215456721917,0.02123843234303855,0.021496733249349552,0.02088777251696896,0.00037348114145796475,2013-09-24T13:50:07,0.011605810351935692,0.010820854151584345,0.010956340701092358,0.010438041333906727,0.0003421800612217077,0.028135385539443322,0.02661898859588398,0.026758927471754613,0.025016268321562684,0.0008528719901664768,127_1_BOA_LE07_228062_20130924
1.1549999999999998,111.14663333333333,"< 0,01",1,2,5.603,128,-2.221738,LG,-55.270194,II,0.4968,0.4534,0.39400000000000013,0.05543499704083645,0.05543499704083645,4,1.5,3.3,26.800000000000047,5.997,4.3,32.45,F,0.004430564938126052,0.003252052734262056,0.0030498808989537253,0.0021431382546291157,0.0006431641492836666,9,2013-09-17 15:45:00,6.919943472222222,0.017571843786235976,0.016630776722326362,0.01666644019324771,0.015813079658550663,0.0005118689116314071,2013-09-24T13:49:43,0.008270660917815318,0.007125317050249451,0.006785619826297624,0.005412908962034085,0.0009992549774988056,0.01622015591777646,0.015347016579012052,0.015460577183123577,0.014395453690307265,0.0006215971177156747,128_1_BOA_LE07_228061_20130924
1.1549999999999998,111.14663333333333,"< 0,01",28,2,5.603,128,-2.221738,LG,-55.270194,II,0.4968,0.4534,0.39400000000000013,0.05543499704083645,0.05543499704083645,4,1.5,3.3,26.800000000000047,5.997,4.3,32.45,F,0.0039463566970362116,0.0031643652025669412,0.0030324268429396915,0.0023458914579424436,0.0004582164489306408,9,2013-09-17 15:45:00,6.9202203125,0.017940652676415345,0.016947688948053433,0.017127972893874892,0.01578803022655749,0.000601392214317385,2013-09-24T13:50:07,0.007457253726364049,0.006890435601174391,0.006645320282314654,0.006086363112252916,0.0004598284934429564,0.016244877792955977,0.015571248049321838,0.015599561222012424,0.014634183051078577,0.0005483673376470916,128_1_BOA_LE07_228062_20130924
0.9766666666666666,53.428900000000006,"< 0,01",1,3,4.142,129,-2.221738,LG,-55.270194,II,0.331,0.3105,0.6079999999999997,0.04865897111344817,0.053856776484513716,4,3.5,3.28,26.400000000000034,4.75,4.3,28.599999999999998,F,0.004430564938126052,0.003252052734262056,0.0030498808989537253,0.0021431382546291157,0.0006431641492836666,9,2013-09-17 15:45:00,6.919943472222222,0.017571843786235976,0.016630776722326362,0.01666644019324771,0.015813079658550663,0.0005118689116314071,2013-09-24T13:49:43,0.008270660917815318,0.007125317050249451,0.006785619826297624,0.005412908962034085,0.0009992549774988056,0.01622015591777646,0.015347016579012052,0.015460577183123577,0.014395453690307265,0.0006215971177156747,129_1_BOA_LE07_228061_20130924
0.9766666666666666,53.428900000000006,"< 0,01",28,3,4.142,129,-2.221738,LG,-55.270194,II,0.331,0.3105,0.6079999999999997,0.04865897111344817,0.053856776484513716,4,3.5,3.28,26.400000000000034,4.75,4.3,28.599999999999998,F,0.0039463566970362116,0.0031643652025669412,0.0030324268429396915,0.0023458914579424436,0.0004582164489306408,9,2013-09-17 15:45:00,6.9202203125,0.017940652676415345,0.016947688948053433,0.017127972893874892,0.01578803022655749,0.000601392214317385,2013-09-24T13:50:07,0.007457253726364049,0.006890435601174391,0.006645320282314654,0.006086363112252916,0.0004598284934429564,0.016244877792955977,0.015571248049321838,0.015599561222012424,0.014634183051078577,0.0005483673376470916,129_1_BOA_LE07_228062_20130924
1.7122222222222223,56.16885,0.7451000000000026,1,1,4.002,130,-2.245385,LG,-55.24066,II,0.3699,0.2717,0.133,0.027618859735648055,0.027618859735648055,2,0.2,3.2,4.571428571428583,4.135,3.7,12.233333333333334,F,0.0008556283821226675,0.0002451727273884841,0.000288129243800804,-0.00028178357434720074,0.0003341302955219384,9,2013-09-17 12:50:00,7.04147125,0.012953016677305182,0.011772446763378287,0.01176306919593579,0.0105228571642819,0.0007262691767449377,2013-09-24T13:49:43,0.0056209760701918556,0.004857817698369577,0.004898997414983855,0.004336023935762587,0.00041432947338336274,0.013826180901790091,0.01301172552406166,0.01308559337368636,0.012216202622473398,0.0005111972526645748,130_1_BOA_LE07_228061_20130924
1.7122222222222223,56.16885,0.7451000000000026,28,1,4.002,130,-2.245385,LG,-55.24066,II,0.3699,0.2717,0.133,0.027618859735648055,0.027618859735648055,2,0.2,3.2,4.571428571428583,4.135,3.7,12.233333333333334,F,0.0010888319970219947,0.0002517443493586415,3.931225056096402e-05,-0.00033953779589305025,0.00048124262976922066,9,2013-09-17 12:50:00,7.041748090277777,0.01276734753298817,0.011796138717031422,0.01175620598879579,0.011430939129348519,0.0003827819894790701,2013-09-24T13:50:07,0.005347592401038576,0.004690662739205619,0.004654295332456062,0.004199711568344602,0.00036650387698188415,0.01434048358487942,0.013272612498583724,0.013101947887040707,0.012767915153108218,0.0005575722965623094,130_1_BOA_LE07_228062_20130924
1.1380000000000001,101.60123333333335,"< 0,01",1,1,5.484,132,-2.221738,LG,-55.270194,II,0.4802,0.44310000000000005,0.5460000000000003,0.054851766386215015,0.059183270862102975,4,0.2,3.3,27.600000000000012,6.03,4.3,32.28,F,0.004430564938126052,0.003252052734262056,0.0030498808989537253,0.0021431382546291157,0.0006431641492836666,9,2013-09-17 15:45:00,6.919943472222222,0.017571843786235976,0.016630776722326362,0.01666644019324771,0.015813079658550663,0.0005118689116314071,2013-09-24T13:49:43,0.008270660917815318,0.007125317050249451,0.006785619826297624,0.005412908962034085,0.0009992549774988056,0.01622015591777646,0.015347016579012052,0.015460577183123577,0.014395453690307265,0.0006215971177156747,132_1_BOA_LE07_228061_20130924
1.1380000000000001,101.60123333333335,"< 0,01",28,1,5.484,132,-2.221738,LG,-55.270194,II,0.4802,0.44310000000000005,0.5460000000000003,0.054851766386215015,0.059183270862102975,4,0.2,3.3,27.600000000000012,6.03,4.3,32.28,F,0.0039463566970362116,0.0031643652025669412,0.0030324268429396915,0.0023458914579424436,0.0004582164489306408,9,2013-09-17 15:45:00,6.9202203125,0.017940652676415345,0.016947688948053433,0.017127972893874892,0.01578803022655749,0.000601392214317385,2013-09-24T13:50:07,0.007457253726364049,0.006890435601174391,0.006645320282314654,0.006086363112252916,0.0004598284934429564,0.016244877792955977,0.015571248049321838,0.015599561222012424,0.014634183051078577,0.0005483673376470916,132_1_BOA_LE07_228062_20130924
0.8775,21.006849999999996,"< 0,01",1,1,2.982,133,-2.166034,LG,-55.233215,II,0.23309999999999997,0.2236,0.22699999999999987,0.050895049415382206,0.1025843361609785,42,0.2,3.18,68.49999999999994,3.209,3.0,36.55,F,0.006481439331394556,-0.010903662807031665,-0.0025808277429710917,-0.0422568602131817,0.015542460668496462,9,2013-09-17 11:45:00,7.086610138888889,0.022849984971042937,0.00373222304774052,0.012307893611983783,-0.02971205884593458,0.016833155950002194,2013-09-24T13:49:43,0.028490171352883516,0.01916091092032161,0.019360744593759263,0.010754816163700533,0.005975120386000444,0.029902517834261892,0.007794105487553766,0.016818122305536844,-0.027609903239252085,0.018490577631538135,133_1_BOA_LE07_228061_20130924
0.85,59.787875,"< 0,01",1,2,3.525,134,-2.2035,LG,-55.236138,II,0.36979999999999996,0.28550000000000003,0.7709999999999995,0.03954130657908446,0.04300651015979483,43,2.0,3.09,22.49999999999995,4.295999999999999,4.3,15.9,F,0.005063199764213287,0.004278541798586276,0.00416675627188616,0.003320632854350289,0.0005115120099118659,9,2013-09-17 10:45:00,7.128276805555555,0.018982169591378422,0.018535309375111976,0.01852973239148516,0.018080271768437736,0.0002491747955795916,2013-09-24T13:49:43,0.007556175016576329,0.007033538356350773,0.007056452556106551,0.006419583110717841,0.0003537971778205489,0.0188736268121964,0.018435397044476495,0.01840089937705903,0.017988355804901685,0.0002882066956715675,134_1_BOA_LE07_228061_20130924
0.85,59.787875,"< 0,01",28,2,3.525,134,-2.2035,LG,-55.236138,II,0.36979999999999996,0.28550000000000003,0.7709999999999995,0.03954130657908446,0.04300651015979483,43,2.0,3.09,22.49999999999995,4.295999999999999,4.3,15.9,F,0.004772113732702116,0.004196168086661735,0.0041453189584372205,0.0035907180516594646,0.0003416393696509829,9,2013-09-17 10:45:00,7.128553645833334,0.01943393087323608,0.018469764139415056,0.018428307139215488,0.017697076958654766,0.0005044624319202208,2013-09-24T13:50:07,0.007982061114400814,0.006873375624906011,0.0068235626608978694,0.0061358976113291,0.0004923849374790777,0.019101782724172057,0.018434723708330922,0.01855910446632501,0.017686357270753263,0.0004397126279597627,134_1_BOA_LE07_228062_20130924
,58.976699999999994,"< 0,01",1,3,3.456,135,-2.2035,LG,-55.236138,II,0.2949,0.22949999999999998,"< 0,001",0.02073704563423827,0.025646084040244623,43,3.5,3.22,24.00000000000006,3.389,4.3,,F,0.005063199764213287,0.004278541798586276,0.00416675627188616,0.003320632854350289,0.0005115120099118659,9,2013-09-17 10:45:00,7.128276805555555,0.018982169591378422,0.018535309375111976,0.01852973239148516,0.018080271768437736,0.0002491747955795916,2013-09-24T13:49:43,0.007556175016576329,0.007033538356350773,0.007056452556106551,0.006419583110717841,0.0003537971778205489,0.0188736268121964,0.018435397044476495,0.01840089937705903,0.017988355804901685,0.0002882066956715675,135_1_BOA_LE07_228061_20130924
,58.976699999999994,"< 0,01",28,3,3.456,135,-2.2035,LG,-55.236138,II,0.2949,0.22949999999999998,"< 0,001",0.02073704563423827,0.025646084040244623,43,3.5,3.22,24.00000000000006,3.389,4.3,,F,0.004772113732702116,0.004196168086661735,0.0041453189584372205,0.0035907180516594646,0.0003416393696509829,9,2013-09-17 10:45:00,7.128553645833334,0.01943393087323608,0.018469764139415056,0.018428307139215488,0.017697076958654766,0.0005044624319202208,2013-09-24T13:50:07,0.007982061114400814,0.006873375624906011,0.0068235626608978694,0.0061358976113291,0.0004923849374790777,0.019101782724172057,0.018434723708330922,0.01855910446632501,0.017686357270753263,0.0004397126279597627,135_1_BOA_LE07_228062_20130924
0.84375,72.77955,"< 0,01",1,1,3.333,136,-2.2035,LG,-55.236138,II,0.2784,0.247,0.806,0.03649635036496351,0.03649635036496351,43,0.2,3.09,23.000000000000032,4.139,4.3,15.8875,F,0.005063199764213287,0.004278541798586276,0.00416675627188616,0.003320632854350289,0.0005115120099118659,9,2013-09-17 10:45:00,7.128276805555555,0.018982169591378422,0.018535309375111976,0.01852973239148516,0.018080271768437736,0.0002491747955795916,2013-09-24T13:49:43,0.007556175016576329,0.007033538356350773,0.007056452556106551,0.006419583110717841,0.0003537971778205489,0.0188736268121964,0.018435397044476495,0.01840089937705903,0.017988355804901685,0.0002882066956715675,136_1_BOA_LE07_228061_20130924
0.84375,72.77955,"< 0,01",28,1,3.333,136,-2.2035,LG,-55.236138,II,0.2784,0.247,0.806,0.03649635036496351,0.03649635036496351,43,0.2,3.09,23.000000000000032,4.139,4.3,15.8875,F,0.004772113732702116,0.004196168086661735,0.0041453189584372205,0.0035907180516594646,0.0003416393696509829,9,2013-09-17 10:45:00,7.128553645833334,0.01943393087323608,0.018469764139415056,0.018428307139215488,0.017697076958654766,0.0005044624319202208,2013-09-24T13:50:07,0.007982061114400814,0.006873375624906011,0.0068235626608978694,0.0061358976113291,0.0004923849374790777,0.019101782724172057,0.018434723708330922,0.01855910446632501,0.017686357270753263,0.0004397126279597627,136_1_BOA_LE07_228062_20130924
0.7433333333333333,48.440175,"< 0,01",1,2,4.273,138,-2.25127,LG,-55.14622,II,0.40739999999999993,0.35120000000000007,0.06600000000000072,0.038074570921286244,0.038074570921286244,1,1.5,3.46,22.49999999999995,4.339,,25.266666666666666,F,0.006156120397844758,0.005281793678195305,0.005351514151192189,0.0036094828236339915,0.0008347310872904411,9,2013-09-18 11:09:05,6.111552268518518,0.0210534744573884,0.020120484791689548,0.020187723873009975,0.019194382403159807,0.0005916290531509898,2013-09-24T13:49:43,0.011908877922246684,0.01111402776198789,0.011312091959807861,0.010103316590713462,0.0005488225791440209,0.02526985046089498,0.023821465231382056,0.023804543603103565,0.0228780908865892,0.0006552512673603048,138_1_BOA_LE07_228061_20130924
0.7433333333333333,48.440175,"< 0,01",28,2,4.273,138,-2.25127,LG,-55.14622,II,0.40739999999999993,0.35120000000000007,0.06600000000000072,0.038074570921286244,0.038074570921286244,1,1.5,3.46,22.49999999999995,4.339,,25.266666666666666,F,0.005906570964555373,0.005574974414781619,0.0056598727929631845,0.004929816890204965,0.0002945491518300909,9,2013-09-18 11:09:05,6.111829108796297,0.020726849261325897,0.019961976264587792,0.01999111079875356,0.019083854986616362,0.0004530119541801346,2013-09-24T13:50:07,0.01228194193664214,0.011455985103032407,0.01137209870275352,0.011029950693502134,0.00038618952315020534,0.02451533106959546,0.023992773385947193,0.02404923687046217,0.023045043552555624,0.0004430095886881111,138_1_BOA_LE07_228062_20130924
0.7375,46.1891,"< 0,01",1,3,4.483,139,-2.25127,LG,-55.14622,II,0.40739999999999993,0.3669,"< 0,001",0.03600181771085444,0.051884000789110284,1,3.0,3.1,22.99999999999996,4.181,,37.85,F,0.006156120397844758,0.005281793678195305,0.005351514151192189,0.0036094828236339915,0.0008347310872904411,9,2013-09-18 11:09:05,6.111552268518518,0.0210534744573884,0.020120484791689548,0.020187723873009975,0.019194382403159807,0.0005916290531509898,2013-09-24T13:49:43,0.011908877922246684,0.01111402776198789,0.011312091959807861,0.010103316590713462,0.0005488225791440209,0.02526985046089498,0.023821465231382056,0.023804543603103565,0.0228780908865892,0.0006552512673603048,139_1_BOA_LE07_228061_20130924
0.7375,46.1891,"< 0,01",28,3,4.483,139,-2.25127,LG,-55.14622,II,0.40739999999999993,0.3669,"< 0,001",0.03600181771085444,0.051884000789110284,1,3.0,3.1,22.99999999999996,4.181,,37.85,F,0.005906570964555373,0.005574974414781619,0.0056598727929631845,0.004929816890204965,0.0002945491518300909,9,2013-09-18 11:09:05,6.111829108796297,0.020726849261325897,0.019961976264587792,0.01999111079875356,0.019083854986616362,0.0004530119541801346,2013-09-24T13:50:07,0.01228194193664214,0.011455985103032407,0.01137209870275352,0.011029950693502134,0.00038618952315020534,0.02451533106959546,0.023992773385947193,0.02404923687046217,0.023045043552555624,0.0004430095886881111,139_1_BOA_LE07_228062_20130924
0.7395999999999999,46.7363,"< 0,01",1,1,4.503,140,-2.25127,LG,-55.14622,II,0.4538,0.3164,"< 0,001",0.027678960179155145,0.038074570921286244,1,0.2,3.34,23.999999999999993,4.083,3.7,24.791999999999998,F,0.006156120397844758,0.005281793678195305,0.005351514151192189,0.0036094828236339915,0.0008347310872904411,9,2013-09-18 11:09:05,6.111552268518518,0.0210534744573884,0.020120484791689548,0.020187723873009975,0.019194382403159807,0.0005916290531509898,2013-09-24T13:49:43,0.011908877922246684,0.01111402776198789,0.011312091959807861,0.010103316590713462,0.0005488225791440209,0.02526985046089498,0.023821465231382056,0.023804543603103565,0.0228780908865892,0.0006552512673603048,140_1_BOA_LE07_228061_20130924
0.7395999999999999,46.7363,"< 0,01",28,1,4.503,140,-2.25127,LG,-55.14622,II,0.4538,0.3164,"< 0,001",0.027678960179155145,0.038074570921286244,1,0.2,3.34,23.999999999999993,4.083,3.7,24.791999999999998,F,0.005906570964555373,0.005574974414781619,0.0056598727929631845,0.004929816890204965,0.0002945491518300909,9,2013-09-18 11:09:05,6.111829108796297,0.020726849261325897,0.019961976264587792,0.01999111079875356,0.019083854986616362,0.0004530119541801346,2013-09-24T13:50:07,0.01228194193664214,0.011455985103032407,0.01137209870275352,0.011029950693502134,0.00038618952315020534,0.02451533106959546,0.023992773385947193,0.02404923687046217,0.023045043552555624,0.0004430095886881111,140_1_BOA_LE07_228062_20130924
,58.332133333333324,"< 0,01",1,1,3.533,141,-2.292999,LG,-55.199011,II,0.32170000000000004,0.33299999999999996,0.9339999999999997,0.029869122881594667,0.0570132175971592,44,0.2,2.43,32.40000000000004,4.467,4.2,,F,-0.05662527731651215,-0.06361740969136406,-0.06145444877747538,-0.07738714314979643,0.006017823672745782,9,2013-09-18 09:40:00,6.1734156944444445,-0.044368715628774244,-0.05189395135523081,-0.049960212237488366,-0.0661616914288932,0.006521102891466971,2013-09-24T13:49:43,0.06445242017480146,0.04660663513557851,0.04784948555800312,0.01896769878907978,0.014543301123591404,-0.04963714329154524,-0.05375432821358003,-0.05148163375949293,-0.064848484871715,0.004622554773012105,141_1_BOA_LE07_228061_20130924
,58.332133333333324,"< 0,01",28,1,3.533,141,-2.292999,LG,-55.199011,II,0.32170000000000004,0.33299999999999996,0.9339999999999997,0.029869122881594667,0.0570132175971592,44,0.2,2.43,32.40000000000004,4.467,4.2,,F,-0.057214681532831865,-0.06730127222699687,-0.06609090770434167,-0.08647046924352292,0.00927249058265926,9,2013-09-18 09:40:00,6.173692534722222,-0.045382339793710556,-0.05563207661878241,-0.054410402087809485,-0.07407645285307428,0.009257899973535955,2013-09-24T13:50:07,0.0646147885569742,0.039156782088357725,0.038578323857688876,0.005564169817913023,0.019113298469010692,-0.04948281266704446,-0.05632732972796029,-0.05505869764316318,-0.07086768661999929,0.006707499410462496,141_1_BOA_LE07_228062_20130924
1.6354545454545457,101.51129999999998,"< 0,01",52,1,3.613,142,-2.242784,LG,-55.066126,II,0.2637,0.2685,"< 0,001",0.03294535411323733,0.03294535411323733,45,0.2,2.37,16.400000000000027,3.416,8.4,< LD,F,0.007295499152895667,-0.002479183726458712,0.0047385494798531675,-0.04960609357784679,0.01902430789435098,9,2013-09-18 13:00:00,15.030600127314814,0.019138618676794554,0.0091725067610968,0.0163623999196491,-0.037633184152911635,0.018848978084830593,2013-10-03T13:44:03,0.02605187654062728,0.014905322386302789,0.013163407371437627,0.008342214245454591,0.005211412466137216,0.021516764896999004,0.01128491751441899,0.018892192459929128,-0.03663790422688952,0.01905557279520846,142_1_BOA_LE07_227062_20131003
1.6354545454545457,101.51129999999998,"< 0,01",1,1,3.613,142,-2.242784,LG,-55.066126,II,0.2637,0.2685,"< 0,001",0.03294535411323733,0.03294535411323733,45,0.2,2.37,16.400000000000027,3.416,8.4,< LD,F,-0.006067319615370704,-0.03078690767961583,-0.03040983196795754,-0.059250145057501216,0.017941848842582018,9,2013-09-18 13:00:00,6.034526805555555,0.006773418266894659,-0.01922566310802879,-0.018882187112408848,-0.04991951275564337,0.018808047756998576,2013-09-24T13:49:43,0.015953545074049398,0.01098983811512886,0.01078870354008261,0.006249732641432686,0.0032524016766757326,0.008174512542389944,-0.01647687016703896,-0.014749996975815236,-0.04524365941488727,0.01783838894108746,142_1_BOA_LE07_228061_20130924
1.6354545454545457,101.51129999999998,"< 0,01",28,1,3.613,142,-2.242784,LG,-55.066126,II,0.2637,0.2685,"< 0,001",0.03294535411323733,0.03294535411323733,45,0.2,2.37,16.400000000000027,3.416,8.4,< LD,F,5.7303240324501487e-05,-0.0042988226000764875,-0.0018632885411076633,-0.027945214693152462,0.0083539414956804,9,2013-09-18 13:00:00,6.034803645833334,0.012149044246723893,0.008301692157628512,0.010746100103958708,-0.016417656013669873,0.008720466709264768,2013-09-24T13:50:07,0.013648910908393784,0.010239602371592637,0.009481924932926388,0.007304411787564389,0.0020449642295653635,0.014371358479223318,0.009912869839088248,0.01211219726008134,-0.014211855990129484,0.008577543439418389,142_1_BOA_LE07_228062_20130924
1.14,8.426428571428573,0.07022857142857118,52,1,3.414,143,-2.180361111111111,AM,-55.016444444444446,II,0.2484,0.2683,0.03200000000000003,0.017457726174062167,0.03333990925231801,46,0.2,2.4,35.60000000000002,3.446,,31.166666666666668,F,0.006955188172358826,0.005991814978986412,0.00586366426022346,0.0049043755213861034,0.0006093380859037203,9,2013-09-18 15:00:00,14.947266793981482,0.016840866602137808,0.015891002268110997,0.015932578142046724,0.014998744904037473,0.0006304013597487328,2013-10-03T13:44:03,0.007134403098158787,0.00632449778553347,0.00614267028363563,0.005756735717274155,0.0004632124629605551,0.024673419488415244,0.024085289385920798,0.024054484812744914,0.02356658377699411,0.0003198746099256821,143_1_BOA_LE07_227062_20131003
1.14,8.426428571428573,0.07022857142857118,1,1,3.414,143,-2.180361111111111,AM,-55.016444444444446,II,0.2484,0.2683,0.03200000000000003,0.017457726174062167,0.03333990925231801,46,0.2,2.4,35.60000000000002,3.446,,31.166666666666668,F,-1.5565094364851373e-05,-0.0010926921770433532,-0.001066119789213768,-0.0020418443220384247,0.000614074060304693,9,2013-09-18 15:00:00,5.951193472222222,0.01190137130416859,0.010668001443873594,0.010601389701595978,0.00982213820591259,0.0006811095853391739,2013-09-24T13:49:43,0.005589164581358143,0.004985260495338188,0.004977849179820262,0.004086690387241448,0.0004455179781399775,0.021434615662532987,0.02074432051347448,0.02077656061124356,0.019642223815185603,0.0005305395164546025,143_1_BOA_LE07_228061_20130924
4.7,5.1520399999999995,2.8411999999999993,23,1,4.139333333333333,144,-2.262013,PQ,-55.456187,III,0.44006666666666666,0.3319666666666667,1.3036666666666668,0.06834267223537248,0.06161641612415334,13,0.2,2.11,6.000000000000013,5.4430000000000005,,60.29999999999999,HW,0.007128339842533472,0.005911538459824166,0.006086640025963203,0.004946504522990801,0.0007249294139023719,9,2014-05-27 17:30:00,10.848198344907408,0.009870079732776909,0.009165321768797382,0.00902778753269847,0.008035977055534136,0.000537770485362035,2014-06-07T13:51:24,0.004860040976470147,0.004115066277727312,0.004018916507839658,0.0034135501706006174,0.0005007249501157382,0.01178492479229583,0.01110877073216397,0.010869782423624054,0.010450889336882381,0.0005443947899970085,144_1_BOA_LE07_228061_20140607
4.7,5.1520399999999995,2.8411999999999993,42,1,4.139333333333333,144,-2.262013,PQ,-55.456187,III,0.44006666666666666,0.3319666666666667,1.3036666666666668,0.06834267223537248,0.06161641612415334,13,0.2,2.11,6.000000000000013,5.4430000000000005,,60.29999999999999,HW,0.009526960569699691,0.006596582060927077,0.0064442041694370384,0.005427916772421507,0.0013361556783351195,9,2014-05-27 17:30:00,10.848475185185185,0.012709913414449943,0.009728639921760084,0.009753072719822268,0.008289733759449422,0.0013264475957243723,2014-06-07T13:51:48,0.0065792270627050365,0.004043349735164982,0.003880745189354877,0.0028961977404107567,0.0011795010805372035,0.01337998955217792,0.011137825492655155,0.011273472818277733,0.009518109185402725,0.0011734629237730098,144_1_BOA_LE07_228062_20140607
4.5,2.3804799999999995,0.39242000000000044,23,2,3.949666666666667,145,-2.262013,PQ,-55.456187,III,0.41653333333333337,0.309,0.4675,0.3635430210593805,0.26224760932465313,13,2.8,1.88,6.571428571428561,4.1786666666666665,,59.7,HW,0.007128339842533472,0.005911538459824166,0.006086640025963203,0.004946504522990801,0.0007249294139023719,9,2014-05-27 17:30:00,10.848198344907408,0.009870079732776909,0.009165321768797382,0.00902778753269847,0.008035977055534136,0.000537770485362035,2014-06-07T13:51:24,0.004860040976470147,0.004115066277727312,0.004018916507839658,0.0034135501706006174,0.0005007249501157382,0.01178492479229583,0.01110877073216397,0.010869782423624054,0.010450889336882381,0.0005443947899970085,145_1_BOA_LE07_228061_20140607
4.5,2.3804799999999995,0.39242000000000044,42,2,3.949666666666667,145,-2.262013,PQ,-55.456187,III,0.41653333333333337,0.309,0.4675,0.3635430210593805,0.26224760932465313,13,2.8,1.88,6.571428571428561,4.1786666666666665,,59.7,HW,0.009526960569699691,0.006596582060927077,0.0064442041694370384,0.005427916772421507,0.0013361556783351195,9,2014-05-27 17:30:00,10.848475185185185,0.012709913414449943,0.009728639921760084,0.009753072719822268,0.008289733759449422,0.0013264475957243723,2014-06-07T13:51:48,0.0065792270627050365,0.004043349735164982,0.003880745189354877,0.0028961977404107567,0.0011795010805372035,0.01337998955217792,0.011137825492655155,0.011273472818277733,0.009518109185402725,0.0011734629237730098,145_1_BOA_LE07_228062_20140607
3.6,2.1700399999999997,0.2283800000000002,23,3,3.8783333333333334,146,-2.262013,PQ,-55.456187,III,0.39270000000000005,0.30066666666666664,1.297666666666667,0.06732632948057495,0.07062551640691787,13,7.0,2.14,16.857142857142826,5.176000000000001,,48.3,HW,0.007128339842533472,0.005911538459824166,0.006086640025963203,0.004946504522990801,0.0007249294139023719,9,2014-05-27 17:30:00,10.848198344907408,0.009870079732776909,0.009165321768797382,0.00902778753269847,0.008035977055534136,0.000537770485362035,2014-06-07T13:51:24,0.004860040976470147,0.004115066277727312,0.004018916507839658,0.0034135501706006174,0.0005007249501157382,0.01178492479229583,0.01110877073216397,0.010869782423624054,0.010450889336882381,0.0005443947899970085,146_1_BOA_LE07_228061_20140607
3.6,2.1700399999999997,0.2283800000000002,42,3,3.8783333333333334,146,-2.262013,PQ,-55.456187,III,0.39270000000000005,0.30066666666666664,1.297666666666667,0.06732632948057495,0.07062551640691787,13,7.0,2.14,16.857142857142826,5.176000000000001,,48.3,HW,0.009526960569699691,0.006596582060927077,0.0064442041694370384,0.005427916772421507,0.0013361556783351195,9,2014-05-27 17:30:00,10.848475185185185,0.012709913414449943,0.009728639921760084,0.009753072719822268,0.008289733759449422,0.0013264475957243723,2014-06-07T13:51:48,0.0065792270627050365,0.004043349735164982,0.003880745189354877,0.0028961977404107567,0.0011795010805372035,0.01337998955217792,0.011137825492655155,0.011273472818277733,0.009518109185402725,0.0011734629237730098,146_1_BOA_LE07_228062_20140607
1.5109090909090908,4.527579999999999,1.08174,23,1,4.433,147,-2.251349,PQ,-55.543966,III,0.31656666666666666,0.19743333333333335,1.4610000000000003,0.05584591394821348,0.07174333385940686,7,0.2,2.09,8.857142857142874,5.894000000000001,,8.145454545454545,HW,0.007113755906379429,0.006340242604777693,0.006393700567914817,0.005206608813316363,0.0006987180763579786,9,2014-05-28 14:30:00,9.973198344907408,0.01065580357865386,0.010017271867528559,0.009956318060456926,0.009397142754839398,0.00041581615405588643,2014-06-07T13:51:24,0.004836563497258893,0.00401204078086216,0.004244873656357481,0.0026619225219453877,0.0006093180468189664,0.013100347179237547,0.011692166595599037,0.011492201907927536,0.010758308343063672,0.0006521566326999192,147_1_BOA_LE07_228061_20140607
1.5109090909090908,4.527579999999999,1.08174,42,1,4.433,147,-2.251349,PQ,-55.543966,III,0.31656666666666666,0.19743333333333335,1.4610000000000003,0.05584591394821348,0.07174333385940686,7,0.2,2.09,8.857142857142874,5.894000000000001,,8.145454545454545,HW,0.008010072630963587,0.00690112479952633,0.006904516347954144,0.005892508385826016,0.0006854515382046104,9,2014-05-28 14:30:00,9.973475185185185,0.011366390737365992,0.010617488459269894,0.010533307215722123,0.010082279064672397,0.0004474020535688683,2014-06-07T13:51:48,0.005181064571369577,0.004225610594389327,0.00399402185450908,0.0030194135203327086,0.0007438272908112876,0.013880144635471867,0.012294038718748627,0.012371188219170683,0.011463550179748637,0.0006377063854667909,147_1_BOA_LE07_228062_20140607
1.4466666666666665,2.31972,"< 0,001",23,1,3.1946666666666665,148,-2.240289,PQ,-55.582417,III,0.3774,0.23683333333333334,1.495,0.06569389510286776,0.06220809804695207,8,0.2,1.99,8.285714285714286,4.689666666666667,,7.883333333333333,HW,0.007365070876565911,0.006435644767317456,0.006344657400580607,0.005266195702002509,0.0007511578198442881,9,2014-05-28 16:00:00,9.910698344907408,0.010301349979062952,0.008992019287004084,0.009030455459421795,0.007839390938203003,0.0008093639141656452,2014-06-07T13:51:24,0.005489429974980277,0.004462950243036582,0.004496834906117276,0.0027437099326409293,0.0008014073647835244,0.013313554807309246,0.0115796102342108,0.01141662674926375,0.010259195659238288,0.001079020987824193,148_1_BOA_LE07_228061_20140607
1.4466666666666665,2.31972,"< 0,001",42,1,3.1946666666666665,148,-2.240289,PQ,-55.582417,III,0.3774,0.23683333333333334,1.495,0.06569389510286776,0.06220809804695207,8,0.2,1.99,8.285714285714286,4.689666666666667,,7.883333333333333,HW,0.008272757652155639,0.00715023621063572,0.007249128888903993,0.006035646730081173,0.00077500960160498,9,2014-05-28 16:00:00,9.910975185185185,0.010429485990674555,0.009416669118348672,0.009493120104863417,0.008411853489965631,0.0007175747057500543,2014-06-07T13:51:48,0.005871304347624,0.004848507263826794,0.004718895393414098,0.0032496213851568407,0.0008073750622565816,0.013454544237777814,0.011877180771752677,0.011732626178889306,0.01087202389794117,0.0008982880287828911,148_1_BOA_LE07_228062_20140607
1.245,4.38766,1.07824,42,1,3.632,150,-2.274821,PQ,-55.625139,III,0.37356666666666677,0.28333333333333327,1.2223333333333335,0.055543286397711576,0.07069097777339384,10,0.2,1.71,2.500000000000002,4.854333333333334,,0.1,HW,-0.0012050820686477746,-0.00896062470537202,-0.011139412439763477,-0.012295285321539067,0.004140735645850275,9,2014-05-28 17:30:00,9.848475185185185,-0.0005919206968730759,-0.006748683989043278,-0.008338651724485908,-0.009271039716929688,0.003223610984600613,2014-06-07T13:51:48,0.039057905559778436,0.026166955592009312,0.02745554846362164,0.011043163944880273,0.009035282072260028,-0.0009145267511163867,-0.00870066283071707,-0.011139763742857293,-0.01203908493099232,0.003962426816323418,150_1_BOA_LE07_228062_20140607
,4.6017399999999995,4.625920000000001,23,1,4.543,151,-2.229907,PQ,-55.495172,III,0.4998,0.4158,0.38949999999999996,0.022063812770996755,0.05984089399618597,11,0.2,1.76,10.571428571428557,4.561333333333333,,,HW,0.004609067344280078,0.0034362764533509317,0.003299624320867337,0.0020615910825933503,0.0008362814664220183,6,2014-05-28 11:45:00,10.087781678240741,0.008977482638193663,0.00797358804929823,0.007877986862092179,0.006774353027691592,0.0006756177277147938,2014-06-07T13:51:24,0.00294394173547911,0.0024314389370190016,0.002261754501956117,0.0018451026309990598,0.000354454704970656,0.01235394413492195,0.011747029870115491,0.011800736144940416,0.010505304677169296,0.0006096312349613334,151_1_BOA_LE07_228061_20140607
,4.6017399999999995,4.625920000000001,42,1,4.543,151,-2.229907,PQ,-55.495172,III,0.4998,0.4158,0.38949999999999996,0.022063812770996755,0.05984089399618597,11,0.2,1.76,10.571428571428557,4.561333333333333,,,HW,0.005410411767354652,0.004018595285041065,0.003601310906420036,0.0021153306501448185,0.0011924015712909135,6,2014-05-28 11:45:00,10.088058518518519,0.009470771519280951,0.008227399143467184,0.007632815614592038,0.0069975071420922165,0.0009081794182905117,2014-06-07T13:51:48,0.0028089928054153626,0.002227096147766641,0.0024976060780518734,0.0002501578787803896,0.000979362947060342,0.01276108552625635,0.011629893879171472,0.011545035910084427,0.00912964053433643,0.0011635194304472842,151_1_BOA_LE07_228062_20140607
1.3366666666666667,4.8853,0.6357800000000002,23,1,3.1616666666666666,152,-2.251349,PQ,-55.492699,III,0.3677333333333333,0.28673333333333334,1.3896666666666668,0.04496294574320807,0.047478180311698565,12,0.2,2.3,6.571428571428561,4.551333333333333,,4.566666666666666,HW,0.0042694703894736565,0.001842580188749403,0.0029077436330245216,-0.0014341914176605377,0.001796724320129863,9,2014-05-28 13:17:00,10.023892789351851,0.0064967407790949535,0.004776991706968253,0.005292475234948417,0.0018184221498204773,0.0014438204160893422,2014-06-07T13:51:24,0.014238507091086946,0.008501707810914616,0.0058975364415993934,0.0035414337859171223,0.003237091484126701,0.00859901741210678,0.0052992002169958115,0.006080728283621277,0.0014916056080216747,0.0020442180172439523,152_1_BOA_LE07_228061_20140607
1.3366666666666667,4.8853,0.6357800000000002,42,1,3.1616666666666666,152,-2.251349,PQ,-55.492699,III,0.3677333333333333,0.28673333333333334,1.3896666666666668,0.04496294574320807,0.047478180311698565,12,0.2,2.3,6.571428571428561,4.551333333333333,,4.566666666666666,HW,0.006033292383656727,0.0024417291789084715,0.0035093417487496387,-0.001182574289715176,0.002052190857028396,9,2014-05-28 13:17:00,10.024169629629629,0.008573397753882958,0.005132351928728153,0.006137772368543938,0.0015168397706754183,0.001957126109095315,2014-06-07T13:51:48,0.010762218324729667,0.008072284644483986,0.006301609311275486,0.0038766223930891764,0.002167413445722891,0.010729467867295844,0.005696744877487116,0.006881252000801675,0.0020536866012315132,0.002449896951139846,152_1_BOA_LE07_228062_20140607
,2.55496,0.9499600000000002,23,2,3.9730000000000003,153,-2.229907,PQ,-55.495172,III,0.44980000000000003,0.3591333333333333,0.9786666666666668,0.05318711636427409,0.08594728986650885,11,2.4,1.65,9.714285714285715,4.951666666666667,,,HW,0.004609067344280078,0.0034362764533509317,0.003299624320867337,0.0020615910825933503,0.0008362814664220183,6,2014-05-28 11:45:00,10.087781678240741,0.008977482638193663,0.00797358804929823,0.007877986862092179,0.006774353027691592,0.0006756177277147938,2014-06-07T13:51:24,0.00294394173547911,0.0024314389370190016,0.002261754501956117,0.0018451026309990598,0.000354454704970656,0.01235394413492195,0.011747029870115491,0.011800736144940416,0.010505304677169296,0.0006096312349613334,153_1_BOA_LE07_228061_20140607
,2.55496,0.9499600000000002,42,2,3.9730000000000003,153,-2.229907,PQ,-55.495172,III,0.44980000000000003,0.3591333333333333,0.9786666666666668,0.05318711636427409,0.08594728986650885,11,2.4,1.65,9.714285714285715,4.951666666666667,,,HW,0.005410411767354652,0.004018595285041065,0.003601310906420036,0.0021153306501448185,0.0011924015712909135,6,2014-05-28 11:45:00,10.088058518518519,0.009470771519280951,0.008227399143467184,0.007632815614592038,0.0069975071420922165,0.0009081794182905117,2014-06-07T13:51:48,0.0028089928054153626,0.002227096147766641,0.0024976060780518734,0.0002501578787803896,0.000979362947060342,0.01276108552625635,0.011629893879171472,0.011545035910084427,0.00912964053433643,0.0011635194304472842,153_1_BOA_LE07_228062_20140607
0.8320000000000001,4.059260000000001,4.3169999999999975,23,3,3.6139999999999994,154,-2.229907,PQ,-55.495172,III,0.39876666666666666,0.3142333333333333,0.4085000000000001,0.033986293258322475,0.07299269395673046,11,7.0,2.02,10.571428571428557,3.6253333333333337,,9.2,HW,0.004609067344280078,0.0034362764533509317,0.003299624320867337,0.0020615910825933503,0.0008362814664220183,6,2014-05-28 11:45:00,10.087781678240741,0.008977482638193663,0.00797358804929823,0.007877986862092179,0.006774353027691592,0.0006756177277147938,2014-06-07T13:51:24,0.00294394173547911,0.0024314389370190016,0.002261754501956117,0.0018451026309990598,0.000354454704970656,0.01235394413492195,0.011747029870115491,0.011800736144940416,0.010505304677169296,0.0006096312349613334,154_1_BOA_LE07_228061_20140607
0.8320000000000001,4.059260000000001,4.3169999999999975,42,3,3.6139999999999994,154,-2.229907,PQ,-55.495172,III,0.39876666666666666,0.3142333333333333,0.4085000000000001,0.033986293258322475,0.07299269395673046,11,7.0,2.02,10.571428571428557,3.6253333333333337,,9.2,HW,0.005410411767354652,0.004018595285041065,0.003601310906420036,0.0021153306501448185,0.0011924015712909135,6,2014-05-28 11:45:00,10.088058518518519,0.009470771519280951,0.008227399143467184,0.007632815614592038,0.0069975071420922165,0.0009081794182905117,2014-06-07T13:51:48,0.0028089928054153626,0.002227096147766641,0.0024976060780518734,0.0002501578787803896,0.000979362947060342,0.01276108552625635,0.011629893879171472,0.011545035910084427,0.00912964053433643,0.0011635194304472842,154_1_BOA_LE07_228062_20140607
0.7076923076923076,3.48264,2.6949199999999984,23,1,3.045,155,-2.170323,GP,-55.493823,III,0.31416666666666665,0.25643333333333335,0.9833333333333331,0.07734249153679226,0.06931006753468798,14,0.2,2.07,5.999999999999995,4.028333333333333,,14.561538461538465,HW,0.008660989948880812,0.008143052150898606,0.008145846065876502,0.007439322606691764,0.00033774011030191593,9,2014-05-29 10:45:00,9.129448344907408,0.014878556815818622,0.01425817106303504,0.01426543288712292,0.0136132638731712,0.00041020037993750496,2014-06-07T13:51:24,0.005409906871044563,0.005147311883339397,0.005262679518812404,0.004703208233382385,0.00020379101292257253,0.02114994949079295,0.020231350853544206,0.02021478055618742,0.018866420887730703,0.0006488001282609963,155_1_BOA_LE07_228061_20140607
0.7076923076923076,3.48264,2.6949199999999984,42,1,3.045,155,-2.170323,GP,-55.493823,III,0.31416666666666665,0.25643333333333335,0.9833333333333331,0.07734249153679226,0.06931006753468798,14,0.2,2.07,5.999999999999995,4.028333333333333,,14.561538461538465,HW,0.009479299600246384,0.008727081414209721,0.00866126430872323,0.007958040207610168,0.0004200253949649655,9,2014-05-29 10:45:00,9.129725185185185,0.015609612871368635,0.014731418357695179,0.014570569736399194,0.01410520773084101,0.0004629698283302482,2014-06-07T13:51:48,0.005815641664191607,0.005299620361634031,0.00534556384977012,0.005094275378851445,0.00021946623404937317,0.021324073680770005,0.020656208464030153,0.020939961993546724,0.019032941801267307,0.0006986085596332666,155_1_BOA_LE07_228062_20140607
1.2133333333333332,4.207380000000001,3.029780000000002,23,1,3.7456666666666667,156,-2.133265,GP,-55.488798,III,0.3654,0.3019,1.191,0.07244995834484119,0.06667967219043862,15,0.2,2.34,20.85714285714286,4.936666666666667,,19.566666666666666,HW,0.010891101169048373,0.009165594381866865,0.008897399237018879,0.007800006092544191,0.0009922366173557259,9,2014-05-29 11:50:00,9.084309456018518,0.01808468002308549,0.016714763573537374,0.01656735648816443,0.01564920736414123,0.0007493817024868081,2014-06-07T13:51:24,0.007632675177058354,0.006104119363937673,0.005902113884389248,0.005240165976002142,0.0007860148341454153,0.023977083535152623,0.02239335844216715,0.0219669901241615,0.021589852515871498,0.0008805638326694319,156_1_BOA_LE07_228061_20140607
1.21,1.0772400000000002,0.78596,23,1,3.7023333333333333,157,-2.070564,SN,-55.486853,III,0.3133666666666666,0.28826666666666667,1.3086666666666664,0.05502698648356122,0.06352350240021044,16,0.2,1.94,12.285714285714281,5.011,,12.6,HW,0.008926160308456402,0.0049910702995743335,0.004579977212936925,0.003425794082626725,0.0016117973927140161,9,2014-05-29 14:00:00,8.994031678240741,0.011844086077711216,0.007464960802326514,0.007136695997106421,0.005368992607534673,0.001943805351019118,2014-06-07T13:51:24,0.008377041853840434,0.0032525575157256723,0.0027062972701102006,0.0014853508477889188,0.0019679647900220742,0.015188962241805676,0.010218526332884515,0.009797622450801617,0.006737152418183392,0.0027887610318978453,157_1_BOA_LE07_228061_20140607
0.9533333333333333,1.2876599999999996,0.5924600000000004,23,1,3.4926666666666666,158,-2.037612,SN,-55.486403,III,0.38843333333333335,0.26876666666666665,1.2296666666666665,0.08828533734299755,0.08489520082856578,17,0.2,1.76,11.714285714285694,4.722333333333334,,10.766666666666666,HW,0.006682238473991759,0.006043110014624933,0.006164252863614446,0.005358815047674421,0.0004566987140325351,9,2014-05-29 15:00:00,8.952365011574074,0.01051396868153263,0.01008368494846975,0.010050120798350005,0.008766163603013742,0.0005247814037475937,2014-06-07T13:51:24,0.006087830748124276,0.005565329113824258,0.005611891361830122,0.0050333734595496196,0.0003541387173029822,0.014300774997270005,0.013912939800775119,0.01399058597653539,0.013122965700130078,0.00036508224104512665,158_1_BOA_LE07_228061_20140607
1.2146153846153847,4.163660000000001,0.6164000000000002,23,1,3.2313333333333336,159,-2.078954,SN,-55.526778,III,0.4698,0.2969333333333333,2.121333333333333,0.05829214336262095,0.10146650417570856,18,0.2,2.15,15.999999999999984,5.352666666666667,,15.176923076923073,HW,0.008431765929467915,0.007922508842354707,0.0077677414912137345,0.0072541806098344284,0.00042240468604908606,6,2014-05-29 17:14:00,8.859309456018519,0.01507641093515601,0.013885262300003764,0.01387517345745316,0.012875063327208686,0.0007771267501326289,2014-06-07T13:51:24,0.006303204999561524,0.0053386487093731476,0.0052735597384662245,0.004657519386048969,0.0005290529885010488,0.019305007205742183,0.019056793567186144,0.01903064522667137,0.01881546269284572,0.00015920678030793823,159_1_BOA_LE07_228061_20140607
1.495,1.5666400000000003,0.35846,23,1,4.4590000000000005,160,-2.095675,SN,-55.488855,III,0.5193666666666666,0.3630333333333334,0.6725,0.04927342695146282,0.07292685098967581,19,0.2,2.28,14.857142857142849,4.253,,12.8,HW,0.008200983619382776,0.007104205780376736,0.007222015186701679,0.0053583469727153015,0.0007535847061417227,9,2014-05-29 13:00:00,9.035698344907408,0.01257973273967017,0.011528264371898972,0.011530487168453209,0.010266702383622268,0.000665735819879717,2014-06-07T13:51:24,0.005362573567119928,0.00417537200505916,0.004307530591519006,0.0014666930927277706,0.0010496349154431386,0.01630368793496148,0.015219528732933581,0.01521021771283293,0.01338449706370453,0.0007798242144978405,160_1_BOA_LE07_228061_20140607
0.6366666666666667,4.36508,1.1263400000000008,23,2,3.4593333333333334,161,-2.133265,GP,-55.488798,III,0.3191,0.25853333333333334,1.0859999999999996,0.0688495,0.059511929506148475,15,1.6,2.3,21.142857142857157,4.545333333333333,,20.8,HW,0.010891101169048373,0.009165594381866865,0.008897399237018879,0.007800006092544191,0.0009922366173557259,9,2014-05-29 11:50:00,9.084309456018518,0.01808468002308549,0.016714763573537374,0.01656735648816443,0.01564920736414123,0.0007493817024868081,2014-06-07T13:51:24,0.007632675177058354,0.006104119363937673,0.005902113884389248,0.005240165976002142,0.0007860148341454153,0.023977083535152623,0.02239335844216715,0.0219669901241615,0.021589852515871498,0.0008805638326694319,161_1_BOA_LE07_228061_20140607
0.64,2.1667400000000003,2.31064,23,3,3.0253333333333337,162,-2.133265,GP,-55.488798,III,0.31993333333333335,0.2646,1.6639999999999997,0.07111717959569436,0.08877480522127967,15,6.0,2.27,20.85714285714286,4.689333333333334,,21.95,HW,0.010891101169048373,0.009165594381866865,0.008897399237018879,0.007800006092544191,0.0009922366173557259,9,2014-05-29 11:50:00,9.084309456018518,0.01808468002308549,0.016714763573537374,0.01656735648816443,0.01564920736414123,0.0007493817024868081,2014-06-07T13:51:24,0.007632675177058354,0.006104119363937673,0.005902113884389248,0.005240165976002142,0.0007860148341454153,0.023977083535152623,0.02239335844216715,0.0219669901241615,0.021589852515871498,0.0008805638326694319,162_1_BOA_LE07_228061_20140607
0.83,3.4446,1.6003600000000007,23,2,3.0513333333333335,163,-2.037612,SN,-55.486403,III,0.29586666666666667,0.2622333333333333,0.6983333333333336,0.04537078781435025,0.06214239462089827,17,2.0,1.86,11.714285714285735,3.7496666666666667,,11.7,HW,0.006682238473991759,0.006043110014624933,0.006164252863614446,0.005358815047674421,0.0004566987140325351,9,2014-05-29 15:00:00,8.952365011574074,0.01051396868153263,0.01008368494846975,0.010050120798350005,0.008766163603013742,0.0005247814037475937,2014-06-07T13:51:24,0.006087830748124276,0.005565329113824258,0.005611891361830122,0.0050333734595496196,0.0003541387173029822,0.014300774997270005,0.013912939800775119,0.01399058597653539,0.013122965700130078,0.00036508224104512665,163_1_BOA_LE07_228061_20140607
0.52,5.055559999999999,5.097300000000002,23,3,3.6293333333333333,164,-2.037612,SN,-55.486403,III,0.36526666666666663,0.29296666666666665,1.0986666666666667,0.05673549996192309,0.06990201203393175,17,4.0,2.04,12.85714285714283,4.728000000000001,,13.7,HW,0.006682238473991759,0.006043110014624933,0.006164252863614446,0.005358815047674421,0.0004566987140325351,9,2014-05-29 15:00:00,8.952365011574074,0.01051396868153263,0.01008368494846975,0.010050120798350005,0.008766163603013742,0.0005247814037475937,2014-06-07T13:51:24,0.006087830748124276,0.005565329113824258,0.005611891361830122,0.0050333734595496196,0.0003541387173029822,0.014300774997270005,0.013912939800775119,0.01399058597653539,0.013122965700130078,0.00036508224104512665,164_1_BOA_LE07_228061_20140607
0.7452631578947371,2.4338199999999994,1.4857600000000004,23,1,2.744666666666667,165,-2.142593,PC,-55.625756,III,0.37473333333333336,0.2665,1.1030000000000002,0.07164178361991182,0.07233527309791545,22,0.2,2.9057999999999997,20.000000000000018,3.847666666666667,,20.51052631578947,HW,0.011261589272580624,0.009250991349542912,0.0092438155000321,0.008084820633167648,0.0008465567300694413,9,2014-05-30 11:31:00,8.097503900462963,0.017872073744648557,0.01670453698147096,0.01663258150790057,0.016246636679568854,0.0005200100696161414,2014-06-07T13:51:24,0.006700798941733173,0.006032426371579458,0.006075705880542206,0.004945511405927039,0.0004897325797242684,0.02360017612068604,0.02296914784291259,0.02298060176719911,0.02205373762764831,0.0004158984621272714,165_1_BOA_LE07_228061_20140607
0.7452631578947371,2.4338199999999994,1.4857600000000004,42,1,2.744666666666667,165,-2.142593,PC,-55.625756,III,0.37473333333333336,0.2665,1.1030000000000002,0.07164178361991182,0.07233527309791545,22,0.2,2.9057999999999997,20.000000000000018,3.847666666666667,,20.51052631578947,HW,0.01189549074543261,0.009684498817732482,0.009520524398497512,0.00836952391004683,0.000961459361465051,9,2014-05-30 11:31:00,8.09778074074074,0.018270357204971534,0.017275935323891097,0.017093820114254595,0.016643316793595205,0.000547079346522457,2014-06-07T13:51:48,0.006401576678351608,0.0060122080791316125,0.006036045466769438,0.005244268560465957,0.0004076543534825429,0.024105641318437485,0.02350572226135746,0.023604967586922074,0.02217729215165594,0.0005666955572345633,165_1_BOA_LE07_228062_20140607
0.7086666666666666,1.79834,10.261340000000004,23,1,2.9779999999999998,166,-2.073498,PC,-55.620867,III,0.3604,0.25615,3.4029999999999996,0.049613133432207586,0.1053462746103768,23,0.2,3.0101999999999998,12.571428571428577,4.5285,,12.98,HW,0.006593353205546903,0.001962807173300576,0.003027021298034444,-0.0031027261137221603,0.0031660290908104333,6,2014-05-30 09:10:00,8.195420567129629,0.010932367458130709,0.006809800449939723,0.008702117721280322,0.001991273500344856,0.002788792665942266,2014-06-07T13:51:24,0.014313575308091015,0.008789329519214746,0.006941121542994371,0.0036231158018874094,0.0036249540089790854,0.01434034278901693,0.009116383722686736,0.010814102071077546,0.0038750263500709585,0.0033324748285061883,166_1_BOA_LE07_228061_20140607
0.7110000000000001,2.17928,0.10220000000000028,23,1,3.0045,167,-2.112532,PC,-55.621423,III,0.33494999999999997,0.25865,1.6509999999999998,0.03753964972617839,0.09193153866640363,24,0.2,2.697,19.714285714285722,4.6555,,18.645,HW,0.00902705757838734,0.008363688183726084,0.00826410368069851,0.007787115145812728,0.0004566956859290305,9,2014-05-30 10:20:00,8.146809456018518,0.015221124185626279,0.014295361691084717,0.014408654446796398,0.01311884793680713,0.0005343326501706106,2014-06-07T13:51:24,0.005475417727034657,0.004995966971119101,0.005079781120124593,0.00401541702997903,0.0004654894711073178,0.020335259414405633,0.019766330384887697,0.019904811016197163,0.018400179510247083,0.0005623832478339325,167_1_BOA_LE07_228061_20140607
0.7110000000000001,2.17928,0.10220000000000028,42,1,3.0045,167,-2.112532,PC,-55.621423,III,0.33494999999999997,0.25865,1.6509999999999998,0.03753964972617839,0.09193153866640363,24,0.2,2.697,19.714285714285722,4.6555,,18.645,HW,0.009443905894876743,0.008912721744096202,0.008745788938847284,0.0082885360212002,0.0004206871699271122,9,2014-05-30 10:20:00,8.147086296296296,0.015607025891401605,0.015021815346656682,0.014953521067441649,0.01471496757024006,0.0002845422877377668,2014-06-07T13:51:48,0.005918055987369868,0.00533462271759994,0.0053565118367700955,0.004365803785847682,0.00047283408766914407,0.021599172745337063,0.02061306441431049,0.020648351096642478,0.019490892222917902,0.0006147058903842741,167_1_BOA_LE07_228062_20140607
1.087777777777778,1.1984199999999998,0.10702000000000031,42,1,2.867,168,-2.20666,PD,-55.623562,III,0.36045,0.2365,0.39400000000000013,0.0837033,0.07595184059972382,25,0.2,2.871,12.571428571428577,2.8875,,11.066666666666666,HW,0.009985788829843953,0.007860249635068864,0.007805598890844476,0.007206064434051103,0.001147812777670102,6,2014-05-30 13:00:00,8.035975185185185,0.013251438768327753,0.011920390550889896,0.011681483760286594,0.011007461596964141,0.0007827562458489475,2014-06-07T13:51:48,0.007502351583107068,0.006932229044412454,0.00730984230919415,0.0043984589319898,0.0011469595252824214,0.01589507178115726,0.014281722550269629,0.014311469071344816,0.013691899392431654,0.0006829327431106018,168_1_BOA_LE07_228062_20140607
0.545,1.6563199999999998,"< 0,001",23,2,2.3475,169,-2.112532,PC,-55.621423,III,0.35340000000000005,0.22705,0.40700000000000025,0.07811945732697041,0.10001972657328861,24,1.8,2.7840000000000003,19.42857142857143,2.7545,,18.75,HW,0.00902705757838734,0.008363688183726084,0.00826410368069851,0.007787115145812728,0.0004566956859290305,9,2014-05-30 10:20:00,8.146809456018518,0.015221124185626279,0.014295361691084717,0.014408654446796398,0.01311884793680713,0.0005343326501706106,2014-06-07T13:51:24,0.005475417727034657,0.004995966971119101,0.005079781120124593,0.00401541702997903,0.0004654894711073178,0.020335259414405633,0.019766330384887697,0.019904811016197163,0.018400179510247083,0.0005623832478339325,169_1_BOA_LE07_228061_20140607
0.545,1.6563199999999998,"< 0,001",42,2,2.3475,169,-2.112532,PC,-55.621423,III,0.35340000000000005,0.22705,0.40700000000000025,0.07811945732697041,0.10001972657328861,24,1.8,2.7840000000000003,19.42857142857143,2.7545,,18.75,HW,0.009443905894876743,0.008912721744096202,0.008745788938847284,0.0082885360212002,0.0004206871699271122,9,2014-05-30 10:20:00,8.147086296296296,0.015607025891401605,0.015021815346656682,0.014953521067441649,0.01471496757024006,0.0002845422877377668,2014-06-07T13:51:48,0.005918055987369868,0.00533462271759994,0.0053565118367700955,0.004365803785847682,0.00047283408766914407,0.021599172745337063,0.02061306441431049,0.020648351096642478,0.019490892222917902,0.0006147058903842741,169_1_BOA_LE07_228062_20140607
0.53,4.075239999999999,0.7954400000000005,23,3,3.009,170,-2.112532,PC,-55.621423,III,0.45345,0.18575000000000003,3.0920000000000005,0.04847421906508548,0.09252338074570922,24,7.0,3.0798,20.57142857142857,6.101000000000001,,20.1,HW,0.00902705757838734,0.008363688183726084,0.00826410368069851,0.007787115145812728,0.0004566956859290305,9,2014-05-30 10:20:00,8.146809456018518,0.015221124185626279,0.014295361691084717,0.014408654446796398,0.01311884793680713,0.0005343326501706106,2014-06-07T13:51:24,0.005475417727034657,0.004995966971119101,0.005079781120124593,0.00401541702997903,0.0004654894711073178,0.020335259414405633,0.019766330384887697,0.019904811016197163,0.018400179510247083,0.0005623832478339325,170_1_BOA_LE07_228061_20140607
0.53,4.075239999999999,0.7954400000000005,42,3,3.009,170,-2.112532,PC,-55.621423,III,0.45345,0.18575000000000003,3.0920000000000005,0.04847421906508548,0.09252338074570922,24,7.0,3.0798,20.57142857142857,6.101000000000001,,20.1,HW,0.009443905894876743,0.008912721744096202,0.008745788938847284,0.0082885360212002,0.0004206871699271122,9,2014-05-30 10:20:00,8.147086296296296,0.015607025891401605,0.015021815346656682,0.014953521067441649,0.01471496757024006,0.0002845422877377668,2014-06-07T13:51:48,0.005918055987369868,0.00533462271759994,0.0053565118367700955,0.004365803785847682,0.00047283408766914407,0.021599172745337063,0.02061306441431049,0.020648351096642478,0.019490892222917902,0.0006147058903842741,170_1_BOA_LE07_228062_20140607
0.5925,2.3489,0.005400000000000144,23,1,4.635,171,-2.116737,PC,-55.692899,III,0.39349999999999996,0.2318,0.45799999999999996,0.13915960000000002,0.10741763168277768,26,0.2,2.871,28.857142857142854,5.093,,27.5,HW,0.010385107075980737,0.01008668075531014,0.010049231504207742,0.009728486518839499,0.00017084539205343885,9,2014-05-31 13:30:00,7.0148650115740745,0.019109216608664537,0.018024157008919305,0.017866205598334864,0.01702022347973741,0.0006935559421553628,2014-06-07T13:51:24,0.008429704214723112,0.007460315457583339,0.007443512420455401,0.006735902647701098,0.0005196186719750521,0.027222396226318925,0.02619810767323091,0.02634197540554737,0.02516838946943611,0.0006088096385274864,171_1_BOA_LE07_228061_20140607
0.5925,2.3489,0.005400000000000144,42,1,4.635,171,-2.116737,PC,-55.692899,III,0.39349999999999996,0.2318,0.45799999999999996,0.13915960000000002,0.10741763168277768,26,0.2,2.871,28.857142857142854,5.093,,27.5,HW,0.01124310895301661,0.01081023508089568,0.010655717399207454,0.010309463244390991,0.00030239294220670503,9,2014-05-31 13:30:00,7.015141851851852,0.019702167812440583,0.018715386795105024,0.01885116859488064,0.017252982941416667,0.0007448081659166455,2014-06-07T13:51:48,0.00891700299078055,0.0077818665459306255,0.007577678590258903,0.007314709637277003,0.0004704205419641562,0.027616065997926584,0.02678179479448414,0.026719895576038526,0.025636853475807766,0.0005665247865268721,171_1_BOA_LE07_228062_20140607
0.9521428571428568,1.5918200000000002,0.2523400000000001,23,1,3.185,172,-2.150581,PC,-55.714166,III,0.44205,0.3143,1.9810000000000003,0.1465375,0.1397710180508976,27,0.2,2.8535999999999997,10.285714285714263,5.166,,6.957142857142856,HW,0.0078952890869733,0.006007566412338229,0.006015991714742039,0.0040962234939443875,0.001138043313241664,9,2014-05-31 14:30:00,6.9731983449074075,0.011294233204771121,0.009864283342019761,0.010101190228664774,0.00884070388387757,0.0007126984206579051,2014-06-07T13:51:24,0.00516098440397473,0.003624469923773368,0.0038168736116881196,0.002232662916964945,0.0008314460102846518,0.013398700765609096,0.011583459320186828,0.011924297126241625,0.009912942472315604,0.001026313171428157,172_1_BOA_LE07_228061_20140607
0.9521428571428568,1.5918200000000002,0.2523400000000001,42,1,3.185,172,-2.150581,PC,-55.714166,III,0.44205,0.3143,1.9810000000000003,0.1465375,0.1397710180508976,27,0.2,2.8535999999999997,10.285714285714263,5.166,,6.957142857142856,HW,0.00811518869785879,0.006283463177851122,0.006297040983070352,0.0043868486173872095,0.0011556794853904617,9,2014-05-31 14:30:00,6.973475185185185,0.011080087753114837,0.010111522536915992,0.010468456068545403,0.009272122200557805,0.0005997248115729675,2014-06-07T13:51:48,0.004986565116113696,0.003554075806883215,0.003925186214713288,0.0018579038740572556,0.0009632466718424657,0.013398925679520635,0.011712172485976046,0.012056813487091011,0.010256900329648452,0.0009943678319897385,172_1_BOA_LE07_228062_20140607
0.6733333333333333,1.25576,0.19480000000000022,23,1,4.2055,173,-2.152492,PC,-55.676202,III,0.316,0.25665,1.6785,0.05071625097694552,0.0773327246991517,28,0.2,2.871,9.142857142857128,5.884,,8.033333333333333,HW,0.009091235731957739,0.00735268376169218,0.007232271809325053,0.006192160403920761,0.0008272210825798038,9,2014-05-31 11:05:00,7.115559456018518,0.011527669379588896,0.011099023039388211,0.011108036823006637,0.010478521563444226,0.0003252163169194328,2014-06-07T13:51:24,0.004908768651128956,0.004136236699047838,0.004213809164638587,0.003250094037447062,0.0004564597859732153,0.014702683859573993,0.014016903762594034,0.014098428479519485,0.013592699922286663,0.00033028223867238475,173_1_BOA_LE07_228061_20140607
0.6733333333333333,1.25576,0.19480000000000022,42,1,4.2055,173,-2.152492,PC,-55.676202,III,0.316,0.25665,1.6785,0.05071625097694552,0.0773327246991517,28,0.2,2.871,9.142857142857128,5.884,,8.033333333333333,HW,0.00960292256889866,0.007858299122046988,0.007903074867553237,0.006678392291559163,0.0008627047773078758,9,2014-05-31 11:05:00,7.115836296296297,0.011911576652770789,0.01145455209155275,0.011422417240729194,0.010896440551093626,0.00032216664574371667,2014-06-07T13:51:48,0.005502924053353814,0.004410999312527096,0.004330585547327787,0.003612656790717433,0.0005608086036894624,0.01544622492471119,0.014510797539939297,0.014559721658039822,0.014006077110575865,0.0004211608019114579,173_1_BOA_LE07_228062_20140607
0.65,0.7369000000000001,0.1613000000000002,23,1,3.9455,174,-2.131452,PC,-55.657457,III,0.31384999999999996,0.26005,1.73,0.0844941,0.0687513083448412,29,0.2,3.0363,25.142857142857153,5.6754999999999995,,25,HW,0.010784370036317997,0.00954648048651355,0.009571708886874458,0.00783124063674227,0.0007420045218322511,9,2014-05-31 12:15:00,7.0669483449074075,0.018236530025856627,0.017091312528150014,0.017114140644175237,0.01502622178038553,0.000936919620565547,2014-06-07T13:51:24,0.007661833105688518,0.006243365981242064,0.0061631771151108555,0.003725240350086377,0.0010122678683059077,0.02533311444766627,0.024359307398582476,0.024647121916781208,0.02228603298320967,0.0009004365852573019,174_1_BOA_LE07_228061_20140607
0.65,0.7369000000000001,0.1613000000000002,42,1,3.9455,174,-2.131452,PC,-55.657457,III,0.31384999999999996,0.26005,1.73,0.0844941,0.0687513083448412,29,0.2,3.0363,25.142857142857153,5.6754999999999995,,25,HW,0.011957897989698256,0.010102713057839288,0.010072302071556124,0.008350063215248622,0.000887391451825492,9,2014-05-31 12:15:00,7.067225185185185,0.01908524628420883,0.017526206659766577,0.01757317374186411,0.015235669144461342,0.0010006492346119257,2014-06-07T13:51:48,0.008167850760639661,0.006266829740760634,0.006352484685043681,0.0038689809716809234,0.0010440996913818922,0.026222040513047076,0.024910409770347836,0.025168229621308925,0.02275047589702612,0.0010029806079080903,174_1_BOA_LE07_228062_20140607
0.71,1.872,0.9078600000000003,23,1,3.6435,175,-2.178437,PD,-55.633239,III,0.3958,0.247,1.483,0.04274,0.04766377983823239,36,0.2,2.9232,12.857142857142868,5.1265,,11.566666666666665,HW,0.0059344673835151195,0.005198277333519839,0.005268172773388161,0.00369447906323016,0.0009529338822368453,4,2014-05-31 10:00:00,7.1606983449074075,0.009567014858782091,0.007905356521321787,0.007557525358532572,0.005015692326379951,0.0020653174211268457,2014-06-07T13:51:24,0.004942622430548288,0.0033848025138522703,0.0038257372312120418,0.0019923704886032055,0.0010632919773611717,0.013759450838004169,0.010720319215012462,0.00894561845760724,0.006365662095776379,0.0035135613170342687,175_1_BOA_LE07_228061_20140607
0.71,1.872,0.9078600000000003,42,1,3.6435,175,-2.178437,PD,-55.633239,III,0.3958,0.247,1.483,0.04274,0.04766377983823239,36,0.2,2.9232,12.857142857142868,5.1265,,11.566666666666665,HW,0.006354513239283211,0.005041478811033339,0.005674743303969291,0.000624889633980409,0.0020942862224506663,5,2014-05-31 10:00:00,7.160975185185185,0.00980860530028545,0.007669385258643513,0.008183984262285976,0.003706992222282255,0.002290197729129319,2014-06-07T13:51:48,0.005055771986483858,0.003513256117173371,0.003720734604583508,0.0004981217415284209,0.0015188393949177152,0.013614339240117766,0.01012636669665509,0.00950943352761146,0.005249915829985506,0.003399053780907064,175_1_BOA_LE07_228062_20140607
0.7263636363636364,15.478779999999999,1.9529399999999997,23,1,4.149,176,-2.1572,SL,-55.805249,III,0.27740000000000004,0.20815,0.225,0.03883500378782903,0.050108346222134545,30,0.2,2.7927,13.714285714285712,4.374,,14.109090909090908,HW,0.008498838509516665,0.007224105341871246,0.007247919575701027,0.00601833670666506,0.0008548403847612056,9,2014-06-01 14:00:00,5.994031678240741,0.01300254260733018,0.012446173746750366,0.012421540394336527,0.011755763693207778,0.0004438558134297174,2014-06-07T13:51:24,0.006971978764930279,0.005827774200192107,0.005829466925071117,0.004810323467351662,0.0006364911893483712,0.0183085328596391,0.017512848351382688,0.017664423569570566,0.01646768832217192,0.0005990880870219314,176_1_BOA_LE07_228061_20140607
0.7263636363636364,15.478779999999999,1.9529399999999997,42,1,4.149,176,-2.1572,SL,-55.805249,III,0.27740000000000004,0.20815,0.225,0.03883500378782903,0.050108346222134545,30,0.2,2.7927,13.714285714285712,4.374,,14.109090909090908,HW,0.009005280347633614,0.007686190466941363,0.007618220970249108,0.0063543326236943495,0.0008649962654999487,9,2014-06-01 14:00:00,5.994308518518518,0.01342111146441106,0.012852232132568055,0.012749332776846613,0.01238265761954897,0.0003685201473654196,2014-06-07T13:51:48,0.007010299478010169,0.006003137656607826,0.005952724171676987,0.005005161631833318,0.0006339415201569984,0.01853691853665897,0.017746510366328794,0.017854446455121343,0.01664387142856853,0.0006068599372494112,176_1_BOA_LE07_228062_20140607
1.545,5.3764400000000006,0.7674800000000003,23,1,3.485,177,-2.219976,SL,-55.808397,III,0.2923,0.23110000000000003,1.3135000000000001,0.09276000000000001,0.053264996251726184,31,0.2,2.8797,4.1666666666666705,4.798500000000001,,< LD,HW,0.004694584884636237,0.003978958904758334,0.004146715888126983,0.003106315298354624,0.0005124126506242941,9,2014-06-01 11:00:00,6.119031678240741,0.004502833657161369,0.0040880975355276844,0.003950140094270899,0.003678984448936014,0.00023382072729030094,2014-06-07T13:51:24,0.00643905359562255,0.005184174882814764,0.004948778828298876,0.004463119127331124,0.0005604447005726576,0.003915071615532485,0.00288261115987814,0.003038619293194241,0.0019864611909201713,0.000536254021006548,177_1_BOA_LE07_228061_20140607
1.545,5.3764400000000006,0.7674800000000003,42,1,3.485,177,-2.219976,SL,-55.808397,III,0.2923,0.23110000000000003,1.3135000000000001,0.09276000000000001,0.053264996251726184,31,0.2,2.8797,4.1666666666666705,4.798500000000001,,< LD,HW,0.005980572607920143,0.004012987089617133,0.003980174969924873,0.0029731907428275656,0.0009132328147399325,9,2014-06-01 11:00:00,6.119308518518518,0.00511961757215623,0.0042983356847325375,0.004219825475737729,0.0038079644856582277,0.0003881334614796202,2014-06-07T13:51:48,0.005586546389498615,0.005077873619892359,0.0050746920798193105,0.004477057392731042,0.0003114638739585277,0.004041236970572413,0.003018001815908059,0.0029869661522325553,0.002256614932687938,0.0006017916692043301,177_1_BOA_LE07_228062_20140607
1.1766666666666665,2.66116,0.28287999999999985,23,1,4.04,178,-2.201618,SL,-55.792751,III,0.4248,0.25325000000000003,1.8654999999999995,0.11037720000000001,0.06677865792069441,32,0.2,2.7579,3.999999999999996,5.9055,,4.2,HW,0.006867916575804914,0.005446923011274143,0.005703269271789423,0.0033801011965459305,0.001006715370947378,9,2014-06-01 10:30:00,6.1398650115740745,0.008337356982659878,0.007156625071694168,0.006990821532349841,0.006055342398589927,0.000706071861458208,2014-06-07T13:51:24,0.0039874827839189025,0.002967165529958129,0.0028576740286732675,0.0016692573957865393,0.0007319079320168483,0.008285776411763002,0.007492352038630909,0.00754978863971435,0.006573816265067506,0.0006263400173132699,178_1_BOA_LE07_228061_20140607
1.1766666666666665,2.66116,0.28287999999999985,42,1,4.04,178,-2.201618,SL,-55.792751,III,0.4248,0.25325000000000003,1.8654999999999995,0.11037720000000001,0.06677865792069441,32,0.2,2.7579,3.999999999999996,5.9055,,4.2,HW,0.00707420614066862,0.006306433304594338,0.006622794833018486,0.004944820460224787,0.0007419904619565607,9,2014-06-01 10:30:00,6.140141851851852,0.008522026652262515,0.007717637148848591,0.007710724030442636,0.0069360357378653445,0.00048216966248497076,2014-06-07T13:51:48,0.00402202581255889,0.0033287833939208483,0.0032644290343124484,0.0028433275627607123,0.00038710410645009715,0.008467997766450934,0.007952157852025223,0.008205167177699446,0.006938583515163313,0.000516949955632475,178_1_BOA_LE07_228062_20140607
0.6029411764705883,1.8760000000000001,"< 0,001",23,1,4.1095,179,-2.177378,SL,-55.806321,III,0.2978,0.23399999999999999,1.7984999999999998,0.04585646967991587,0.0650027532057605,33,0.2,2.4969,11.555555555555548,5.9079999999999995,,12.017647058823528,HW,0.010296623374708061,0.00810524874045771,0.0081321231645906,0.006752262776957654,0.0011597302472739824,9,2014-06-01 13:00:00,6.0356983449074075,0.013925992128471454,0.012578591811257929,0.012457056715333646,0.011262909421895824,0.0009508063991945838,2014-06-07T13:51:24,0.0063187016393618034,0.004443424461001217,0.004691581406643031,0.003186674991719205,0.0009190126776057492,0.01717720592086806,0.015588499146906328,0.015383255439789405,0.0142825951510997,0.0009350524988398011,179_1_BOA_LE07_228061_20140607
0.6029411764705883,1.8760000000000001,"< 0,001",42,1,4.1095,179,-2.177378,SL,-55.806321,III,0.2978,0.23399999999999999,1.7984999999999998,0.04585646967991587,0.0650027532057605,33,0.2,2.4969,11.555555555555548,5.9079999999999995,,12.017647058823528,HW,0.010397938684586796,0.008714762255450864,0.008937459035072032,0.007663693633762241,0.0009467716091721933,9,2014-06-01 13:00:00,6.035975185185185,0.014605936788802202,0.013222771294263738,0.013322145654362124,0.011745521896055842,0.00100235651713216,2014-06-07T13:51:48,0.006618933808937288,0.004712731332421551,0.004795101557653225,0.002328649671806078,0.0013850392075675472,0.017357560232686753,0.01612454880894485,0.016303299712722312,0.014564018019375152,0.0009533094042386548,179_1_BOA_LE07_228062_20140607
0.6739285714285715,1.06238,0.08806000000000001,23,1,4.364,180,-2.162501,SL,-55.764975,III,0.36760000000000004,0.23205,0.3390000000000004,0.07148047808187243,0.08088384997040839,34,0.2,2.7579,9.428571428571422,3.894,,12.589285714285714,HW,0.00798246811520642,0.007315989562586184,0.007275954343337084,0.006728834681347535,0.00043369124782478304,9,2014-06-01 15:24:00,5.935698344907407,0.012820681524505405,0.012127339021858509,0.012111056445764016,0.01125061789769628,0.00047989970768727607,2014-06-07T13:51:24,0.004718712615734352,0.0041339491426945745,0.004328318141344193,0.003238446627999421,0.0004515092656224038,0.01628225037994875,0.015675034220125745,0.015699086192767005,0.014978901199004493,0.00035879260384998513,180_1_BOA_LE07_228061_20140607
0.6739285714285715,1.06238,0.08806000000000001,42,1,4.364,180,-2.162501,SL,-55.764975,III,0.36760000000000004,0.23205,0.3390000000000004,0.07148047808187243,0.08088384997040839,34,0.2,2.7579,9.428571428571422,3.894,,12.589285714285714,HW,0.008979289756289657,0.00792576818053342,0.007958347665922379,0.00717409089470363,0.0005328187951916323,9,2014-06-01 15:24:00,5.935975185185185,0.013047911668018242,0.012460519502659284,0.012532580881965199,0.011876166076401927,0.0004138459435086382,2014-06-07T13:51:48,0.004769606086546422,0.00433315798335319,0.004400677535420399,0.0037186167999855736,0.00033736367631149214,0.01670861420468072,0.016046881474224645,0.016007112947778488,0.015263965070090257,0.0003778432365369849,180_1_BOA_LE07_228062_20140607
,1.678,1.4177199999999996,23,1,3.1494999999999997,181,-2.1425,SL,-55.899444,III,0.24914999999999998,0.16394999999999998,2.5435,0.162754,0.10791081021897811,35,0.2,2.6186999999999996,14.000000000000005,5.693,,,HW,0.0017707680652409687,-0.014920704588350833,-0.014135667607067196,-0.03881258757307662,0.015469681430271222,9,2014-06-01 13:00:00,6.0356983449074075,0.005872350280033316,-0.009407427421926403,-0.008956031541226836,-0.03212048095172914,0.014436244734289548,2014-06-07T13:51:24,0.05033063044934426,0.028716748733114583,0.028059138839697125,0.01520765740442887,0.012353263197351536,0.008221441136374486,-0.009487048042684082,-0.008838449916368922,-0.03565673238984378,0.016591845145715205,181_1_BOA_LE07_228061_20140607
,1.678,1.4177199999999996,42,1,3.1494999999999997,181,-2.1425,SL,-55.899444,III,0.24914999999999998,0.16394999999999998,2.5435,0.162754,0.10791081021897811,35,0.2,2.6186999999999996,14.000000000000005,5.693,,,HW,0.0029659167919249396,-0.013154809283218771,-0.01101152488295098,-0.037115539580431296,0.015257528940712065,9,2014-06-01 13:00:00,6.035975185185185,0.007231690280747315,-0.007857404065353334,-0.006119400351646502,-0.030600064529983796,0.01435368204168469,2014-06-07T13:51:48,0.04853993832497551,0.027573999534260995,0.02640671901279106,0.014590022073810015,0.01183310513492457,0.009570789109422006,-0.007982420481355489,-0.006177143371254627,-0.033948049745498254,0.016380181390580128,181_1_BOA_LE07_228062_20140607
0.49,0.4547199999999999,0.008559999999999983,23,2,4.1425,182,-2.177378,SL,-55.806321,III,0.24930000000000002,0.2061,1.1,0.086447,0.0577036541724206,33,1.8,2.871,8.44444444444444,5.2425,,14.299999999999999,HW,0.010296623374708061,0.00810524874045771,0.0081321231645906,0.006752262776957654,0.0011597302472739824,9,2014-06-01 13:00:00,6.0356983449074075,0.013925992128471454,0.012578591811257929,0.012457056715333646,0.011262909421895824,0.0009508063991945838,2014-06-07T13:51:24,0.0063187016393618034,0.004443424461001217,0.004691581406643031,0.003186674991719205,0.0009190126776057492,0.01717720592086806,0.015588499146906328,0.015383255439789405,0.0142825951510997,0.0009350524988398011,182_1_BOA_LE07_228061_20140607
0.49,0.4547199999999999,0.008559999999999983,42,2,4.1425,182,-2.177378,SL,-55.806321,III,0.24930000000000002,0.2061,1.1,0.086447,0.0577036541724206,33,1.8,2.871,8.44444444444444,5.2425,,14.299999999999999,HW,0.010397938684586796,0.008714762255450864,0.008937459035072032,0.007663693633762241,0.0009467716091721933,9,2014-06-01 13:00:00,6.035975185185185,0.014605936788802202,0.013222771294263738,0.013322145654362124,0.011745521896055842,0.00100235651713216,2014-06-07T13:51:48,0.006618933808937288,0.004712731332421551,0.004795101557653225,0.002328649671806078,0.0013850392075675472,0.017357560232686753,0.01612454880894485,0.016303299712722312,0.014564018019375152,0.0009533094042386548,182_1_BOA_LE07_228062_20140607
0.52,1.1638799999999998,0.19086000000000006,23,3,3.367,183,-2.177378,SL,-55.806321,III,0.28800000000000003,0.18664999999999998,0.4490000000000003,0.0711975,0.0442888270862103,33,7.0,2.76138,16.285714285714317,3.8160000000000003,,16.3,HW,0.010296623374708061,0.00810524874045771,0.0081321231645906,0.006752262776957654,0.0011597302472739824,9,2014-06-01 13:00:00,6.0356983449074075,0.013925992128471454,0.012578591811257929,0.012457056715333646,0.011262909421895824,0.0009508063991945838,2014-06-07T13:51:24,0.0063187016393618034,0.004443424461001217,0.004691581406643031,0.003186674991719205,0.0009190126776057492,0.01717720592086806,0.015588499146906328,0.015383255439789405,0.0142825951510997,0.0009350524988398011,183_1_BOA_LE07_228061_20140607
0.52,1.1638799999999998,0.19086000000000006,42,3,3.367,183,-2.177378,SL,-55.806321,III,0.28800000000000003,0.18664999999999998,0.4490000000000003,0.0711975,0.0442888270862103,33,7.0,2.76138,16.285714285714317,3.8160000000000003,,16.3,HW,0.010397938684586796,0.008714762255450864,0.008937459035072032,0.007663693633762241,0.0009467716091721933,9,2014-06-01 13:00:00,6.035975185185185,0.014605936788802202,0.013222771294263738,0.013322145654362124,0.011745521896055842,0.00100235651713216,2014-06-07T13:51:48,0.006618933808937288,0.004712731332421551,0.004795101557653225,0.002328649671806078,0.0013850392075675472,0.017357560232686753,0.01612454880894485,0.016303299712722312,0.014564018019375152,0.0009533094042386548,183_1_BOA_LE07_228062_20140607
0.72,0.84684,"< 0,001",23,2,2.764666666666667,184,-2.173808,PD,-55.59809,III,0.3073333333333333,0.22726666666666664,2.17,0.06055458452357467,0.05411995475767739,21,1.8,2.02,13.142857142857164,4.145666666666667,,24.15,HW,0.008029580597782427,0.0070440869140653345,0.006839997733684651,0.006481678012634967,0.0004897969652471019,9,2014-06-02 09:20:00,5.188476122685185,0.012653465104536245,0.012067708175922247,0.012101229693785843,0.011378218262693598,0.0004482237026891813,2014-06-07T13:51:24,0.004992465637344589,0.004042699686607993,0.003976567638562296,0.0030054701677182044,0.0006730680662796157,0.01696635197070643,0.016115462381043028,0.01609641360010825,0.015598224688281731,0.00042863317726788515,184_1_BOA_LE07_228061_20140607
0.72,0.84684,"< 0,001",42,2,2.764666666666667,184,-2.173808,PD,-55.59809,III,0.3073333333333333,0.22726666666666664,2.17,0.06055458452357467,0.05411995475767739,21,1.8,2.02,13.142857142857164,4.145666666666667,,24.15,HW,0.008504034223819845,0.007738892662608458,0.007530960969754525,0.00706017009332401,0.0005286945955347473,9,2014-06-02 09:20:00,5.188752962962963,0.013555605257865134,0.012650581347133937,0.01271126792662078,0.011707267998330571,0.0006285094114918305,2014-06-07T13:51:48,0.00538691095737114,0.004194714618520247,0.004055116076029854,0.0033848281184227468,0.0007177064483885433,0.017332707071078535,0.016583419048114872,0.016494918093714436,0.016138079687165012,0.0003899229946853398,184_1_BOA_LE07_228062_20140607
0.6,3.571819999999999,"< 0,001",23,3,2.671333333333333,185,-2.173808,PD,-55.59809,III,0.33043333333333336,0.26003333333333334,"< 0,001",0.06446472894130875,0.05300198375748011,21,7.0,2.25,13.142857142857164,2.248666666666667,,24.5,HW,0.008029580597782427,0.0070440869140653345,0.006839997733684651,0.006481678012634967,0.0004897969652471019,9,2014-06-02 09:20:00,5.188476122685185,0.012653465104536245,0.012067708175922247,0.012101229693785843,0.011378218262693598,0.0004482237026891813,2014-06-07T13:51:24,0.004992465637344589,0.004042699686607993,0.003976567638562296,0.0030054701677182044,0.0006730680662796157,0.01696635197070643,0.016115462381043028,0.01609641360010825,0.015598224688281731,0.00042863317726788515,185_1_BOA_LE07_228061_20140607
0.6,3.571819999999999,"< 0,001",42,3,2.671333333333333,185,-2.173808,PD,-55.59809,III,0.33043333333333336,0.26003333333333334,"< 0,001",0.06446472894130875,0.05300198375748011,21,7.0,2.25,13.142857142857164,2.248666666666667,,24.5,HW,0.008504034223819845,0.007738892662608458,0.007530960969754525,0.00706017009332401,0.0005286945955347473,9,2014-06-02 09:20:00,5.188752962962963,0.013555605257865134,0.012650581347133937,0.01271126792662078,0.011707267998330571,0.0006285094114918305,2014-06-07T13:51:48,0.00538691095737114,0.004194714618520247,0.004055116076029854,0.0033848281184227468,0.0007177064483885433,0.017332707071078535,0.016583419048114872,0.016494918093714436,0.016138079687165012,0.0003899229946853398,185_1_BOA_LE07_228062_20140607
0.6516666666666667,2.4011000000000005,0.42362,23,1,3.936666666666666,186,-2.151079,PC,-55.565754,III,0.41709999999999997,0.3374,2.0465,0.09874146858758318,0.08206733885710528,20,0.2,2.12,25.7142857142857,5.278666666666666,,11.049999999999999,HW,0.012353193194708631,0.009458821464224063,0.009867816100890861,0.00508853534659065,0.002185617133974725,9,2014-06-02 10:20:00,5.146809456018518,0.01957990020852072,0.016771461148854597,0.01685063301892354,0.011883633100933474,0.0021411769378562257,2014-06-07T13:51:24,0.008414199419880091,0.00611850786305918,0.006454842791207394,0.001367051206763066,0.0019279808404917879,0.02631742350833258,0.02417028084092508,0.024938962654940472,0.01863362368409565,0.002263179560922691,186_1_BOA_LE07_228061_20140607
0.6516666666666667,2.4011000000000005,0.42362,42,1,3.936666666666666,186,-2.151079,PC,-55.565754,III,0.41709999999999997,0.3374,2.0465,0.09874146858758318,0.08206733885710528,20,0.2,2.12,25.7142857142857,5.278666666666666,,11.049999999999999,HW,0.012972471498192991,0.009595060125914214,0.009997905466844537,0.005746860279262113,0.002232090919331747,9,2014-06-02 10:20:00,5.147086296296297,0.020077159154535437,0.016953006866711588,0.01715036429240072,0.012098213654894545,0.0022719978235974186,2014-06-07T13:51:48,0.008614532045337707,0.006048762166313901,0.00634340655964858,0.0019358420357649536,0.0018817609506182676,0.02719012103566333,0.024135854501868365,0.024771114972929987,0.019201038862452842,0.002226064003688585,186_1_BOA_LE07_228062_20140607
0.9375,3.5997000000000003,"< 0,001",23,1,3.767333333333333,187,-2.173808,PD,-55.59809,III,0.3257666666666667,0.2413,1.24,0.05215014916086583,0.058986009272045774,21,0.2,2.14,11.714285714285735,5.007333333333333,,23.900000000000002,HW,0.008029580597782427,0.0070440869140653345,0.006839997733684651,0.006481678012634967,0.0004897969652471019,9,2014-06-02 09:20:00,5.188476122685185,0.012653465104536245,0.012067708175922247,0.012101229693785843,0.011378218262693598,0.0004482237026891813,2014-06-07T13:51:24,0.004992465637344589,0.004042699686607993,0.003976567638562296,0.0030054701677182044,0.0006730680662796157,0.01696635197070643,0.016115462381043028,0.01609641360010825,0.015598224688281731,0.00042863317726788515,187_1_BOA_LE07_228061_20140607
0.9375,3.5997000000000003,"< 0,001",42,1,3.767333333333333,187,-2.173808,PD,-55.59809,III,0.3257666666666667,0.2413,1.24,0.05215014916086583,0.058986009272045774,21,0.2,2.14,11.714285714285735,5.007333333333333,,23.900000000000002,HW,0.008504034223819845,0.007738892662608458,0.007530960969754525,0.00706017009332401,0.0005286945955347473,9,2014-06-02 09:20:00,5.188752962962963,0.013555605257865134,0.012650581347133937,0.01271126792662078,0.011707267998330571,0.0006285094114918305,2014-06-07T13:51:48,0.00538691095737114,0.004194714618520247,0.004055116076029854,0.0033848281184227468,0.0007177064483885433,0.017332707071078535,0.016583419048114872,0.016494918093714436,0.016138079687165012,0.0003899229946853398,187_1_BOA_LE07_228062_20140607
1.6163636363636362,3.4446,1.6003600000000007,23,1,3.184,188,-2.115929,GP,-55.447053,III,0.34615,0.2963,2.1275,0.08682287856286681,0.10432739199053068,47,0.2,2.2098,11.42857142857144,5.3115,,10.636363636363638,HW,0.006677478262492204,0.006159531693294507,0.006231545008938658,0.0051547844122329855,0.000501452535526746,6,2014-06-02 12:37:00,5.05167056712963,0.012243672454379476,0.011193393107518006,0.011222886633417292,0.01045820987863602,0.0006349606313943568,2014-06-07T13:51:24,0.0040453979818200715,0.0036377751151888075,0.003538378550542799,0.003093126842999781,0.00033135276863367665,0.0150914295864157,0.014301221514076767,0.014397678219660384,0.013644894592509126,0.0005575064695593716,188_1_BOA_LE07_228061_20140607
,5.055559999999999,5.097300000000002,23,1,2.867,189,-2.0458,SN,-55.4319,III,0.314302629107981,0.244735458752515,0.39400000000000013,0.03883500378782903,0.050108346222134545,48,0.2,2.61,57.42857142857146,2.8875,,,HW,-0.003817693090998879,-0.018262194247671355,-0.023586232631622787,-0.034700701197677285,0.009957041052979572,9,2014-06-02 12:00:00,5.0773650115740745,0.0031211930266672946,-0.010559892229145166,-0.015827658708064074,-0.02630306442841173,0.00963108384241744,2014-06-07T13:51:24,0.04610403451627162,0.03242875152240583,0.03392259372840166,0.02214817299918677,0.007772429956397722,0.006626090209817439,-0.010629111840393382,-0.017199793624822504,-0.030419132713532318,0.011942779021615271,189_1_BOA_LE07_228061_20140607
0.944,4.190599999999999,0.5688000000000005,23,1,3.45,190,-2.205757,LG,-55.347217,III,0.38876666666666665,0.2843,1.8133333333333332,0.0378764943102745,0.050765992766489125,5,0.2,1.82,18.11428571428571,5.263333333333333,,19.160000000000004,HW,0.008792856121388307,0.008251269367548261,0.008250960032934105,0.007596558714972129,0.00042732455915705673,9,2014-06-03 12:30:00,4.056531678240741,0.015575874837982243,0.014804744585942727,0.014910089110045752,0.013550400241001414,0.0005514003681321686,2014-06-07T13:51:24,0.005717437444830613,0.0054088774922837505,0.005520269173752513,0.004611298304435311,0.0003846115662775106,0.02158173374457002,0.02108508944028064,0.021169301986322702,0.020432878354227517,0.00039992363439750767,190_1_BOA_LE07_228061_20140607
0.944,4.190599999999999,0.5688000000000005,42,1,3.45,190,-2.205757,LG,-55.347217,III,0.38876666666666665,0.2843,1.8133333333333332,0.0378764943102745,0.050765992766489125,5,0.2,1.82,18.11428571428571,5.263333333333333,,19.160000000000004,HW,0.009565081405386505,0.00851265378510306,0.008804988639907108,0.006983411289333582,0.0007309749140677573,9,2014-06-03 12:30:00,4.056808518518518,0.015806299237125565,0.015095634562130207,0.015081360101368235,0.01464898697869632,0.00036091078619367314,2014-06-07T13:51:48,0.006378377315960616,0.005389435900386906,0.0054909488985814174,0.004648013353447356,0.0005154371268024961,0.022092287884871907,0.02143559160408429,0.02143896517350218,0.020622443134401522,0.00044466389847944165,190_1_BOA_LE07_228062_20140607
1.2375,4.091,0.17229999999999995,23,1,3.05,192,-2.255185,LG,-55.376673,III,0.38025,0.235995,0.7910000000000001,0.03502525207891992,0.05677393963306372,38,0.2,2.9406,14.457142857142845,3.841,,14.058333333333332,HW,0.008627248361705461,0.00740294841641351,0.007420281995104556,0.00668851790653191,0.0005801572120763388,9,2014-06-03 13:40:00,4.00792056712963,0.013676793383268548,0.01304439591390012,0.013013644464580587,0.01282688155756287,0.00028480166447942786,2014-06-07T13:51:24,0.005620523440048301,0.004850862892475494,0.004944815173680761,0.003988211510063344,0.00047675081177338073,0.0189534707893496,0.018057219559313404,0.01802805961603654,0.017215766767990737,0.0004723170455710125,192_1_BOA_LE07_228061_20140607
1.2375,4.091,0.17229999999999995,42,1,3.05,192,-2.255185,LG,-55.376673,III,0.38025,0.235995,0.7910000000000001,0.03502525207891992,0.05677393963306372,38,0.2,2.9406,14.457142857142845,3.841,,14.058333333333332,HW,0.009041580720210836,0.008086249344226935,0.00813489286260724,0.007125104095553853,0.0005895390025811818,9,2014-06-03 13:40:00,4.008197407407407,0.014839566123348791,0.013790861453485268,0.01377785124846699,0.012940334469165224,0.0005628404008881259,2014-06-07T13:51:48,0.005560932742812338,0.005035268928787487,0.005241428108291609,0.0038953758609555095,0.0004885513788751273,0.01929741779777501,0.01854221007872043,0.018516586255772228,0.017346233641682196,0.0005647628105705133,192_1_BOA_LE07_228062_20140607
0.7966666666666667,0.65814,0.01572000000000029,23,1,3.6804999999999994,193,-2.173257,GP,-55.372851,III,0.29925,0.24605,1.5155000000000003,0.005249999999999993,0.03915634247386071,39,0.2,3.0276,17.657142857142873,5.196,,18.316666666666666,HW,0.009755901725693947,0.008620433920910886,0.00831714053638018,0.0077829128503247155,0.0006922345195235677,9,2014-06-03 11:10:00,4.112087233796296,0.014850360629896538,0.014481119281331507,0.014571015399884493,0.013709064572729586,0.0003899294779930814,2014-06-07T13:51:24,0.006400556252102026,0.0053897365287903535,0.005439502150635941,0.004558276176039847,0.0005653323047469021,0.021300050199057164,0.02032737523769827,0.020406309093374774,0.01950115804491069,0.0005504401215398443,193_1_BOA_LE07_228061_20140607
0.7966666666666667,0.65814,0.01572000000000029,42,1,3.6804999999999994,193,-2.173257,GP,-55.372851,III,0.29925,0.24605,1.5155000000000003,0.005249999999999993,0.03915634247386071,39,0.2,3.0276,17.657142857142873,5.196,,18.316666666666666,HW,0.010585813920474276,0.009254987449667362,0.008837692430427223,0.008523841107524343,0.0007713206642796718,9,2014-06-03 11:10:00,4.112364074074074,0.015773658340942014,0.01511936425464032,0.015045277095226992,0.014306045130553504,0.0004904727175662793,2014-06-07T13:51:48,0.006387399405658301,0.005725127133336705,0.005796419376052631,0.004822366269912162,0.0005420329868672921,0.021948272945062505,0.021013997662086833,0.02096048890036357,0.019883368298271087,0.0006110279081088272,193_1_BOA_LE07_228062_20140607
0.535,0.9065200000000001,0.0645000000000003,23,1,3.333,194,-2.135144,GP,-55.370602,III,0.2876,0.2142,1.8104999999999998,0.0306,0.03632911816926415,40,0.2,3.0276,26.742857142857126,5.1434999999999995,,18.65,HW,0.008754704772399351,0.007206173965976616,0.007312581487706394,0.006107506864774047,0.0006521082575210388,9,2014-06-03 10:10:00,4.153753900462963,0.014576905462419737,0.01367345849799415,0.013596571606371087,0.013397379527078895,0.0004058946964249213,2014-06-07T13:51:24,0.005958198828924937,0.004888068692939593,0.005254308907770612,0.003565668546749245,0.0006683706966742072,0.01994568180232912,0.01934680710213119,0.019485582014271315,0.018339132261850195,0.000503852221449019,194_1_BOA_LE07_228061_20140607
0.49000000000000005,2.6619,0.09507999999999972,23,1,2.3760000000000003,195,-2.113672,GP,-55.370602,III,0.3344,0.27275,1.6589999999999998,0.04883752470769111,0.07634216808048926,41,0.2,3.1407,31.142857142857167,4.035,,22.029999999999998,HW,0.00794408671387942,0.005428853266062934,0.005515893095063033,0.0035111799547343763,0.0013639770061222676,9,2014-06-03 09:20:00,4.188476122685185,0.014573074461285983,0.012127983707945454,0.012894222381004811,0.009598202883800757,0.001546415262392166,2014-06-07T13:51:24,0.013496525896657946,0.009185705056237243,0.007472536038440443,0.0061266986080885455,0.0021491240230604976,0.021876134907419582,0.01812551337821101,0.018854164900069924,0.01490186404820061,0.002039701996083908,195_1_BOA_LE07_228061_20140607
0.95,4.10844,0.4546400000000003,23,2,3.5095,196,-2.255185,LG,-55.376673,III,0.32845,0.25355,0.009999999999999787,0.023057820006235633,0.04073692049713948,38,2.2,2.8797,13.600000000000003,2.968,,14,HW,0.008627248361705461,0.00740294841641351,0.007420281995104556,0.00668851790653191,0.0005801572120763388,9,2014-06-03 13:40:00,4.00792056712963,0.013676793383268548,0.01304439591390012,0.013013644464580587,0.01282688155756287,0.00028480166447942786,2014-06-07T13:51:24,0.005620523440048301,0.004850862892475494,0.004944815173680761,0.003988211510063344,0.00047675081177338073,0.0189534707893496,0.018057219559313404,0.01802805961603654,0.017215766767990737,0.0004723170455710125,196_1_BOA_LE07_228061_20140607
0.95,4.10844,0.4546400000000003,42,2,3.5095,196,-2.255185,LG,-55.376673,III,0.32845,0.25355,0.009999999999999787,0.023057820006235633,0.04073692049713948,38,2.2,2.8797,13.600000000000003,2.968,,14,HW,0.009041580720210836,0.008086249344226935,0.00813489286260724,0.007125104095553853,0.0005895390025811818,9,2014-06-03 13:40:00,4.008197407407407,0.014839566123348791,0.013790861453485268,0.01377785124846699,0.012940334469165224,0.0005628404008881259,2014-06-07T13:51:48,0.005560932742812338,0.005035268928787487,0.005241428108291609,0.0038953758609555095,0.0004885513788751273,0.01929741779777501,0.01854221007872043,0.018516586255772228,0.017346233641682196,0.0005647628105705133,196_1_BOA_LE07_228062_20140607
0.73,1.94148,0.1842000000000002,23,3,3.39,197,-2.255185,LG,-55.376673,III,0.3198,0.28005,1.8035,0.03001658247430051,0.04513047938449398,38,7.0,2.8449,16.228571428571442,5.1935,,17.7,HW,0.008627248361705461,0.00740294841641351,0.007420281995104556,0.00668851790653191,0.0005801572120763388,9,2014-06-03 13:40:00,4.00792056712963,0.013676793383268548,0.01304439591390012,0.013013644464580587,0.01282688155756287,0.00028480166447942786,2014-06-07T13:51:24,0.005620523440048301,0.004850862892475494,0.004944815173680761,0.003988211510063344,0.00047675081177338073,0.0189534707893496,0.018057219559313404,0.01802805961603654,0.017215766767990737,0.0004723170455710125,197_1_BOA_LE07_228061_20140607
0.73,1.94148,0.1842000000000002,42,3,3.39,197,-2.255185,LG,-55.376673,III,0.3198,0.28005,1.8035,0.03001658247430051,0.04513047938449398,38,7.0,2.8449,16.228571428571442,5.1935,,17.7,HW,0.009041580720210836,0.008086249344226935,0.00813489286260724,0.007125104095553853,0.0005895390025811818,9,2014-06-03 13:40:00,4.008197407407407,0.014839566123348791,0.013790861453485268,0.01377785124846699,0.012940334469165224,0.0005628404008881259,2014-06-07T13:51:48,0.005560932742812338,0.005035268928787487,0.005241428108291609,0.0038953758609555095,0.0004885513788751273,0.01929741779777501,0.01854221007872043,0.018516586255772228,0.017346233641682196,0.0005647628105705133,197_1_BOA_LE07_228062_20140607
,1.94148,0.1842000000000002,23,1,3.185,198,-1.990445,LG,-55.52373,III,0.27740000000000004,0.20815,1.9810000000000003,0.11037720000000001,0.06677865792069441,50,0.2,2.61,,5.166,,,HW,0.002516609412813186,-0.014572643127469396,-0.016517977464737495,-0.029597429717988382,0.010673081534343631,6,2014-06-03 13:00:00,4.0356983449074075,0.006886805253659781,-0.008083316703767737,-0.010115371196913095,-0.021017843253409826,0.009177278675844532,2014-06-07T13:51:24,0.05411804857860637,0.03554588390964592,0.03728728267935967,0.023711963835812942,0.00998823944561247,0.010699539478351335,-0.009076697356954674,-0.011258118758732349,-0.026252612516711633,0.012388925138423153,198_1_BOA_LE07_228061_20140607
0.55,10.48878,0.82762,23,2,3.6005000000000003,199,-2.135144,GP,-55.370602,III,0.2946,0.24795,1.4840000000000002,0.030115157897252394,0.04417330834484119,40,1.8,2.7753,14.94285714285714,5.0845,,16.9,HW,0.008754704772399351,0.007206173965976616,0.007312581487706394,0.006107506864774047,0.0006521082575210388,9,2014-06-03 10:10:00,4.153753900462963,0.014576905462419737,0.01367345849799415,0.013596571606371087,0.013397379527078895,0.0004058946964249213,2014-06-07T13:51:24,0.005958198828924937,0.004888068692939593,0.005254308907770612,0.003565668546749245,0.0006683706966742072,0.01994568180232912,0.01934680710213119,0.019485582014271315,0.018339132261850195,0.000503852221449019,199_1_BOA_LE07_228061_20140607
0.56,8.24912,0.5365600000000008,23,3,3.2314999999999996,200,-2.135144,GP,-55.370602,III,0.33895000000000003,0.25905,0.4730000000000003,0.04254757070219022,0.045003255079897414,40,7.0,3.0711,19.342857142857138,2.9065,,19.5,HW,0.008754704772399351,0.007206173965976616,0.007312581487706394,0.006107506864774047,0.0006521082575210388,9,2014-06-03 10:10:00,4.153753900462963,0.014576905462419737,0.01367345849799415,0.013596571606371087,0.013397379527078895,0.0004058946964249213,2014-06-07T13:51:24,0.005958198828924937,0.004888068692939593,0.005254308907770612,0.003565668546749245,0.0006683706966742072,0.01994568180232912,0.01934680710213119,0.019485582014271315,0.018339132261850195,0.000503852221449019,200_1_BOA_LE07_228061_20140607
1.2249999999999999,2.2585799999999994,1.6167000000000002,23,1,2.586,203,-2.245385,LG,-55.24066,III,0.34226666666666666,0.18789666666666668,2.2613333333333334,0.033798046578549346,0.057999645426448344,2,0.2,1.96,6.000000000000013,4.847333333333333,,3.6333333333333333,HW,0.003466887397544678,0.0023567249889028755,0.002407273586900049,-0.00029178476095131217,0.001257498513321821,6,2014-06-04 13:00:00,3.0356983449074075,0.005211115071430848,0.0045341507061479784,0.0049970619927900955,0.001969589553074965,0.0012098690415975385,2014-06-07T13:51:24,0.004254755929689524,0.0033155954192677067,0.0037624731340454767,0.000271324521276416,0.0013342935466271629,0.005653203962028097,0.0050884227611457,0.004957283004873381,0.003548813354580696,0.0007199975282118869,203_1_BOA_LE07_228061_20140607
1.2249999999999999,2.2585799999999994,1.6167000000000002,42,1,2.586,203,-2.245385,LG,-55.24066,III,0.34226666666666666,0.18789666666666668,2.2613333333333334,0.033798046578549346,0.057999645426448344,2,0.2,1.96,6.000000000000013,4.847333333333333,,3.6333333333333333,HW,0.0023688560967070893,0.0021886722016529908,0.0023688560967070893,0.00017318836555951442,0.0008696558305346998,6,2014-06-04 13:00:00,3.035975185185185,0.004866590316665639,0.004000482677977684,0.004224423319342405,0.0014712955951363162,0.0012617269813920073,2014-06-07T13:51:48,0.004725140339468574,0.0036677321301127118,0.0034779522838826946,0.002171507533529883,0.0009801739412276834,0.005809875354618174,0.00469406250791785,0.004762858276125222,0.0018900250480115427,0.0014236102891439526,203_1_BOA_LE07_228062_20140607
2.6528571428571426,17.0381,1.0825200000000026,23,1,4.2245,206,-2.2035,LG,-55.236138,III,0.36119999999999997,0.2915,1.6859999999999997,0.04087565328954223,0.04390325507989741,43,0.2,3.1407,17.34285714285716,5.9105,,17.585714285714285,HW,0.008705193495953494,0.00723446552138458,0.007300743890302223,0.0053319440096025305,0.0011791724878637963,9,2014-06-04 15:00:00,2.952365011574074,0.01454639618666598,0.01325388483290935,0.012925662615918721,0.011635403025530892,0.0008729202534301295,2014-06-07T13:51:24,0.006305006224204277,0.004718421767597036,0.0053400900652088405,0.0025946016325053,0.0013154328968440288,0.020456899635753076,0.018922077139001535,0.01856016437972581,0.01672504300759577,0.0010536160385169004,206_1_BOA_LE07_228061_20140607
2.6528571428571426,17.0381,1.0825200000000026,42,1,4.2245,206,-2.2035,LG,-55.236138,III,0.36119999999999997,0.2915,1.6859999999999997,0.04087565328954223,0.04390325507989741,43,0.2,3.1407,17.34285714285716,5.9105,,17.585714285714285,HW,0.008913356456130988,0.007631133772831795,0.007640621514212851,0.005836599159570573,0.0010527238682358376,9,2014-06-04 15:00:00,2.952641851851852,0.014687230011862284,0.013666613366804881,0.01334495203063938,0.012562461231191905,0.0006932152040658367,2014-06-07T13:51:48,0.006629772510571481,0.005036764582485255,0.00534243321479618,0.0028411922051410528,0.0012215346786534865,0.020362566536124956,0.019286568501226908,0.0189919518891522,0.01737362326492148,0.0008871169972485738,206_1_BOA_LE07_228062_20140607
0.77,1.5666400000000003,0.35846,23,2,4.161,207,-2.2035,LG,-55.236138,III,0.31945,0.2679,2.564,0.030128522817119134,0.03387304202012231,43,1.4,3.2190000000000003,16.48571428571428,5.4094999999999995,,17.1,HW,0.008705193495953494,0.00723446552138458,0.007300743890302223,0.0053319440096025305,0.0011791724878637963,9,2014-06-04 15:00:00,2.952365011574074,0.01454639618666598,0.01325388483290935,0.012925662615918721,0.011635403025530892,0.0008729202534301295,2014-06-07T13:51:24,0.006305006224204277,0.004718421767597036,0.0053400900652088405,0.0025946016325053,0.0013154328968440288,0.020456899635753076,0.018922077139001535,0.01856016437972581,0.01672504300759577,0.0010536160385169004,207_1_BOA_LE07_228061_20140607
0.77,1.5666400000000003,0.35846,42,2,4.161,207,-2.2035,LG,-55.236138,III,0.31945,0.2679,2.564,0.030128522817119134,0.03387304202012231,43,1.4,3.2190000000000003,16.48571428571428,5.4094999999999995,,17.1,HW,0.008913356456130988,0.007631133772831795,0.007640621514212851,0.005836599159570573,0.0010527238682358376,9,2014-06-04 15:00:00,2.952641851851852,0.014687230011862284,0.013666613366804881,0.01334495203063938,0.012562461231191905,0.0006932152040658367,2014-06-07T13:51:48,0.006629772510571481,0.005036764582485255,0.00534243321479618,0.0028411922051410528,0.0012215346786534865,0.020362566536124956,0.019286568501226908,0.0189919518891522,0.01737362326492148,0.0008871169972485738,207_1_BOA_LE07_228062_20140607
0.75,2.4011000000000005,0.42362,23,3,2.521,208,-2.2035,LG,-55.236138,III,0.34220000000000006,0.33635,3.325,0.04296956144079733,0.057906608798579604,43,7.0,3.045,21.428571428571452,5.846,,24.8,HW,0.008705193495953494,0.00723446552138458,0.007300743890302223,0.0053319440096025305,0.0011791724878637963,9,2014-06-04 15:00:00,2.952365011574074,0.01454639618666598,0.01325388483290935,0.012925662615918721,0.011635403025530892,0.0008729202534301295,2014-06-07T13:51:24,0.006305006224204277,0.004718421767597036,0.0053400900652088405,0.0025946016325053,0.0013154328968440288,0.020456899635753076,0.018922077139001535,0.01856016437972581,0.01672504300759577,0.0010536160385169004,208_1_BOA_LE07_228061_20140607
0.75,2.4011000000000005,0.42362,42,3,2.521,208,-2.2035,LG,-55.236138,III,0.34220000000000006,0.33635,3.325,0.04296956144079733,0.057906608798579604,43,7.0,3.045,21.428571428571452,5.846,,24.8,HW,0.008913356456130988,0.007631133772831795,0.007640621514212851,0.005836599159570573,0.0010527238682358376,9,2014-06-04 15:00:00,2.952641851851852,0.014687230011862284,0.013666613366804881,0.01334495203063938,0.012562461231191905,0.0006932152040658367,2014-06-07T13:51:48,0.006629772510571481,0.005036764582485255,0.00534243321479618,0.0028411922051410528,0.0012215346786534865,0.020362566536124956,0.019286568501226908,0.0189919518891522,0.01737362326492148,0.0008871169972485738,208_1_BOA_LE07_228062_20140607
3.0700000000000003,4.163660000000001,0.6164000000000002,23,1,4.635,209,-2.27898,LG,-55.22471,III,0.2946,0.24795,0.45799999999999996,0.09276000000000001,0.053264996251726184,49,0.2,2.5317000000000003,2.333333333333323,5.093,,3.15,HW,0.002444808006135301,-0.00030404048635415,0.0006112311804300687,-0.006232889805098769,0.0025025518527632,9,2014-06-04 13:45:00,3.0044483449074075,0.0031485553553876567,0.0004595224267779715,0.0012407422736550348,-0.0047095604223726575,0.002195032829294591,2014-06-07T13:51:24,0.018626835065393876,0.009930028270988421,0.00811973657682211,0.007213253353333372,0.003445773562481407,0.0017640412783090685,-0.0005336762440161991,0.0007034457661184643,-0.006344353544046931,0.0024379190762709273,209_1_BOA_LE07_228061_20140607
3.0700000000000003,4.163660000000001,0.6164000000000002,42,1,4.635,209,-2.27898,LG,-55.22471,III,0.2946,0.24795,0.45799999999999996,0.09276000000000001,0.053264996251726184,49,0.2,2.5317000000000003,2.333333333333323,5.093,,3.15,HW,0.002441722975649023,-0.0007805075594135951,0.0010923498730992043,-0.01126048686146431,0.004118140678272411,9,2014-06-04 13:45:00,3.004725185185185,0.0026331544014406736,-6.821431913022738e-05,0.0017926208070378107,-0.00914659273844889,0.0035516411272878755,2014-06-07T13:51:48,0.022210778488661088,0.011111388822914795,0.008794178948972865,0.0077066149405429565,0.004381308098898627,0.0018034729485456652,-0.0014037266244708978,0.0005108988361485567,-0.011664160212914856,0.0040295987644461745,209_1_BOA_LE07_228062_20140607
0.82,4.902239999999999,4.80132,23,2,3.6653333333333333,210,-2.250928,LG,-55.145292,III,0.3717,0.26933333333333337,0.30950000000000033,0.02366275697376208,0.04050763168277766,1,2.0,1.94,13.028571428571412,3.539666666666667,,13.7,HW,0.010667244613386173,0.010384739898327474,0.01052170572313781,0.010072155568406562,0.00021909327149803638,6,2014-06-05 15:20:00,1.9384761226851852,0.014592050934996215,0.014129486891454022,0.014105733051287312,0.013515950165436755,0.0003290232188292832,2014-06-07T13:51:24,0.006234952865839232,0.00547551306011517,0.005524216236415823,0.005165831175999657,0.000347187040915663,0.018250251849312595,0.017861405555727197,0.018015961957074236,0.01716443507509023,0.0004049389985013536,210_1_BOA_LE07_228061_20140607
0.82,4.902239999999999,4.80132,42,2,3.6653333333333333,210,-2.250928,LG,-55.145292,III,0.3717,0.26933333333333337,0.30950000000000033,0.02366275697376208,0.04050763168277766,1,2.0,1.94,13.028571428571412,3.539666666666667,,13.7,HW,0.011921543153794375,0.011114008543827126,0.01119974231559784,0.010476981791011334,0.0005302440840498239,6,2014-06-05 15:20:00,1.938752962962963,0.015286407932890345,0.014749234709348108,0.014671095652739803,0.014281720185393606,0.00032698918469722043,2014-06-07T13:51:48,0.006729642353746191,0.005879610004314118,0.005871951834466186,0.005860688097301333,0.000298670264757294,0.01922758476796515,0.018485637863236825,0.018533965803023935,0.01757441224055685,0.00053771472252669,210_1_BOA_LE07_228062_20140607
0.92,4.144139999999999,"< 0,001",23,3,3.385333333333333,211,-2.250928,LG,-55.145292,III,0.3378999999999999,0.29836666666666667,2.0694999999999997,0.02728685923695148,0.050437303347142755,1,6.0,2.22,23.428571428571427,4.664333333333333,,18.1,HW,0.010667244613386173,0.010384739898327474,0.01052170572313781,0.010072155568406562,0.00021909327149803638,6,2014-06-05 15:20:00,1.9384761226851852,0.014592050934996215,0.014129486891454022,0.014105733051287312,0.013515950165436755,0.0003290232188292832,2014-06-07T13:51:24,0.006234952865839232,0.00547551306011517,0.005524216236415823,0.005165831175999657,0.000347187040915663,0.018250251849312595,0.017861405555727197,0.018015961957074236,0.01716443507509023,0.0004049389985013536,211_1_BOA_LE07_228061_20140607
0.92,4.144139999999999,"< 0,001",42,3,3.385333333333333,211,-2.250928,LG,-55.145292,III,0.3378999999999999,0.29836666666666667,2.0694999999999997,0.02728685923695148,0.050437303347142755,1,6.0,2.22,23.428571428571427,4.664333333333333,,18.1,HW,0.011921543153794375,0.011114008543827126,0.01119974231559784,0.010476981791011334,0.0005302440840498239,6,2014-06-05 15:20:00,1.938752962962963,0.015286407932890345,0.014749234709348108,0.014671095652739803,0.014281720185393606,0.00032698918469722043,2014-06-07T13:51:48,0.006729642353746191,0.005879610004314118,0.005871951834466186,0.005860688097301333,0.000298670264757294,0.01922758476796515,0.018485637863236825,0.018533965803023935,0.01757441224055685,0.00053771472252669,211_1_BOA_LE07_228062_20140607
0.995,3.0698600000000003,0.14663999999999996,23,1,4.008333333333334,212,-2.250928,LG,-55.145292,III,0.3866,0.29246666666666665,1.9779999999999998,0.018839480089577573,0.06076164917472216,1,0.2,2.09,11.828571428571443,5.187,,11.3,HW,0.010667244613386173,0.010384739898327474,0.01052170572313781,0.010072155568406562,0.00021909327149803638,6,2014-06-05 15:20:00,1.9384761226851852,0.014592050934996215,0.014129486891454022,0.014105733051287312,0.013515950165436755,0.0003290232188292832,2014-06-07T13:51:24,0.006234952865839232,0.00547551306011517,0.005524216236415823,0.005165831175999657,0.000347187040915663,0.018250251849312595,0.017861405555727197,0.018015961957074236,0.01716443507509023,0.0004049389985013536,212_1_BOA_LE07_228061_20140607
0.995,3.0698600000000003,0.14663999999999996,42,1,4.008333333333334,212,-2.250928,LG,-55.145292,III,0.3866,0.29246666666666665,1.9779999999999998,0.018839480089577573,0.06076164917472216,1,0.2,2.09,11.828571428571443,5.187,,11.3,HW,0.011921543153794375,0.011114008543827126,0.01119974231559784,0.010476981791011334,0.0005302440840498239,6,2014-06-05 15:20:00,1.938752962962963,0.015286407932890345,0.014749234709348108,0.014671095652739803,0.014281720185393606,0.00032698918469722043,2014-06-07T13:51:48,0.006729642353746191,0.005879610004314118,0.005871951834466186,0.005860688097301333,0.000298670264757294,0.01922758476796515,0.018485637863236825,0.018533965803023935,0.01757441224055685,0.00053771472252669,212_1_BOA_LE07_228062_20140607
0.8050000000000002,2.31824,0.07377999999999965,23,1,3.7853333333333334,213,-2.19696,LG,-55.29953,III,0.3895,0.30793333333333334,1.277666666666667,0.05328133069216284,0.06161622857894391,3,0.2,2.19,9.8857142857143,5.063,,10.049999999999999,HW,0.006088394662059766,0.005561427752313042,0.005741370689365745,0.004075087130812618,0.0006600143882399887,9,2014-06-05 12:30:00,2.0565316782407406,0.010428027434430283,0.009707293453626838,0.009789756208933163,0.008141919100396886,0.0006723599021980299,2014-06-07T13:51:24,0.006871361421086508,0.004454993436931846,0.004460397614167863,0.0039389594019972295,0.0008467266358450909,0.013116583704030273,0.01259899442597068,0.01278630504541253,0.010734227878319832,0.0007180184934480294,213_1_BOA_LE07_228061_20140607
0.8050000000000002,2.31824,0.07377999999999965,42,1,3.7853333333333334,213,-2.19696,LG,-55.29953,III,0.3895,0.30793333333333334,1.277666666666667,0.05328133069216284,0.06161622857894391,3,0.2,2.19,9.8857142857143,5.063,,10.049999999999999,HW,0.006940002455920291,0.0059911754664246876,0.006081235593021697,0.004749562579243983,0.0006741613031121472,9,2014-06-05 12:30:00,2.0568085185185185,0.010934402161071121,0.010178182805857755,0.0102641541159514,0.008855985860014511,0.0007154816125044813,2014-06-07T13:51:48,0.007210147175037201,0.004749410663922869,0.004768296567623987,0.003764134852658167,0.0011462781351240278,0.014318529597098525,0.0131649894150797,0.013191724832643421,0.011447362492281425,0.0007985570961174121,213_1_BOA_LE07_228062_20140607
,7.042599999999999,1.6599500000000003,52,1,2.72,218,-2.17151,SL,-55.806,IV,0.39,0.35,0.4269999999999996,"< 0,0001",0.034129019530479386,30,0.2,3.95,251.33333333333331,3.147,0.8,,LW,0.010791847707492284,0.009330001749937483,0.010452481299768248,0.00966729200983375,0.0004127492795664922,4,2014-11-26 12:00:00,-11.922047754629629,0.026533144147697776,0.024528518686149265,0.025382965086930578,0.024413454320714217,0.0008650273391715715,2014-11-14T13:52:15,0.04655877662447959,0.04604065448048109,0.046357692046430574,0.044544853284351815,0.0008546283827137364,0.03843958531137685,0.036639450454052466,0.03770035097523408,0.03770035097523408,0.0003134378732167523,218_1_BOA_LE07_228061_20141114
,7.042599999999999,1.6599500000000003,1,1,2.72,218,-2.17151,SL,-55.806,IV,0.39,0.35,0.4269999999999996,"< 0,0001",0.034129019530479386,30,0.2,3.95,251.33333333333331,3.147,0.8,,LW,0.019420097465784648,0.016057781709287438,0.01751765841326155,0.013933579594200015,0.0014654273668263783,9,2014-11-26 12:00:00,4.078027627314815,0.0340896319522283,0.030859150446393726,0.03255607851414819,0.027371496332456766,0.0018733992751036037,2014-11-30T13:52:21,0.0423205398056194,0.03873921402640381,0.03742307997750552,0.03684812297129805,0.0021013093793817,0.04774230602334135,0.043430273426303415,0.04553981669549163,0.039016739233367556,0.002308123898072248,218_1_BOA_LE07_228061_20141130
,7.042599999999999,1.6599500000000003,57,1,2.72,218,-2.17151,SL,-55.806,IV,0.39,0.35,0.4269999999999996,"< 0,0001",0.034129019530479386,30,0.2,3.95,251.33333333333331,3.147,0.8,,LW,0.011688713333570848,0.007128686586016807,0.010031172898387904,-0.001421705966533779,0.004181279043091144,8,2014-11-26 12:00:00,-11.921770891203703,0.027049544409261418,0.021614732606030137,0.02544348687751612,0.011760878093110973,0.004729921481543677,2014-11-14T13:52:38,0.04969476667595361,0.044493989800396185,0.04494969178994164,0.03974024597259573,0.0028173596674922704,0.03904733894103749,0.03338185653611198,0.03725437707617126,0.022464470880555205,0.00516107103472847,218_1_BOA_LE07_228062_20141114
,7.042599999999999,1.6599500000000003,4,1,2.72,218,-2.17151,SL,-55.806,IV,0.39,0.35,0.4269999999999996,"< 0,0001",0.034129019530479386,30,0.2,3.95,251.33333333333331,3.147,0.8,,LW,0.0189725844953042,0.015705917672991166,0.017193949428307872,0.013358127029987663,0.0015149356103268735,9,2014-11-26 12:00:00,4.0783044791666665,0.033706075346839226,0.030520333204804653,0.03212957361619103,0.02679625247731919,0.001939677758900577,2014-11-30T13:52:45,0.04168991571284059,0.038316345252355444,0.03719840039946809,0.03668772163451699,0.001899585059676496,0.047413408281954166,0.04302199733275933,0.045177231805756356,0.038351810705519185,0.0023840631304390073,218_1_BOA_LE07_228062_20141130
3.1466666666666665,13.177349999999999,1.329200000000002,52,1,3.153,219,-2.21597,SL,-55.80873,IV,0.458,0.3179,0.246,"< 0,0001",0.04221739988163346,31,0.2,4.66,268.6666666666667,3.399,0.8,319.6333333333334,LW,0.010044877902950555,0.007697176729755786,0.00728111201560494,0.005625594192680605,0.0011980105058613459,9,2014-11-26 12:30:00,-11.942881087962963,0.02404332125314913,0.02160952450323536,0.021512088831269198,0.02034751280478141,0.0011073533299721357,2014-11-14T13:52:15,0.03607756702226238,0.03486648608621023,0.03478197041911393,0.03339010469359985,0.0009639291725805558,0.03422123114226827,0.03167641008880101,0.032060052610097034,0.029731078066140792,0.0014340129624727355,219_1_BOA_LE07_228061_20141114
3.1466666666666665,13.177349999999999,1.329200000000002,1,1,3.153,219,-2.21597,SL,-55.80873,IV,0.458,0.3179,0.246,"< 0,0001",0.04221739988163346,31,0.2,4.66,268.6666666666667,3.399,0.8,319.6333333333334,LW,0.015104585327825873,0.014442358440408271,0.014218000932305661,0.013792207165936819,0.0004728120878516054,9,2014-11-26 12:30:00,4.057194293981482,0.025742003511711388,0.02523878880714543,0.025180518436899044,0.02406496456852781,0.000506682904591264,2014-11-30T13:52:21,0.03769159421697318,0.03533981556874922,0.03523428102321555,0.03378781031116101,0.001308443146534861,0.037180661820321155,0.03608817565902233,0.03620411327988407,0.03500884744070494,0.0006436573576436654,219_1_BOA_LE07_228061_20141130
3.1466666666666665,13.177349999999999,1.329200000000002,57,1,3.153,219,-2.21597,SL,-55.80873,IV,0.458,0.3179,0.246,"< 0,0001",0.04221739988163346,31,0.2,4.66,268.6666666666667,3.399,0.8,319.6333333333334,LW,0.009687348161894357,0.007692298604560142,0.007369445681695855,0.006110100246026755,0.0011448161076347096,9,2014-11-26 12:30:00,-11.942604224537037,0.023853411150345553,0.02141451608545168,0.021075309861416498,0.019769146927351905,0.001147267142520614,2014-11-14T13:52:38,0.03749290272135143,0.03447206507480953,0.03451937886734084,0.03204138802650709,0.0014170021080330316,0.03359825160488675,0.0317893373661741,0.03171837726965461,0.02916958145506008,0.001266426966471473,219_1_BOA_LE07_228062_20141114
3.1466666666666665,13.177349999999999,1.329200000000002,4,1,3.153,219,-2.21597,SL,-55.80873,IV,0.458,0.3179,0.246,"< 0,0001",0.04221739988163346,31,0.2,4.66,268.6666666666667,3.399,0.8,319.6333333333334,LW,0.014995704586598976,0.014129699570510617,0.01408058838282574,0.013324494762826444,0.0005382517160626316,9,2014-11-26 12:30:00,4.0574711458333335,0.025451327306043058,0.024876138334559313,0.024873517023428465,0.023591842228290957,0.0005547374176058905,2014-11-30T13:52:45,0.03731867022185516,0.03492522870797208,0.03472191757534229,0.03334041886914707,0.0012694028268277289,0.03708043767940159,0.0357637750852576,0.03581632498764274,0.0346073137550269,0.0007110199686766339,219_1_BOA_LE07_228062_20141130
1.187142857142857,5.461,1.3819500000000007,52,1,2.571,220,-2.17797,SL,-55.80762,IV,0.3131,0.2779,0.18799999999999972,"< 0,0001",0.04675478398106135,33,0.2,3.18,226.66666666666669,2.759,1.2,252.25714285714284,LW,0.013970158046800935,0.013046269976696011,0.013227151473507424,0.011120951886485559,0.0008422157616936953,9,2014-11-26 12:20:00,-11.935936643518518,0.029618023517164915,0.028973703681945295,0.02928658671357313,0.026842893720433084,0.0008535090576535815,2014-11-14T13:52:15,0.043562571795281835,0.04293138124139802,0.04300337136610547,0.04131048356394516,0.0007309231984258255,0.044415194736149737,0.04334646135965846,0.043620288412172914,0.04066060633788722,0.0011442869586983406,220_1_BOA_LE07_228061_20141114
1.187142857142857,5.461,1.3819500000000007,1,1,2.571,220,-2.17797,SL,-55.80762,IV,0.3131,0.2779,0.18799999999999972,"< 0,0001",0.04675478398106135,33,0.2,3.18,226.66666666666669,2.759,1.2,252.25714285714284,LW,0.019040102871114687,0.017771351894444044,0.01738506689507192,0.016616547213284,0.0007943760214637835,9,2014-11-26 12:20:00,4.0641387384259255,0.033745240930802674,0.03309152908903583,0.03321086549338555,0.03236757744508851,0.00041821198920225547,2014-11-30T13:52:21,0.03061147351373829,0.029893298713946206,0.02985835422749522,0.02931795992405751,0.0004307527384295989,0.046265990666559766,0.04519852002276246,0.04521010038917646,0.044666846355749926,0.0004607294188008815,220_1_BOA_LE07_228061_20141130
1.187142857142857,5.461,1.3819500000000007,57,1,2.571,220,-2.17797,SL,-55.80762,IV,0.3131,0.2779,0.18799999999999972,"< 0,0001",0.04675478398106135,33,0.2,3.18,226.66666666666669,2.759,1.2,252.25714285714284,LW,0.013734958112937429,0.013001434816722845,0.01279755781055051,0.01247082782911552,0.00040587711275303354,9,2014-11-26 12:20:00,-11.935659780092593,0.029527051379209232,0.0286363812446903,0.028662818949346577,0.027734317477099642,0.0005399989135743246,2014-11-14T13:52:38,0.044924768561246414,0.0433118227331087,0.04320565177277559,0.04218237490159303,0.0008401447004933794,0.043819147685048805,0.04324822214285091,0.043320244099415914,0.04258566486313518,0.00036751451025333724,220_1_BOA_LE07_228062_20141114
1.187142857142857,5.461,1.3819500000000007,4,1,2.571,220,-2.17797,SL,-55.80762,IV,0.3131,0.2779,0.18799999999999972,"< 0,0001",0.04675478398106135,33,0.2,3.18,226.66666666666669,2.759,1.2,252.25714285714284,LW,0.018223076635400806,0.017121908510655825,0.016718501948345676,0.01601410959435054,0.0007010898804415488,9,2014-11-26 12:20:00,4.064415590277778,0.032904979970628474,0.032407627152216754,0.032455495093325105,0.03177875427324767,0.00034418004192904935,2014-11-30T13:52:45,0.030000497989933587,0.029422280177216518,0.029331610305382606,0.029008012639102472,0.00033097955891697506,0.04532522787126734,0.04445134166293371,0.044347969240513756,0.043951863724851284,0.00040131294649482465,220_1_BOA_LE07_228062_20141130
2.468571428571429,8.40535,1.0355000000000016,52,1,2.603,221,-2.17391,SL,-55.76252,IV,0.3342,0.3003,0.1519999999999997,"< 0,0001",0.033537186821858356,34,0.2,3.42,258.6666666666667,2.755,0.8,183.14285714285714,LW,0.0032046589679006893,-0.0010706324659976814,0.0011596269091990186,-0.009486303834302143,0.003919381367713912,9,2014-11-26 13:00:00,-11.963714421296297,0.01957014879611344,0.014371320676642006,0.01721897950721007,0.006347627577492694,0.0042227636018122025,2014-11-14T13:52:15,0.037654445818076455,0.03548828800159251,0.036068273084815305,0.03312650395792464,0.0014774213936733574,0.03061513319610208,0.025249963561401682,0.029110956095186945,0.018040895831305026,0.0044285089415961165,221_1_BOA_LE07_228061_20141114
2.468571428571429,8.40535,1.0355000000000016,1,1,2.603,221,-2.17391,SL,-55.76252,IV,0.3342,0.3003,0.1519999999999997,"< 0,0001",0.033537186821858356,34,0.2,3.42,258.6666666666667,2.755,0.8,183.14285714285714,LW,0.015541154213333236,0.01118439096424249,0.01432862444019635,-0.01844810665826099,0.010382538301661727,9,2014-11-26 13:00:00,4.036360960648148,0.03019937681689981,0.02585453865063878,0.029301255813325534,-0.0038362630647097162,0.010424474841529068,2014-11-30T13:52:21,0.03720407002315261,0.031802372100165885,0.030936099784088247,0.027787484683596358,0.0030428056083069057,0.040676649889974624,0.03378751828262248,0.035702395433913764,0.003233790566271072,0.01075392427679081,221_1_BOA_LE07_228061_20141130
2.468571428571429,8.40535,1.0355000000000016,57,1,2.603,221,-2.17391,SL,-55.76252,IV,0.3342,0.3003,0.1519999999999997,"< 0,0001",0.033537186821858356,34,0.2,3.42,258.6666666666667,2.755,0.8,183.14285714285714,LW,0.0038998506228485226,-0.0020751326672868186,0.0018962206040786349,-0.036681557437712266,0.012642665632761082,9,2014-11-26 13:00:00,-11.963437557870371,0.01928896991063922,0.013592574258365197,0.018083937166183204,-0.022408837716665603,0.013172220619652038,2014-11-14T13:52:38,0.03755865850671873,0.03509987832236093,0.035603107259604846,0.026838496908353306,0.0031654314382116317,0.030918967421833397,0.024830292676388612,0.029775199759574992,-0.01241941910766732,0.013786912944679406,221_1_BOA_LE07_228062_20141114
2.468571428571429,8.40535,1.0355000000000016,4,1,2.603,221,-2.17391,SL,-55.76252,IV,0.3342,0.3003,0.1519999999999997,"< 0,0001",0.033537186821858356,34,0.2,3.42,258.6666666666667,2.755,0.8,183.14285714285714,LW,0.015272459149738009,0.01066884915386109,0.013971986536363582,-0.018840496265146556,0.010413434453837061,9,2014-11-26 13:00:00,4.0366378125,0.029386901046631362,0.025212684612172045,0.028674358320640317,-0.004197875459995497,0.010375650655138883,2014-11-30T13:52:45,0.03667574268219122,0.03156408679102005,0.0306208411077229,0.027543968341821795,0.003034947281337361,0.03982258373113184,0.03313745219166297,0.03534989110113906,0.002585569818436634,0.010798282878763086,221_1_BOA_LE07_228062_20141130
2.9755555555555557,17.353999999999996,3.7538500000000017,52,1,3.471,222,-2.14242,PC,-55.62571,IV,0.4634,0.3358,0.5329999999999995,"< 0,0001",0.03333990925231801,22,0.2,3.65,124.66666666666674,4.004,1.06,146.65555555555554,LW,0.012607622308863583,0.011458531229942597,0.011192390478464796,0.010135991360270913,0.0007408528833955086,9,2014-11-27 11:25:00,-12.897742199074074,0.02894588348470124,0.027994582165155487,0.028164266696955546,0.02683750860134137,0.000637812627323309,2014-11-14T13:52:15,0.04067174452654405,0.03862184845891286,0.03895978608374806,0.035301881063086966,0.001785342358423509,0.04499921106780431,0.04247530869742397,0.042252939197687994,0.041056748643860906,0.0013691599753997126,222_1_BOA_LE07_228061_20141114
2.9755555555555557,17.353999999999996,3.7538500000000017,1,1,3.471,222,-2.14242,PC,-55.62571,IV,0.4634,0.3358,0.5329999999999995,"< 0,0001",0.03333990925231801,22,0.2,3.65,124.66666666666674,4.004,1.06,146.65555555555554,LW,0.02071930781493703,0.019252142543626158,0.01928590191098353,0.01873548398272543,0.0005934910145516904,9,2014-11-27 11:25:00,3.10233318287037,0.034398827152399836,0.03322098733791226,0.03336821489952222,0.03238177198126539,0.000706925872687347,2014-11-30T13:52:21,0.0229925268063231,0.022003196429803463,0.02235266192092838,0.021207829566239206,0.0006368878109164589,0.03990112424906891,0.03876087321214777,0.03870916772438493,0.038399745625423476,0.00046721875280343784,222_1_BOA_LE07_228061_20141130
2.9755555555555557,17.353999999999996,3.7538500000000017,57,1,3.471,222,-2.14242,PC,-55.62571,IV,0.4634,0.3358,0.5329999999999995,"< 0,0001",0.03333990925231801,22,0.2,3.65,124.66666666666674,4.004,1.06,146.65555555555554,LW,0.011971305446693448,0.011252462480356355,0.011120620295457339,0.010538165135751012,0.0004356982596634531,9,2014-11-27 11:25:00,-12.897465335648148,0.028422618072228976,0.027753317154083263,0.027725719321154946,0.026812533059691,0.00047800719619794734,2014-11-14T13:52:38,0.04066599051106143,0.03961139393700996,0.03952364683142161,0.03870676318283943,0.0005281652148496043,0.04407951413036748,0.04253048767553355,0.04230934175301568,0.041681099643264045,0.0006937704777120888,222_1_BOA_LE07_228062_20141114
2.9755555555555557,17.353999999999996,3.7538500000000017,4,1,3.471,222,-2.14242,PC,-55.62571,IV,0.4634,0.3358,0.5329999999999995,"< 0,0001",0.03333990925231801,22,0.2,3.65,124.66666666666674,4.004,1.06,146.65555555555554,LW,0.019905662535076644,0.018778182731124072,0.018730533073309713,0.018219686443839915,0.0005972600296104812,9,2014-11-27 11:25:00,3.1026100347222223,0.03400652571188521,0.03262940836202626,0.032673169171362516,0.031718360076203815,0.0007140520349672964,2014-11-30T13:52:45,0.022603304767792848,0.021625291775978814,0.021812218509454837,0.020711127969618787,0.0006290033950252144,0.03935777981478873,0.03812017986973554,0.03803341373563635,0.037629075066631795,0.0005881004967786472,222_1_BOA_LE07_228062_20141130
2.468571428571429,15.55895,1.329750000000001,52,1,3.553,223,-2.09331,PC,-55.62157,IV,0.416,0.3169,0.2560000000000002,"< 0,0001",0.022095087788518444,23,0.2,2.77,194.00000000000003,3.809,1.03,183.14285714285714,LW,0.010803305455361236,0.009696452007705263,0.009900771186234052,0.00826855406952377,0.000826632180861412,6,2014-11-27 10:30:00,-12.859547754629629,0.02682925530639766,0.026588871996704715,0.026545663067002477,0.026144734827670855,0.00022282389886493407,2014-11-14T13:52:15,0.0313883240719258,0.030771207059484326,0.030700093080126126,0.03038622319474705,0.0003624787280256318,0.03792586734939453,0.036973111984524513,0.03688302694343209,0.03643903977751137,0.0004966408827779562,223_1_BOA_LE07_228061_20141114
2.468571428571429,15.55895,1.329750000000001,1,1,3.553,223,-2.09331,PC,-55.62157,IV,0.416,0.3169,0.2560000000000002,"< 0,0001",0.022095087788518444,23,0.2,2.77,194.00000000000003,3.809,1.03,183.14285714285714,LW,0.01814794103371393,0.017156582747570856,0.01705021968679496,0.016710569377998002,0.00038301130456432823,9,2014-11-27 10:30:00,3.140527627314815,0.03349195644513031,0.03169308615512744,0.031213405686864176,0.030581147449398608,0.0009729481128171351,2014-11-30T13:52:21,0.03136915162491877,0.029676742223358525,0.02941837392358064,0.02840747229858223,0.000994091831968318,0.04159445164681724,0.04045177607828077,0.04032866591915046,0.03960107768091598,0.0005830515440491201,223_1_BOA_LE07_228061_20141130
2.8800000000000003,11.093700000000002,0.8882499999999994,52,1,3.388,224,-2.112532,PC,-55.621423,IV,0.4252,0.2996,0.4650000000000003,"< 0,0001",0.04497928585519827,24,0.2,3.3,187.33333333333334,3.853,1.05,221.4333333333333,LW,0.013648129614042001,0.012346164022683286,0.012503672137443477,0.010724370799698933,0.0009287872632633002,9,2014-11-27 11:05:00,-12.883853310185184,0.030632304445163322,0.029705066545216187,0.029935007352317723,0.02793068028492321,0.0008995918862777707,2014-11-14T13:52:15,0.040565572013400664,0.039275072987372976,0.03933093682218533,0.03719550399159077,0.0011110436146061907,0.04579439326950354,0.04407481097285132,0.04418812540684472,0.041117921611957195,0.0013406818271484388,224_1_BOA_LE07_228061_20141114
2.8800000000000003,11.093700000000002,0.8882499999999994,1,1,3.388,224,-2.112532,PC,-55.621423,IV,0.4252,0.2996,0.4650000000000003,"< 0,0001",0.04497928585519827,24,0.2,3.3,187.33333333333334,3.853,1.05,221.4333333333333,LW,0.01906530016398923,0.018446012651895542,0.01830590085063158,0.017932758139980756,0.00041928928196136007,9,2014-11-27 11:05:00,3.1162220717592595,0.03268614811013947,0.03219199543864487,0.03210976420352332,0.031640382048384916,0.0003721592246827805,2014-11-30T13:52:21,0.02602523922899097,0.0257118986364005,0.025688355773209885,0.025413950174736324,0.00017896538684241168,0.04172298400606518,0.04102363079385508,0.04096889561455614,0.04039910174691347,0.00044140272732597676,224_1_BOA_LE07_228061_20141130
2.8800000000000003,11.093700000000002,0.8882499999999994,57,1,3.388,224,-2.112532,PC,-55.621423,IV,0.4252,0.2996,0.4650000000000003,"< 0,0001",0.04497928585519827,24,0.2,3.3,187.33333333333334,3.853,1.05,221.4333333333333,LW,0.013473549650385884,0.011494654712862882,0.011618972266824713,0.010242670162765274,0.0008760899192731974,9,2014-11-27 11:05:00,-12.883576446759259,0.030345785999691184,0.028727231279969866,0.029059786053754824,0.027869677206361205,0.0007497849456557578,2014-11-14T13:52:38,0.04030816666562376,0.038738966534503316,0.038726245929843625,0.038098642866351236,0.000682673919607751,0.045458896225140384,0.04394033403394797,0.043958701546388285,0.042933909095369024,0.0007769699029894818,224_1_BOA_LE07_228062_20141114
2.8800000000000003,11.093700000000002,0.8882499999999994,4,1,3.388,224,-2.112532,PC,-55.621423,IV,0.4252,0.2996,0.4650000000000003,"< 0,0001",0.04497928585519827,24,0.2,3.3,187.33333333333334,3.853,1.05,221.4333333333333,LW,0.018237462543372416,0.017566039407181627,0.017930024332825513,0.016637251966844638,0.0006355291984520831,9,2014-11-27 11:05:00,3.116498923611111,0.0318272965797008,0.031547791537962916,0.031569778684885856,0.0310165080399054,0.00025421866859565075,2014-11-30T13:52:45,0.025899635525957233,0.025343618512744824,0.025343334605687957,0.02456555940118145,0.0003778986129574265,0.04069080674584656,0.04000870566156364,0.03993024744133667,0.03947520859691912,0.0004105680360284677,224_1_BOA_LE07_228062_20141130
,20.432250000000003,3.142799999999996,52,1,2.985,225,-2.20266,PD,-55.6251,IV,0.3581,0.3185,0.5390000000000001,"< 0,0001",0.05642138488853817,25,0.2,3.78,132.66666666666669,3.524,0.45,,LW,0.007746218699343438,0.005318429898668464,0.006064862419234542,0.0032710354802732156,0.0012589453072011033,9,2014-11-27 12:35:00,-12.946353310185184,0.02418370534523842,0.02237693146780527,0.02343742119001028,0.02101357811337412,0.0009468519291917482,2014-11-14T13:52:15,0.029947655979885815,0.029190721043808415,0.0293357218835398,0.028281547039004748,0.0005274752353351228,0.037770150661048635,0.03516037490204439,0.03639487791012712,0.03311898728283422,0.0013063008414323943,225_1_BOA_LE07_228061_20141114
,20.432250000000003,3.142799999999996,1,1,2.985,225,-2.20266,PD,-55.6251,IV,0.3581,0.3185,0.5390000000000001,"< 0,0001",0.05642138488853817,25,0.2,3.78,132.66666666666669,3.524,0.45,,LW,0.0141706143158817,-0.01676246972750906,0.0046573908675893935,-0.0578910432790488,0.026924659642914458,6,2014-11-27 12:35:00,3.0537220717592595,0.02694746460696393,-0.0037742771031513325,0.017746530518828005,-0.045179690499114744,0.027090354653165293,2014-11-30T13:52:21,0.03450323851687571,0.024150942713332,0.021654588910305143,0.02081463606180634,0.005626667207716599,0.028615647206773984,-0.0004064831664567745,0.02082831767644231,-0.040111321789779796,0.025687541188035772,225_1_BOA_LE07_228061_20141130
,20.432250000000003,3.142799999999996,57,1,2.985,225,-2.20266,PD,-55.6251,IV,0.3581,0.3185,0.5390000000000001,"< 0,0001",0.05642138488853817,25,0.2,3.78,132.66666666666669,3.524,0.45,,LW,0.007177817487391672,0.0054629580178230394,0.00620918542599099,0.004830759723392286,0.0006977091734440375,9,2014-11-27 12:35:00,-12.946076446759259,0.02395790958269894,0.022601535427042428,0.02344681138258739,0.022381892235683924,0.00043343660660339234,2014-11-14T13:52:38,0.030796544305904006,0.02893833381586754,0.028929474119990008,0.02749113900547566,0.0009780750862184453,0.038111981609662546,0.03534831679226541,0.03612382631416872,0.0344762090741148,0.0009658465282227854,225_1_BOA_LE07_228062_20141114
,20.432250000000003,3.142799999999996,4,1,2.985,225,-2.20266,PD,-55.6251,IV,0.3581,0.3185,0.5390000000000001,"< 0,0001",0.05642138488853817,25,0.2,3.78,132.66666666666669,3.524,0.45,,LW,0.01371482772244606,-0.016788011684538348,0.004810508091698331,-0.056032041800409806,0.025846292103170618,6,2014-11-27 12:35:00,3.053998923611111,0.026481936717656862,-0.0038003555556076606,0.01781211947853349,-0.043335431687783074,0.02599698951259125,2014-11-30T13:52:45,0.031783993204972896,0.023818463720405438,0.022258516817013865,0.02054061174701565,0.004861913229744212,0.028206456557677142,-0.00034051536709353786,0.020993849963229543,-0.03821543850878499,0.02462040308503978,225_1_BOA_LE07_228062_20141130
,8.334600000000007,2.464650000000013,52,1,2.969,226,-2.21762,PD,-55.63121,IV,0.3474,0.3181,0.19100000000000028,"< 0,0001",0.035115407378181106,36,0.2,3.59,196.66666666666669,3.16,1.4,,LW,-0.09060857028951504,-0.09701314472643752,-0.09897340678738137,-0.10106987038444208,0.00376313413284806,9,2014-11-27 12:00:00,-12.922047754629629,-0.07746287010021322,-0.08336761585274632,-0.0847070843825386,-0.0874942382032664,0.0032595553516415183,2014-11-14T13:52:15,0.025592840946593393,0.013832981400324861,0.011880793366300074,0.006946318490207742,0.005597221426677885,-0.07697386367456387,-0.08232200725154629,-0.08346980435416582,-0.0860930416154283,0.0031311260839604893,226_1_BOA_LE07_228061_20141114
,8.334600000000007,2.464650000000013,1,1,2.969,226,-2.21762,PD,-55.63121,IV,0.3474,0.3181,0.19100000000000028,"< 0,0001",0.035115407378181106,36,0.2,3.59,196.66666666666669,3.16,1.4,,LW,-0.06342158042946758,-0.07142761984845786,-0.07172291955067231,-0.07725726211913511,0.004441802462166656,9,2014-11-27 12:00:00,3.078027627314815,-0.05442979862767899,-0.06012983968248388,-0.06016595391015226,-0.0643577740719871,0.0031914697189632606,2014-11-30T13:52:21,0.05346903849312985,0.05135386327137595,0.05230572508397789,0.04539088348461212,0.0025872775818089546,-0.05885695340254068,-0.06615708858553182,-0.06585366713008499,-0.07114110272365091,0.0037731721486337294,226_1_BOA_LE07_228061_20141130
,8.334600000000007,2.464650000000013,57,1,2.969,226,-2.21762,PD,-55.63121,IV,0.3474,0.3181,0.19100000000000028,"< 0,0001",0.035115407378181106,36,0.2,3.59,196.66666666666669,3.16,1.4,,LW,-0.08726472649460079,-0.09722151258383661,-0.09845708873129708,-0.1011324559476621,0.004009547027998109,9,2014-11-27 12:00:00,-12.921770891203703,-0.07414149158330656,-0.0841420044619897,-0.08593087166032756,-0.08800081243194406,0.0039711826833999,2014-11-14T13:52:38,0.02485962057481972,0.008266105984827089,0.007427306615131121,-0.0019491885492932404,0.007379171048306761,-0.07309766324860716,-0.08221112341868568,-0.08349736357715808,-0.08573038502110292,0.003593906723338548,226_1_BOA_LE07_228062_20141114
,8.334600000000007,2.464650000000013,4,1,2.969,226,-2.21762,PD,-55.63121,IV,0.3474,0.3181,0.19100000000000028,"< 0,0001",0.035115407378181106,36,0.2,3.59,196.66666666666669,3.16,1.4,,LW,-0.06279309305039935,-0.07107201519805488,-0.07132686211259215,-0.07659876976282991,0.004382260079762398,9,2014-11-27 12:00:00,3.0783044791666665,-0.053739561131895125,-0.059770391439432524,-0.059757367683042864,-0.06350517047289701,0.003093208522993377,2014-11-30T13:52:45,0.052110872078013765,0.05025770073426798,0.05114519819207887,0.04501248206478212,0.002234088701251689,-0.05816651635660716,-0.06568426129391047,-0.06531907923240289,-0.07035251587944628,0.003708574164034924,226_1_BOA_LE07_228062_20141130
4.678000000000001,43.52204999999999,3.712549999999999,52,1,4.826,227,-2.25136,PQ,-55.5446,IV,0.645,0.5809,1.4160000000000004,"< 0,0001",0.052475833497731314,7,0.2,3.55,76.40000000000002,6.242,1.4,89.2,LW,0.004301651882037393,0.0036966663250386084,0.003829490137064578,0.003139718122232023,0.00039883647381895056,9,2014-11-28 11:50:00,-13.915103310185184,0.018022428358206635,0.017265693032065977,0.017420610427647427,0.015961164847569792,0.0006410281562274774,2014-11-14T13:52:15,0.034967145828333906,0.033825246510449346,0.03382742949719922,0.03317035364926681,0.0005054657142693352,0.026826150734149012,0.026201702763356472,0.026299308303233928,0.02549789391818181,0.00042282391553319593,227_1_BOA_LE07_228061_20141114
4.678000000000001,43.52204999999999,3.712549999999999,1,1,4.826,227,-2.25136,PQ,-55.5446,IV,0.645,0.5809,1.4160000000000004,"< 0,0001",0.052475833497731314,7,0.2,3.55,76.40000000000002,6.242,1.4,89.2,LW,0.011319924333156345,0.010281866939369602,0.010331017138215978,0.008952715382720917,0.0007479121654460655,9,2014-11-28 11:50:00,2.0849720717592595,0.019062077144602167,0.01843285248349658,0.01848373866676756,0.01753909539556739,0.0005946800527373648,2014-11-30T13:52:21,0.021301881372338773,0.020042973038956288,0.020251137809336305,0.018511230298649213,0.0009604033571249172,0.021605549036866463,0.02056265558476435,0.020524482978367238,0.019395951135251728,0.0006461016629612374,227_1_BOA_LE07_228061_20141130
4.678000000000001,43.52204999999999,3.712549999999999,57,1,4.826,227,-2.25136,PQ,-55.5446,IV,0.645,0.5809,1.4160000000000004,"< 0,0001",0.052475833497731314,7,0.2,3.55,76.40000000000002,6.242,1.4,89.2,LW,0.003429882044277714,0.0029213053794332608,0.0029813288365242267,0.0024886266731206277,0.00029802087266180227,9,2014-11-28 11:50:00,-13.914826446759259,0.017575252845476792,0.016973379502697308,0.017099341948351512,0.01597708514306007,0.0005026628579036145,2014-11-14T13:52:38,0.03443982599826356,0.033333563014550545,0.03331255679901254,0.03239890151708889,0.0004916273638081193,0.02641615142792827,0.026151187420840306,0.026139898914788632,0.02592822805816076,0.00017397736480617108,227_1_BOA_LE07_228062_20141114
4.678000000000001,43.52204999999999,3.712549999999999,4,1,4.826,227,-2.25136,PQ,-55.5446,IV,0.645,0.5809,1.4160000000000004,"< 0,0001",0.052475833497731314,7,0.2,3.55,76.40000000000002,6.242,1.4,89.2,LW,0.010870221408465153,0.009970915941226607,0.009905963057845937,0.008777088208998418,0.000648421917107242,9,2014-11-28 11:50:00,2.085248923611111,0.018711271446834883,0.018128978815187526,0.01838415425073468,0.017172145154279318,0.0006177091552207803,2014-11-30T13:52:45,0.02105411968624969,0.019861053295719185,0.020014998139682657,0.01849403534839065,0.0008862073050524722,0.021083471367395926,0.020255525043872017,0.020273332326551378,0.019201818340680334,0.0006080126360271134,227_1_BOA_LE07_228062_20141130
5.287999999999999,47.02634999999999,2.926000000000004,52,1,5.119,228,-2.24033,PQ,-55.58294,IV,0.7045,0.5217,0.6920000000000002,"< 0,0001",0.04142828960347208,8,0.2,4.8,148.5,5.811,1.4,145.5,LW,0.000591346453987748,0.00012036940653299586,0.0001294921526247446,-0.00025305728676553764,0.0002973715338168001,9,2014-11-28 12:10:00,-13.928992199074074,0.012900427345649716,0.01221565179006454,0.012337431037817405,0.011405574253750933,0.00046445563288748847,2014-11-14T13:52:15,0.026981694998407836,0.026517866214612974,0.02666268879003827,0.025985151742006954,0.0003300304938309549,0.01851720365328947,0.017751054489452103,0.01772514645351842,0.017198083408038602,0.0004498824427312257,228_1_BOA_LE07_228061_20141114
5.287999999999999,47.02634999999999,2.926000000000004,1,1,5.119,228,-2.24033,PQ,-55.58294,IV,0.7045,0.5217,0.6920000000000002,"< 0,0001",0.04142828960347208,8,0.2,4.8,148.5,5.811,1.4,145.5,LW,0.0103445346211834,0.00873902139582191,0.008598659519021333,0.006930620565545973,0.0009764800442851034,9,2014-11-28 12:10:00,2.07108318287037,0.01913838014138302,0.017489258113856352,0.017787059930348317,0.015410398936636777,0.001164370793208631,2014-11-30T13:52:21,0.024487266190763447,0.02209829625549578,0.022242414610300687,0.0196797502074344,0.0013963686701144184,0.02169860681962743,0.019462186890759615,0.01937101824561962,0.01730647102548067,0.001293727864453542,228_1_BOA_LE07_228061_20141130
5.287999999999999,47.02634999999999,2.926000000000004,57,1,5.119,228,-2.24033,PQ,-55.58294,IV,0.7045,0.5217,0.6920000000000002,"< 0,0001",0.04142828960347208,8,0.2,4.8,148.5,5.811,1.4,145.5,LW,0.0005650675609922794,-5.646797434112074e-05,-0.00012665607808774217,-0.0005265652583027053,0.00033808647695712893,9,2014-11-28 12:10:00,-13.928715335648148,0.012807773356371567,0.011977735911720919,0.011931541347265049,0.011329616003364346,0.0004642760974348894,2014-11-14T13:52:38,0.02681091238486011,0.0261359414335005,0.026133958170492456,0.025297264629337637,0.00044952236856257705,0.018398993788135122,0.017571724146236953,0.017503668761402386,0.01694499726736201,0.00044030126484289646,228_1_BOA_LE07_228062_20141114
5.287999999999999,47.02634999999999,2.926000000000004,4,1,5.119,228,-2.24033,PQ,-55.58294,IV,0.7045,0.5217,0.6920000000000002,"< 0,0001",0.04142828960347208,8,0.2,4.8,148.5,5.811,1.4,145.5,LW,0.009873965373238359,0.008240097402592841,0.008032925361067459,0.006220080282354486,0.0010445023150632247,9,2014-11-28 12:10:00,2.0713600347222223,0.018770418843539617,0.01709751655868792,0.01744730144623874,0.014770541655363793,0.0012741602985416147,2014-11-30T13:52:45,0.024022327072810115,0.02174101760793924,0.021828724516066822,0.0191546971659584,0.0014616897188856318,0.02101994996100758,0.01906086125941013,0.01904164709660662,0.016823510542526534,0.001289363867330207,228_1_BOA_LE07_228062_20141130
3.0812500000000003,69.80154999999999,6.059099999999999,52,1,4.485,229,-2.25955,PQ,-55.62389,IV,0.6015,0.5335,1.0989999999999993,"< 0,0001",0.04300651015979483,9,0.2,4.82,65.19999999999997,5.584,2.3,76.22499999999998,LW,-0.00011935824518621505,-0.001049529118618066,-0.0009874281016019407,-0.001984907020303654,0.000631235578479545,9,2014-11-28 12:40:00,-13.949825532407408,0.010687158501085056,0.009875695295707268,0.010029803777076754,0.009174780391487308,0.00046594160889023255,2014-11-14T13:52:15,0.01629678353619195,0.014972056774822155,0.014739454002240577,0.014097939421859289,0.0006556088124524666,0.012243518773899759,0.011048843393167532,0.011020956879980191,0.010049898136657054,0.0006397538273939328,229_1_BOA_LE07_228061_20141114
3.0812500000000003,69.80154999999999,6.059099999999999,1,1,4.485,229,-2.25955,PQ,-55.62389,IV,0.6015,0.5335,1.0989999999999993,"< 0,0001",0.04300651015979483,9,0.2,4.82,65.19999999999997,5.584,2.3,76.22499999999998,LW,0.011128986005448097,0.010390775098312594,0.01032489218017401,0.00950226076373939,0.0004563540009527993,9,2014-11-28 12:40:00,2.050249849537037,0.01908808735215386,0.01808886293511993,0.01832969415435228,0.016833954039652075,0.0006956366991124172,2014-11-30T13:52:21,0.02039496116985174,0.01900385587157212,0.01873774927921502,0.018283614006071383,0.0005866386980243816,0.01974717739073471,0.019004344635458185,0.01922016985613785,0.018156181850495695,0.0004933099074024607,229_1_BOA_LE07_228061_20141130
3.0812500000000003,69.80154999999999,6.059099999999999,57,1,4.485,229,-2.25955,PQ,-55.62389,IV,0.6015,0.5335,1.0989999999999993,"< 0,0001",0.04300651015979483,9,0.2,4.82,65.19999999999997,5.584,2.3,76.22499999999998,LW,-0.0006018965796196433,-0.001532891488095703,-0.0018224829382160884,-0.0025644960066703044,0.0006838064791461346,9,2014-11-28 12:40:00,-13.949548668981482,0.00997328511003403,0.009568629512432217,0.00960528953485315,0.008977690841889088,0.00028871402693738464,2014-11-14T13:52:38,0.0162002017347702,0.014788487250460837,0.014738863415970813,0.01366200717896491,0.000728856161034336,0.011927462691032507,0.01080766387026172,0.010985560677054714,0.00990932967657725,0.000637165028903698,229_1_BOA_LE07_228062_20141114
3.0812500000000003,69.80154999999999,6.059099999999999,4,1,4.485,229,-2.25955,PQ,-55.62389,IV,0.6015,0.5335,1.0989999999999993,"< 0,0001",0.04300651015979483,9,0.2,4.82,65.19999999999997,5.584,2.3,76.22499999999998,LW,0.010749187617949369,0.010036594182955555,0.009969341513327838,0.00961151576033181,0.00037083501428645475,9,2014-11-28 12:40:00,2.050526701388889,0.018719224677587017,0.01765776316097941,0.017885328846823843,0.016436209855826292,0.0007124038479960122,2014-11-30T13:52:45,0.02015051596830115,0.01891934563883283,0.018819885159559412,0.01830110146651523,0.0005643769937918363,0.019481409973981414,0.018521243241166035,0.018269693190643754,0.017678451014426614,0.000592505316306556,229_1_BOA_LE07_228062_20141130
3.353,58.250949999999996,2.0267000000000017,52,1,3.963,230,-2.27098,PQ,-55.5254,IV,0.5124,0.4261,0.798,"< 0,0001",0.024856973762083255,10,0.2,4.8,182.00000000000003,4.761,1.0,259.01000000000005,LW,-0.06558230518366735,-0.09885923829487686,-0.10178251929064647,-0.13001695851062176,0.023862599932256257,9,2014-11-28 13:00:00,-13.963714421296297,-0.05441954474750102,-0.08684138050588584,-0.09032556571851362,-0.11831092855137482,0.023830753443109184,2014-11-14T13:52:15,0.0506735144230733,-0.0023327036116004285,-0.00896045837853518,-0.04861828758318856,0.03760216550836811,-0.05376300777126858,-0.08318771844394747,-0.08589400046154617,-0.1112500748112174,0.02063866528324191,230_1_BOA_LE07_228061_20141114
3.353,58.250949999999996,2.0267000000000017,57,1,3.963,230,-2.27098,PQ,-55.5254,IV,0.5124,0.4261,0.798,"< 0,0001",0.024856973762083255,10,0.2,4.8,182.00000000000003,4.761,1.0,259.01000000000005,LW,-0.07589506377243636,-0.10462834810086447,-0.11388871247135715,-0.12657124124312685,0.019657352514498575,9,2014-11-28 13:00:00,-13.963437557870371,-0.06458382595884368,-0.09255814804082797,-0.1018734170518365,-0.11459719656219351,0.01963520900072369,2014-11-14T13:52:38,0.03390021506836874,-0.011637577234674979,-0.027043903928717555,-0.04432946609715989,0.03027664882606312,-0.06271305914597451,-0.08793191168534946,-0.09561926909625224,-0.10767106772526279,0.016792461992365934,230_1_BOA_LE07_228062_20141114
3.1274999999999995,32.22684999999999,3.730600000000001,52,1,4.901,231,-2.23039,PQ,-55.45519,IV,0.756,0.7323,1.295,"< 0,0001",0.03748273821266523,11,0.2,3.12,57.59999999999999,6.196,1.4,57.381249999999994,LW,0.006868064555516709,0.006080336486131492,0.006168117249360111,0.004375671597873977,0.0007701400225016137,8,2014-11-28 11:15:00,-13.890797754629629,0.022710037638410747,0.02193221217303287,0.0217434404891422,0.020600062650636373,0.0007097009388123795,2014-11-14T13:52:15,0.02724338773392108,0.026711423277054936,0.026770207481045458,0.026024817050334333,0.00038062013598174954,0.03168772054005382,0.030644192014253308,0.03069202729979522,0.029966279187604167,0.0004843343307353505,231_1_BOA_LE07_228061_20141114
3.1274999999999995,32.22684999999999,3.730600000000001,1,1,4.901,231,-2.23039,PQ,-55.45519,IV,0.756,0.7323,1.295,"< 0,0001",0.03748273821266523,11,0.2,3.12,57.59999999999999,6.196,1.4,57.381249999999994,LW,0.015693847479782433,0.013491683842897924,0.013505483403246766,0.011358252372508117,0.0013916916753459125,8,2014-11-28 11:15:00,2.109277627314815,0.027604499400228993,0.02660414441860972,0.026859474201140883,0.025207910143323402,0.000782902095828267,2014-11-30T13:52:21,0.023048403349070705,0.022253501252422897,0.022375955397540247,0.0213240492839148,0.0006278644125634313,0.032983688374402874,0.03158880048554892,0.031958431638716485,0.030321996860354583,0.000843167131351307,231_1_BOA_LE07_228061_20141130
3.1274999999999995,32.22684999999999,3.730600000000001,57,1,4.901,231,-2.23039,PQ,-55.45519,IV,0.756,0.7323,1.295,"< 0,0001",0.03748273821266523,11,0.2,3.12,57.59999999999999,6.196,1.4,57.381249999999994,LW,0.006636334002386958,0.005811086228724396,0.0058108756975258965,0.00394935654757371,0.0008169293553933802,8,2014-11-28 11:15:00,-13.890520891203703,0.02257712748203038,0.021648911489804436,0.021408134660656088,0.020307386338659975,0.0007964829464674422,2014-11-14T13:52:38,0.02718147651141998,0.02658498188200636,0.02653575228512295,0.025720729989807206,0.00045358533639719087,0.03157917315380408,0.03049795992476647,0.03057401918948218,0.029760252780885475,0.0005129713311586521,231_1_BOA_LE07_228062_20141114
3.1274999999999995,32.22684999999999,3.730600000000001,4,1,4.901,231,-2.23039,PQ,-55.45519,IV,0.756,0.7323,1.295,"< 0,0001",0.03748273821266523,11,0.2,3.12,57.59999999999999,6.196,1.4,57.381249999999994,LW,0.015214343336708656,0.013010475700431387,0.013033412617534443,0.010919772206322832,0.001401580671920474,8,2014-11-28 11:15:00,2.1095544791666665,0.026905139298078404,0.026040627932346926,0.026220311223944488,0.024712671489470244,0.0006918609846182204,2014-11-30T13:52:45,0.02276437078604137,0.021961018777818347,0.022103536532299392,0.021008332881650178,0.0006352779636528222,0.032542478265497936,0.031183402478823962,0.031503546663476274,0.030047832684380237,0.0007807272486324803,231_1_BOA_LE07_228062_20141130
3.53,48.910050000000005,3.4325999999999977,52,1,5.987,232,-2.25098,PQ,-55.49403,IV,0.1256,0.1068,1.0510000000000002,"< 0,0001",0.04280923259025448,12,0.2,3.6,37.60000000000002,7.038,1.0,36.63333333333333,LW,0.0009806027259520577,-0.0027617608029820414,-0.000747634660356088,-0.015217391263107727,0.004784280908109265,9,2014-11-28 10:45:00,-13.869964421296297,0.017027362412810807,0.01245400511525858,0.01385849542599302,0.0007642888803793824,0.004509519585415983,2014-11-14T13:52:15,0.030200339518537032,0.023951098554201612,0.022825130886382668,0.01942045620353907,0.0030461905926366184,0.021014241520360744,0.017162130372046076,0.017742161319019796,0.007883357412015783,0.003635845788174166,232_1_BOA_LE07_228061_20141114
3.53,48.910050000000005,3.4325999999999977,1,1,5.987,232,-2.25098,PQ,-55.49403,IV,0.1256,0.1068,1.0510000000000002,"< 0,0001",0.04280923259025448,12,0.2,3.6,37.60000000000002,7.038,1.0,36.63333333333333,LW,0.006648079998825641,-0.001414537781527389,0.003584947656058446,-0.02365382901945358,0.009899433354197634,9,2014-11-28 10:45:00,2.1301109606481483,0.013626310834115161,0.007135171220531443,0.011462834971694442,-0.013229340599607575,0.00858166069819798,2014-11-30T13:52:21,0.01676239675547543,0.013439718476294635,0.012622472703403054,0.01156135870124073,0.0018218918811354196,0.011088127763775442,0.005855576971135455,0.0088546533891539,-0.009018826553148514,0.006214110290084546,232_1_BOA_LE07_228061_20141130
3.53,48.910050000000005,3.4325999999999977,57,1,5.987,232,-2.25098,PQ,-55.49403,IV,0.1256,0.1068,1.0510000000000002,"< 0,0001",0.04280923259025448,12,0.2,3.6,37.60000000000002,7.038,1.0,36.63333333333333,LW,0.000841577162793471,-0.0019731589617632966,-0.0007232808656309903,-0.009564611083280012,0.002948617575713117,9,2014-11-28 10:45:00,-13.869687557870371,0.016346081889944818,0.01307020968019461,0.013705145995232357,0.005480251191280476,0.002940562686034699,2014-11-14T13:52:38,0.029467517957452553,0.023749284826314648,0.022363254797157225,0.02166273201365758,0.0026839929022029678,0.02187203822189928,0.017524252814578232,0.018079349833830517,0.012020217376479903,0.002529315401437334,232_1_BOA_LE07_228062_20141114
3.53,48.910050000000005,3.4325999999999977,4,1,5.987,232,-2.25098,PQ,-55.49403,IV,0.1256,0.1068,1.0510000000000002,"< 0,0001",0.04280923259025448,12,0.2,3.6,37.60000000000002,7.038,1.0,36.63333333333333,LW,0.0062069894331045206,-0.0016997060427780485,0.0032098056559667684,-0.02370741787952259,0.009889299030552294,9,2014-11-28 10:45:00,2.1303878125,0.013246430833397176,0.00702996407110173,0.011443487503697117,-0.013067468376967935,0.008574788406088213,2014-11-30T13:52:45,0.016840232744901883,0.01315808709958239,0.012283635716046102,0.01092979950953805,0.001991477200813787,0.010892435536763667,0.0056980502331700645,0.008609123546336543,-0.008772854265157875,0.006164652144564947,232_1_BOA_LE07_228062_20141130
2.6458333333333335,10.8109,1.6410500000000017,52,1,2.961,233,-2.23839,LG,-55.33932,IV,0.4166,0.3395,0.11400000000000032,"< 0,0001",0.007891102781613731,6,0.2,2.73,182.00000000000003,3.075,2.0,230.73333333333335,LW,0.008914226745191357,0.008054635294917664,0.00813386849830765,0.007183994264965169,0.0005856067563466381,9,2014-11-30 12:00:00,-15.922047754629629,0.02596171915676386,0.025530624080610027,0.025494984574056988,0.024920572868090372,0.0002955806100999492,2014-11-14T13:52:15,0.03566734347586484,0.03509794600125946,0.03518914773318836,0.034442552585472255,0.00040841253871705185,0.04169867312248898,0.040943671104812784,0.040924302554205254,0.0403630146257062,0.00041906480979484004,233_1_BOA_LE07_228061_20141114
2.6458333333333335,10.8109,1.6410500000000017,1,1,2.961,233,-2.23839,LG,-55.33932,IV,0.4166,0.3395,0.11400000000000032,"< 0,0001",0.007891102781613731,6,0.2,2.73,182.00000000000003,3.075,2.0,230.73333333333335,LW,0.015947977155490442,0.014576730964728906,0.014369547863046754,0.01334962052843071,0.0007369110578824934,9,2014-11-30 12:00:00,0.07802762731481482,0.029382819208753644,0.028362409723205907,0.028593021042186348,0.027020711759058826,0.0006581321541348034,2014-11-30T13:52:21,0.02987676223103148,0.028992432647096136,0.029184215128537666,0.027539543554783365,0.0007895639910337009,0.04127349946610826,0.04002496148120155,0.03963605716392773,0.03930530072163956,0.0006870269888241808,233_1_BOA_LE07_228061_20141130
2.6458333333333335,10.8109,1.6410500000000017,57,1,2.961,233,-2.23839,LG,-55.33932,IV,0.4166,0.3395,0.11400000000000032,"< 0,0001",0.007891102781613731,6,0.2,2.73,182.00000000000003,3.075,2.0,230.73333333333335,LW,0.00835415303082858,0.007692538445656647,0.007721301689621637,0.006635975654033179,0.0004482712666789546,9,2014-11-30 12:00:00,-15.921770891203703,0.026271411953468785,0.025411362866265462,0.025365425192891852,0.024419124185355048,0.0004946594916952278,2014-11-14T13:52:38,0.03555732034882582,0.03515834001852146,0.03525983707698169,0.03439068602128923,0.00032226524902649037,0.040608283899597544,0.04030148071123659,0.04022036749468368,0.03995015025092611,0.00021895534249133416,233_1_BOA_LE07_228062_20141114
2.6458333333333335,10.8109,1.6410500000000017,4,1,2.961,233,-2.23839,LG,-55.33932,IV,0.4166,0.3395,0.11400000000000032,"< 0,0001",0.007891102781613731,6,0.2,2.73,182.00000000000003,3.075,2.0,230.73333333333335,LW,0.016235237373928714,0.015018871190349269,0.015252390939595031,0.013106777052364939,0.0010087121137409235,9,2014-11-30 12:00:00,0.07830447916666666,0.0295011542651251,0.02857039663990354,0.028774537110969514,0.02663501120577107,0.0009402009376482494,2014-11-30T13:52:45,0.029853470751507117,0.02877619111490509,0.029114530982005178,0.027300214917168674,0.0008004255942296873,0.040724335520592854,0.040038752984922474,0.04006177572099118,0.038817318685528956,0.0006187229045364585,233_1_BOA_LE07_228062_20141130
2.2060000000000004,17.593449999999997,1.7725000000000035,52,1,3.213,234,-2.26246,PQ,-55.456,IV,0.4001,0.3067,0.3729999999999998,"< 0,0001",0.03491812980864076,13,0.2,3.55,159.33333333333337,3.586,1.6,191.05999999999997,LW,0.007495245307130081,0.005895274196608658,0.005672532127871192,0.003760320191563587,0.001156527171673224,9,2014-11-30 14:00:00,-16.005381087962963,0.0237358899594863,0.02177786494222956,0.02174464384048768,0.019617006827506334,0.001171169570001992,2014-11-14T13:52:15,0.03964201635823378,0.037753392953195374,0.0376524939939352,0.035795522062873314,0.0010326372874249264,0.03745723743174065,0.03552823583037443,0.03530247400055238,0.03410343551232083,0.0010291081046982546,234_1_BOA_LE07_228061_20141114
2.2060000000000004,17.593449999999997,1.7725000000000035,57,1,3.213,234,-2.26246,PQ,-55.456,IV,0.4001,0.3067,0.3729999999999998,"< 0,0001",0.03491812980864076,13,0.2,3.55,159.33333333333337,3.586,1.6,191.05999999999997,LW,0.007285678127810979,0.005708270998184719,0.005539302768555679,0.004074508148168454,0.0009430845803920313,9,2014-11-30 14:00:00,-16.005104224537035,0.023769753356439147,0.021465829080770875,0.02132614038804956,0.019409112344951285,0.0011992501958326685,2014-11-14T13:52:38,0.039155369365360106,0.03742819109899652,0.03743303773497933,0.035652029021281964,0.0009862038815441551,0.037104837644444166,0.03522876900927298,0.03537382472662361,0.03401408231438202,0.0009422448498630225,234_1_BOA_LE07_228062_20141114
3.4850000000000003,14.106799999999998,1.8925499999999995,1,1,3.087,235,-2.30681,LG,-55.3732,IV,0.4932,0.2932,0.5329999999999999,"< 0,0001",0.038666403629907274,37,0.2,3.17,130.6666666666667,3.62,1.3,146.02,LW,0.01202507093485898,0.010387967738764213,0.010457403975989443,0.008538751369901131,0.0010076372738074125,9,2014-11-30 13:14:00,0.026638738425925925,0.024861609398701624,0.022711446414218028,0.02267405281709251,0.021151455917187076,0.001105470689797529,2014-11-30T13:52:21,0.02362761611462793,0.021894208901031234,0.021597937756096922,0.020814161244020576,0.0009345239165092918,0.03150583700070379,0.02839059195269961,0.028019034452960414,0.02675031158578907,0.0013628549587665496,235_1_BOA_LE07_228061_20141130
3.4850000000000003,14.106799999999998,1.8925499999999995,57,1,3.087,235,-2.30681,LG,-55.3732,IV,0.4932,0.2932,0.5329999999999999,"< 0,0001",0.038666403629907274,37,0.2,3.17,130.6666666666667,3.62,1.3,146.02,LW,0.004788285996443096,0.004024850817126253,0.0038297812520243935,0.00357420815375524,0.00042725033909345205,6,2014-11-30 13:14:00,-15.973159780092592,0.020391599812199943,0.019452555617520673,0.019536358045269517,0.018925273438201298,0.00045290155292642076,2014-11-14T13:52:38,0.0315036185785495,0.031142761395870227,0.03127023946186763,0.030115708782691597,0.0005020868006495933,0.030994072624044515,0.03044913973981502,0.03077694416530023,0.028895981304830086,0.0007750136619864279,235_1_BOA_LE07_228062_20141114
3.4850000000000003,14.106799999999998,1.8925499999999995,4,1,3.087,235,-2.30681,LG,-55.3732,IV,0.4932,0.2932,0.5329999999999999,"< 0,0001",0.038666403629907274,37,0.2,3.17,130.6666666666667,3.62,1.3,146.02,LW,0.011316522035276777,0.009460856946249022,0.009357063178523996,0.008008732121404669,0.0009742886462615186,9,2014-11-30 13:14:00,0.026915590277777776,0.02337370399041113,0.021544107254477553,0.021524300628808404,0.020282430508241425,0.000858478195292861,2014-11-30T13:52:45,0.02217643217015803,0.021244565351086257,0.021124242981401576,0.020441602014507593,0.0004830207924873676,0.029189571466211723,0.027471393568545856,0.02730995420837917,0.026359368270761005,0.0007737225540849678,235_1_BOA_LE07_228062_20141130
2.75,11.15415,0.9010000000000001,52,1,2.741,236,-2.25479,LG,-55.37694,IV,0.3809,0.2989,0.33899999999999997,"< 0,0001",0.030578023278753207,38,0.2,2.71,216.66666666666669,3.08,1.8,248.9,LW,0.00953977911908693,0.009055846765283964,0.00899263523865335,0.008897595544928425,0.0002154462662544539,9,2014-11-30 12:30:00,-15.942881087962963,0.027000848075590847,0.026618355447678342,0.026656567560373635,0.02593376174080192,0.0003097690216818799,2014-11-14T13:52:15,0.03677677038810305,0.036429304459303716,0.036361353833985616,0.03558311607117472,0.00030343179778578877,0.0424928162714866,0.04142369090038065,0.04140190319474405,0.039979010726911346,0.0006712973394402685,236_1_BOA_LE07_228061_20141114
2.75,11.15415,0.9010000000000001,1,1,2.741,236,-2.25479,LG,-55.37694,IV,0.3809,0.2989,0.33899999999999997,"< 0,0001",0.030578023278753207,38,0.2,2.71,216.66666666666669,3.08,1.8,248.9,LW,0.017380587172113486,0.016220469147491264,0.015945741830373138,0.015486461178310054,0.0006804249584098602,9,2014-11-30 12:30:00,0.05719429398148148,0.0312802069170682,0.030633697850293833,0.030732790319721332,0.030135910855624313,0.0003055933148453478,2014-11-30T13:52:21,0.033782628457366765,0.03314862632800982,0.033105635666114554,0.032247152475207506,0.0004125360684820468,0.04253168008014829,0.04210306523894441,0.041940239323767114,0.04153105447435851,0.0003281539883331865,236_1_BOA_LE07_228061_20141130
2.75,11.15415,0.9010000000000001,57,1,2.741,236,-2.25479,LG,-55.37694,IV,0.3809,0.2989,0.33899999999999997,"< 0,0001",0.030578023278753207,38,0.2,2.71,216.66666666666669,3.08,1.8,248.9,LW,0.009090159002144452,0.008340387932676776,0.008221824472868428,0.007648795907256091,0.00047549822195252855,9,2014-11-30 12:30:00,-15.942604224537037,0.02663639416795391,0.026222907493502385,0.026199722358907176,0.025953400740279624,0.00022953664502768967,2014-11-14T13:52:38,0.03676573126650155,0.03590778543702326,0.03587908882639198,0.03558731067259231,0.0003864014771000266,0.04136921701172804,0.04085342789667095,0.04087602459783574,0.040626397345318206,0.00024097654342570348,236_1_BOA_LE07_228062_20141114
2.75,11.15415,0.9010000000000001,4,1,2.741,236,-2.25479,LG,-55.37694,IV,0.3809,0.2989,0.33899999999999997,"< 0,0001",0.030578023278753207,38,0.2,2.71,216.66666666666669,3.08,1.8,248.9,LW,0.016661492038339595,0.015664678254335835,0.01551035363794444,0.015116015678684848,0.0005686466508577286,9,2014-11-30 12:30:00,0.057471145833333334,0.03057704273062302,0.030092119921669252,0.03007471863511247,0.029715103664827124,0.00024469586519143105,2014-11-30T13:52:45,0.03324407036106192,0.032764047338637386,0.032830737014547376,0.0318451080837326,0.0003966177386673518,0.04191161021735811,0.04162381006580163,0.04145831501868752,0.04095653001739388,0.0002978950860205833,236_1_BOA_LE07_228062_20141130
2.95,12.09305,1.9484000000000001,52,1,2.772,237,-2.16422,GP,-55.37284,IV,0.3858,0.3203,0.3680000000000003,"< 0,0001",0.07516275399487078,39,0.2,2.51,130.00000000000003,3.14,1.15,148.6818181818182,LW,0.005704737735602403,0.004456446105870178,0.004352659631443654,0.0032484093508492098,0.0008699550699278369,4,2014-11-30 11:25:00,-15.897742199074074,0.021352192376641054,0.020586835833398875,0.020332337538990906,0.020322950416170653,0.0004213971175925846,2014-11-14T13:52:15,0.020236435187653196,0.020168877848550055,0.02022160717435842,0.02011483326489972,4.767268701825741e-05,0.030590185660378855,0.030165572951342846,0.030418867354673695,0.029197602093989458,0.0005788130695762613,237_1_BOA_LE07_228061_20141114
2.95,12.09305,1.9484000000000001,1,1,2.772,237,-2.16422,GP,-55.37284,IV,0.3858,0.3203,0.3680000000000003,"< 0,0001",0.07516275399487078,39,0.2,2.51,130.00000000000003,3.14,1.15,148.6818181818182,LW,0.017347218354270083,0.016021601211771312,0.01567432206853657,0.014858297840303883,0.0007947856466107453,9,2014-11-30 11:25:00,0.10233318287037037,0.031404869170990994,0.03043206507871446,0.030412204452728676,0.0293125639742668,0.0006516901954044634,2014-11-30T13:52:21,0.029286090636434826,0.026181312364113852,0.02612655042332273,0.025019127841849405,0.0013330250931600026,0.03828884860570965,0.036530455669776155,0.03603770301370724,0.035357061300336994,0.0010518492518126704,237_1_BOA_LE07_228061_20141130
2.95,12.09305,1.9484000000000001,57,1,2.772,237,-2.16422,GP,-55.37284,IV,0.3858,0.3203,0.3680000000000003,"< 0,0001",0.07516275399487078,39,0.2,2.51,130.00000000000003,3.14,1.15,148.6818181818182,LW,0.004258814057440873,0.003437189549070281,0.003302176812162338,0.0026620172086436206,0.0005228135577080371,9,2014-11-30 11:25:00,-15.897465335648148,0.019906550072315683,0.019513285304537456,0.01954020985847963,0.018616860760055115,0.0004418643375196709,2014-11-14T13:52:38,0.02153184098361738,0.020280319946695328,0.019969214566506452,0.019318485536154943,0.0007052359849229068,0.030825546935104663,0.029166762471906294,0.02904728892896475,0.028026927764921557,0.000892521450873105,237_1_BOA_LE07_228062_20141114
2.95,12.09305,1.9484000000000001,4,1,2.772,237,-2.16422,GP,-55.37284,IV,0.3858,0.3203,0.3680000000000003,"< 0,0001",0.07516275399487078,39,0.2,2.51,130.00000000000003,3.14,1.15,148.6818181818182,LW,0.016999516425329046,0.015550407674968576,0.015522626215896552,0.014873063805335814,0.0006578355131593713,9,2014-11-30 11:25:00,0.10261003472222222,0.03055717880252044,0.029972716740346156,0.03002394379976787,0.02903828450258172,0.00040990431928373,2014-11-30T13:52:45,0.028282489598662384,0.02643387731762973,0.026312187992583825,0.025279900215884984,0.0009147235315844243,0.03748527258697208,0.03611394119036757,0.03613591811225564,0.035246019382196604,0.0007145118482609114,237_1_BOA_LE07_228062_20141130
2.815625,34.7983,7.238099999999998,1,1,4.399,238,-2.16763,GP,-55.49457,IV,0.7368,0.4464,0.9879999999999995,"< 0,0001",0.051884000789110284,14,0.2,3.07,42.99999999999998,5.387,0.8,50.300000000000004,LW,0.010982822106786723,0.004656917683087848,0.008638574507955073,-0.010718836454462779,0.007143085573168648,6,2014-12-01 13:40:00,-0.9914168171296296,0.020929508583201323,0.014645567718545607,0.019587799718076764,-0.0007993574484200967,0.007114224576728574,2014-11-30T13:52:21,0.015412105144627368,0.01368117289087586,0.014506821113799796,0.007556764713306192,0.002697433133567384,0.019771555147338103,0.012969650113949401,0.01782680881278532,-0.002403589702492083,0.007293981544943624,238_1_BOA_LE07_228061_20141130
2.815625,34.7983,7.238099999999998,9,1,4.399,238,-2.16763,GP,-55.49457,IV,0.7368,0.4464,0.9879999999999995,"< 0,0001",0.051884000789110284,14,0.2,3.07,42.99999999999998,5.387,0.8,50.300000000000004,LW,0.0013292800306278305,-0.0026805666146167795,0.00044780359032238655,-0.02736840487667438,0.008825868940057222,9,2014-12-01 13:40:00,15.008678645833333,0.010328280692483772,0.006241678645961637,0.009092753712419167,-0.01852185386010733,0.008881586123842848,2014-12-16T13:52:29,0.032700543401635626,0.015443245111434781,0.013025457504640464,0.012320649003839206,0.006057471664375634,0.010587751006722245,0.005804454856768961,0.008297632308171026,-0.019957594806205296,0.009181097317907056,238_1_BOA_LE07_228061_20141216
2.815625,34.7983,7.238099999999998,4,1,4.399,238,-2.16763,GP,-55.49457,IV,0.7368,0.4464,0.9879999999999995,"< 0,0001",0.051884000789110284,14,0.2,3.07,42.99999999999998,5.387,0.8,50.300000000000004,LW,0.010177595921027655,0.0040473410160022085,0.008405368162169928,-0.010895259064008149,0.006804558019509182,6,2014-12-01 13:40:00,-0.9911399652777778,0.019979416609044037,0.014010459758892044,0.01908154037831304,-0.0008967078870529173,0.006714464740265064,2014-11-30T13:52:45,0.014799457381219431,0.01362359038309744,0.014252840167719646,0.008406734605512455,0.002175515343103102,0.018881150089559425,0.012445764489583946,0.017307371336961707,-0.002318558107173782,0.0068375805059496175,238_1_BOA_LE07_228062_20141130
2.815625,34.7983,7.238099999999998,44,1,4.399,238,-2.16763,GP,-55.49457,IV,0.7368,0.4464,0.9879999999999995,"< 0,0001",0.051884000789110284,14,0.2,3.07,42.99999999999998,5.387,0.8,50.300000000000004,LW,0.002135251513075217,-0.007087055966452171,-0.0012922795936442435,-0.04973272606348429,0.016407893550538497,9,2014-12-01 13:40:00,15.008955509259259,0.010906685245433336,0.0016864579348570474,0.008158319126432195,-0.0400929970258826,0.016192791027036347,2014-12-16T13:52:53,0.050893333641263035,0.018823206233914907,0.01475448537372931,0.013476085570923219,0.01150510228182331,0.011556213274018616,0.0012610183861713697,0.007887605882546844,-0.043171571736960165,0.01709282311599014,238_1_BOA_LE07_228062_20141216
2.026666666666667,19.510799999999996,4.991000000000004,1,1,3.87,239,-2.13535,GP,-55.47382,IV,0.5348,0.3908,0.43900000000000006,"< 0,0001",0.07950286052475834,15,0.2,3.331,96.66666666666666,4.309,0.7,114.7,LW,0.019634258302280487,0.017900233495845727,0.018081380338925895,0.017143028739586362,0.0008555998853721024,5,2014-12-01 12:30:00,-0.9428057060185185,0.03211250573623671,0.03135594946989217,0.03133887733012287,0.030905959578202566,0.00040921378805345546,2014-11-30T13:52:21,0.02143865166277619,0.020590758950970595,0.020620649525982297,0.01904522958772944,0.0009249666707757932,0.038161806882518336,0.03746517701005753,0.03725461142644827,0.03676668364279889,0.0005288536107678975,239_1_BOA_LE07_228061_20141130
2.026666666666667,19.510799999999996,4.991000000000004,9,1,3.87,239,-2.13535,GP,-55.47382,IV,0.5348,0.3908,0.43900000000000006,"< 0,0001",0.07950286052475834,15,0.2,3.331,96.66666666666666,4.309,0.7,114.7,LW,0.006727025080424446,0.005893115482914098,0.006333457809391565,0.004272260870653102,0.0008025829693441795,9,2014-12-01 12:30:00,15.057289756944444,0.01928372745972224,0.018418145353663793,0.018817870017026707,0.016978238763092512,0.0007170453216220058,2014-12-16T13:52:29,0.019043675506449503,0.017179422985045552,0.017081921434494263,0.01629011664614989,0.0008604012219332598,0.021267766702462172,0.02002261405018116,0.02048856516652396,0.018504145553835324,0.0009345419043545431,239_1_BOA_LE07_228061_20141216
2.56375,14.938399999999998,1.2211,1,1,3.448,240,-2.06978,SN,-55.48668,IV,0.555,0.4089,0.4500000000000002,"< 0,0001",0.038074570921286244,16,0.2,4.09,217.33333333333334,3.898,1.6,247.79999999999998,LW,0.019601150922563523,0.018797850712324836,0.018670955889417713,0.0182602107431434,0.0004368197478776137,9,2014-12-01 11:10:00,-0.887250150462963,0.03445357432207727,0.03423086210598942,0.03420274842537998,0.033970855177632014,0.00017090120378747056,2014-11-30T13:52:21,0.03512630248000895,0.03445471447404031,0.034359935522139534,0.03396489276226818,0.0004218592653891343,0.0471936122256849,0.04636907677731127,0.046307214997796754,0.04545764775862906,0.0005603691268579105,240_1_BOA_LE07_228061_20141130
2.56375,14.938399999999998,1.2211,9,1,3.448,240,-2.06978,SN,-55.48668,IV,0.555,0.4089,0.4500000000000002,"< 0,0001",0.038074570921286244,16,0.2,4.09,217.33333333333334,3.898,1.6,247.79999999999998,LW,0.01596670587567709,0.015175499769099685,0.015232662744285086,0.014488710607463774,0.0004641460178162327,9,2014-12-01 11:10:00,15.1128453125,0.033519327867682205,0.03296510549389258,0.03293266319575598,0.03221718134374416,0.000444397020126159,2014-12-16T13:52:29,0.03907251961883332,0.03722032010639148,0.03719773752983509,0.03559144134179872,0.0011207205126749467,0.048673189630062674,0.047960121079054834,0.047836228825044694,0.04757754448640963,0.00031884069733849443,240_1_BOA_LE07_228061_20141216
2.0096428571428566,8.435099999999998,4.65825,1,1,3.492,241,-2.04562,SN,-55.48579,IV,0.5735,0.5271,0.07100000000000017,"< 0,0001",0.11915565200236733,17,0.2,5.27,424.666666666667,3.563,0.6,697.2928571428572,LW,0.01870431188154583,0.01813810276953208,0.0183612636366249,0.017314797993787878,0.0005524226102905237,4,2014-12-01 10:35:00,-0.8629445949074074,0.03482163071391382,0.03466924123845015,0.03472626063527596,0.03445432245965799,0.0001505596976671213,2014-11-30T13:52:21,0.040210973119284794,0.04025194789662416,0.040210973119284794,0.03950456723331265,0.00025822235486235045,0.04824323266997355,0.047325092495791976,0.04712975151464212,0.046780373393790355,0.0005866834773992984,241_1_BOA_LE07_228061_20141130
2.0096428571428566,8.435099999999998,4.65825,9,1,3.492,241,-2.04562,SN,-55.48579,IV,0.5735,0.5271,0.07100000000000017,"< 0,0001",0.11915565200236733,17,0.2,5.27,424.666666666667,3.563,0.6,697.2928571428572,LW,0.014218052607903878,0.01252826844328316,0.013934927713190694,0.010982419950216359,0.0009504273685802066,9,2014-12-01 10:35:00,15.137150868055556,0.03336272389276534,0.03092041221435831,0.032511011923093275,0.02814177720990721,0.0014995719938949107,2014-12-16T13:52:29,0.0463823105150992,0.04513788838968623,0.04523433206596045,0.04454679060226765,0.000556487283329989,0.049372057381105824,0.04688281486943628,0.04901904248857774,0.04372052406592052,0.0017020036296027405,241_1_BOA_LE07_228061_20141216
2.58,11.422549999999998,1.814950000000001,1,1,3.678,242,-2.09581,SN,-55.48875,IV,0.5437,0.3512,0.33999999999999986,"< 0,0001",0.09567962122706648,19,0.2,4.27,204.00000000000003,4.018,1.3,255.7,LW,0.019079039186244463,0.017449387149444537,0.01734323537550324,0.01620559296193131,0.0008719991325850708,9,2014-12-01 11:43:00,-0.9101668171296297,0.03298013934444926,0.0316060425081319,0.031368054082929295,0.030853430528183606,0.0007102143930964644,2014-11-30T13:52:21,0.03208430711503331,0.030147747447646353,0.02973333422348258,0.029036242713118214,0.0009045984301989373,0.042072617470720455,0.040802490529915296,0.04064399957389775,0.04026853972236989,0.0004988687852411221,242_1_BOA_LE07_228061_20141130
2.58,11.422549999999998,1.814950000000001,9,1,3.678,242,-2.09581,SN,-55.48875,IV,0.5437,0.3512,0.33999999999999986,"< 0,0001",0.09567962122706648,19,0.2,4.27,204.00000000000003,4.018,1.3,255.7,LW,0.013185731650080579,0.012330885509925468,0.012453440537974618,0.011797507040657023,0.0004180768669760187,9,2014-12-01 11:43:00,15.089928645833334,0.027687632980312075,0.02653299720374421,0.026628463527841616,0.02598308411712765,0.0004870503267168188,2014-12-16T13:52:29,0.025460343668788344,0.024619732645567174,0.024730539391177843,0.024290309731974546,0.0003769681252104069,0.03535715482275549,0.03374255742044788,0.03371370894318515,0.03325872789623105,0.0006144874890934571,242_1_BOA_LE07_228061_20141216
1.8372727272727274,7.75995,0.6531000000000003,1,1,3.187,243,-2.13555,GP,-55.37054,IV,0.5016,0.3413,0.69,"< 0,0001",0.10534622213454331,40,0.2,2.7,63.49999999999994,3.877,2.4,87.40909090909092,LW,0.01885268763269696,0.017863258000458095,0.017556157925223845,0.01669614034523132,0.0007283951926904147,9,2014-12-01 14:30:00,-1.026139039351852,0.03200376993926842,0.03104382137643499,0.03112726425262502,0.029536455794807414,0.0006571846253833977,2014-11-30T13:52:21,0.020849780907554252,0.019562850622405866,0.01954996227333644,0.017504424793860322,0.0009061342817843277,0.036220257408139916,0.03537437651067325,0.03517517313923667,0.034374500496951434,0.0005455629654770337,243_1_BOA_LE07_228061_20141130
1.3444444444444446,5.46855,0.7408000000000003,1,1,2.819,245,-2.19931,LG,-55.2986,IV,0.2699,0.2492,0.3679999999999999,0.02,0.03333990925231801,3,0.2,2.84,50.39999999999994,3.187,0.8,61.01111111111111,LW,0.012715792540716076,0.011587136469375542,0.011560200607033572,0.010787506136380149,0.000660677696055234,9,2014-12-02 12:35:00,-1.9462779282407408,0.02599598750553992,0.025348941142018556,0.025405765138972407,0.024266560730896343,0.000494037017230259,2014-11-30T13:52:21,0.017867684667682054,0.015626424612171595,0.015915251474304053,0.014558499625162985,0.0009969971915712087,0.03238844441450926,0.03126677295474779,0.03125099302466923,0.0303748498097274,0.0006597917781471164,245_1_BOA_LE07_228061_20141130
1.3444444444444446,5.46855,0.7408000000000003,4,1,2.819,245,-2.19931,LG,-55.2986,IV,0.2699,0.2492,0.3679999999999999,0.02,0.03333990925231801,3,0.2,2.84,50.39999999999994,3.187,0.8,61.01111111111111,LW,0.012210159667323904,0.011527335682639594,0.01177078622523327,0.009967230170674577,0.0006715231216232364,9,2014-12-02 12:35:00,-1.9460010763888889,0.02561726339683293,0.024794874415761305,0.024664260927792017,0.023836773486383328,0.0005755453853881124,2014-11-30T13:52:45,0.0156781762841555,0.014348311017193444,0.014269920201197371,0.013435822097300274,0.0006990573407465307,0.031604755007980614,0.02997495986732619,0.02970199837058045,0.02933381855628612,0.0007408726609420199,245_1_BOA_LE07_228062_20141130
2.7708333333333335,6.6679499999999985,1.3774499999999996,1,1,2.739,246,-2.22145,LG,-55.27016,IV,0.2809,0.2493,0.42799999999999994,0.01,0.03274807654369699,4,0.2,2.59,66.39999999999996,3.167,2.2,75.05833333333332,LW,0.014706631920883624,0.01263059306676675,0.012538375384796418,0.011693184098495076,0.0009039134105447654,9,2014-12-02 12:05:00,-1.9254445949074075,0.029895456262936396,0.027263156532845285,0.02724923943376522,0.02574688937517782,0.0011675143663769677,2014-11-30T13:52:21,0.016581688936629042,0.015000894576979432,0.01493339342072539,0.014435133567832614,0.000653635363141517,0.037183491957994724,0.03517319749913965,0.0348838130176029,0.033802117108919325,0.0009919565478288368,246_1_BOA_LE07_228061_20141130
2.7708333333333335,6.6679499999999985,1.3774499999999996,4,1,2.739,246,-2.22145,LG,-55.27016,IV,0.2809,0.2493,0.42799999999999994,0.01,0.03274807654369699,4,0.2,2.59,66.39999999999996,3.167,2.2,75.05833333333332,LW,0.013547989434728439,0.012690480289431256,0.0126744926907742,0.0120506719628698,0.0005083219771184347,9,2014-12-02 12:05:00,-1.9251677430555556,0.028474963428691782,0.027361267030928556,0.027232850348387697,0.026807467194621574,0.0004824552430664696,2014-11-30T13:52:45,0.015746514397546183,0.015012537069869684,0.014976772113560136,0.014679546121319834,0.0003470439582319611,0.03615064528111344,0.03536568242831137,0.035528215675924096,0.03497619738951382,0.0004458756033304951,246_1_BOA_LE07_228062_20141130
2.5300000000000002,16.8729,2.6729499999999984,1,1,3.579,247,-2.16748,LG,-55.23335,IV,0.6299,0.394,0.5739999999999994,"< 0,0001",0.009863878477017165,42,0.2,3.12,54.39999999999995,4.153,0.8,57.7,LW,0.00948533093231979,0.007727987692324482,0.0077574230351406225,0.006317680331844768,0.0008583233020790442,9,2014-12-02 11:40:00,-1.9080834837962963,0.022795969697273516,0.02099281966825033,0.020737973640287476,0.02034276659417566,0.0007276089397874776,2014-11-30T13:52:21,0.016158214986852795,0.014595211472923808,0.014819635868717939,0.012772959006934885,0.0011553220566978336,0.02312818413341959,0.021314187306587903,0.021321166026171727,0.01947279351578271,0.0010922611031557467,247_1_BOA_LE07_228061_20141130
2.5300000000000002,16.8729,2.6729499999999984,9,1,3.579,247,-2.16748,LG,-55.23335,IV,0.6299,0.394,0.5739999999999994,"< 0,0001",0.009863878477017165,42,0.2,3.12,54.39999999999995,4.153,0.8,57.7,LW,0.008996588340224303,0.008221936141692662,0.008089007365160866,0.0072765774508193465,0.0006061752136804776,9,2014-12-02 11:40:00,14.092011979166667,0.02500943042579057,0.023628508045318526,0.023548009888925622,0.022463078977375314,0.0007994482580805919,2014-12-16T13:52:29,0.021676557215218002,0.01903510554580468,0.018651804078648235,0.01765194604963411,0.001232167805945652,0.030256345976832237,0.028644085558354966,0.028612077287844234,0.027812562600888414,0.000700629971276824,247_1_BOA_LE07_228061_20141216
2.415714285714285,6.4995,1.4069499999999997,1,1,2.735,248,-2.20389,LG,-55.23609,IV,0.289,0.2203,0.3200000000000003,"< 0,0001",0.014795817715525747,43,0.2,2.76,35.20000000000001,3.055,2.1,44.48571428571429,LW,0.013600327276449064,0.0128529208011904,0.012898675198744148,0.012204563518414075,0.0004775558312693062,9,2014-12-02 11:13:00,-1.8893334837962963,0.027991528208487517,0.027357725050053298,0.027448478336913877,0.02681638419888819,0.0003975052061327132,2014-11-30T13:52:21,0.015729615955285797,0.014557117034609175,0.014506585680485738,0.013719751670353572,0.0006533037619845892,0.03580511362660791,0.03526393058729485,0.03535868144381179,0.034812342415218966,0.0003167839070870852,248_1_BOA_LE07_228061_20141130
2.415714285714285,6.4995,1.4069499999999997,9,1,2.735,248,-2.20389,LG,-55.23609,IV,0.289,0.2203,0.3200000000000003,"< 0,0001",0.014795817715525747,43,0.2,2.76,35.20000000000001,3.055,2.1,44.48571428571429,LW,0.01628527603729281,0.014568119311465701,0.014477137459588764,0.012968159703246376,0.0009680685229426308,9,2014-12-02 11:13:00,14.110761979166666,0.033366989685958026,0.030969646885030955,0.030968846531055014,0.028596929907494323,0.0013378926620479378,2014-12-16T13:52:29,0.026892062226765184,0.02454648990593527,0.02430073895046924,0.022043239668962676,0.0013044524296675132,0.04684596169875094,0.04448863873416487,0.04411658272506707,0.041684695729623474,0.001593714747674919,248_1_BOA_LE07_228061_20141216
2.415714285714285,6.4995,1.4069499999999997,4,1,2.735,248,-2.20389,LG,-55.23609,IV,0.289,0.2203,0.3200000000000003,"< 0,0001",0.014795817715525747,43,0.2,2.76,35.20000000000001,3.055,2.1,44.48571428571429,LW,0.013246941677897429,0.012674266646322213,0.012877492943287014,0.011782315068806918,0.0004979276469996994,9,2014-12-02 11:13:00,-1.8890566319444444,0.027506581030793745,0.026964979023426615,0.027054849744905185,0.0261524321812789,0.0003737097711117397,2014-11-30T13:52:45,0.015425877026821352,0.01435238112080249,0.01444882247582909,0.01342667854535455,0.0006746248311470166,0.03511982266800165,0.0345918923483873,0.034727689075784766,0.03370299006488223,0.0004408518419398416,248_1_BOA_LE07_228062_20141130
2.415714285714285,6.4995,1.4069499999999997,44,1,2.735,248,-2.20389,LG,-55.23609,IV,0.289,0.2203,0.3200000000000003,"< 0,0001",0.014795817715525747,43,0.2,2.76,35.20000000000001,3.055,2.1,44.48571428571429,LW,0.015187909385015684,0.014131293858934604,0.014006527476007183,0.01308926497823623,0.0005541299417064478,9,2014-12-02 11:13:00,14.111038842592592,0.03246858295988502,0.030737137093860147,0.031051723273717666,0.029474629132009662,0.0008933849246476011,2014-12-16T13:52:53,0.026880238658752345,0.024637749221392766,0.024723852226496285,0.023105602317263323,0.0010629974573583066,0.04565167155117457,0.0439122519519407,0.0437068096066537,0.04233008813257247,0.001105000781568476,248_1_BOA_LE07_228062_20141216
0.6500000000000001,1.2744500000000003,0.41250000000000026,1,1,2.795,250,-2.250928,LG,-55.145292,IV,0.3954,0.3046,0.41000000000000014,0.01,0.011639376602880254,1,0.2,2.89,36.39999999999999,3.205,1.2,45.032258064516135,LW,0.010956907603756783,0.009981941778327334,0.009912365427094793,0.00897846909911348,0.0005659060957605464,9,2014-12-03 11:40:00,-2.9080834837962963,0.02530108929142138,0.024136186142481676,0.023917815889738094,0.022925810851538542,0.0007271362501740828,2014-11-30T13:52:21,0.010690312441639978,0.00983923360825743,0.00990790138378576,0.009003320549514159,0.0005256323401840853,0.03272839697003456,0.03192949082548056,0.03204117719798518,0.030697269568930305,0.0006812377836956405,250_1_BOA_LE07_228061_20141130
0.6500000000000001,1.2744500000000003,0.41250000000000026,9,1,2.795,250,-2.250928,LG,-55.145292,IV,0.3954,0.3046,0.41000000000000014,0.01,0.011639376602880254,1,0.2,2.89,36.39999999999999,3.205,1.2,45.032258064516135,LW,0.014773966459652066,0.01245321725231667,0.012478560727713715,0.01104793949691178,0.001472610064973532,9,2014-12-03 11:40:00,13.092011979166667,0.03204456550297795,0.030133186125496005,0.029946299571733212,0.028981179575788885,0.0009252586087384738,2014-12-16T13:52:29,0.01776650682834125,0.01640992897769261,0.016361744988267087,0.015469380970074728,0.0008497567067012448,0.045960112651220894,0.04434724664294404,0.0442545768858493,0.04323283394021843,0.0008019751416299588,250_1_BOA_LE07_228061_20141216
0.6500000000000001,1.2744500000000003,0.41250000000000026,4,1,2.795,250,-2.250928,LG,-55.145292,IV,0.3954,0.3046,0.41000000000000014,0.01,0.011639376602880254,1,0.2,2.89,36.39999999999999,3.205,1.2,45.032258064516135,LW,0.010878650516862516,0.009710087674054686,0.009582141023398822,0.008889160466753084,0.0006339891597356989,9,2014-12-03 11:40:00,-2.9078066319444447,0.024252456730487867,0.023296414726113587,0.023572956372125323,0.022343776475207685,0.0006649610854396138,2014-11-30T13:52:45,0.010324862603995451,0.009400512506026264,0.009321108003925863,0.008549924324349962,0.0005120528253118485,0.03242600251615141,0.0309671831771898,0.03139024856432676,0.02947624847386457,0.0009554816263477485,250_1_BOA_LE07_228062_20141130
0.6500000000000001,1.2744500000000003,0.41250000000000026,44,1,2.795,250,-2.250928,LG,-55.145292,IV,0.3954,0.3046,0.41000000000000014,0.01,0.011639376602880254,1,0.2,2.89,36.39999999999999,3.205,1.2,45.032258064516135,LW,0.014625655049357759,0.01202915867719914,0.012016189728430285,0.009934764007308826,0.0016849974508260453,9,2014-12-03 11:40:00,13.092288842592593,0.031731719657192285,0.0299170741132425,0.029639056021267884,0.02862796906286717,0.0011522622487491474,2014-12-16T13:52:53,0.01774621135436253,0.01615028011181721,0.01610809299296998,0.014862674226744076,0.0009158273387982812,0.04613701871439494,0.04417260730691409,0.04410347005959981,0.04300563867840006,0.0010903479585769621,250_1_BOA_LE07_228062_20141216
2.4966666666666666,14.922299999999996,7.440599999999999,1,1,2.724,251,-2.222999,LG,-55.199011,IV,0.2726,0.2159,0.5589999999999997,0.02,0.021108699940816728,44,0.2,2.73,57.199999999999974,3.283,1.8,59.63333333333333,LW,0.012046335331079815,0.01149291543755472,0.011142021421107075,0.01042876148279806,0.0005438389587195325,9,2014-12-03 12:15:00,-2.9323890393518517,0.026466711586084955,0.025285488625092913,0.025215052367015343,0.023692355924694892,0.0008156728081535009,2014-11-30T13:52:21,0.012821682554722786,0.012292850235914716,0.01194191855730521,0.011323644569695538,0.0005005281624486666,0.03286047658004837,0.03261318551624003,0.03247131333653029,0.03161100727761867,0.0003895518432330709,251_1_BOA_LE07_228061_20141130
2.4966666666666666,14.922299999999996,7.440599999999999,4,1,2.724,251,-2.222999,LG,-55.199011,IV,0.2726,0.2159,0.5589999999999997,0.02,0.021108699940816728,44,0.2,2.73,57.199999999999974,3.283,1.8,59.63333333333333,LW,0.011552230170727432,0.011104782970232627,0.010705182104828546,0.0099843001764757,0.0005493538889876176,9,2014-12-03 12:15:00,-2.9321121875,0.025981331821481487,0.024833626642218116,0.02476897778667106,0.023267210040026146,0.0007999486601576678,2014-11-30T13:52:45,0.01260164912382181,0.012092572218334277,0.011750155418706106,0.011135647198909644,0.0004906165130377726,0.032407662217890806,0.03217597838979379,0.03202451239982446,0.03119637625604709,0.0003801643960243942,251_1_BOA_LE07_228062_20141130
5.411111111111111e-07,1.54395,2.425050000000001,1,1,2.486,252,-2.242784,LG,-55.066126,IV,0.3306,0.287,0.07199999999999962,"< 0,0001",0.036101795225882825,45,0.2,3.03,55.200000000000024,2.558,7.7,59.17777777777777,LW,0.007699467214503845,-0.005642250838775635,0.004470762726398665,-0.04740308363712261,0.01943181644214001,9,2014-12-03 11:10:00,-2.887250150462963,0.02170103845287317,0.007889242456125139,0.018666053758051686,-0.0367035768819116,0.0203689609662643,2014-11-30T13:52:21,0.06951507511528078,0.030066548356934335,0.023664849924334087,0.021193718588125642,0.015755972579336433,0.030753312247816467,0.014417096015260564,0.02610310096373827,-0.038764688192242214,0.024191887758270317,252_1_BOA_LE07_228061_20141130
5.411111111111111e-07,1.54395,2.425050000000001,4,1,2.486,252,-2.242784,LG,-55.066126,IV,0.3306,0.287,0.07199999999999962,"< 0,0001",0.036101795225882825,45,0.2,3.03,55.200000000000024,2.558,7.7,59.17777777777777,LW,0.007011027792405552,-0.006119064244605684,0.0039010025570003683,-0.047420317039471624,0.019284946350290127,9,2014-12-03 11:10:00,-2.886973298611111,0.021135453963743955,0.007343768656259166,0.018104344721338327,-0.03692158206708251,0.02029932240930406,2014-11-30T13:52:45,0.06855441205614715,0.02967372618730253,0.023855286704139667,0.020475653705508703,0.015574855829741614,0.030135934466550912,0.013980206568085548,0.025505704227209186,-0.03868754638806188,0.023958986894989348,252_1_BOA_LE07_228062_20141130
5.336363636363636e-07,1.6806999999999994,0.3010000000000005,1,1,2.311,253,-2.180361,AM,-55.016444,IV,0.3168,0.3064,0.2120000000000002,"< 0,0001",0.013612152298283685,46,0.2,3.01,64.80000000000003,2.523,4.8,63.83636363636364,LW,0.008653838608280484,0.008195536696445944,0.008241587289180471,0.0074878958899627,0.0003894827352197922,9,2014-12-03 10:20:00,-2.8525279282407405,0.024166554735101056,0.02310689784342857,0.02328708258693044,0.021479725662482047,0.0008866359095896067,2014-11-30T13:52:21,0.012862769042805495,0.012024507915304994,0.01192250095395272,0.010883867338399198,0.0005979019624098064,0.03575795622831447,0.03529174753304238,0.03525842635785972,0.03467115630363377,0.0002960236085709915,253_1_BOA_LE07_228061_20141130
5.336363636363636e-07,1.6806999999999994,0.3010000000000005,9,1,2.311,253,-2.180361,AM,-55.016444,IV,0.3168,0.3064,0.2120000000000002,"< 0,0001",0.013612152298283685,46,0.2,3.01,64.80000000000003,2.523,4.8,63.83636363636364,LW,0.012136679724289145,0.01074972862663391,0.01078210903720855,0.009518654261131645,0.0006602770801610404,9,2014-12-03 10:20:00,13.147567534722223,0.02989534674692959,0.028890468307745318,0.028872651872568936,0.02788842958746931,0.0006618541172058095,2014-12-16T13:52:29,0.01954530674921419,0.01894061271759368,0.018857225688819243,0.018267635740294674,0.0005198337228803503,0.044632773034118084,0.04374804783918537,0.043849379042907616,0.042625954080812295,0.0006060954399844252,253_1_BOA_LE07_228061_20141216
,,,21,1,,254,-2.242784,LG,-55.066126,V,,,,,,45,0.2,,19.84999999999997,,,,HW,0.0016173451802961106,-0.006801608254407714,-0.006537265232690603,-0.01197827817651878,0.004575346940030049,7,2015-05-05 00:00:00,-11.421358761574075,0.013185590320656554,0.0031811255653071534,0.0018482182342732315,-0.003002798239770975,0.005393844619784916,2015-04-23T13:53:14,0.03233037096012176,0.027568386811594247,0.027075161293173874,0.023779832670562204,0.0030376799830679254,0.01618619653701596,0.0045364329002279,0.00394677760106181,-0.0020461541148701218,0.006155897686166695,254_1_BOA_LE07_228061_20150423
,,,59,1,,255,-2.30987,LG,-55.37742,V,,,,,,37,0.2,,10.649999999999999,,5.2,,HW,-0.026706053357531144,-0.03308534136488237,-0.03213757608292179,-0.03630758595698648,0.0029066364420859132,9,2015-05-06 10:30:00,-12.858581909722222,-0.01748653364267016,-0.023426643483316238,-0.022901129377610928,-0.027180374924350756,0.0030830699944829703,2015-04-23T13:53:38,0.057037195066790315,0.05367864299302124,0.052390751371455456,0.04946785249844513,0.0023782173470779026,-0.0206423098505554,-0.026920344808191235,-0.026147210802043606,-0.030955782734070323,0.003253561180630822,255_1_BOA_LE07_228062_20150423
,,,21,1,,256,-2.255185,LG,-55.376673,V,,,,,,38,0.2,,20.09999999999998,,6.7,,HW,0.007882478868142357,0.007392142682079361,0.007503218432250637,0.006851173591421561,0.0003515697228983411,9,2015-05-06 12:00:00,-12.921358761574075,0.017080608143166018,0.016676680444489233,0.01674098668529623,0.015871425106662014,0.00033490252802543917,2015-04-23T13:53:14,0.008999270008046489,0.008003193444970122,0.008035676757929863,0.007432381563785085,0.0005008057581633292,0.02018111618439238,0.019396449271247233,0.01967762724271075,0.018544256357645422,0.0004615202459414844,256_1_BOA_LE07_228061_20150423
,,,59,1,,256,-2.255185,LG,-55.376673,V,,,,,,38,0.2,,20.09999999999998,,6.7,,HW,0.007957785964158132,0.007687765468920484,0.007693451301195338,0.0069576777590645185,0.00031006870894172156,9,2015-05-06 12:00:00,-12.921081909722222,0.01740217638779614,0.016747427632560805,0.01681638367013233,0.01640389758186747,0.0003741931883449086,2015-04-23T13:53:38,0.008557579177963293,0.007777746536333121,0.007668323867932182,0.007482572421101242,0.0004039334365188484,0.020277545677581395,0.018985759586437466,0.018817649374092277,0.01809680317512726,0.0007356654091190436,256_1_BOA_LE07_228062_20150423
,,,21,1,,257,-2.176642,GP,-55.372401,V,,,,,,39,0.2,,20.224999999999998,,6.9,,HW,0.006322515168869267,0.005878994712360297,0.005943444298527355,0.004872334527124043,0.0004967884556058273,9,2015-05-06 13:20:00,-12.97691431712963,0.015577627128472172,0.014905643414875174,0.014824077385918831,0.013695027625383835,0.0005357174189550389,2015-04-23T13:53:14,0.004752437135249128,0.003942124537836504,0.0039684236125389055,0.002806841605375145,0.0005648574383033671,0.01932916828891298,0.018658210174000586,0.018468649544925227,0.01755249277030938,0.0006306993737736961,257_1_BOA_LE07_228061_20150423
,,,59,1,,257,-2.176642,GP,-55.372401,V,,,,,,39,0.2,,20.224999999999998,,6.9,,HW,0.007034326925622513,0.006333741307996705,0.006465866098735456,0.0053403296177360875,0.0005264410091881785,9,2015-05-06 13:20:00,-12.976637465277777,0.016109476539765515,0.015380286510566348,0.015246972700328152,0.014625149835979854,0.00041775399396456526,2015-04-23T13:53:38,0.005419629024215351,0.004368837851945914,0.004201743439181416,0.0039751719923693946,0.0004436060348402823,0.0198456499108891,0.018874079885729637,0.018848097622862582,0.01838197524230504,0.00047774366119951786,257_1_BOA_LE07_228062_20150423
,,,21,1,,258,-2.135114,GP,-55.370602,V,,,,,,40,0.2,,17.657142857142833,,6.8,,HW,0.00799931054992991,0.007190761255109704,0.007453034360191315,0.005891475103268047,0.0007904736481321757,6,2015-05-06 14:45:00,-13.035942094907407,0.018104568267105707,0.01706897971688952,0.01739128102079464,0.014507395880919424,0.0012657225469533654,2015-04-23T13:53:14,0.007591801194701951,0.0063493273684773425,0.006446149442025834,0.003482302486068501,0.0015050470987535128,0.0230811452662689,0.022340521846516075,0.022717685306180055,0.019894668436817736,0.001145419093749886,258_1_BOA_LE07_228061_20150423
,,,21,1,,259,-2.113898,GP,-55.360708,V,,,,,,41,3.2,,19.799999999999976,,3.7,,HW,0.008364340495344437,0.006786244710692552,0.007110427695610471,0.0011244098772601775,0.0020983665242726357,9,2015-05-06 15:30:00,-13.067192094907407,0.01740886982658701,0.01607404549404656,0.01699553355380183,0.011140551825665193,0.0018478606166477984,2015-04-23T13:53:14,0.009414342118808877,0.007617596756711672,0.007763053674767795,0.0052939152434803545,0.0013195260400405459,0.02449668568884563,0.02201502830903457,0.022545554362843376,0.015907695877437608,0.00225688886063405,259_1_BOA_LE07_228061_20150423
,,,21,1,,260,-2.166034,LG,-55.233215,V,,,,,,42,0.2,,30.699999999999996,,,,HW,0.007120587468786242,0.0017719594920909585,0.006108539150223946,-0.011568698094921639,0.005865056588247314,9,2015-05-06 00:00:00,-12.421358761574075,0.016413539897474724,0.010625542748271367,0.01482413617458501,-0.00236239868899284,0.0057495945334715476,2015-04-23T13:53:14,0.034872523697775853,0.01783275559826374,0.012051990642659178,0.010245661979525433,0.007901932880099301,0.02091918126421745,0.014492048551308983,0.01977707254744119,-0.0010461732977902483,0.006845888586484775,260_1_BOA_LE07_228061_20150423
,,,59,2,,261,-2.30987,LG,-55.37742,V,,,,,,37,5.0,,10.299999999999995,,5.2,,HW,-0.026706053357531144,-0.03308534136488237,-0.03213757608292179,-0.03630758595698648,0.0029066364420859132,9,2015-05-06 11:00:00,-12.879415243055556,-0.01748653364267016,-0.023426643483316238,-0.022901129377610928,-0.027180374924350756,0.0030830699944829703,2015-04-23T13:53:38,0.057037195066790315,0.05367864299302124,0.052390751371455456,0.04946785249844513,0.0023782173470779026,-0.0206423098505554,-0.026920344808191235,-0.026147210802043606,-0.030955782734070323,0.003253561180630822,261_1_BOA_LE07_228062_20150423
,,,21,2,,262,-2.255185,LG,-55.376673,V,,,,,,38,6.5,,64.9666666666667,,6.7,,HW,0.007882478868142357,0.007392142682079361,0.007503218432250637,0.006851173591421561,0.0003515697228983411,9,2015-05-06 12:00:00,-12.921358761574075,0.017080608143166018,0.016676680444489233,0.01674098668529623,0.015871425106662014,0.00033490252802543917,2015-04-23T13:53:14,0.008999270008046489,0.008003193444970122,0.008035676757929863,0.007432381563785085,0.0005008057581633292,0.02018111618439238,0.019396449271247233,0.01967762724271075,0.018544256357645422,0.0004615202459414844,262_1_BOA_LE07_228061_20150423
,,,59,2,,262,-2.255185,LG,-55.376673,V,,,,,,38,6.5,,64.9666666666667,,6.7,,HW,0.007957785964158132,0.007687765468920484,0.007693451301195338,0.0069576777590645185,0.00031006870894172156,9,2015-05-06 12:00:00,-12.921081909722222,0.01740217638779614,0.016747427632560805,0.01681638367013233,0.01640389758186747,0.0003741931883449086,2015-04-23T13:53:38,0.008557579177963293,0.007777746536333121,0.007668323867932182,0.007482572421101242,0.0004039334365188484,0.020277545677581395,0.018985759586437466,0.018817649374092277,0.01809680317512726,0.0007356654091190436,262_1_BOA_LE07_228062_20150423
,,,21,2,,263,-2.176642,GP,-55.372401,V,,,,,,39,6.0,,16.275000000000002,,6.9,,HW,0.006322515168869267,0.005878994712360297,0.005943444298527355,0.004872334527124043,0.0004967884556058273,9,2015-05-06 13:20:00,-12.97691431712963,0.015577627128472172,0.014905643414875174,0.014824077385918831,0.013695027625383835,0.0005357174189550389,2015-04-23T13:53:14,0.004752437135249128,0.003942124537836504,0.0039684236125389055,0.002806841605375145,0.0005648574383033671,0.01932916828891298,0.018658210174000586,0.018468649544925227,0.01755249277030938,0.0006306993737736961,263_1_BOA_LE07_228061_20150423
,,,59,2,,263,-2.176642,GP,-55.372401,V,,,,,,39,6.0,,16.275000000000002,,6.9,,HW,0.007034326925622513,0.006333741307996705,0.006465866098735456,0.0053403296177360875,0.0005264410091881785,9,2015-05-06 13:20:00,-12.976637465277777,0.016109476539765515,0.015380286510566348,0.015246972700328152,0.014625149835979854,0.00041775399396456526,2015-04-23T13:53:38,0.005419629024215351,0.004368837851945914,0.004201743439181416,0.0039751719923693946,0.0004436060348402823,0.0198456499108891,0.018874079885729637,0.018848097622862582,0.01838197524230504,0.00047774366119951786,263_1_BOA_LE07_228062_20150423
,,,21,2,,264,-2.135114,GP,-55.370602,V,,,,,,40,6.4,,24.72000000000002,,6.8,,HW,0.00799931054992991,0.007190761255109704,0.007453034360191315,0.005891475103268047,0.0007904736481321757,6,2015-05-06 14:45:00,-13.035942094907407,0.018104568267105707,0.01706897971688952,0.01739128102079464,0.014507395880919424,0.0012657225469533654,2015-04-23T13:53:14,0.007591801194701951,0.0063493273684773425,0.006446149442025834,0.003482302486068501,0.0015050470987535128,0.0230811452662689,0.022340521846516075,0.022717685306180055,0.019894668436817736,0.001145419093749886,264_1_BOA_LE07_228061_20150423
0.9635714285714287,,,21,2,,265,-2.230316,PQ,-55.493935,V,,,,,,11,6.5,,23.675000000000015,,7.0,25.814285714285717,HW,0.008557407405817178,0.006916056842870811,0.007002002489502621,0.006090547373102337,0.0007655079598610817,9,2015-05-07 15:30:00,-14.067192094907407,0.01647573995322017,0.015505476668653768,0.015605463723324501,0.014691329061584596,0.0005391118576133461,2015-04-23T13:53:14,0.008615901311511283,0.007635360794646781,0.007486361538723448,0.00651945104941889,0.0006740442617706739,0.020814752384306034,0.019409635461646323,0.019461146773570116,0.01832471494606079,0.0007165298618196106,265_1_BOA_LE07_228061_20150423
0.9635714285714287,,,59,2,,265,-2.230316,PQ,-55.493935,V,,,,,,11,6.5,,23.675000000000015,,7.0,25.814285714285717,HW,0.008865073682972553,0.007842255888441304,0.007955452589975947,0.0067263067148730735,0.000592728935858799,9,2015-05-07 15:30:00,-14.066915243055556,0.01680387540545581,0.01632427364194825,0.016281186239284068,0.01589503330771163,0.00028342453458782025,2015-04-23T13:53:38,0.008842165446821945,0.008241405575370302,0.008320652557251836,0.007301090618595955,0.0004965925276682429,0.0210455722650787,0.020433997601470754,0.020659640663078162,0.019045791377240294,0.0006484474564401083,265_1_BOA_LE07_228062_20150423
1.4311111111111108,,,21,1,,266,-2.230316,PQ,-55.493935,V,,,,,,11,0.2,,17.824999999999992,,7.0,17.388888888888886,HW,0.008557407405817178,0.006916056842870811,0.007002002489502621,0.006090547373102337,0.0007655079598610817,9,2015-05-07 15:30:00,-14.067192094907407,0.01647573995322017,0.015505476668653768,0.015605463723324501,0.014691329061584596,0.0005391118576133461,2015-04-23T13:53:14,0.008615901311511283,0.007635360794646781,0.007486361538723448,0.00651945104941889,0.0006740442617706739,0.020814752384306034,0.019409635461646323,0.019461146773570116,0.01832471494606079,0.0007165298618196106,266_1_BOA_LE07_228061_20150423
1.4311111111111108,,,59,1,,266,-2.230316,PQ,-55.493935,V,,,,,,11,0.2,,17.824999999999992,,7.0,17.388888888888886,HW,0.008865073682972553,0.007842255888441304,0.007955452589975947,0.0067263067148730735,0.000592728935858799,9,2015-05-07 15:30:00,-14.066915243055556,0.01680387540545581,0.01632427364194825,0.016281186239284068,0.01589503330771163,0.00028342453458782025,2015-04-23T13:53:38,0.008842165446821945,0.008241405575370302,0.008320652557251836,0.007301090618595955,0.0004965925276682429,0.0210455722650787,0.020433997601470754,0.020659640663078162,0.019045791377240294,0.0006484474564401083,266_1_BOA_LE07_228062_20150423
0.71,,,21,2,,267,-2.112532,PC,-55.621423,V,,,,,,24,6.2,,25.555555555555546,,6.6,30.8,HW,0.007532017531909739,0.006014891648644557,0.005701605754678923,0.004599287207637826,0.0009665153505319129,9,2015-05-08 14:30:00,-15.02552542824074,0.016071887948233533,0.014542459599089909,0.01403062307277848,0.012853337985593015,0.001032230027974513,2015-04-23T13:53:14,0.006273916772664503,0.004405911233964471,0.004359933622134786,0.002744162744904177,0.0012092811538739875,0.020620683412064713,0.0186761788248091,0.018210488228425595,0.01706646138024083,0.0010907298788860138,267_1_BOA_LE07_228061_20150423
0.71,,,59,2,,267,-2.112532,PC,-55.621423,V,,,,,,24,6.2,,25.555555555555546,,6.6,30.8,HW,0.007900553666387585,0.0063967297292986235,0.0058832459745105726,0.005217102897508099,0.0009071367146327854,9,2015-05-08 14:30:00,-15.025248576388888,0.01621888970396044,0.014975313557046111,0.014559589624463342,0.013685174525227795,0.0009046794139213062,2015-04-23T13:53:38,0.006429595118039694,0.0045002529359502875,0.004432036868165436,0.002773530305060462,0.0011678527144272485,0.02067549991864542,0.018960173322215564,0.018506182760318478,0.017634712887194634,0.0010201520730051318,267_1_BOA_LE07_228062_20150423
0.8779999999999999,,,21,1,,269,-2.073724,PC,-55.621767,V,,,,,,23,0.2,,,,4.2,6.659999999999999,HW,0.0023247620679796525,-0.006717231559445839,-0.004698134126303271,-0.01287453509266943,0.005595938760480761,9,2015-05-08 11:45:00,-14.910942094907407,0.00983362243954446,0.0013167782514987977,0.003055996735096182,-0.003772530703120216,0.004786691284041845,2015-04-23T13:53:14,0.020999112977452772,0.014870013051953243,0.012547348514021662,0.004775522080729183,0.005814518138535347,0.011735724225369185,0.0017362661618924055,0.0036602170827775334,-0.0061222492256809286,0.006085309545931374,269_1_BOA_LE07_228061_20150423
1.984,,,21,1,,270,-2.112532,PC,-55.621423,V,,,,,,24,0.2,,16.24444444444447,,6.6,14.079999999999998,HW,0.007532017531909739,0.006014891648644557,0.005701605754678923,0.004599287207637826,0.0009665153505319129,9,2015-05-08 13:30:00,-14.983858761574075,0.016071887948233533,0.014542459599089909,0.01403062307277848,0.012853337985593015,0.001032230027974513,2015-04-23T13:53:14,0.006273916772664503,0.004405911233964471,0.004359933622134786,0.002744162744904177,0.0012092811538739875,0.020620683412064713,0.0186761788248091,0.018210488228425595,0.01706646138024083,0.0010907298788860138,270_1_BOA_LE07_228061_20150423
1.984,,,59,1,,270,-2.112532,PC,-55.621423,V,,,,,,24,0.2,,16.24444444444447,,6.6,14.079999999999998,HW,0.007900553666387585,0.0063967297292986235,0.0058832459745105726,0.005217102897508099,0.0009071367146327854,9,2015-05-08 13:30:00,-14.983581909722222,0.01621888970396044,0.014975313557046111,0.014559589624463342,0.013685174525227795,0.0009046794139213062,2015-04-23T13:53:38,0.006429595118039694,0.0045002529359502875,0.004432036868165436,0.002773530305060462,0.0011678527144272485,0.02067549991864542,0.018960173322215564,0.018506182760318478,0.017634712887194634,0.0010201520730051318,270_1_BOA_LE07_228062_20150423
0.8118867924528298,,,21,1,,271,-2.207789,PD,-55.623565,V,,,,,,25,0.2,,18.64000000000002,,3.2,19.828301886792445,HW,-0.010592466831836903,-0.03260820198135254,-0.02642853974983344,-0.04819765499212703,0.012912097365537318,9,2015-05-08 09:30:00,-14.817192094907407,-0.0011380915678313036,-0.023597844187999036,-0.01690254240635211,-0.03897756486022713,0.013053467596748526,2015-04-23T13:53:14,0.06208698487274713,0.03916791658043367,0.03883586884164318,0.01988754720343485,0.01277137486005444,0.0008158724201210998,-0.0252389932297745,-0.017626665322987223,-0.042066277419520424,0.014673019812100898,271_1_BOA_LE07_228061_20150423
0.8118867924528298,,,59,1,,271,-2.207789,PD,-55.623565,V,,,,,,25,0.2,,18.64000000000002,,3.2,19.828301886792445,HW,-0.010036583222434494,-0.03244547254582284,-0.026491072014391652,-0.04828294986050038,0.013116573064318423,9,2015-05-08 09:30:00,-14.816915243055556,-0.0007020797825502238,-0.023522902261800704,-0.01695097921415716,-0.039226186174681696,0.013274560917675444,2015-04-23T13:53:38,0.06252696607436184,0.04012873806607098,0.038796914420106694,0.019211574532172482,0.013540180617417531,0.0012913053732354178,-0.02504298468530781,-0.01744592618893938,-0.04204484886242107,0.014838675230543337,271_1_BOA_LE07_228062_20150423
0.48,,,21,2,,272,-2.177378,SL,-55.806321,V,,,,,,33,6.3,,23.21999999999999,,,24.5,HW,0.0063754475687789365,0.00576543845678854,0.005762472587254678,0.004631664308693584,0.0004925539742902679,9,2015-05-09 11:00:00,-15.879692094907407,0.014824503387308582,0.01406277930010482,0.013887174810283752,0.013506105618291324,0.000400420795453802,2015-04-23T13:53:14,0.005304112429548853,0.004959486167087958,0.005150499632074296,0.0043871901615044765,0.00033467240143506916,0.019544213260552154,0.019054421821994003,0.019049401177728707,0.018381990389749886,0.0003603598986967277,272_1_BOA_LE07_228061_20150423
0.48,,,59,2,,272,-2.177378,SL,-55.806321,V,,,,,,33,6.3,,23.21999999999999,,,24.5,HW,0.006637771202815833,0.005961043055549325,0.00599886695448181,0.005029727754104474,0.00047719435274526985,9,2015-05-09 11:00:00,-15.879415243055556,0.014801624123954787,0.014234760157219344,0.014197260430826857,0.013580497191385738,0.0003739247018902864,2015-04-23T13:53:38,0.005427194405991739,0.004892589434442454,0.004918283704893674,0.004406008751779949,0.00041070649052904587,0.01962488375236155,0.019225508790222962,0.018994185249784176,0.018451985719529176,0.00036454054370544574,272_1_BOA_LE07_228062_20150423
0.5522222222222221,,,21,1,,273,-2.177378,SL,-55.806321,V,,,,,,33,0.2,,22.88000000000001,,6.7,20.7,HW,0.0063754475687789365,0.00576543845678854,0.005762472587254678,0.004631664308693584,0.0004925539742902679,9,2015-05-09 11:00:00,-15.879692094907407,0.014824503387308582,0.01406277930010482,0.013887174810283752,0.013506105618291324,0.000400420795453802,2015-04-23T13:53:14,0.005304112429548853,0.004959486167087958,0.005150499632074296,0.0043871901615044765,0.00033467240143506916,0.019544213260552154,0.019054421821994003,0.019049401177728707,0.018381990389749886,0.0003603598986967277,273_1_BOA_LE07_228061_20150423
0.5522222222222221,,,59,1,,273,-2.177378,SL,-55.806321,V,,,,,,33,0.2,,22.88000000000001,,6.7,20.7,HW,0.006637771202815833,0.005961043055549325,0.00599886695448181,0.005029727754104474,0.00047719435274526985,9,2015-05-09 11:00:00,-15.879415243055556,0.014801624123954787,0.014234760157219344,0.014197260430826857,0.013580497191385738,0.0003739247018902864,2015-04-23T13:53:38,0.005427194405991739,0.004892589434442454,0.004918283704893674,0.004406008751779949,0.00041070649052904587,0.01962488375236155,0.019225508790222962,0.018994185249784176,0.018451985719529176,0.00036454054370544574,273_1_BOA_LE07_228062_20150423
,,,62,1,,279,-2.180361,AM,-55.016444,V,,,,,,46,0.2,,36.36000000000001,,,,HW,0.011739329642819079,0.010604481844420014,0.01048496772595352,0.007327594032325031,0.0014583940099779054,8,2015-05-12 00:00:00,13.578788587962963,0.02277370119293715,0.020943005927537454,0.021190962922521216,0.016644930448908975,0.0018997235769122771,2015-05-25T13:53:27,0.011670880205906495,0.011080286062492301,0.010978109998774632,0.01017910123563455,0.00041662204459227986,0.0311279914158283,0.029488225535447835,0.029787734457183145,0.025854587674109752,0.0016535687030053872,279_1_BOA_LE07_228061_20150525
0.9834210526315789,15.109159999999997,1.6592500000000001,59,1,5.502,280,-2.307096,LG,-55.373301,VI,0.23730383223439594,0.17470383223439592,2.893,"< 0,01",0.05971511093606407,37,0.2,2.9,29.43,8.395,3.0,32.94736842105263,R,0.014306681628071666,0.013470441776134658,0.012533648079940268,0.010201114922572696,0.0013717550280079515,5,2016-04-12 10:50:00,-2.870409537037037,0.03356565090679355,0.028541513741555606,0.030904885814689,0.02038865790892925,0.004856547892806892,2016-04-09T13:56:36,0.01933450590162728,0.017641011788038473,0.017625906017532673,0.015730188622501893,0.0011848363265397157,0.04177567203718802,0.03666677326580774,0.0388413133663241,0.026009327501207703,0.005741655368714671,280_1_BOA_LE07_228062_20160409
0.9628571428571427,24.868763333333334,0.6698750000000006,43,1,4.73,281,-2.255185,LG,-55.376673,VI,0.24320383223439593,0.16860383223439593,2.2029999999999994,"< 0,01",0.05971511093606407,38,0.2,2.73,54.29,6.933,4.0,64.22857142857143,R,0.021834080791974197,0.021154984193163293,0.02093689393300233,0.020133597575471805,0.000663838475919744,6,2016-04-12 12:19:00,-2.9324919328703705,0.043840346778047434,0.043766072263685105,0.043513343143902816,0.042913212808708225,0.00033452372508936803,2016-04-09T13:56:12,0.015867791475352146,0.015492774817277028,0.015343506741872306,0.01446708582124602,0.0005166648627231805,0.05689086490917445,0.056263499207907276,0.05609438631525507,0.0553351401816477,0.0006136063712295303,281_1_BOA_LE07_228061_20160409
0.9628571428571427,24.868763333333334,0.6698750000000006,59,1,4.73,281,-2.255185,LG,-55.376673,VI,0.24320383223439593,0.16860383223439593,2.2029999999999994,"< 0,01",0.05971511093606407,38,0.2,2.73,54.29,6.933,4.0,64.22857142857143,R,0.021949629202482446,0.021287528942675712,0.020719036856806216,0.020577430433888506,0.000612110915605262,6,2016-04-12 12:19:00,-2.9322150925925925,0.044086135537306594,0.043926706449325705,0.04358229102441412,0.04301438687112688,0.00042948650601878463,2016-04-09T13:56:36,0.016000890899493046,0.015577333676848012,0.015119218846321333,0.014907467860616041,0.0004632625257772166,0.05726918165420505,0.05676483656761932,0.05665332859691752,0.05598629649782855,0.0005133838990649766,281_1_BOA_LE07_228062_20160409
1.3521568627450982,46.58261238095239,0.45481071428572073,43,1,4.477,282,-2.173257,GP,-55.372851,VI,0.2961038322343959,0.17560383223439593,1.1999999999999993,"< 0,01",0.054715110936064064,39,0.2,2.7,33.71,5.677,4.3,60.55294117647061,R,0.020565271566439135,0.018780032484876776,0.019025699024855205,0.016902215565772212,0.0014265058078591554,9,2016-04-12 14:00:00,-3.002630821759259,0.04320780467979524,0.04032337456436577,0.0402623776507835,0.03590088005536125,0.0026090286599447354,2016-04-09T13:56:12,0.014948420024419675,0.013345646441937845,0.013552193828847661,0.00869386697111757,0.002024030061497039,0.05483506607317091,0.05065616039032441,0.05048420334457604,0.04164039829706309,0.004265242954427868,282_1_BOA_LE07_228061_20160409
1.3521568627450982,46.58261238095239,0.45481071428572073,59,1,4.477,282,-2.173257,GP,-55.372851,VI,0.2961038322343959,0.17560383223439593,1.1999999999999993,"< 0,01",0.054715110936064064,39,0.2,2.7,33.71,5.677,4.3,60.55294117647061,R,0.021393882077858146,0.017452421629425837,0.01790924466966315,0.009965322438780608,0.0034881459388615833,9,2016-04-12 14:00:00,-3.0023539814814817,0.04376180640313605,0.038603456949692715,0.03878775318933633,0.03071207629380439,0.00417869179322726,2016-04-09T13:56:36,0.01537508657635335,0.01259830163980492,0.012409580650184271,0.007221994742283688,0.002536580837824223,0.055321888033760744,0.04893541095735093,0.04921031315168238,0.0407057906999759,0.00482854192761832,282_1_BOA_LE07_228062_20160409
0.7022580645161289,26.603947142857148,2.878085714285713,43,1,4.288,283,-2.135144,GP,-55.370602,VI,0.23930383223439594,0.17020383223439592,1.7519999999999998,"< 0,01",0.055715110936064065,40,0.2,2.78,54.0,6.04,4.5,62.97741935483871,R,0.013755645488047988,0.012130109515333607,0.012758354342924699,0.007390274849024027,0.002375822757872441,5,2016-04-12 15:09:00,-3.050547488425926,0.03618531910381497,0.033657140687924775,0.033760884541814806,0.028664063416830393,0.0028629577819087827,2016-04-09T13:56:12,0.010185658755415522,0.0092634763319867,0.009470438216232162,0.005999295014370236,0.001585278480049255,0.04683854379831757,0.04482427472638857,0.045302366274749484,0.03943884028795383,0.0027352500731597463,283_1_BOA_LE07_228061_20160409
2.266,18.36625185185185,1.22277,43,1,5.399,284,-2.113672,GP,-55.370602,VI,0.8207038322343959,0.16850383223439594,0.26900000000000013,"< 0,01",0.055715110936064065,41,0.2,3.27,45.71,5.668,1.9,49.337142857142865,R,0.013657024079018993,0.008266707699434692,0.00796187631002011,0.00796187631002011,0.002372497014549929,5,2016-04-12 16:00:00,-3.0859641550925927,0.03060219352205338,0.023864803030598444,0.023493559080623286,0.023493559080623286,0.002860365428963529,2016-04-09T13:56:12,0.014124047323591304,0.014225872197174272,0.014075380190513916,0.011847124296067248,0.000752805002597859,0.03775494067106602,0.02988478269496701,0.029511683538588383,0.029511683538588383,0.003049294209635358,284_1_BOA_LE07_228061_20160409
0.7673684210526315,82.68253333333332,17.670753333333337,43,1,4.503,285,-2.20666,PD,-55.623562,VI,0.008803832234395917,0.006803832234395916,0.26699999999999946,"< 0,01",0.06171511093606406,25,0.2,3.01,42.29,4.77,5.2,53.397368421052626,R,0.013544875204577889,0.012818016111925694,0.012977968560408592,0.011325956859955143,0.0007092278932665783,9,2016-04-13 14:15:00,-4.013047488425926,0.029229364242637383,0.02876505571270391,0.0287778022487664,0.0278757358221936,0.00036000736066801,2016-04-09T13:56:12,0.012618298385791569,0.012235287743256993,0.012234884068132687,0.011802796178866131,0.00025483351461917214,0.03521928153168159,0.03434821015699493,0.0346176918632992,0.032105804525818155,0.0009823011495283145,285_1_BOA_LE07_228061_20160409
0.7673684210526315,82.68253333333332,17.670753333333337,71,1,4.503,285,-2.20666,PD,-55.623562,VI,0.008803832234395917,0.006803832234395916,0.26699999999999946,"< 0,01",0.06171511093606406,25,0.2,3.01,42.29,4.77,5.2,53.397368421052626,R,0.003876087195141745,0.0016198368895403057,0.0022324844314729544,-0.0014163070561896939,0.0016555146154221476,9,2016-04-13 14:15:00,11.987040949074075,0.011036101433792725,0.008273211737491175,0.008839383272520356,0.004424541616828221,0.0020774343979935717,2016-04-25T13:56:20,0.00971803779445082,0.007881740832679302,0.007503574678762601,0.006277928714768899,0.0010749093837114955,0.014701041812667752,0.011819625614724195,0.01231586552711577,0.007831660606995968,0.002260714949820068,285_1_BOA_LE07_228061_20160425
0.7673684210526315,82.68253333333332,17.670753333333337,59,1,4.503,285,-2.20666,PD,-55.623562,VI,0.008803832234395917,0.006803832234395916,0.26699999999999946,"< 0,01",0.06171511093606406,25,0.2,3.01,42.29,4.77,5.2,53.397368421052626,R,0.014117831505649454,0.012975527069785596,0.013388064205318056,0.011435201473946091,0.000910865747948603,9,2016-04-13 14:15:00,-4.012770648148148,0.029817600575321145,0.029115382517100594,0.02916633010681012,0.027980371745977027,0.0005369812335918366,2016-04-09T13:56:36,0.013320471775089961,0.012360698112034897,0.01235657851729466,0.01162397638528897,0.0004279778103455161,0.03539658486145359,0.03452862614068411,0.03493094964589548,0.031948974417199606,0.0011239756306558942,285_1_BOA_LE07_228062_20160409
0.7673684210526315,82.68253333333332,17.670753333333337,67,1,4.503,285,-2.20666,PD,-55.623562,VI,0.008803832234395917,0.006803832234395916,0.26699999999999946,"< 0,01",0.06171511093606406,25,0.2,3.01,42.29,4.77,5.2,53.397368421052626,R,0.009336482743476374,0.005800865234893563,0.00584777633965039,0.0020110024563748524,0.0022826037207601423,9,2016-04-13 14:15:00,11.987317777777777,0.01701185547681697,0.01340482754867626,0.0135576155513886,0.009039238250465976,0.002756450312423721,2016-04-25T13:56:44,0.010455587446182925,0.008764154690001469,0.008746303442897913,0.0072634926978421555,0.0011317326290847319,0.023306351768028748,0.017680363827497977,0.017348086183001116,0.011919941334486032,0.0035965320739613977,285_1_BOA_LE07_228062_20160425
0.6558823529411766,19.07531,1.4846178571428594,43,1,4.113,286,-2.178437,PD,-55.633239,VI,0.20610383223439593,0.17520383223439592,0.4339999999999993,"< 0,01",0.05171511093606407,36,0.2,2.69,50.0,4.547,4.4,43.626470588235286,R,0.018017959943200237,0.01615864652625766,0.016789677204207515,0.01263369435353657,0.0018693175355824765,9,2016-04-13 13:00:00,-3.9609641550925927,0.03316050510245446,0.030970660443641055,0.031522784530259716,0.024722292487086905,0.0027603055717907365,2016-04-09T13:56:12,0.011084948767801162,0.00955709534313457,0.010142724508984784,0.006850750144106748,0.0015544343382346817,0.03851831185242699,0.03617540129960333,0.03643375016215363,0.02841645269062211,0.0030581497792338797,286_1_BOA_LE07_228061_20160409
0.6558823529411766,19.07531,1.4846178571428594,59,1,4.113,286,-2.178437,PD,-55.633239,VI,0.20610383223439593,0.17520383223439592,0.4339999999999993,"< 0,01",0.05171511093606407,36,0.2,2.69,50.0,4.547,4.4,43.626470588235286,R,0.020486850936986968,0.01798020601597465,0.01819146227903344,0.013208974249553189,0.0019179841071015919,9,2016-04-13 13:00:00,-3.9606873148148147,0.03444875402933356,0.03306885077186807,0.03332463795851111,0.029890557091128582,0.001435074225156982,2016-04-09T13:56:36,0.01167351893183589,0.010394381872394111,0.010459135894971525,0.007548390069574959,0.0011039253532988092,0.03989617777091362,0.038154110128203036,0.03844325451581808,0.03510906165212364,0.0015361039371339811,286_1_BOA_LE07_228062_20160409
0.6910344827586207,28.984916666666663,4.374273333333335,43,1,4.207,287,-2.142593,PC,-55.625756,VI,0.10720383223439592,0.09350383223439591,1.9800000000000004,"< 0,01",0.05271511093606406,22,0.2,3.2,42.57,6.187,4.2,44.3448275862069,R,0.015970159913833423,0.01411228856117163,0.014218881005081957,0.012478693871554519,0.0010334500219587382,9,2016-04-14 09:02:00,-4.795686377314815,0.027287429241605328,0.02590025914066819,0.02570363225604034,0.025018407530937946,0.0008402574109067788,2016-04-09T13:56:12,0.008600578982534088,0.007778006410542522,0.007642967550017752,0.006930343193924153,0.000510000998568671,0.03210771334421396,0.02914410331944831,0.029293833845430467,0.026482214894926033,0.0016190087684573565,287_1_BOA_LE07_228061_20160409
0.6910344827586207,28.984916666666663,4.374273333333335,59,1,4.207,287,-2.142593,PC,-55.625756,VI,0.10720383223439592,0.09350383223439591,1.9800000000000004,"< 0,01",0.05271511093606406,22,0.2,3.2,42.57,6.187,4.2,44.3448275862069,R,0.01681193559846708,0.014397757045673146,0.014570247185514319,0.012717203362514966,0.0011674335790181982,9,2016-04-14 09:02:00,-4.795409537037037,0.027342713810407527,0.02626177091100546,0.02610953232919389,0.025387293489981397,0.0006860173641026379,2016-04-09T13:56:36,0.008646597618699478,0.007758575501098596,0.0077608458606450055,0.007032340449289548,0.0004972925249159021,0.032313975434013036,0.029406251334692223,0.02940125872437177,0.026951627142410384,0.001552328158442338,287_1_BOA_LE07_228062_20160409
0.770740740740741,36.273225000000004,3.9970383333333337,71,1,4.015,288,-2.073498,PC,-55.620867,VI,0.05100383223439591,0.5587038322343959,0.6779999999999999,"< 0,01",0.04471511093606407,23,0.2,2.93,48.29,4.693,4.0,45.67777777777777,R,-0.008936062235246296,-0.021658897845004202,-0.022078432144406815,-0.03230311072841253,0.006928067444994987,9,2016-04-14 10:38:00,11.137735393518518,0.0011184525608060325,-0.012721509497243324,-0.01385136869319853,-0.022933742341040425,0.0070901590656387015,2016-04-25T13:56:20,0.044555058304565756,0.03322463238297385,0.0334231467308715,0.02270810070772354,0.006961845752298425,-0.00029241464325054436,-0.015436881863787914,-0.017453070921692168,-0.02686537588454808,0.007826962978978091,288_1_BOA_LE07_228061_20160425
0.9559999999999998,29.74819333333333,6.819606666666668,43,1,4.579,290,-2.1572,SL,-55.805249,VI,0.008003832234395915,0.007703832234395916,0.6890000000000001,"< 0,01",0.04371511093606407,30,0.2,2.95,35.43,5.268,4.0,39.02,R,0.016001137161991724,0.014421834655878082,0.014472158185015904,0.012945896285598509,0.0009392847859093946,9,2016-04-15 13:10:00,-5.967908599537037,0.03237008317267699,0.031516283594411165,0.031419786705822524,0.030942081864487478,0.00046962042669998185,2016-04-09T13:56:12,0.013700766006468867,0.01228439860440683,0.012219547801094766,0.011505365788579951,0.0006630906702352539,0.04266793661683771,0.041101181244087036,0.040847575037755664,0.040451166724507256,0.0006620593214840929,290_1_BOA_LE07_228061_20160409
0.9559999999999998,29.74819333333333,6.819606666666668,59,1,4.579,290,-2.1572,SL,-55.805249,VI,0.008003832234395915,0.007703832234395916,0.6890000000000001,"< 0,01",0.04371511093606407,30,0.2,2.95,35.43,5.268,4.0,39.02,R,0.016200596344746854,0.01568629236039875,0.01580996402598578,0.015178489526405412,0.0003316285724686971,9,2016-04-15 13:10:00,-5.967631759259259,0.0335677031631059,0.03256989050235456,0.03279404089176006,0.031235144998450384,0.0007347283781695199,2016-04-09T13:56:36,0.013601737217291977,0.012743423080804325,0.012611770863331328,0.012250212591803412,0.00042053813837475754,0.04336319525055561,0.04145105073203865,0.041214996638068775,0.039935402752924,0.0010800690071990087,290_1_BOA_LE07_228062_20160409
0.8433333333333334,59.97702666666666,2.1522800000000077,43,1,4.675,291,-2.219976,SL,-55.808397,VI,0.011803832234395916,0.006503832234395916,1.3630000000000004,"< 0,01",0.047715110936064065,31,0.2,2.57,35.43,6.038,4.0,46.5,R,0.015133575976529458,0.012918430493820987,0.013271421372266036,0.01106210470989018,0.0010504912752882314,9,2016-04-15 14:06:00,-6.006797488425926,0.027994802443180776,0.02567255234319028,0.02635436863884716,0.023835308234979168,0.0012772519696850008,2016-04-09T13:56:12,0.016340482740974875,0.015118542558106038,0.015373107769196962,0.013623238622688565,0.0007683758279989872,0.036160861217554546,0.03383698591250414,0.03401565307313607,0.03238534892436002,0.0012430278770417123,291_1_BOA_LE07_228061_20160409
0.8433333333333334,59.97702666666666,2.1522800000000077,59,1,4.675,291,-2.219976,SL,-55.808397,VI,0.011803832234395916,0.006503832234395916,1.3630000000000004,"< 0,01",0.047715110936064065,31,0.2,2.57,35.43,6.038,4.0,46.5,R,0.015230846899904955,0.01353882185373277,0.013431201935347192,0.012191642285510548,0.0008357058470081065,9,2016-04-15 14:06:00,-6.006520648148149,0.028181564330136213,0.026441237563700325,0.02672302327907341,0.025396354429215864,0.0009563292518430034,2016-04-09T13:56:36,0.016948098458985535,0.015230285657016646,0.015205420942736497,0.013890491576365408,0.0009069362276859465,0.03670247498842965,0.03458038874366004,0.03425414095126011,0.033388449321710034,0.0010611312698992365,291_1_BOA_LE07_228062_20160409
0.9559999999999998,43.32270666666667,2.9822566666666668,43,1,5.503,292,-2.177378,SL,-55.806321,VI,0.18230383223439592,0.16560383223439593,0.8079999999999998,"< 0,01",0.05771511093606407,33,0.2,2.47,38.57,6.311,4.2,42.98,R,0.017320401110997058,0.016691319059235456,0.01682913881793466,0.016175888107475923,0.0003763527803669599,9,2016-04-15 12:02:00,-5.920686377314815,0.03361708441211264,0.03290989060049081,0.03303544532207643,0.031807996960418146,0.0005701643249977899,2016-04-09T13:56:12,0.014017757884436557,0.013228290973890052,0.013225185498220273,0.012202805226009403,0.0005966993351512706,0.04390092504194944,0.043208671599298115,0.04351135857380847,0.04204743015446603,0.0006075415994561729,292_1_BOA_LE07_228061_20160409
0.9559999999999998,43.32270666666667,2.9822566666666668,71,1,5.503,292,-2.177378,SL,-55.806321,VI,0.18230383223439592,0.16560383223439593,0.8079999999999998,"< 0,01",0.05771511093606407,33,0.2,2.47,38.57,6.311,4.2,42.98,R,0.0050147955947175415,0.003684682448514895,0.0034145406747366006,0.00298215314587268,0.0006208317267145749,9,2016-04-15 12:02:00,10.079402060185185,0.01553155175511476,0.014198104240910612,0.013834599472535358,0.013533339640723504,0.000663611164305172,2016-04-25T13:56:20,0.007822984687508978,0.007309551395533584,0.007206204274488433,0.006851183529727991,0.00029012677823273686,0.02394114540301357,0.022834704033193667,0.022823401757175957,0.021565082869309905,0.0007928727498909525,292_1_BOA_LE07_228061_20160425
0.9559999999999998,43.32270666666667,2.9822566666666668,59,1,5.503,292,-2.177378,SL,-55.806321,VI,0.18230383223439592,0.16560383223439593,0.8079999999999998,"< 0,01",0.05771511093606407,33,0.2,2.47,38.57,6.311,4.2,42.98,R,0.017342427524454987,0.016997640557183252,0.017002022522904486,0.01620113053372723,0.00035805956213591885,9,2016-04-15 12:02:00,-5.920409537037037,0.03376893155101014,0.032795921742371816,0.03257643060594349,0.031595532191304974,0.000719468202118674,2016-04-09T13:56:36,0.014412909044010123,0.013801095127879907,0.013662431143042492,0.013120283406085806,0.0005269338312529739,0.04440586742560276,0.04325986288228971,0.04316197706270244,0.042215491878188356,0.000672272184432406,292_1_BOA_LE07_228062_20160409
0.9559999999999998,43.32270666666667,2.9822566666666668,67,1,5.503,292,-2.177378,SL,-55.806321,VI,0.18230383223439592,0.16560383223439593,0.8079999999999998,"< 0,01",0.05771511093606407,33,0.2,2.47,38.57,6.311,4.2,42.98,R,0.006389121622163865,0.004383840808892699,0.004126986377016396,0.0035346451387079647,0.0009104703237734811,9,2016-04-15 12:02:00,10.079678888888889,0.01743117378301204,0.015006465473051019,0.014529310224021277,0.013848920693197327,0.0011313881538142568,2016-04-25T13:56:44,0.008191228838035977,0.00751079603354531,0.007478358808586268,0.006953761838298718,0.0003624805973752259,0.025738813420032522,0.023614613189256617,0.023906464816749684,0.022552927222908775,0.0009956238681684605,292_1_BOA_LE07_228062_20160425
1.1449999999999998,21.815728333333336,1.0806249999999995,43,1,5.23,293,-2.258797,PQ,-55.623565,VI,0.042203832234395916,0.03690383223439592,1.9449999999999994,"< 0,01",0.041715110936064066,9,0.2,3.09,19.43,7.175,4.0,17.966666666666665,R,0.0027471647999508936,0.0002590798096654741,-0.0004288474657717714,-0.0015380401555561557,0.0012984285696543804,7,2016-04-16 13:35:00,-6.985269710648148,0.006944954665657175,0.004227807275303492,0.0037360441908259566,0.0022614500223564395,0.0015599474740584322,2016-04-09T13:56:12,0.01243403002132315,0.0071377146118137575,0.0059045038631692325,0.005611848569427943,0.002370985349912447,0.008529979162808354,0.0034789473920669093,0.0025180272232975375,0.00027148490376548845,0.002808520569430332,293_1_BOA_LE07_228061_20160409
1.1449999999999998,21.815728333333336,1.0806249999999995,71,1,5.23,293,-2.258797,PQ,-55.623565,VI,0.042203832234395916,0.03690383223439592,1.9449999999999994,"< 0,01",0.041715110936064066,9,0.2,3.09,19.43,7.175,4.0,17.966666666666665,R,0.008011580018667792,0.006898151594161885,0.006800381539924294,0.005842645724804613,0.0006193943522808203,9,2016-04-16 13:35:00,9.014818726851852,0.013751979198769628,0.012407221714181446,0.012193378280190374,0.011430156751920313,0.0007350321552065197,2016-04-25T13:56:20,0.009253371487625386,0.00783399344088083,0.007479239212590914,0.006741070076014745,0.0009185695049310518,0.018262927439864123,0.0165929461210623,0.016542113046531852,0.01562183760010214,0.0007919767949989118,293_1_BOA_LE07_228061_20160425
1.1449999999999998,21.815728333333336,1.0806249999999995,59,1,5.23,293,-2.258797,PQ,-55.623565,VI,0.042203832234395916,0.03690383223439592,1.9449999999999994,"< 0,01",0.041715110936064066,9,0.2,3.09,19.43,7.175,4.0,17.966666666666665,R,0.0019654231108226124,-0.0014176789582683862,-0.00040419196457622264,-0.006781749569928868,0.003133123002328268,7,2016-04-16 13:35:00,-6.9849928703703705,0.004806011643850649,0.0021345158080503033,0.0030550854263250507,-0.0030996015409706715,0.002912628274064996,2016-04-09T13:56:36,0.013347765650110241,0.0065776932921061985,0.006266578445321575,0.002710164243260753,0.0035674527902280857,0.006420652429819214,0.0017831822287299624,0.003510874844040208,-0.003919823695266181,0.0038716928433945317,293_1_BOA_LE07_228062_20160409
1.1449999999999998,21.815728333333336,1.0806249999999995,67,1,5.23,293,-2.258797,PQ,-55.623565,VI,0.042203832234395916,0.03690383223439592,1.9449999999999994,"< 0,01",0.041715110936064066,9,0.2,3.09,19.43,7.175,4.0,17.966666666666665,R,0.008680905296075042,0.007046038415811341,0.007218484978964598,0.005784764198813002,0.000862530843615816,9,2016-04-16 13:35:00,9.015095555555556,0.013914211618696787,0.012452761994531521,0.012569827890293882,0.011268413523231515,0.0008384997976116159,2016-04-25T13:56:44,0.009924817848398725,0.008078124099750596,0.008218566922195395,0.006965755149086051,0.0008404560586027255,0.018261591587497465,0.01635310198489468,0.016638162997544566,0.01505026408471075,0.0010091878711518227,293_1_BOA_LE07_228062_20160425
1.332,17.933896666666666,0.8993133333333336,59,1,4.417,294,-2.274821,PQ,-55.625139,VI,0.06660383223439592,0.057703832234395916,3.0920000000000005,"< 0,01",0.05071511093606407,10,0.2,3.37,15.14,7.509,1.7,12.780000000000001,R,-0.0004893143003079151,-0.013002053748550848,-0.009587941314248831,-0.028062900689942074,0.008321864729257486,9,2016-04-16 14:28:00,-7.021798425925926,0.004836933935612643,-0.0067277057116001465,-0.0038350695656859876,-0.02039112746506099,0.007573339193191171,2016-04-09T13:56:36,0.035769291557554796,0.022699669905933816,0.019618871064329305,0.00932427499136636,0.007753071509820348,0.006996275698499045,-0.007186493330749355,-0.0042991278872689005,-0.02218627937750183,0.008811924470268663,294_1_BOA_LE07_228062_20160409
0.765,24.35719333333333,3.4425233333333343,43,1,4.514,295,-2.229907,PQ,-55.495172,VI,0.015903832234395916,0.04910383223439591,0.33399999999999963,"< 0,01",0.027715110936064068,11,0.2,3.41,53.14,4.848,3.8,39.68333333333333,R,0.01348407133779959,0.011108603123448206,0.010825221156779138,0.009670188761885754,0.001249029451125433,9,2016-04-17 10:45:00,-7.867214155092593,0.02229643266712921,0.016771470984405047,0.016112208399740556,0.014912320896592631,0.0020483930522461604,2016-04-09T13:56:12,0.008358794521576401,0.0072473537247847815,0.007431828829774912,0.00617497089718746,0.0007301185905155791,0.02812708881055269,0.020571628115912743,0.019822584125064584,0.017740379248670425,0.0029045642796704852,295_1_BOA_LE07_228061_20160409
0.765,24.35719333333333,3.4425233333333343,59,1,4.514,295,-2.229907,PQ,-55.495172,VI,0.015903832234395916,0.04910383223439591,0.33399999999999963,"< 0,01",0.027715110936064068,11,0.2,3.41,53.14,4.848,3.8,39.68333333333333,R,0.01157621425327559,0.010393120326382538,0.010416089388734482,0.00869441976027198,0.0008392481024904312,9,2016-04-17 10:45:00,-7.866937314814815,0.017811650342112236,0.015993576071973128,0.016197950135156663,0.014639206683442606,0.0009190990984106835,2016-04-09T13:56:36,0.008277042619018717,0.007098675517422633,0.007133244010071125,0.004678298589583976,0.0011202340606806926,0.0208210996207732,0.0193220658096438,0.019231052101302788,0.01867527662912636,0.0006427249695259976,295_1_BOA_LE07_228062_20160409
0.75,39.81220666666666,4.269846666666667,43,1,4.42,296,-2.170323,GP,-55.493823,VI,0.10360383223439591,0.045603832234395916,0.40300000000000047,"< 0,01",0.049715110936064066,14,0.2,3.45,36.0,4.823,2.69,55.31999999999999,R,0.015886377719238752,0.014432874263176583,0.014438040644880027,0.013722191593085253,0.0007625881971044593,9,2016-04-17 11:48:00,-7.910964155092593,0.028849560271478163,0.02853468500105436,0.028607892874397613,0.028230169176478838,0.0001997863865805292,2016-04-09T13:56:12,0.008578483391730842,0.0078055600345317035,0.007877970800370782,0.007226471209768381,0.0004040922775462234,0.03519056221188068,0.03396430243110157,0.0338276735051256,0.03352478960195149,0.0005144488439495244,296_1_BOA_LE07_228061_20160409
0.75,39.81220666666666,4.269846666666667,59,1,4.42,296,-2.170323,GP,-55.493823,VI,0.10360383223439591,0.045603832234395916,0.40300000000000047,"< 0,01",0.049715110936064066,14,0.2,3.45,36.0,4.823,2.69,55.31999999999999,R,0.015539225589177613,0.014417107559228119,0.014346241966299238,0.013844749966925708,0.0005442984733302644,9,2016-04-17 11:48:00,-7.9106873148148145,0.029585588309757042,0.028791656522471617,0.028636935809768733,0.028273517118122336,0.00040757248453812705,2016-04-09T13:56:36,0.009060967766996896,0.00783358453648795,0.007750653902410977,0.007055474216922061,0.0006539697445041097,0.03602336629181586,0.034293754412843436,0.03420916922591414,0.033390262062583394,0.0007453218202243261,296_1_BOA_LE07_228062_20160409
0.722,72.56164166666667,1.8612749999999993,43,1,3.326,297,-2.133265,GP,-55.488798,VI,0.06810383223439591,0.06570383223439591,3.783,"< 0,01",0.06271511093606406,15,0.2,3.22,61.14,7.109,4.6,65.47999999999999,R,0.018997131032819727,0.018108305813110764,0.017982144212109454,0.017300496882170408,0.0005639370836288289,9,2016-04-17 13:31:00,-7.982491932870371,0.03815438072258793,0.036901634272324076,0.036880853921452655,0.035881744318182696,0.0007151850555596684,2016-04-09T13:56:12,0.01219167306174125,0.010702692900313691,0.010860788029362392,0.009344424567807388,0.0008111252015786956,0.04665902133060799,0.04502290146111487,0.0448095502483523,0.04373988254589506,0.0009132169947129907,297_1_BOA_LE07_228061_20160409
,55.01353444444444,1.468000000000002,43,1,5.197,298,-2.070564,SN,-55.486853,VI,0.06680383223439591,0.06500383223439592,0.8010000000000002,"< 0,01",0.06171511093606406,16,0.2,3.32,45.43,5.998,4.2,,R,0.007767304172407754,0.0061813114847060905,0.005899801476481842,0.004221485162883911,0.0011094061096848678,9,2016-04-19 12:52:00,-9.955408599537037,0.016125999306806003,0.011952648379440458,0.010647247480741123,0.009580555882631323,0.0018823280550836986,2016-04-09T13:56:12,0.0060727360936719856,0.004506179456210528,0.004157890105422108,0.0027762880109047537,0.000996653918253566,0.02103771972262593,0.015643601097941103,0.014214171515711948,0.011768087849873286,0.002609089768997,298_1_BOA_LE07_228061_20160409
1.4183333333333332,55.77477666666667,8.650813333333334,43,1,5.116,299,-2.037612,SN,-55.486403,VI,0.3440038322343959,0.16060383223439592,1.242,"< 0,01",0.04471511093606407,17,0.2,2.61,49.71,6.358,1.0,48.65,R,0.017698716546370792,0.01697200634987029,0.01710365144298944,0.01563202727489137,0.0006526704612401963,9,2016-04-19 14:28:00,-10.022075266203704,0.03693752597458274,0.03578692816026198,0.036146272207258405,0.03252823697458054,0.0013370482155668248,2016-04-09T13:56:12,0.018283718959337485,0.017073222444027435,0.01709060008849969,0.01658518870573472,0.0004500902828758445,0.04753558329098738,0.04601074745848002,0.0462332844368014,0.040168171076733136,0.0021646877523763797,299_1_BOA_LE07_228061_20160409
,18.636783333333334,0.21125000000000013,43,1,3.671,301,-2.245385,LG,-55.24066,VI,0.008403832234395916,0.0027038322343959148,2.57,"< 0,01",0.031715110936064064,2,0.2,3.11,15.43,6.241,4.3,,R,0.015488009989990083,0.012865459054689693,0.012488571676442642,0.011543330620493602,0.0012229537971457222,9,2016-04-21 09:22:00,-11.809575266203703,0.030965287338285064,0.029356355707385127,0.029305371204493197,0.028203743306901723,0.0009272318403757881,2016-04-09T13:56:12,0.010556042180150379,0.009966983170630165,0.009833453337602265,0.009574352120502658,0.00033354123747450146,0.03521159787260675,0.03315534550258991,0.033387733789568136,0.031735077367781604,0.00106346687633385,301_1_BOA_LE07_228061_20160409
,18.636783333333334,0.21125000000000013,71,1,3.671,301,-2.245385,LG,-55.24066,VI,0.008403832234395916,0.0027038322343959148,2.57,"< 0,01",0.031715110936064064,2,0.2,3.11,15.43,6.241,4.3,,R,0.010573785353659076,0.009518276682630248,0.009960084934464555,0.007895573241555515,0.0008872440298883551,9,2016-04-21 09:22:00,4.190513171296296,0.022308755628776593,0.01855565491737209,0.019435764429569995,0.01440897576922728,0.0029567139002950093,2016-04-25T13:56:20,0.0074231562657537525,0.006122818247025454,0.006135617823854977,0.004131607849138923,0.0010658297050533641,0.02555362295740124,0.02090202459489745,0.02203717014211053,0.015651212523314004,0.003541439204189841,301_1_BOA_LE07_228061_20160425
,18.636783333333334,0.21125000000000013,59,1,3.671,301,-2.245385,LG,-55.24066,VI,0.008403832234395916,0.0027038322343959148,2.57,"< 0,01",0.031715110936064064,2,0.2,3.11,15.43,6.241,4.3,,R,0.015792044303059884,0.013326238244944418,0.013391448477428649,0.011778136673770687,0.001267848478574767,9,2016-04-21 09:22:00,-11.809298425925926,0.031747691690896584,0.02979746422439985,0.02991535982077475,0.0285488957305429,0.0009561398883325445,2016-04-09T13:56:36,0.010862729853054708,0.01007293680464322,0.009852978483322061,0.009569556108275704,0.0004155733139668304,0.035973804567234424,0.03374284081249121,0.0338974525350883,0.03248036770660831,0.001060665131120949,301_1_BOA_LE07_228062_20160409
,18.636783333333334,0.21125000000000013,67,1,3.671,301,-2.245385,LG,-55.24066,VI,0.008403832234395916,0.0027038322343959148,2.57,"< 0,01",0.031715110936064064,2,0.2,3.11,15.43,6.241,4.3,,R,0.009712433868333455,0.008830072080102544,0.008822347328836409,0.007883983396219214,0.0005318772277681426,9,2016-04-21 09:22:00,4.19079,0.01810580665728055,0.015623087114373565,0.015341895450252907,0.013587946845486936,0.0012646289038114233,2016-04-25T13:56:44,0.006037379637557473,0.005312834139817069,0.005328943023163687,0.004514452717705892,0.0005133889738269904,0.01969968455245824,0.01645947541668838,0.01594795516053296,0.014057222284008138,0.0018216181196039718,301_1_BOA_LE07_228062_20160425
0.73,26.883333333333336,0.4640733333333344,43,1,4.599,302,-2.166034,LG,-55.233215,VI,0.2660038322343959,0.17080383223439594,2.1179999999999994,"< 0,01",0.06771511093606407,42,0.2,2.92,64.57,6.717,3.9,68.1,R,0.017902347230905905,0.012342286291079196,0.01732596438735475,-0.0021185828092576547,0.006257878919182338,9,2016-04-21 12:07:00,-11.924158599537037,0.039712924124877355,0.03197687534288427,0.038238761615551696,0.013432838022533596,0.008014362503753437,2016-04-09T13:56:12,0.025562473633403353,0.017382631596960546,0.01474387418352808,0.013954557157392997,0.0035432002313046675,0.050745870654186946,0.041732199194716026,0.04902300060008274,0.019059889218920503,0.009802724086076818,302_1_BOA_LE07_228061_20160409
0.73,26.883333333333336,0.4640733333333344,71,1,4.599,302,-2.166034,LG,-55.233215,VI,0.2660038322343959,0.17080383223439594,2.1179999999999994,"< 0,01",0.06771511093606407,42,0.2,2.92,64.57,6.717,3.9,68.1,R,0.005079941701587182,-0.00013696335041944117,-0.0024267006210053413,-0.014906517840879985,0.006421085040228145,6,2016-04-21 12:07:00,4.075929837962963,0.015630840891678488,0.007239498422983919,0.0030261312196871518,-0.011486628468077749,0.008416246589416296,2016-04-25T13:56:20,0.007414738654883422,0.005448986761639846,0.005963271572949,-0.011558663767408675,0.0064864936250295475,0.020852484903973956,0.010663382943307891,0.00561678455707474,-0.00559921279147732,0.008261451124333505,302_1_BOA_LE07_228061_20160425
0.6999999999999998,32.9167375,0.6959750000000003,71,1,5.254,303,-2.2035,LG,-55.236138,VI,0.2667038322343959,0.16650383223439594,0.7950000000000008,"< 0,01",0.06271511093606406,43,0.2,2.61,51.14,6.049,4.7,75.5,R,0.019297414991572656,0.0175510408489907,0.017714682065108994,0.014852219492194181,0.0012684730663121901,9,2016-04-21 10:17:00,4.152318726851852,0.036293521629125705,0.03348831728034881,0.0344656546192736,0.028041273361541212,0.002253376447481616,2016-04-25T13:56:20,0.011324402391469784,0.010136776719100408,0.01033835646358949,0.008231591799287851,0.0009151536150290853,0.04364775390402878,0.04050440097794611,0.04177308871015467,0.03301490354188093,0.003040557719908164,303_1_BOA_LE07_228061_20160425
0.6999999999999998,32.9167375,0.6959750000000003,67,1,5.254,303,-2.2035,LG,-55.236138,VI,0.2667038322343959,0.16650383223439594,0.7950000000000008,"< 0,01",0.06271511093606406,43,0.2,2.61,51.14,6.049,4.7,75.5,R,0.017608742511715084,0.0162181092201207,0.01586753101532859,0.014988926942180455,0.0008693408146188585,9,2016-04-21 10:17:00,4.152595555555555,0.033025256693025966,0.031035634063290515,0.031016780007363815,0.0276890882733212,0.0016620121197932771,2016-04-25T13:56:44,0.010215566337390652,0.008870110999817351,0.008974458092857695,0.007868772705433397,0.0006759112337888922,0.03980074123532989,0.037114198430350145,0.03678123577935344,0.03261661629182177,0.0022839458352061476,303_1_BOA_LE07_228062_20160425
,,,43,1,,304,-2.180361,AM,-55.016444,VI,,,,,,46,0.2,,126.0,,,,R,0.01649991734957257,0.016081207824257645,0.01623080049286563,0.015506042387857525,0.0003790176526127781,9,2016-04-21 00:00:00,-11.419297488425926,0.035066167842914275,0.034438807105770984,0.03454936215222143,0.0335627954004066,0.0005079836325624914,2016-04-09T13:56:12,0.024783350006228794,0.023850272495787472,0.02395008926026319,0.022828629688190678,0.0006196738693584855,0.05113032043008345,0.0502368348933102,0.05026846770527077,0.04954724828810672,0.0004921352598713003,304_1_BOA_LE07_228061_20160409
,,,71,1,,304,-2.180361,AM,-55.016444,VI,,,,,,46,0.2,,126.0,,,,R,0.012979138663151726,0.012170343729653641,0.011945870554832856,0.011590944863730425,0.0004986146585837027,9,2016-04-21 00:00:00,4.580790949074074,0.02793492511557146,0.026906655579051145,0.02663044178641666,0.02608777897566345,0.0005977836361264952,2016-04-25T13:56:20,0.017813021470671132,0.01668372036645424,0.016751989738176785,0.015758820085308572,0.0006177667792550923,0.041727710208042196,0.041104355692219915,0.04096862593746598,0.040419539911945156,0.0004274705054528786,304_1_BOA_LE07_228061_20160425
1.5539999999999998,87.56258000000001,,9,1,12.01,305,-2.307096,LG,-55.373301,VII,0.4323235209235209,0.385,0.10999999999999943,"< 0,01",0.010431,37,0.2,4.31,107.59999999999998,12.12,,148.04000000000002,LW,0.008957509718243922,0.006773702168045777,0.0069438740646239686,0.00542863493495575,0.0012052392281767614,6,2016-09-29 15:30:00,2.9352462152777776,0.023856836905783996,0.02197166902500524,0.02168356499174949,0.021585731919662964,0.0008120077298331143,2016-10-02T13:56:45,0.03103350519694143,0.02990546793242894,0.0296768781628381,0.02896315815964953,0.0006834151558770195,0.03600510001719886,0.032727720466609905,0.032721737926582256,0.031152196025968724,0.0016139928039566676,305_1_BOA_LE07_228061_20161002
1.5463265306122451,30.732440000000004,,9,1,8.593,306,-2.255185,LG,-55.376673,VII,0.3930235209235209,0.361,0.4689999999999994,"< 0,01",0.002331,38,0.2,3.37,122.49999999999996,9.062,,144.43673469387755,LW,0.007869460923350686,0.007559000913906629,0.0076858571693790845,0.007028804858876952,0.00031788900997666865,9,2016-09-29 16:30:00,2.893579548611111,0.0252751449986936,0.02411401773948929,0.024074488486748112,0.02344128454774092,0.0005650114857846035,2016-10-02T13:56:45,0.035600240433649635,0.0347202732903383,0.034943593413844294,0.03434462238250684,0.0003529871048807042,0.04198448696987565,0.04150642449208869,0.04158848170829212,0.041454854498974555,0.00021103769002470048,306_1_BOA_LE07_228061_20161002
1.5463265306122451,30.732440000000004,,30,1,8.593,306,-2.255185,LG,-55.376673,VII,0.3930235209235209,0.361,0.4689999999999994,"< 0,01",0.002331,38,0.2,3.37,122.49999999999996,9.062,,144.43673469387755,LW,0.007908921783727364,0.007319097589964406,0.007245261431013988,0.0069598616029287776,0.0002814755330288895,9,2016-09-29 16:30:00,2.893856412037037,0.025002389669699226,0.024231697772129537,0.024198511967202883,0.023578833851063716,0.0005571856114792095,2016-10-02T13:57:09,0.0354056070401053,0.034585964889644896,0.03459620464865118,0.034097599249955035,0.00046686775461205035,0.04213557017779809,0.041603304540344034,0.04162676776578192,0.041442287267861824,0.0002212784243672324,306_1_BOA_LE07_228062_20161002
2.57,44.42378000000001,,9,1,5.25,307,-2.24054,LG,-55.24054,VII,0.6981235209235209,0.526,4.99,"< 0,01",0.003431,2,0.2,3.41,141.0,10.24,,194.24285714285716,LW,0.008137541997500733,0.006487075762458909,0.00583334798137913,0.0044937331801146,0.0012430368061071406,9,2016-09-30 15:10:00,1.9491351041666667,0.023444598214824496,0.02237509479806875,0.0221999010956869,0.020734429506364897,0.0008936724463843937,2016-10-02T13:56:45,0.02731999883733733,0.025683584492340244,0.02518314667099081,0.023858238659077845,0.0011821567707976477,0.03601434506500621,0.034823808169023425,0.034708974439152704,0.03296516573627734,0.0009867567353447884,307_1_BOA_LE07_228061_20161002
2.57,44.42378000000001,,30,1,5.25,307,-2.24054,LG,-55.24054,VII,0.6981235209235209,0.526,4.99,"< 0,01",0.003431,2,0.2,3.41,141.0,10.24,,194.24285714285716,LW,0.0081354973431066,0.006414624130416872,0.005887992414816523,0.004445487336106373,0.0011673412496949701,9,2016-09-30 15:10:00,1.9494119675925925,0.02351332649771494,0.022449802209517984,0.022359681259429963,0.02072618681564312,0.0009141142765697212,2016-10-02T13:57:09,0.027453642206389166,0.025778221161892316,0.025304983450158768,0.023852418685028326,0.0012362517220496656,0.036080681800203365,0.03495837096739002,0.03472656029653254,0.03333909087900172,0.0009204735060553979,307_1_BOA_LE07_228062_20161002
1.758181818181818,17.04684,,9,1,8.769,308,-2.166034,LG,-55.233215,VII,0.6627235209235209,0.635,6.301,"< 0,01",0.002131,42,0.2,3.51,192.99999999999997,15.07,,247.3909090909091,LW,-0.057939115598087204,-0.06269679829414809,-0.06177348601374642,-0.06680025196408104,0.00239760115120722,9,2016-09-30 14:10:00,1.9908017708333334,-0.0446915057409498,-0.050389308826393024,-0.049328863122346925,-0.055344931070607895,0.0028111514339985264,2016-10-02T13:56:45,0.04699081040224491,0.02911453997776615,0.028422329511025565,0.010898016269046601,0.010555686224331843,-0.04054885614819702,-0.04854203556217566,-0.048288465700018324,-0.055445550588620024,0.0038243430769489507,308_1_BOA_LE07_228061_20161002
1.4758620689655169,10.62022,,9,1,7.482,310,-2.17338,GP,-55.37247,VII,0.512423520923521,0.468,1.0859999999999994,"< 0,01",0.016331,39,0.2,3.89,98.49999999999997,8.568,,205.3689655172414,LW,0.00835537902602694,0.007182363471260573,0.007220708177466038,0.005887365533619911,0.0008347070948078263,9,2016-10-01 12:15:00,1.0706628819444444,0.025565130001026157,0.024566763472081594,0.024648293598706197,0.02356771930709276,0.0005749086294882188,2016-10-02T13:56:45,0.03202546234713377,0.031367162478435136,0.03153321854743521,0.030176931141049763,0.0006614662646677718,0.04119991925305512,0.04061085394224278,0.040793918609094565,0.03972909346106665,0.0005372086235420909,310_1_BOA_LE07_228061_20161002
1.4758620689655169,10.62022,,30,1,7.482,310,-2.17338,GP,-55.37247,VII,0.512423520923521,0.468,1.0859999999999994,"< 0,01",0.016331,39,0.2,3.89,98.49999999999997,8.568,,205.3689655172414,LW,0.008448598338135452,0.007028168602463355,0.006847565515775717,0.005643773888195945,0.0009360544731030036,9,2016-10-01 12:15:00,1.0709397453703704,0.025762506518106496,0.024639733459239282,0.02456196182409344,0.02383014917081196,0.0005714140794013193,2016-10-02T13:57:09,0.03177733493065445,0.031180975339827183,0.03117121481116196,0.029923888361789795,0.0006640257512041624,0.041557493607354945,0.04061794255683354,0.04059753710486856,0.039110775382902446,0.0009132436331401311,310_1_BOA_LE07_228062_20161002
1.5227272727272725,9.429459999999997,,9,1,7.917,311,-2.13507,GP,-55.37057,VII,0.3231235209235209,0.318,0.43400000000000105,"< 0,01",0.010631,40,0.2,2.53,93.49999999999997,8.351,,188.3090909090909,LW,0.0073407474892998315,0.006208830247291335,0.006008433736761045,0.00521633354915263,0.000647198083351355,9,2016-10-01 11:35:00,1.0984406597222223,0.02394726359491684,0.023732746623516893,0.023426618743347057,0.023145929050191524,0.00026167757474194916,2016-10-02T13:56:45,0.03200281157335925,0.031178808845238982,0.030892420040791103,0.03061258276426715,0.00038817229044307887,0.040395654343609574,0.039824337611054195,0.03982153391328243,0.039323123059185394,0.0003411516911845817,311_1_BOA_LE07_228061_20161002
2.1963636363636367,16.429940000000002,,9,1,7.789,312,-2.11808,GP,-55.37258,VII,0.3631235209235209,0.364,0.44700000000000095,"< 0,01",0.039631,41,0.2,4.16,285.5,8.236,,412.4818181818182,LW,0.007455347535035156,0.006451372172046361,0.006380344331639549,0.0056282114795795125,0.0005241694171724888,9,2016-10-01 11:00:00,1.1227462152777778,0.02406619760294919,0.0232486881466498,0.023409488590947443,0.022125023162758963,0.0005454787508928128,2016-10-02T13:56:45,0.03499035196631552,0.03393907467351359,0.03384292506755379,0.0327760553711747,0.0005719228867487863,0.041066111789865536,0.039442016613608334,0.03947525018798467,0.03836162332848769,0.0008399033770116923,312_1_BOA_LE07_228061_20161002
,4.257479999999999,,9,1,0.917,313,-2.115929,GP,-55.447053,VII,0.8707235209235209,0.628,8.939,"< 0,01",0.030331,47,0.2,2.3,,9.856,,,LW,0.010712446741392607,0.008874663528528916,0.008713750483624414,0.007469875365684921,0.0009009384588757232,9,2016-10-01 00:00:00,1.581079548611111,0.028769017126736806,0.026628489200479815,0.02674941200534418,0.025067374144351097,0.0011762093103094874,2016-10-02T13:56:45,0.03291085609559735,0.031559772080583325,0.03127630114795116,0.030936538336666104,0.0007097311710976243,0.04387883258856504,0.04225878649745546,0.04227135438587079,0.04078912420941327,0.0010113837327121976,313_1_BOA_LE07_228061_20161002
8.885,24.94156,,9,1,5.578,314,-2.27922,LG,-55.2247,VII,0.3820235209235209,0.356,5.9319999999999995,"< 0,01",0.032231,49,0.2,0.78,0.9999999999999939,11.51,,6.3500000000000005,LW,-0.00753478286400777,-0.011544537101356316,-0.008921460377299068,-0.02877363450284665,0.006429303193765042,9,2016-10-02 15:30:00,-0.06475378472222222,0.0008086301813002086,-0.0030261837996223497,-0.001040756079833862,-0.01954283880643015,0.006120700412999731,2016-10-02T13:56:45,0.030353244801089307,0.010430556236074496,0.007125010833742992,0.005496159743525322,0.007627588238971724,0.0007820045358887702,-0.003289949178383409,-0.00018497524119223674,-0.020722424468873218,0.00654200093037075,314_1_BOA_LE07_228061_20161002
8.885,24.94156,,30,1,5.578,314,-2.27922,LG,-55.2247,VII,0.3820235209235209,0.356,5.9319999999999995,"< 0,01",0.032231,49,0.2,0.78,0.9999999999999939,11.51,,6.3500000000000005,LW,-0.007067570555925032,-0.011298663111129283,-0.008764409288813425,-0.02874269269483512,0.006525426340443585,9,2016-10-02 15:30:00,-0.0644769212962963,0.0008344788436053727,-0.0031211068050947177,-0.0009234888829972587,-0.019938295856095644,0.006266289337332866,2016-10-02T13:57:09,0.031009059971795632,0.010611925330754775,0.007358270380689685,0.005210778425723071,0.007833919478985507,0.0009095737091953729,-0.0032883577772487957,-0.00022454994534312767,-0.021066754190763787,0.006688962677217861,314_1_BOA_LE07_228062_20161002
1.5590000000000004,8.673100000000002,,9,1,8.09,315,-2.2594,PQ,-55.62395,VII,0.4967235209235209,0.454,0.8350000000000009,"< 0,01",0.006131,9,0.2,0.8,189.99999999999997,8.925,,272.20000000000005,LW,0.005700160770383857,0.004308447965149414,0.004275375026335435,0.0032327992488257427,0.0008107363606239236,9,2016-10-03 12:30:00,-0.9397537847222223,0.018808747510304088,0.01679748569042702,0.01636155825805791,0.015394450562222606,0.0011253873755084393,2016-10-02T13:56:45,0.034018304974939545,0.032359852700057645,0.0321223590873056,0.030791067594759865,0.0010069041375354898,0.031715986825375464,0.03087824065270456,0.03115046830863869,0.029731326656898312,0.0006995190158465029,315_1_BOA_LE07_228061_20161002
1.5590000000000004,8.673100000000002,,0,1,8.09,315,-2.2594,PQ,-55.62395,VII,0.4967235209235209,0.454,0.8350000000000009,"< 0,01",0.006131,9,0.2,0.8,189.99999999999997,8.925,,272.20000000000005,LW,0.0035530182902682346,0.0019301420732380906,0.0014676576331778685,0.0006538722854605786,0.0009878484961408354,9,2016-10-03 12:30:00,15.06023142361111,0.014995169168111548,0.014315684852755953,0.014258261679396571,0.013060804261032791,0.0005115533459098519,2016-10-18T13:56:43,0.0371909317818762,0.03643185207212423,0.03664789299164027,0.03547683236620107,0.0005530071111144809,0.02910724439563065,0.028606077330058367,0.028872130009618663,0.027439515314812795,0.0005124762358068118,315_1_BOA_LE07_228061_20161018
1.5590000000000004,8.673100000000002,,30,1,8.09,315,-2.2594,PQ,-55.62395,VII,0.4967235209235209,0.454,0.8350000000000009,"< 0,01",0.006131,9,0.2,0.8,189.99999999999997,8.925,,272.20000000000005,LW,0.0038951012133390736,0.00319566645607555,0.002922518218204575,0.002668075090418949,0.00042737575972351627,9,2016-10-03 12:30:00,-0.9394769212962963,0.01729859221027084,0.016208647561706407,0.01627688097231517,0.0151078988753932,0.0006579211127500778,2016-10-02T13:57:09,0.03263411083360997,0.03136353620769347,0.031238156529207344,0.03054143485907359,0.0006213154506985476,0.03182259969878036,0.030447749385515865,0.03032848239220643,0.029364127186199657,0.0008280950844609202,315_1_BOA_LE07_228062_20161002
1.5590000000000004,8.673100000000002,,34,1,8.09,315,-2.2594,PQ,-55.62395,VII,0.4967235209235209,0.454,0.8350000000000009,"< 0,01",0.006131,9,0.2,0.8,189.99999999999997,8.925,,272.20000000000005,LW,0.003687798889223614,0.002355255004664738,0.0023195068532197646,0.0009512168598275507,0.0007700704419647192,9,2016-10-03 12:30:00,15.060508298611111,0.015279399797665901,0.014637248079774578,0.014473111442512406,0.014012842144728966,0.00041754509550544406,2016-10-18T13:57:07,0.037311374411285264,0.03692836378254943,0.0370237421794528,0.03656435016805944,0.00028482600371409534,0.029018912105490315,0.02859182866112757,0.028727977488697008,0.02829389850270976,0.0002329048006969175,315_1_BOA_LE07_228062_20161018
1.6657142857142857,4.5347,,9,1,9.65,316,-2.27082,PQ,-55.62526,VII,0.4360235209235209,0.421,0.8390000000000004,"< 0,01",0.016231,10,0.2,0.43,349.33333333333337,10.489,,439.3,LW,0.0029670736875096228,0.0012895541836066378,0.0013023962608246509,-0.000648075007049078,0.0009507140707985716,9,2016-10-03 13:00:00,-0.9605871180555555,0.013320618960542558,0.012669319970639121,0.01285962015770814,0.011791065560512636,0.0005093743044813014,2016-10-02T13:56:45,0.03608482557060953,0.0350632641189363,0.03466066762797358,0.03453453045119302,0.0006186283646323509,0.026899904432131555,0.02565663792416743,0.025893396746739617,0.024441227805341015,0.000849446349526317,316_1_BOA_LE07_228061_20161002
1.6657142857142857,4.5347,,0,1,9.65,316,-2.27082,PQ,-55.62526,VII,0.4360235209235209,0.421,0.8390000000000004,"< 0,01",0.016231,10,0.2,0.43,349.33333333333337,10.489,,439.3,LW,-0.0033451680056640516,-0.013059317029999361,-0.006393984862873601,-0.04093876145886791,0.014400408665373357,9,2016-10-03 13:00:00,15.039398090277778,0.008564413577694791,-0.001600047191966475,0.0058621396392177505,-0.031563279208058174,0.015103680786645477,2016-10-18T13:56:43,0.03987809986275391,0.03105566657472733,0.037797230123445616,0.0022400298880095315,0.01386656916411891,0.021320289774965816,0.009734584391293597,0.016883742416533995,-0.02354553289726435,0.016901088571537704,316_1_BOA_LE07_228061_20161018
1.6657142857142857,4.5347,,30,1,9.65,316,-2.27082,PQ,-55.62526,VII,0.4360235209235209,0.421,0.8390000000000004,"< 0,01",0.016231,10,0.2,0.43,349.33333333333337,10.489,,439.3,LW,0.006953556695556508,-0.0024241636875852943,0.0003206202219657901,-0.015130864789348764,0.006064021181333171,8,2016-10-03 13:00:00,-0.9603102546296296,0.022395245201535564,0.009428546385393184,0.012034176845747112,-0.004824702855794453,0.007216638825382767,2016-10-02T13:57:09,0.03973471988532104,0.03129099274954953,0.03418355679206736,0.017108407884018628,0.006523128606066892,0.02886630143291331,0.021074649151281197,0.02473245472303695,0.005130464202241315,0.0073823109558300804,316_1_BOA_LE07_228062_20161002
1.6657142857142857,4.5347,,34,1,9.65,316,-2.27082,PQ,-55.62526,VII,0.4360235209235209,0.421,0.8390000000000004,"< 0,01",0.016231,10,0.2,0.43,349.33333333333337,10.489,,439.3,LW,-0.0018549768022083617,-0.010717140332666589,-0.004795923192188432,-0.03167164571091198,0.01217859421091116,9,2016-10-03 13:00:00,15.039674965277777,0.010161931067284313,0.0004111236904048991,0.006535575060233643,-0.021657519243085285,0.01280473714166133,2016-10-18T13:57:07,0.03902351827761742,0.03188023123158918,0.03800663506039939,0.010444509176618127,0.012030654621979803,0.021654539799703696,0.012188060439203128,0.019369100294653083,-0.013156088411762086,0.014587324738859129,316_1_BOA_LE07_228062_20161018
1.8343333333333336,10.006859999999998,,9,1,8.007,317,-2.23067,PQ,-55.49412,VII,0.4051235209235209,0.365,0.2580000000000009,"< 0,01",-6.9e-05,11,0.2,1.07,337.3333333333333,8.265,,397.13666666666654,LW,0.007449631737727537,0.006161896625794049,0.0062525532120435365,0.0047085517127732485,0.000767885918445654,9,2016-10-03 14:15:00,-1.012670451388889,0.022164569618190626,0.020884468105706204,0.020774634996779003,0.01935463559810797,0.0008305639115152531,2016-10-02T13:56:45,0.04285209425606046,0.041639066022312085,0.041535705807678125,0.0404610153894583,0.0007796541942507725,0.03672279070120236,0.036348492317542794,0.03624186049677629,0.035826915736051984,0.0002951719182666119,317_1_BOA_LE07_228061_20161002
1.8343333333333336,10.006859999999998,,0,1,8.007,317,-2.23067,PQ,-55.49412,VII,0.4051235209235209,0.365,0.2580000000000009,"< 0,01",-6.9e-05,11,0.2,1.07,337.3333333333333,8.265,,397.13666666666654,LW,0.004357797486025557,0.0032664636351628965,0.0031364398422455766,0.0012728700980354328,0.0009096162004881147,9,2016-10-03 14:15:00,14.987314756944444,0.020375660542931603,0.0194940286547489,0.01973256885985582,0.017453776633260108,0.0008188780172086538,2016-10-18T13:56:43,0.05021308085312106,0.04939716516205887,0.04925688734727397,0.04846542124261698,0.0004943009255830923,0.038431611677299735,0.036461515165113416,0.03626597800279956,0.03463786315521393,0.0009972568596181021,317_1_BOA_LE07_228061_20161018
1.8343333333333336,10.006859999999998,,30,1,8.007,317,-2.23067,PQ,-55.49412,VII,0.4051235209235209,0.365,0.2580000000000009,"< 0,01",-6.9e-05,11,0.2,1.07,337.3333333333333,8.265,,397.13666666666654,LW,0.007147804921264229,0.0057891370102836305,0.005525018838560356,0.004915789930665968,0.00077000947248459,9,2016-10-03 14:15:00,-1.0123935879629629,0.02302702930281148,0.022034085297076015,0.02198096141282268,0.02101552640084166,0.0006742119065132429,2016-10-02T13:57:09,0.04118802746252136,0.03998702244096538,0.039830951193217445,0.038995170609210955,0.0006546342452396617,0.03787509259071647,0.03631372790546897,0.036042164192038886,0.035176911653191825,0.0007014677856419877,317_1_BOA_LE07_228062_20161002
1.8343333333333336,10.006859999999998,,34,1,8.007,317,-2.23067,PQ,-55.49412,VII,0.4051235209235209,0.365,0.2580000000000009,"< 0,01",-6.9e-05,11,0.2,1.07,337.3333333333333,8.265,,397.13666666666654,LW,0.003601370434170366,0.0029465096081363255,0.002978088210742042,0.0009935781063890418,0.0007703856632720117,9,2016-10-03 14:15:00,14.987591631944445,0.019802482722182914,0.0191573550057227,0.019270442569995983,0.01742815987737999,0.0007047933716750568,2016-10-18T13:57:07,0.04965105792419907,0.04906846139029764,0.04887641075225183,0.04833226273359849,0.0004033070683514845,0.0374322519200855,0.036103445391330556,0.036033230035163136,0.034504962839313924,0.0007524338392308097,317_1_BOA_LE07_228062_20161018
2.704375,12.042579999999997,,9,1,7.878,318,-2.25009,PQ,-55.49374,VII,0.4964235209235209,0.325,0.01499999999999968,"< 0,01",0.032631,12,0.2,1.21,275.33333333333337,7.893,,305.059375,LW,0.004399140852690355,0.003382399538083524,0.0035127877320784706,0.0025630922099494323,0.0005318440863032355,6,2016-10-03 14:39:00,-1.0293371180555555,0.019899234747469817,0.019088733470327177,0.019322551029221206,0.018462450274151134,0.0005525993474833861,2016-10-02T13:56:45,0.03268446091048041,0.03224589987409315,0.03221743262540562,0.031468837077631415,0.0004061666679684976,0.03440892767367783,0.03344044136262029,0.03343744780798838,0.032668236542690535,0.000689060070278406,318_1_BOA_LE07_228061_20161002
2.704375,12.042579999999997,,0,1,7.878,318,-2.25009,PQ,-55.49374,VII,0.4964235209235209,0.325,0.01499999999999968,"< 0,01",0.032631,12,0.2,1.21,275.33333333333337,7.893,,305.059375,LW,0.0007938108612495047,-0.0002474052635251375,-0.00046400030801354783,-0.0012585133483963631,0.0007285558191744369,6,2016-10-03 14:39:00,14.970648090277777,0.017451163667843873,0.01689463402992512,0.01679218992980744,0.016019206795968927,0.0005044883634344612,2016-10-18T13:56:43,0.04994814816466933,0.0484450687988414,0.04882690560707012,0.047545949038217565,0.0008273831308246344,0.034418458948023756,0.03362175433573419,0.03389577476075399,0.0327606677541475,0.0006056487909345553,318_1_BOA_LE07_228061_20161018
2.704375,12.042579999999997,,30,1,7.878,318,-2.25009,PQ,-55.49374,VII,0.4964235209235209,0.325,0.01499999999999968,"< 0,01",0.032631,12,0.2,1.21,275.33333333333337,7.893,,305.059375,LW,0.003491412019720752,0.0032035816187496054,0.003307252152983501,0.0016809702594897044,0.000635816675722373,6,2016-10-03 14:39:00,-1.0290602546296297,0.020103774662913135,0.019548209409780436,0.01967847932857,0.017706981094521207,0.0008027919745175221,2016-10-02T13:57:09,0.03295353648326105,0.032321749394472445,0.03213499069988931,0.0315893721154306,0.0004963117757656132,0.03403833847288107,0.033299586834245866,0.033449841189085935,0.03224634199459667,0.0007144130844683113,318_1_BOA_LE07_228062_20161002
2.704375,12.042579999999997,,34,1,7.878,318,-2.25009,PQ,-55.49374,VII,0.4964235209235209,0.325,0.01499999999999968,"< 0,01",0.032631,12,0.2,1.21,275.33333333333337,7.893,,305.059375,LW,0.0008280853403231231,-0.0004352665902646247,-0.000474520772077696,-0.0015406337449107785,0.0008327714952671054,6,2016-10-03 14:39:00,14.970924965277778,0.017155526570796154,0.016790768768722906,0.016752822247487816,0.015908764166372207,0.000378172039765685,2016-10-18T13:57:07,0.04904550475646585,0.04807804550775158,0.048203765908913516,0.04754349956322354,0.00046645457524328437,0.03420671796578824,0.033392961028507834,0.033204406089570586,0.032388876361347296,0.0006434289587237051,318_1_BOA_LE07_228062_20161018
1.9871428571428564,14.547400000000003,,9,1,9.51,319,-2.16729,GP,-55.49487,VII,0.3107235209235209,0.287,0.261000000000001,"< 0,01",0.033431,14,0.2,3.15,134.99999999999997,9.771,,231.10357142857146,LW,0.006064489807379551,0.004974072014614129,0.0052752790255246144,0.0037229697767982954,0.0008129968048649903,9,2016-10-04 13:30:00,-1.981420451388889,0.02328432652826279,0.022544949644392465,0.022531859864735524,0.02212935501752074,0.00035216238452587977,2016-10-02T13:56:45,0.030729523894204164,0.02914152551921739,0.029371590247035628,0.028393826879150413,0.000683390339917771,0.041121843896983215,0.039668856627160604,0.03953606979325193,0.03912244036334221,0.0005865094608291099,319_1_BOA_LE07_228061_20161002
1.9871428571428564,14.547400000000003,,0,1,9.51,319,-2.16729,GP,-55.49487,VII,0.3107235209235209,0.287,0.261000000000001,"< 0,01",0.033431,14,0.2,3.15,134.99999999999997,9.771,,231.10357142857146,LW,0.005450930022310629,0.0048969449829767255,0.004983745902405367,0.004015747143931405,0.00048609020249529836,9,2016-10-04 13:30:00,14.018564756944444,0.022955551985221517,0.0225670072000831,0.022538083516415404,0.02187384468266048,0.0003462053165480572,2016-10-18T13:56:43,0.04156133340885776,0.04098894494210587,0.04106933363343424,0.039603249061245474,0.0005561393828591145,0.04017158640413503,0.03900783448904055,0.03895979256990825,0.03836618118943812,0.000531052864111869,319_1_BOA_LE07_228061_20161018
1.9871428571428564,14.547400000000003,,30,1,9.51,319,-2.16729,GP,-55.49487,VII,0.3107235209235209,0.287,0.261000000000001,"< 0,01",0.033431,14,0.2,3.15,134.99999999999997,9.771,,231.10357142857146,LW,0.005715798902709804,0.004874373826372491,0.005241703371269269,0.0033443956424645885,0.0008567466081057328,9,2016-10-04 13:30:00,-1.9811435879629629,0.02386325708272193,0.02284012525073165,0.022703285719560547,0.022326385791737475,0.0004321831476981181,2016-10-02T13:57:09,0.030558468902944107,0.02940881866288339,0.029464770267161627,0.02796858662848231,0.0007788006611055081,0.04166885393815236,0.04005440462949648,0.04014280849039244,0.03951516417924733,0.0006583973329327409,319_1_BOA_LE07_228062_20161002
1.9871428571428564,14.547400000000003,,34,1,9.51,319,-2.16729,GP,-55.49487,VII,0.3107235209235209,0.287,0.261000000000001,"< 0,01",0.033431,14,0.2,3.15,134.99999999999997,9.771,,231.10357142857146,LW,0.005313837581695673,0.004627909651196962,0.004696529358691047,0.003987936296452069,0.0003968672766864526,9,2016-10-04 13:30:00,14.018841631944445,0.023247409441174344,0.022272743200876244,0.022366635929311256,0.021403369816668686,0.0005813253965082079,2016-10-18T13:57:07,0.041401402481141436,0.04085170003880154,0.040892255143898985,0.03946917708775542,0.0006207824249870093,0.04029714710834037,0.03888324122167493,0.03870213015245791,0.038208888199874225,0.0006139338871849221,319_1_BOA_LE07_228062_20161018
1.558055555555556,8.923499999999999,,9,1,9.312,320,-2.13239,GP,-55.48864,VII,0.2929235209235209,0.221,0.4350000000000005,"< 0,01",0.026131,15,0.2,2.16,161.0,9.747,,219.50833333333333,LW,0.007825464963287128,0.006457361008146293,0.0064562864611794335,0.005099714222329719,0.0006996944056116072,9,2016-10-04 12:45:00,-1.950170451388889,0.02455856512620022,0.02353535337222981,0.023527773506513607,0.022669260381521544,0.0006989847115071267,2016-10-02T13:56:45,0.029500936117159923,0.027010350759927113,0.026982168221793702,0.02550543886748792,0.001374671722009137,0.040778353119469465,0.03842741836711813,0.03870376785747118,0.036343933646626754,0.0013254925012107393,320_1_BOA_LE07_228061_20161002
1.558055555555556,8.923499999999999,,0,1,9.312,320,-2.13239,GP,-55.48864,VII,0.2929235209235209,0.221,0.4350000000000005,"< 0,01",0.026131,15,0.2,2.16,161.0,9.747,,219.50833333333333,LW,0.006928538716674287,0.004832068592970113,0.006151210623903169,-0.007751544314162074,0.004412469796240664,9,2016-10-04 12:45:00,14.049814756944444,0.024578908585562827,0.022344927969353674,0.023980742626425276,0.007362132974472843,0.00524723751504929,2016-10-18T13:56:43,0.04502810224667939,0.043170029878421785,0.04348490228655445,0.03609638674482098,0.0025360281806745986,0.04111562596692048,0.03834470744510452,0.040226154777000034,0.019905149314922828,0.006397975354913487,320_1_BOA_LE07_228061_20161018
2.2804545454545457,11.538680000000001,,9,1,7.691,321,-2.06873,SN,-55.48626,VII,0.3182235209235209,0.264,0.12900000000000045,"< 0,01",0.043031,16,0.2,2.3,83.99999999999991,7.82,,180.52499999999998,LW,0.01021605917527672,0.009354981542780505,0.00945531586129044,0.00887036102356225,0.00041075302921391365,7,2016-10-04 11:30:00,-1.8980871180555556,0.02906438369284198,0.028435805339114655,0.028581983661961394,0.027936279665908607,0.0004343793383811243,2016-10-02T13:56:45,0.028479318464741128,0.02790303285832608,0.028098516943855862,0.027157430342331,0.0004302666170082352,0.04432074678244821,0.04380086231845055,0.04381971619564537,0.04334277198325138,0.00032583110867530964,321_1_BOA_LE07_228061_20161002
2.2804545454545457,11.538680000000001,,0,1,7.691,321,-2.06873,SN,-55.48626,VII,0.3182235209235209,0.264,0.12900000000000045,"< 0,01",0.043031,16,0.2,2.3,83.99999999999991,7.82,,180.52499999999998,LW,0.00897210824436799,0.0077818059402297276,0.008078709019214321,0.005873912703332797,0.0009999617926735101,9,2016-10-04 11:30:00,14.101898090277778,0.027281769686846872,0.026620318771965978,0.02689924266491376,0.02554494407939557,0.0005745232669103472,2016-10-18T13:56:43,0.0496691264376591,0.04888799137193424,0.048744887523506863,0.048193039594006684,0.00044346753863607006,0.045539925083790456,0.04438124830173505,0.04443603332537005,0.042959518791993806,0.0007229816516007899,321_1_BOA_LE07_228061_20161018
2.298809523809525,11.806579999999997,,9,1,8.031,322,-2.04609,SN,-55.48486,VII,0.28982352092352087,0.235,0.9669999999999987,"< 0,01",0.036331,17,0.2,1.75,186.99999999999994,8.998,,270.697619047619,LW,0.009493378386291582,0.008688717312959506,0.008828103135804597,0.007342071875902759,0.0006328839884114111,9,2016-10-04 10:45:00,-1.8668371180555556,0.028222723077019164,0.027809139539214787,0.02773809189248316,0.027338386720798018,0.00030513653756887636,2016-10-02T13:56:45,0.03520129016881776,0.03413609016995697,0.03396040137144536,0.03362408971496619,0.0005649278451546188,0.045000842177188236,0.04423738944306843,0.044322292578413636,0.04391105345733132,0.00033344990549338745,322_1_BOA_LE07_228061_20161002
2.298809523809525,11.806579999999997,,0,1,8.031,322,-2.04609,SN,-55.48486,VII,0.28982352092352087,0.235,0.9669999999999987,"< 0,01",0.036331,17,0.2,1.75,186.99999999999994,8.998,,270.697619047619,LW,0.007243552609229993,0.006194902986530241,0.006226437310823226,0.004963035539942828,0.000728358032511835,9,2016-10-04 10:45:00,14.133148090277778,0.026402323735903614,0.026093572307906585,0.026001347234386716,0.0256000040156505,0.00024973502207108954,2016-10-18T13:56:43,0.050507851365925865,0.047084223288995995,0.04642681775066486,0.04501457797781379,0.0017993918287509004,0.044387721227127225,0.043874165384553215,0.04374554271485381,0.04304967107891791,0.0004885045739376223,322_1_BOA_LE07_228061_20161018
2.38657142857143,9.42824,,0,1,10.47,323,-2.09556,SN,-55.4888,VII,0.2741235209235209,0.218,0.8499999999999996,"< 0,01",0.002531,19,0.2,1.89,148.99999999999997,11.32,,245.9457142857143,LW,0.0006590437797293416,-0.01566249033690489,-0.016064327589919807,-0.03999713097586703,0.014211617109260558,9,2016-10-04 12:15:00,14.070648090277778,0.017646127493763743,-0.0007511873529218301,-0.0022053121256104466,-0.02752026667532749,0.01587205370640537,2016-10-18T13:56:43,0.04925923247847297,0.030375341674697135,0.028344260486096694,0.005392706477411656,0.015566308783049905,0.03365952524656807,0.012632244679896846,0.011323519241442155,-0.01679741894660329,0.017546845772697137,323_1_BOA_LE07_228061_20161018
2.676842105263159,12.353980000000002,,9,1,7.26,324,-2.06152,SN,-55.46119,VII,0.4421235209235209,0.321,2.463000000000001,"< 0,01",0.045631,48,0.2,2.47,245.33333333333331,9.723,,343.83684210526314,LW,0.008637071008628854,0.008261759550738353,0.008401202106353107,0.0076851888939266574,0.0003047762130107891,9,2016-10-04 10:20:20,-1.849707488425926,0.03054513733050235,0.030024334562886373,0.03011738946336423,0.029533416383862744,0.0003595562371953095,2016-10-02T13:56:45,0.03389861702356406,0.032696629513583465,0.03256853879944921,0.032000119542115596,0.0007035042299688136,0.048466185919602014,0.04792007739700124,0.04803220572829752,0.04639784608690854,0.0005823564636750017,324_1_BOA_LE07_228061_20161002
1.9789189189189178,7.161899999999999,,9,1,0.685,325,-2.14225,PC,-55.62557,VII,0.2960235209235209,0.228,0.02399999999999991,"< 0,01",0.030731,22,0.2,2.08,147.99999999999991,0.709,,242.2216216216217,LW,0.009871092954337954,0.009035461830564945,0.009042858084007975,0.007429573151240085,0.0007169659540986243,9,2016-10-05 13:00:00,-2.9605871180555554,0.026440610822083495,0.025742002909239507,0.02578430846059831,0.024969065152496295,0.00039737112933663584,2016-10-02T13:56:45,0.029921140549284696,0.02944282234626097,0.029536997824781048,0.02889793354734348,0.00033340357238654324,0.041111915011055995,0.04042199398442511,0.040311794451435276,0.04004147492258789,0.0003366387362701328,325_1_BOA_LE07_228061_20161002
1.9789189189189178,7.161899999999999,,0,1,0.685,325,-2.14225,PC,-55.62557,VII,0.2960235209235209,0.228,0.02399999999999991,"< 0,01",0.030731,22,0.2,2.08,147.99999999999991,0.709,,242.2216216216217,LW,0.011295658562306448,0.01039178114686784,0.010306105957772666,0.009624138435817244,0.0005551347968270182,9,2016-10-05 13:00:00,13.039398090277778,0.02861018918916213,0.02794148217688427,0.02783777274529039,0.027531564616988687,0.000351018051337309,2016-10-18T13:56:43,0.04664102085919011,0.04605770322066099,0.046083936743461375,0.044791527929835595,0.0005891800182720191,0.04487855597754326,0.04430087620543753,0.044301704373803916,0.04363869330633058,0.0003783193968130988,325_1_BOA_LE07_228061_20161018
1.9789189189189178,7.161899999999999,,30,1,0.685,325,-2.14225,PC,-55.62557,VII,0.2960235209235209,0.228,0.02399999999999991,"< 0,01",0.030731,22,0.2,2.08,147.99999999999991,0.709,,242.2216216216217,LW,0.009725627167552264,0.008877110192592743,0.009264739406103627,0.0067412394212111315,0.000903837248927043,9,2016-10-05 13:00:00,-2.9603102546296296,0.02620877069101255,0.02573708404546396,0.02580344948207086,0.024996563688187045,0.0004228329946990136,2016-10-02T13:57:09,0.029885017830339918,0.0294665404818144,0.02959384870274643,0.02867773667255054,0.00038308860053238366,0.04182320438804962,0.04066932889440774,0.04057061639174535,0.04004160266864781,0.0004867009651427317,325_1_BOA_LE07_228062_20161002
1.9789189189189178,7.161899999999999,,34,1,0.685,325,-2.14225,PC,-55.62557,VII,0.2960235209235209,0.228,0.02399999999999991,"< 0,01",0.030731,22,0.2,2.08,147.99999999999991,0.709,,242.2216216216217,LW,0.011593442508905195,0.01031158076788178,0.010228383890939772,0.009636097290933284,0.0005742435845420764,9,2016-10-05 13:00:00,13.039674965277777,0.02811242273281534,0.027667435019495347,0.027552453640598613,0.027106890807336328,0.00033563755698366835,2016-10-18T13:57:07,0.04697410793250652,0.04580973602100338,0.045831331001538106,0.04428135454310668,0.0007012350365681819,0.04455239408616489,0.0440999380303507,0.04413164250638332,0.04362399727474138,0.0002839458965739147,325_1_BOA_LE07_228062_20161018
2.6896428571428572,12.655640000000002,,9,1,8.926,326,-2.09353,PC,-55.62166,VII,0.3029235209235209,0.294,3.7319999999999993,"< 0,01",0.011931,23,0.2,3.42,103.99999999999993,12.658,,205.10714285714286,LW,0.00959225893040503,0.0092128463963916,0.009425849882998289,0.007822902175956405,0.000650356983884171,9,2016-10-05 12:00:00,-2.918920451388889,0.028173244855948326,0.02726022997630092,0.027399965814053063,0.02520025576257585,0.0009881050163422994,2016-10-02T13:56:45,0.032600128873934625,0.03174520692449327,0.03165255610700053,0.030727816106012315,0.0005650760288999909,0.04507029876748104,0.04418835052219942,0.04408827155514648,0.04338022225775298,0.0005417260063373595,326_1_BOA_LE07_228061_20161002
2.6896428571428572,12.655640000000002,,0,1,8.926,326,-2.09353,PC,-55.62166,VII,0.3029235209235209,0.294,3.7319999999999993,"< 0,01",0.011931,23,0.2,3.42,103.99999999999993,12.658,,205.10714285714286,LW,0.009612208354248215,0.008439937737810144,0.008306725920108816,0.007348172745568669,0.0005618398696509246,9,2016-10-05 12:00:00,13.081064756944444,0.029447561292173338,0.02814410201841331,0.028088366593763105,0.0263784701878554,0.0007616587242497549,2016-10-18T13:56:43,0.042090818801114,0.040578483049508174,0.04002364234506867,0.038921110760091485,0.0010164988823433917,0.0464134448397525,0.044324758121609555,0.04415291601070509,0.042303967093091845,0.0012998354085691096,326_1_BOA_LE07_228061_20161018
2.2024999999999997,7.674380000000001,,9,1,9.956,327,-2.11153,PC,-55.62163,VII,0.2871235209235209,0.265,1.5440000000000005,"< 0,01",0.020631,24,0.2,3.62,95.00000000000009,11.5,,199.42499999999998,LW,0.011725503091484317,0.009849762240286232,0.010146450750779468,0.00793373938317346,0.001380892413369036,6,2016-10-05 12:30:00,-2.9397537847222224,0.027988064229161655,0.026913277079690292,0.027055321434932007,0.025887218249684478,0.000730006986204471,2016-10-02T13:56:45,0.029040999294631026,0.028039600684918068,0.02811879282790477,0.027477942902961586,0.0005083908645363851,0.04438617168465601,0.043349317507840594,0.0432002812242727,0.042766108189613655,0.0005307575044844359,327_1_BOA_LE07_228061_20161002
2.2024999999999997,7.674380000000001,,0,1,9.956,327,-2.11153,PC,-55.62163,VII,0.2871235209235209,0.265,1.5440000000000005,"< 0,01",0.020631,24,0.2,3.62,95.00000000000009,11.5,,199.42499999999998,LW,0.01359705425031846,0.01263595487569973,0.013044899630192506,0.01081909645824732,0.0007920561054932696,9,2016-10-05 12:30:00,13.06023142361111,0.03053083614380001,0.029621433770921447,0.029949855233454663,0.02785648157339647,0.0007841422507204938,2016-10-18T13:56:43,0.048663951714960824,0.04762814498344386,0.04771603262450285,0.045876755261904656,0.0008573951709012014,0.046940832038981736,0.04585827361599856,0.04599994387149958,0.04355050178922838,0.0009973838654379634,327_1_BOA_LE07_228061_20161018
2.2024999999999997,7.674380000000001,,30,1,9.956,327,-2.11153,PC,-55.62163,VII,0.2871235209235209,0.265,1.5440000000000005,"< 0,01",0.020631,24,0.2,3.62,95.00000000000009,11.5,,199.42499999999998,LW,0.011744735611481684,0.01047923808481433,0.010547389321772759,0.009156282771504144,0.0007955004948183218,9,2016-10-05 12:30:00,-2.939476921296296,0.028490494824444816,0.02733949086792492,0.027489057168338757,0.026710291922864327,0.0005423870754518418,2016-10-02T13:57:09,0.029311115775303404,0.028484275656773087,0.02881928217615877,0.02792416331836152,0.0005206388117666647,0.04424947213287127,0.043021383453094406,0.042844640697313634,0.041994528035686415,0.0007218370946078588,327_1_BOA_LE07_228062_20161002
2.2024999999999997,7.674380000000001,,34,1,9.956,327,-2.11153,PC,-55.62163,VII,0.2871235209235209,0.265,1.5440000000000005,"< 0,01",0.020631,24,0.2,3.62,95.00000000000009,11.5,,199.42499999999998,LW,0.013504796899437035,0.012596440573082731,0.012746394255295473,0.011320380217956911,0.0006479613803593606,9,2016-10-05 12:30:00,13.060508298611111,0.03033065143647185,0.029658519015360183,0.029884810773692566,0.02856753354733457,0.0005625925419691293,2016-10-18T13:57:07,0.048753635331544164,0.047648736577803115,0.047732357282808696,0.04649952400649246,0.0006670151791143284,0.046608301464272826,0.04572697697594975,0.04599897516165988,0.04449350830065857,0.0006413204186954243,327_1_BOA_LE07_228062_20161018
1.5794285714285712,16.37484,,9,1,8.265,328,-2.20217,PD,-55.6254,VII,0.2979235209235209,0.274,0.15700000000000003,"< 0,01",0.023231,25,0.2,1.3,109.00000000000007,8.422,,218.02857142857147,LW,0.0067640447240691175,0.0055756743482645805,0.005339423714062191,0.005039846368162019,0.0006974710733733337,9,2016-10-05 13:40:00,-2.9883648958333335,0.02364393080065504,0.022842635767961732,0.022906232368164428,0.022072805254745934,0.000544999081809769,2016-10-02T13:56:45,0.02917677752035629,0.028693509530699022,0.028664962285489017,0.028593846306900258,0.00018891638522406615,0.039119270241229256,0.03804540387071867,0.03821734291778489,0.03755062370245136,0.00044048902281610785,328_1_BOA_LE07_228061_20161002
1.5794285714285712,16.37484,,0,1,8.265,328,-2.20217,PD,-55.6254,VII,0.2979235209235209,0.274,0.15700000000000003,"< 0,01",0.023231,25,0.2,1.3,109.00000000000007,8.422,,218.02857142857147,LW,0.005933299396351347,-0.002872419577331204,0.0030903178104559337,-0.00021346440394639024,0.001978491453723485,9,2016-10-05 13:40:00,13.0116203125,0.022576391115760396,0.013565712357545414,0.020454874944910207,0.01626324310072609,0.002242159352021971,2016-10-18T13:56:43,0.04168889013775071,0.03584727100192473,0.04026221766201475,0.03803442079478721,0.0011002349424090432,0.0395147036394221,0.029445574829781444,0.03709066466986183,0.0317108293057461,0.002564222860862314,328_1_BOA_LE07_228061_20161018
1.5794285714285712,16.37484,,30,1,8.265,328,-2.20217,PD,-55.6254,VII,0.2979235209235209,0.274,0.15700000000000003,"< 0,01",0.023231,25,0.2,1.3,109.00000000000007,8.422,,218.02857142857147,LW,0.0070035549784040405,0.005354495727435338,0.00534949586451015,0.004431875196974272,0.0009156141440440495,9,2016-10-05 13:40:00,-2.9880880324074073,0.02327779587004743,0.021762766118882775,0.022017471962297,0.02083733939348528,0.000748523070779231,2016-10-02T13:57:09,0.030128498176850742,0.029594537460485397,0.029326885950157484,0.027993347929568556,0.0006045554106703858,0.038421025696806305,0.03760298259638443,0.03790475021289934,0.036968477374829854,0.00048154513309674147,328_1_BOA_LE07_228062_20161002
1.5794285714285712,16.37484,,34,1,8.265,328,-2.20217,PD,-55.6254,VII,0.2979235209235209,0.274,0.15700000000000003,"< 0,01",0.023231,25,0.2,1.3,109.00000000000007,8.422,,218.02857142857147,LW,0.00549392164705333,-0.012197995606044903,-0.00030342365145334324,-0.030580307779611706,0.011661054730792,9,2016-10-05 13:40:00,13.0118971875,0.02228713541180404,0.0035504697251025094,0.01600523145866824,-0.01537388369840198,0.012094653362025053,2016-10-18T13:57:07,0.04112756770145509,0.0271373785462733,0.03625889583521759,0.013080040789243852,0.008663101044520791,0.03890218379725968,0.017902943292221987,0.030399616430913576,-0.0035532552697099193,0.013469657874981309,328_1_BOA_LE07_228062_20161018
2.414,9.70356,,9,1,2.368,329,-2.1711,SL,-55.80413,VII,0.23692352092352092,0.217,6.972999999999999,"< 0,01",0.035731,30,0.2,0.91,66.00000000000009,9.341,,241.77000000000004,LW,0.007906789865550037,0.004536092958459548,0.006960245485818136,-0.018448648638732447,0.007922292363111618,9,2016-10-06 12:00:00,-3.918920451388889,0.025852604051175752,0.022310640599621807,0.024705000464530266,-0.00033018920283384157,0.007901774135644229,2016-10-02T13:56:45,0.03044408439318998,0.026376184820020958,0.026073420270965972,0.01817494937908825,0.003486496411920578,0.041990035869098524,0.037887923509459694,0.040021576575084386,0.014344313093138467,0.008142230515763488,329_1_BOA_LE07_228061_20161002
2.414,9.70356,,0,1,2.368,329,-2.1711,SL,-55.80413,VII,0.23692352092352092,0.217,6.972999999999999,"< 0,01",0.035731,30,0.2,0.91,66.00000000000009,9.341,,241.77000000000004,LW,0.008431463237915493,-0.008105775477638985,0.004206194067131408,-0.06968676489061595,0.02557878854126163,9,2016-10-06 12:00:00,12.081064756944444,0.02724403182682034,0.009718708880365554,0.019899309401407092,-0.05234256987225986,0.025964278154522076,2016-10-18T13:56:43,0.04506504696007388,0.032313820154300864,0.041898236059134904,-0.012908532573891213,0.018836143256052835,0.04561896352129384,0.027353907475091366,0.039254652126966494,-0.03694372588638809,0.02702488972622356,329_1_BOA_LE07_228061_20161018
2.414,9.70356,,30,1,2.368,329,-2.1711,SL,-55.80413,VII,0.23692352092352092,0.217,6.972999999999999,"< 0,01",0.035731,30,0.2,0.91,66.00000000000009,9.341,,241.77000000000004,LW,0.008786322688519213,0.007656335435577998,0.0077992171481067706,0.00657378363005056,0.0007605927103316121,9,2016-10-06 12:00:00,-3.918643587962963,0.026481878319801158,0.02572975798762022,0.02604402823655057,0.023901068070541837,0.000891405541657075,2016-10-02T13:57:09,0.026693514360214724,0.025847096286061785,0.025747919427147662,0.025089790308386515,0.000445915364865249,0.042573392397516334,0.041721994331490216,0.04181397594911687,0.04052374374683182,0.0005500740526795282,329_1_BOA_LE07_228062_20161002
2.414,9.70356,,34,1,2.368,329,-2.1711,SL,-55.80413,VII,0.23692352092352092,0.217,6.972999999999999,"< 0,01",0.035731,30,0.2,0.91,66.00000000000009,9.341,,241.77000000000004,LW,0.008543022627202555,-0.010230940099525536,0.0023335566409477156,-0.0728070936171258,0.02699935057855164,9,2016-10-06 12:00:00,12.081341631944445,0.027410387912715693,0.007494381834503399,0.017741642175708696,-0.05544725983654116,0.02732070431418577,2016-10-18T13:57:07,0.04497650447774501,0.030604697617348346,0.03972478433918221,-0.014579176773804645,0.019643912760435665,0.04555566573855867,0.02501828592211928,0.03666587056141589,-0.04006657503025617,0.028341924300165702,329_1_BOA_LE07_228062_20161018
2.29625,8.73194,,9,1,7.916,330,-2.21573,SL,-55.80887,VII,0.3793235209235209,0.355,5.384,"< 0,01",0.044631,31,0.2,1.87,188.99999999999997,13.3,,359.2375,LW,0.008671673794868936,0.006006483407215474,0.006171642203003537,0.004122808792597438,0.0013001457275523755,9,2016-10-06 11:30:00,-3.8980871180555554,0.02077592687438947,0.018793684167924315,0.018569948504361194,0.017130545954195088,0.001001232101287088,2016-10-02T13:56:45,0.03738035308875012,0.03647114708820716,0.03650236408680287,0.03532938474401372,0.0007580413386497316,0.03644509301622066,0.033872972273757296,0.0338189069574883,0.03223892971961742,0.0012647862694821338,330_1_BOA_LE07_228061_20161002
2.29625,8.73194,,0,1,7.916,330,-2.21573,SL,-55.80887,VII,0.3793235209235209,0.355,5.384,"< 0,01",0.044631,31,0.2,1.87,188.99999999999997,13.3,,359.2375,LW,0.002849713186069639,-0.01786858535289135,-0.0029558492249421864,-0.08042076689889588,0.026179299684781446,9,2016-10-06 11:30:00,12.101898090277778,0.016023337091456025,-0.003819383558362241,0.010981034981216026,-0.06617647756052647,0.026157539079434574,2016-10-18T13:56:43,0.04716156083454193,0.03016097768183548,0.04051590747083049,-0.019293049348453745,0.02064820473697582,0.033943453396438464,0.01236969564179955,0.02680940237747778,-0.050501179469733544,0.026517088350313498,330_1_BOA_LE07_228061_20161018
2.29625,8.73194,,30,1,7.916,330,-2.21573,SL,-55.80887,VII,0.3793235209235209,0.355,5.384,"< 0,01",0.044631,31,0.2,1.87,188.99999999999997,13.3,,359.2375,LW,0.0055445307835252575,0.004859354519146775,0.004574550451931721,0.004025841805962417,0.000539959416434545,9,2016-10-06 11:30:00,-3.8978102546296296,0.01933846735366136,0.01822131138887167,0.0180448387053952,0.017613170892192997,0.0005671131868466505,2016-10-02T13:57:09,0.03822251743533257,0.03743095374800214,0.037307534680495635,0.03676457885916119,0.0004582633514123072,0.03375182469647746,0.03302855660565953,0.03303714547144285,0.03205036771826748,0.00046092258476748693,330_1_BOA_LE07_228062_20161002
2.29625,8.73194,,34,1,7.916,330,-2.21573,SL,-55.80887,VII,0.3793235209235209,0.355,5.384,"< 0,01",0.044631,31,0.2,1.87,188.99999999999997,13.3,,359.2375,LW,0.006272991444454621,-0.01416088813138589,-0.000797126783874464,-0.046753602604454506,0.016994785848413733,9,2016-10-06 11:30:00,12.102174965277777,0.019647591912466643,7.995943667139121e-05,0.01421757867089319,-0.03302963019877996,0.017026005363209456,2016-10-18T13:57:07,0.050065289259874496,0.033231048007989705,0.043391989664219616,0.0071409798994834656,0.013484613198733316,0.037667165723234454,0.01586216334714725,0.030109171461114644,-0.017493135769861418,0.017358669936128442,330_1_BOA_LE07_228062_20161018
1.8557142857142856,9.97784,,9,1,7.666,331,-2.17647,SL,-55.81319,VII,0.4401235209235209,0.423,4.384,"< 0,01",0.405831,33,0.2,3.95,45.99999999999992,12.05,,182.0166666666667,LW,0.009804550456799245,0.008552567968521526,0.008370527822201126,0.0072607012783816,0.0007206492056070177,9,2016-10-06 13:00:00,-3.9605871180555554,0.028446498632674976,0.027548822140433814,0.027689052966889498,0.026721962959711215,0.0005438042265794339,2016-10-02T13:56:45,0.026851773637152958,0.02570965815070202,0.025614987570058832,0.024754007074514923,0.0007241958318891089,0.04404595419589978,0.04347459992852853,0.0435306709125485,0.042788244061481163,0.0004335842842010428,331_1_BOA_LE07_228061_20161002
1.8557142857142856,9.97784,,0,1,7.666,331,-2.17647,SL,-55.81319,VII,0.4401235209235209,0.423,4.384,"< 0,01",0.405831,33,0.2,3.95,45.99999999999992,12.05,,182.0166666666667,LW,0.010961714271188609,0.01046347767249718,0.010239220680030012,0.009875853738895506,0.0003570282971655648,9,2016-10-06 13:00:00,12.039398090277778,0.02956511578950792,0.02866000576464737,0.028517827827761903,0.027799631057852985,0.0005466499790456885,2016-10-18T13:56:43,0.0501815632972675,0.048788040364336246,0.049421819369454285,0.04651685234865498,0.0012381255843411847,0.04772378780345458,0.046796502338975005,0.04679365777157722,0.045720212346073694,0.0006019739447405839,331_1_BOA_LE07_228061_20161018
1.8557142857142856,9.97784,,30,1,7.666,331,-2.17647,SL,-55.81319,VII,0.4401235209235209,0.423,4.384,"< 0,01",0.405831,33,0.2,3.95,45.99999999999992,12.05,,182.0166666666667,LW,0.00962240755195036,0.008833682013145373,0.008809358199973898,0.008118129285634771,0.00038503237935772443,9,2016-10-06 13:00:00,-3.9603102546296296,0.027669717820316842,0.026783298073690797,0.026575786497740325,0.02628329397187725,0.0004946291828361685,2016-10-02T13:57:09,0.026143735538735814,0.025237677255127162,0.025211542967251244,0.024358562413213422,0.0005305493689937979,0.04316585897539246,0.04261055486107021,0.04252913110828743,0.04197636581563008,0.00034370673329494966,331_1_BOA_LE07_228062_20161002
1.8557142857142856,9.97784,,34,1,7.666,331,-2.17647,SL,-55.81319,VII,0.4401235209235209,0.423,4.384,"< 0,01",0.405831,33,0.2,3.95,45.99999999999992,12.05,,182.0166666666667,LW,0.010941081654978396,0.0105151384257919,0.01049851584811763,0.009517888474854195,0.00042708415335149995,9,2016-10-06 13:00:00,12.039674965277777,0.029379784711317292,0.028572470079126687,0.028549181206908296,0.027690787193339048,0.0005726380573729158,2016-10-18T13:57:07,0.05073924364457376,0.04875166635906244,0.049192512700351514,0.046132369788349,0.0014874401640397532,0.04788044768495831,0.046712777001761255,0.046865270767007416,0.045321599097319865,0.0007942406883713771,331_1_BOA_LE07_228062_20161018
,12.21164,,15,1,7.494,332,-2.18602,AM,-54.96629,VII,0.3307235209235209,0.325,2.231,"< 0,01",0.013531,46,0.2,0.11,57.0,9.725,,,LW,0.00043157622929954325,-0.0006557464522763675,-0.0008059876707062043,-0.0020227667090560496,0.0007265353293532756,9,2016-10-06 09:00:00,-10.797943877314815,0.008395778490691268,0.0077671470950782685,0.007697854002987017,0.007106112112914457,0.0004487263976127052,2016-09-25T13:50:57,0.004958645319029494,0.0036156422217889063,0.003473246284291644,0.0026203240921537797,0.0008564586485273466,0.01668999680472699,0.015105253630891952,0.015256636826171947,0.014222646110325986,0.000893116605726033,332_1_BOA_LE07_227062_20160925
,12.21164,,16,1,7.494,332,-2.18602,AM,-54.96629,VII,0.3307235209235209,0.325,2.231,"< 0,01",0.013531,46,0.2,0.11,57.0,9.725,,,LW,0.006251064479388236,0.005519999480210841,0.005541094552763009,0.004376047202052142,0.0006692312305362942,9,2016-10-06 09:00:00,5.202062696759259,0.015160173616076867,0.014174050490783366,0.014093854776890008,0.013270117436406074,0.0006385667530456987,2016-10-11T13:50:58,0.0107303181894875,0.009562733682756161,0.009511487090986622,0.008341075907885404,0.0007824038581797845,0.022861526997824066,0.021327664560866478,0.02123794795866963,0.02048338524761123,0.0006599138680917639,332_1_BOA_LE07_227062_20161011
,12.21164,,9,1,7.494,332,-2.18602,AM,-54.96629,VII,0.3307235209235209,0.325,2.231,"< 0,01",0.013531,46,0.2,0.11,57.0,9.725,,,LW,-0.0024151655808192334,-0.003186194917006677,-0.003341272559742599,-0.004425471015601493,0.000680459466290549,9,2016-10-06 09:00:00,-3.793920451388889,0.009246678954683764,0.008357128002216416,0.008085915185710356,0.0076059480176697385,0.00047927573160056624,2016-10-02T13:56:45,0.005739701850194127,0.004774667506945654,0.004549188983104517,0.004046653115834839,0.0004925133907229683,0.01864504652898189,0.01793677769633051,0.017910819437742198,0.017027135664479782,0.0005350063901827139,332_1_BOA_LE07_228061_20161002
1.886,15.09028,1.4778,82,1,8.777,346,-2.142593,PC,-55.625756,VIII,0.1921,0.185,0.06400000000000006,0.007813388373795329,0.0289764772087788,22,0.2,3.11,12.999999999999991,8.841,6.8,15.040000000000001,HW,0.015638354160220812,0.01430462781134487,0.014195011788202958,0.012974855887780773,0.0007344329010008055,9,2017-04-13 16:45:00,-1.1171378703703703,0.02038432367087285,0.018793797240396617,0.01871691031318516,0.018246070375246806,0.0006084982027024697,2017-04-12T13:56:19,0.011055344654522264,0.009547641878887311,0.009596552551889976,0.00860088942889805,0.0008052591782800479,0.023917010022593506,0.022238951827033924,0.022105303066590476,0.021152249178560338,0.0008435182682322292,346_1_BOA_LE07_228061_20170412
