CHLOROPHYLL,CHLOROPHYLL_A,CHLOROPHYLL_B,CLOUD_COVER,DEPTH_CLASS,DOC,ID,LATITUDE,LOCATION,LONGITUDE,MISSION,N_TOTAL,N_TOTAL_DISSOLVED,POC,P_ORGANIC,P_TOTAL,SAMPLE_SITE,SAMPLING_DEPTH,SILICA,SPM,TOC,TOTAL_DEPTH,TURBIDITY,WATER_PERIOD,blue_max,blue_mean,blue_median,blue_min,blue_stdDev,count_pixel,datetime,dif_date_point,green_max,green_mean,green_median,green_min,green_stdDev,img_date,nir_max,nir_mean,nir_median,nir_min,nir_stdDev,red_max,red_mean,red_median,red_min,red_stdDev,system_index
1.9066666666666665,9.32688,0.9149999999999994,22.92,1,3.89,71,-2.258797,PQ,-55.623565,II,0.2193,0.2243,0.14800000000000013,"< 0,01",0.03629907279542316,9,0.2,3.17,14.750000000000005,4.038,5.1,27.26666666666667,F,0.0054715050515541375,0.005026689280389487,0.004908573196275634,0.00488072249412925,0.00018459263507556126,9,2013-09-08 14:45:00,7.965948113425926,0.013233136892879374,0.012666696401869593,0.012620305908961892,0.012350294596703566,0.00028305511027185864,2013-09-16T13:55:57,0.004237062366768135,0.00415886008081045,0.004178076084051845,0.004031196025936692,6.304684301094499e-05,0.016486834090933346,0.015306560948526705,0.015175875231485744,0.014848162286958424,0.0005038983798746584,71_1_BOA_LC08_228061_20130916
1.9066666666666665,9.32688,0.9149999999999994,28.02,1,3.89,71,-2.258797,PQ,-55.623565,II,0.2193,0.2243,0.14800000000000013,"< 0,01",0.03629907279542316,9,0.2,3.17,14.750000000000005,4.038,5.1,27.26666666666667,F,0.0051305256908198895,0.0049259427605940044,0.004974339837441246,0.004575556091608712,0.00015726204146650785,9,2013-09-08 14:45:00,7.966224976851852,0.012681640826667888,0.012356435787101484,0.01230959752221176,0.012055649279906933,0.0002120230513490392,2013-09-16T13:56:21,0.004276685563717429,0.004176646071274695,0.0041879717784105135,0.004008699348807553,8.12615617155935e-05,0.015268273646186659,0.014885905240925012,0.014864464614829818,0.014402145744306906,0.00027072355884299803,71_1_BOA_LC08_228062_20130916
2.7699999999999996,43.91885999999999,5.135179999999999,22.92,1,4.128,72,-2.274821,PQ,-55.625139,II,0.2429,0.2502,0.16,0.03629907279542316,0.03629907279542316,10,0.2,2.87,10.250000000000016,4.288,3.7,7.233333333333333,F,-0.0024908050645307523,-0.014853761819003443,-0.019413078989852957,-0.02367011690626246,0.007692097714203161,9,2013-09-08 13:30:00,8.01803144675926,0.0018837048279608708,-0.008782683702906057,-0.012859407085196907,-0.016330850775358088,0.006719212238748095,2013-09-16T13:55:57,0.04080874395049247,0.020928865597743648,0.022965737043918102,0.0049426382834461885,0.010629416809921619,0.0014462717757145567,-0.010187490095909966,-0.014432487983081855,-0.0184204655348545,0.007314994724365001,72_1_BOA_LC08_228061_20130916
2.7699999999999996,43.91885999999999,5.135179999999999,28.02,1,4.128,72,-2.274821,PQ,-55.625139,II,0.2429,0.2502,0.16,0.03629907279542316,0.03629907279542316,10,0.2,2.87,10.250000000000016,4.288,3.7,7.233333333333333,F,-0.007373761834295175,-0.02758003590593521,-0.022729847611407904,-0.0392103214889834,0.00981259505700189,9,2013-09-08 13:30:00,8.018308310185185,-0.0022214290920923654,-0.020196474724958925,-0.01577403047884747,-0.031232359197721285,0.008875805600645482,2013-09-16T13:56:21,0.051214443136955015,0.034679732600968974,0.027639418195653784,0.0125261299559482,0.011124034703840407,-0.003177192282036368,-0.022571702776087943,-0.017490705072623014,-0.03476311154751628,0.00960367377495559,72_1_BOA_LC08_228062_20130916
2.216666666666667,44.738425,0.8987750000000037,22.92,1,4.38,73,-2.251349,PQ,-55.543966,II,0.3108,0.2989,0.2160000000000002,0.053450827896426946,0.060958768987966074,7,0.2,3.21,26.999999999999975,4.596,4.2,19.3,F,0.008323254236478558,0.005351371274196504,0.0065696768640579745,0.0005866971168739139,0.0026908960586087306,8,2013-09-09 11:15:00,7.1117814467592595,0.013694600444574573,0.01172802054677211,0.013057719565856801,0.00788892020136486,0.002044278974765449,2013-09-16T13:55:57,0.012367685042535437,0.010009395607356775,0.009903118085463864,0.008937111334130565,0.0011447388027157092,0.014205579927950691,0.012144548118030311,0.013450054806018078,0.008192067141142467,0.002142524057487192,73_1_BOA_LC08_228061_20130916
2.216666666666667,44.738425,0.8987750000000037,28.02,1,4.38,73,-2.251349,PQ,-55.543966,II,0.3108,0.2989,0.2160000000000002,0.053450827896426946,0.060958768987966074,7,0.2,3.21,26.999999999999975,4.596,4.2,19.3,F,0.007361073006013904,0.004915336046914834,0.004684794535524013,0.00026221135410051805,0.0022630601715485327,9,2013-09-09 11:15:00,7.112058310185185,0.013282333940888062,0.011114029634151703,0.010723812316897785,0.007154933726841856,0.002042997641559054,2013-09-16T13:56:21,0.013874217296238774,0.010964503626926974,0.011236133656376133,0.008635128567308244,0.0018307132231320108,0.013654510422530172,0.01158200957651266,0.011209940169937215,0.00800410773802521,0.002016365886092484,73_1_BOA_LC08_228062_20130916
1.9233333333333331,12.126819999999999,0.8066000000000019,22.92,1,4.119,74,-2.240289,PQ,-55.582417,II,0.2746,0.2767,0.06500000000000039,0.04762399020573551,0.054843164332215436,8,0.2,3.31,19.999999999999982,4.184,4.2,22.666666666666668,F,0.005648953747173592,0.005095325223499869,0.0052399346806903425,0.00408449558312832,0.0005061924688890297,9,2013-09-09 10:20:00,7.149975891203704,0.013198620166736213,0.012595545702198514,0.012747141944415305,0.012005407245668214,0.00035302898048051435,2013-09-16T13:55:57,0.005445753726209666,0.00466192716595977,0.0045736251665640035,0.0041976833280917,0.0004026469474481934,0.014969410902923329,0.014365257027951203,0.014539102197519561,0.01360579461857388,0.00046337150642958383,74_1_BOA_LC08_228061_20130916
1.9233333333333331,12.126819999999999,0.8066000000000019,28.02,1,4.119,74,-2.240289,PQ,-55.582417,II,0.2746,0.2767,0.06500000000000039,0.04762399020573551,0.054843164332215436,8,0.2,3.31,19.999999999999982,4.184,4.2,22.666666666666668,F,0.0058591065426984845,0.005374836723015626,0.005597633929082635,0.004454147177439758,0.0004573922543707224,9,2013-09-09 10:20:00,7.15025275462963,0.013417990340688359,0.012841580240571998,0.01284055487454578,0.01222118362504472,0.000366168674372603,2013-09-16T13:56:21,0.0053543722758622354,0.004663607715680273,0.004566524581068066,0.004214473450238098,0.0003257962835107583,0.015224769419466813,0.014558198327760412,0.014667779011649113,0.01378391117997096,0.00044990482705650205,74_1_BOA_LC08_228062_20130916
2.335,157.77267999999998,0.35940000000002303,22.92,1,6.79,75,-2.251349,PQ,-55.492699,II,0.5651,0.6089,0.32899999999999974,0.022063812770996755,0.052673111067271655,11,0.2,3.3,22.000000000000004,7.119,4.3,40.35,F,0.004470336113113471,0.0024474304504854437,0.002459049097495178,0.00203082075511519,0.0009077660429770213,9,2013-09-09 14:15:00,6.9867814467592595,0.012413444132447736,0.010489230707462549,0.010358402103383483,0.010220186294898275,0.0008425000282490909,2013-09-16T13:55:57,0.004845575783598918,0.003994717410394351,0.0041085206784590884,0.001286277661785266,0.0009501502265854149,0.012795143946939366,0.010720673812059767,0.01067432867216047,0.010221132266940502,0.0008910867162201664,75_1_BOA_LC08_228061_20130916
2.335,157.77267999999998,0.35940000000002303,28.02,1,6.79,75,-2.251349,PQ,-55.492699,II,0.5651,0.6089,0.32899999999999974,0.022063812770996755,0.052673111067271655,11,0.2,3.3,22.000000000000004,7.119,4.3,40.35,F,0.004656500456850678,0.0025745287065663536,0.0026147527028195245,0.002186812802134192,0.0009069401925185437,9,2013-09-09 14:15:00,6.987058310185185,0.012572730359409147,0.010591836713114193,0.010475823081270949,0.01037928546398692,0.0008455173182132846,2013-09-16T13:56:21,0.00491617906320587,0.004081112036298052,0.004173814043902661,0.0013723988025025873,0.0009438513287820578,0.012909090790796164,0.010789944378323936,0.01079820282999799,0.010341702606921067,0.0008772008382170705,75_1_BOA_LC08_228062_20130916
1.7683333333333335,24.077300000000005,1.2062199999999983,22.92,1,4.01,76,-2.251349,PQ,-55.492699,II,0.2601,0.24960000000000002,0.3390000000000004,0.026500991486416138,0.03314263168277767,12,0.2,3.01,13.750000000000012,4.349,2.5,43.81666666666666,F,0.004470336113113471,0.0024474304504854437,0.002459049097495178,0.00203082075511519,0.0009077660429770213,9,2013-09-09 12:45:00,7.0492814467592595,0.012413444132447736,0.010489230707462549,0.010358402103383483,0.010220186294898275,0.0008425000282490909,2013-09-16T13:55:57,0.004845575783598918,0.003994717410394351,0.0041085206784590884,0.001286277661785266,0.0009501502265854149,0.012795143946939366,0.010720673812059767,0.01067432867216047,0.010221132266940502,0.0008910867162201664,76_1_BOA_LC08_228061_20130916
1.7683333333333335,24.077300000000005,1.2062199999999983,28.02,1,4.01,76,-2.251349,PQ,-55.492699,II,0.2601,0.24960000000000002,0.3390000000000004,0.026500991486416138,0.03314263168277767,12,0.2,3.01,13.750000000000012,4.349,2.5,43.81666666666666,F,0.004656500456850678,0.0025745287065663536,0.0026147527028195245,0.002186812802134192,0.0009069401925185437,9,2013-09-09 12:45:00,7.049558310185185,0.012572730359409147,0.010591836713114193,0.010475823081270949,0.01037928546398692,0.0008455173182132846,2013-09-16T13:56:21,0.00491617906320587,0.004081112036298052,0.004173814043902661,0.0013723988025025873,0.0009438513287820578,0.012909090790796164,0.010789944378323936,0.01079820282999799,0.010341702606921067,0.0008772008382170705,76_1_BOA_LC08_228062_20130916
2.092222222222222,116.28688,"< 0,01",22.92,2,4.762,77,-2.251349,PQ,-55.492699,II,0.3863,0.3433,0.16100000000000048,0.03939843272854818,0.0570132175971592,11,1.4,3.174,10.250000000000016,4.923,4.3,22.56666666666667,F,0.004470336113113471,0.0024474304504854437,0.002459049097495178,0.00203082075511519,0.0009077660429770213,9,2013-09-09 14:15:00,6.9867814467592595,0.012413444132447736,0.010489230707462549,0.010358402103383483,0.010220186294898275,0.0008425000282490909,2013-09-16T13:55:57,0.004845575783598918,0.003994717410394351,0.0041085206784590884,0.001286277661785266,0.0009501502265854149,0.012795143946939366,0.010720673812059767,0.01067432867216047,0.010221132266940502,0.0008910867162201664,77_1_BOA_LC08_228061_20130916
2.092222222222222,116.28688,"< 0,01",28.02,2,4.762,77,-2.251349,PQ,-55.492699,II,0.3863,0.3433,0.16100000000000048,0.03939843272854818,0.0570132175971592,11,1.4,3.174,10.250000000000016,4.923,4.3,22.56666666666667,F,0.004656500456850678,0.0025745287065663536,0.0026147527028195245,0.002186812802134192,0.0009069401925185437,9,2013-09-09 14:15:00,6.987058310185185,0.012572730359409147,0.010591836713114193,0.010475823081270949,0.01037928546398692,0.0008455173182132846,2013-09-16T13:56:21,0.00491617906320587,0.004081112036298052,0.004173814043902661,0.0013723988025025873,0.0009438513287820578,0.012909090790796164,0.010789944378323936,0.01079820282999799,0.010341702606921067,0.0008772008382170705,77_1_BOA_LC08_228062_20130916
2.23,42.172000000000004,1.154285714285718,22.92,3,4.007,78,-2.251349,PQ,-55.492699,II,0.2858,0.31489999999999996,0.4770000000000003,0.030066286516644947,0.03728546064312487,11,3.5,3.17,15.250000000000021,4.484,4.3,20.8,F,0.004470336113113471,0.0024474304504854437,0.002459049097495178,0.00203082075511519,0.0009077660429770213,9,2013-09-09 14:15:00,6.9867814467592595,0.012413444132447736,0.010489230707462549,0.010358402103383483,0.010220186294898275,0.0008425000282490909,2013-09-16T13:55:57,0.004845575783598918,0.003994717410394351,0.0041085206784590884,0.001286277661785266,0.0009501502265854149,0.012795143946939366,0.010720673812059767,0.01067432867216047,0.010221132266940502,0.0008910867162201664,78_1_BOA_LC08_228061_20130916
2.23,42.172000000000004,1.154285714285718,28.02,3,4.007,78,-2.251349,PQ,-55.492699,II,0.2858,0.31489999999999996,0.4770000000000003,0.030066286516644947,0.03728546064312487,11,3.5,3.17,15.250000000000021,4.484,4.3,20.8,F,0.004656500456850678,0.0025745287065663536,0.0026147527028195245,0.002186812802134192,0.0009069401925185437,9,2013-09-09 14:15:00,6.987058310185185,0.012572730359409147,0.010591836713114193,0.010475823081270949,0.01037928546398692,0.0008455173182132846,2013-09-16T13:56:21,0.00491617906320587,0.004081112036298052,0.004173814043902661,0.0013723988025025873,0.0009438513287820578,0.012909090790796164,0.010789944378323936,0.01079820282999799,0.010341702606921067,0.0008772008382170705,78_1_BOA_LC08_228062_20130916
,35.18269999999999,0.909375000000005,22.92,1,3.903,79,-2.205757,LG,-55.347217,II,0.3243,0.3032,0.40600000000000014,0.03938122862054899,0.0483330045373841,5,0.2,3.3,34.8,4.309,4.6,,F,0.0116055657924318,0.011382911714987877,0.01137440909404962,0.01115215165735847,0.00015112103970198917,9,2013-09-10 09:00:00,6.2055314467592595,0.023812216927603047,0.023510182465935725,0.023620571191450224,0.023092708777235967,0.0002584639381706137,2013-09-16T13:55:57,0.006014161757227141,0.0058316214579270656,0.005831777809196028,0.005564928969365734,0.00014439376026985666,0.021305542237091364,0.020989217967428458,0.021095875401461274,0.020321098209691538,0.00033350739243106077,79_1_BOA_LC08_228061_20130916
,35.18269999999999,0.909375000000005,28.02,1,3.903,79,-2.205757,LG,-55.347217,II,0.3243,0.3032,0.40600000000000014,0.03938122862054899,0.0483330045373841,5,0.2,3.3,34.8,4.309,4.6,,F,0.011887109252353431,0.011674242042656973,0.011734149489232218,0.011430941245607467,0.00015934914509979493,9,2013-09-10 09:00:00,6.205808310185185,0.024398894477787814,0.024109054620003723,0.024105083703859484,0.02373409137545676,0.00021247226664892775,2013-09-16T13:56:21,0.006221955194882072,0.005909414567527451,0.005845836152995543,0.005662269693486575,0.00018855316477968403,0.022200626334753962,0.021739046301608198,0.021793888997499348,0.021159826561858087,0.0002855739496551249,79_1_BOA_LC08_228062_20130916
1.405,39.161649999999995,"< 0,01",22.92,1,3.0319999999999996,80,-2.173257,GP,-55.372851,II,0.2384,0.26539999999999997,0.365,"< 0,01",0.03531268494772143,39,0.2,2.99,29.99999999999997,3.397,4.7,35.55,F,0.007030610292608611,0.005977221565072829,0.0053478812459124316,0.00505305876999881,0.0006404471447640586,7,2013-09-10 11:45:00,6.090948113425926,0.018364349424542077,0.018030714895865822,0.017775495785711824,0.017474031343942282,0.00025625425624743357,2013-09-16T13:55:57,0.0051942429275323825,0.0044907575877222985,0.004105579096067159,0.003545555370852528,0.0005306548034648193,0.01704710053961154,0.01661880038266242,0.01627171491186584,0.01614333925473169,0.0002784299889903026,80_1_BOA_LC08_228061_20130916
1.405,39.161649999999995,"< 0,01",28.02,1,3.0319999999999996,80,-2.173257,GP,-55.372851,II,0.2384,0.26539999999999997,0.365,"< 0,01",0.03531268494772143,39,0.2,2.99,29.99999999999997,3.397,4.7,35.55,F,0.006149779299807704,0.006075879989049279,0.005645469554394527,0.004586936338048943,0.0005174011300253913,5,2013-09-10 11:45:00,6.091224976851852,0.018356130386491466,0.018158689321928625,0.017823769846569283,0.01698988355320108,0.0004843419605729152,2013-09-16T13:56:21,0.004843688908254231,0.004343014074531347,0.003963778429391513,0.0037964622857021915,0.00037728239326063526,0.01673167450236716,0.016642040716632764,0.016503017931654942,0.015747256560502965,0.00036898548405025496,80_1_BOA_LC08_228062_20130916
1.471111111111111,85.3848,"< 0,01",22.92,1,4.075,83,-2.115929,GP,-55.447053,II,0.4322,0.3875,0.2160000000000002,0.03429211675300148,0.056815940027618854,47,0.2,2.45,29.200000000000003,4.291,4.2,40.077777777777776,F,0.010554799647943067,0.009165346750327357,0.009761275703820604,0.007933603356096577,0.0009469351692075566,9,2013-09-10 17:15:00,5.8617814467592595,0.022774429646764863,0.019288287138801978,0.019678639676894386,0.01678226479813543,0.0016943944111956495,2013-09-16T13:55:57,0.004966821039481902,0.004054514344728649,0.004530357483004083,0.003444990847445149,0.0005703293531099464,0.019445996070066383,0.016335859689123072,0.017072175036675227,0.014204281605638478,0.0015706104910804494,83_1_BOA_LC08_228061_20130916
1.72,43.31135555555555,"< 0,01",22.92,1,4.627,86,-2.170323,GP,-55.493823,II,0.3353,0.3041,0.391,0.037088183073584524,0.037088183073584524,14,0.2,3.31,35.66666666666667,5.018,3.3,30.299999999999997,F,0.010549342496601027,0.010205778074270463,0.010165690763685656,0.00992094196965961,0.00018232882878602602,9,2013-09-11 18:00:00,4.8305314467592595,0.022625367008516563,0.02229934766041244,0.022279594568284888,0.022082010257728067,0.0001736099572150305,2013-09-16T13:55:57,0.004739096953998084,0.004501840029576642,0.004455769026262851,0.004327570226256851,0.00014471157378419906,0.02189620320109277,0.021700773457843055,0.021750127948088525,0.021367956266267432,0.0001734624683344724,86_1_BOA_LC08_228061_20130916
1.72,43.31135555555555,"< 0,01",28.02,1,4.627,86,-2.170323,GP,-55.493823,II,0.3353,0.3041,0.391,0.037088183073584524,0.037088183073584524,14,0.2,3.31,35.66666666666667,5.018,3.3,30.299999999999997,F,0.01074289759843754,0.010405993329314914,0.010363165011673496,0.010126308560172012,0.00018322131447260856,9,2013-09-11 18:00:00,4.830808310185185,0.02283187457989951,0.02249971795791074,0.02248189184784275,0.022290301112402225,0.0001733671523359205,2013-09-16T13:56:21,0.004795337084368735,0.0045608420672791595,0.004518063324568255,0.004388302359843886,0.00014377443158641287,0.022070539193007544,0.021872330405659873,0.021921248664770007,0.021547363056436918,0.00017044615567250406,86_1_BOA_LC08_228062_20130916
1.14,62.854350000000004,"< 0,01",22.92,1,4.913,87,-2.133265,GP,-55.488798,II,0.2753,0.317,0.009999999999999787,0.04734661668968238,0.04734661668968238,15,0.2,3.27,26.99999999999999,4.923,2.6,30.5,F,0.014171429180150494,0.01344224970786857,0.013389125657010205,0.012933409650095717,0.0003953749606981565,9,2013-09-11 15:00:00,4.9555314467592595,0.027038623537193746,0.026482724010885726,0.026390202844675588,0.02596787046713376,0.0002735221229007942,2013-09-16T13:55:57,0.006810225706890627,0.006051332400912182,0.006070292324437083,0.005359868691684779,0.00038339737785948844,0.026814622099856356,0.025503265288024837,0.02543669467625908,0.024748605603123766,0.0007522660352567073,87_1_BOA_LC08_228061_20130916
1.3733333333333333,60.372475,"< 0,01",22.92,2,4.307,90,-2.133265,GP,-55.488798,II,0.2796,0.3066,0.08899999999999952,"< 0,01",0.0483330045373841,15,1.1,3.48,30.99999999999996,4.396,2.6,31.7,F,0.014171429180150494,0.01344224970786857,0.013389125657010205,0.012933409650095717,0.0003953749606981565,9,2013-09-11 15:00:00,4.9555314467592595,0.027038623537193746,0.026482724010885726,0.026390202844675588,0.02596787046713376,0.0002735221229007942,2013-09-16T13:55:57,0.006810225706890627,0.006051332400912182,0.006070292324437083,0.005359868691684779,0.00038339737785948844,0.026814622099856356,0.025503265288024837,0.02543669467625908,0.024748605603123766,0.0007522660352567073,90_1_BOA_LC08_228061_20130916
1.18,39.14789999999999,"< 0,01",22.92,3,3.641,91,-2.133265,GP,-55.488798,II,0.2691,0.2365,0.365,0.04347255919138869,0.04636022884198066,15,2.0,3.48,21.66666666666664,4.006,2.6,33.7,F,0.014171429180150494,0.01344224970786857,0.013389125657010205,0.012933409650095717,0.0003953749606981565,9,2013-09-11 15:00:00,4.9555314467592595,0.027038623537193746,0.026482724010885726,0.026390202844675588,0.02596787046713376,0.0002735221229007942,2013-09-16T13:55:57,0.006810225706890627,0.006051332400912182,0.006070292324437083,0.005359868691684779,0.00038339737785948844,0.026814622099856356,0.025503265288024837,0.02543669467625908,0.024748605603123766,0.0007522660352567073,91_1_BOA_LC08_228061_20130916
1.42,92.44123333333333,"< 0,01",22.92,1,5.614,97,-2.151079,PC,-55.565754,II,0.5322,0.5435,"< 0,001",0.04733533717516637,0.0747681988557901,20,0.2,3.5,34.999999999999986,5.547,4.6,53.2,F,0.014673857691889907,0.014323259286221343,0.014320587167932324,0.014157826751204541,0.00016429338902389842,9,2013-09-12 09:00:00,4.2055314467592595,0.027722803061575887,0.027526731161972236,0.02751964312671601,0.027407299440190318,0.00010423475416813546,2013-09-16T13:55:57,0.010704089887684263,0.010333143181898227,0.010453938017460845,0.01024081650716267,0.00013635733687556136,0.024143934825635746,0.023676027716721462,0.02366096461458507,0.02325162621243098,0.0002599178884805772,97_1_BOA_LC08_228061_20130916
1.42,92.44123333333333,"< 0,01",28.02,1,5.614,97,-2.151079,PC,-55.565754,II,0.5322,0.5435,"< 0,001",0.04733533717516637,0.0747681988557901,20,0.2,3.5,34.999999999999986,5.547,4.6,53.2,F,0.014898725973841119,0.014542558256393022,0.014546153145932786,0.014374584059622136,0.00016621008790471874,9,2013-09-12 09:00:00,4.205808310185185,0.027943459060276142,0.02774878510964177,0.027741244440836595,0.027627697920175408,0.00010636633883979957,2013-09-16T13:56:21,0.010787007430407109,0.010414526309582572,0.010543352870821041,0.010308469537594008,0.00013901307718361004,0.02431070684488478,0.02384240375985031,0.02382138365505978,0.02341366920559624,0.0002616741493753256,97_1_BOA_LC08_228062_20130916
1.62,117.47905,"< 0,01",22.92,1,3.991,98,-2.173808,PD,-55.59809,II,0.3008,0.3056,0.9339999999999997,0.0445190474825975,0.057802327875320574,21,0.2,3.46,36.499999999999936,4.925,4.0,28.85,F,0.014267964582865512,0.01413590746190242,0.01418058084794195,0.013834631697337165,0.0001307881408779199,9,2013-09-12 17:30:00,3.8513647800925925,0.027417791044429943,0.02714734947253889,0.02728489098876486,0.026594766684967963,0.00025862002976022053,2013-09-16T13:55:57,0.007694285313495645,0.00752878295691386,0.007567695044278384,0.00728732320274649,0.00012060015856213894,0.02967969649374358,0.029074128722997868,0.02941174022163753,0.02780564726367088,0.0005803532097526898,98_1_BOA_LC08_228061_20130916
1.62,117.47905,"< 0,01",28.02,1,3.991,98,-2.173808,PD,-55.59809,II,0.3008,0.3056,0.9339999999999997,0.0445190474825975,0.057802327875320574,21,0.2,3.46,36.499999999999936,4.925,4.0,28.85,F,0.01449258709906543,0.014357947178838737,0.01440794741621242,0.014048410688813696,0.00013429234050816365,9,2013-09-12 17:30:00,3.8516416435185183,0.027642606652713935,0.027365460873539783,0.02750613643043308,0.026799145122310304,0.00026536073150196856,2013-09-16T13:56:21,0.007760094883816675,0.007599144183073293,0.007638240364825244,0.007352510447522128,0.0001209381528879904,0.02988244436205964,0.029261085227321123,0.02959973308811966,0.02796986502988491,0.0005908443370479773,98_1_BOA_LC08_228062_20130916
0.8863636363636364,21.022080000000003,"< 0,01",22.92,1,3.262,99,-2.116737,PC,-55.692899,II,0.3353,0.2919,0.6080000000000001,"< 0,01",0.06628526336555535,26,0.2,3.22,81.00000000000003,3.87,4.0,94.26363636363635,F,0.01902028170249017,0.015297023245694147,0.014771019383741747,0.012572350440357179,0.0022946506199674017,9,2013-09-12 13:30:00,4.0180314467592595,0.027605324977111184,0.0238640302971819,0.024640337972183107,0.02170454186931107,0.0019054370196561483,2013-09-16T13:55:57,0.016630158419328057,0.012686109528164086,0.012123935569979722,0.010217571585223526,0.0021580725519817225,0.03410141828694222,0.029232982477108968,0.029544921536562383,0.026495462655855555,0.0024720516702020395,99_1_BOA_LC08_228061_20130916
0.8863636363636364,21.022080000000003,"< 0,01",28.02,1,3.262,99,-2.116737,PC,-55.692899,II,0.3353,0.2919,0.6080000000000001,"< 0,01",0.06628526336555535,26,0.2,3.22,81.00000000000003,3.87,4.0,94.26363636363635,F,0.019322901755679613,0.016547891946672135,0.016425064357608238,0.01187162346236494,0.0024197274007401446,9,2013-09-12 13:30:00,4.018308310185185,0.02812983545486924,0.025381755985775308,0.026006971434206227,0.02100963533256144,0.0024111531239512864,2013-09-16T13:56:21,0.01648082796096941,0.013751469872435234,0.014309316746744238,0.01012306755215037,0.00198035299693284,0.034338328728820144,0.031048887643451283,0.03168537257402215,0.025707381036911902,0.002868566504179436,99_1_BOA_LC08_228062_20130916
1.4100000000000001,45.29327500000001,"< 0,01",22.92,2,4.16,100,-2.173808,PD,-55.59809,II,0.2527,0.2726,"< 0,001",0.03985006904714934,0.03985006904714934,21,1.0,2.69,26.99999999999994,3.963,4.0,27.85,F,0.014267964582865512,0.01413590746190242,0.01418058084794195,0.013834631697337165,0.0001307881408779199,9,2013-09-12 17:30:00,3.8513647800925925,0.027417791044429943,0.02714734947253889,0.02728489098876486,0.026594766684967963,0.00025862002976022053,2013-09-16T13:55:57,0.007694285313495645,0.00752878295691386,0.007567695044278384,0.00728732320274649,0.00012060015856213894,0.02967969649374358,0.029074128722997868,0.02941174022163753,0.02780564726367088,0.0005803532097526898,100_1_BOA_LC08_228061_20130916
1.4100000000000001,45.29327500000001,"< 0,01",28.02,2,4.16,100,-2.173808,PD,-55.59809,II,0.2527,0.2726,"< 0,001",0.03985006904714934,0.03985006904714934,21,1.0,2.69,26.99999999999994,3.963,4.0,27.85,F,0.01449258709906543,0.014357947178838737,0.01440794741621242,0.014048410688813696,0.00013429234050816365,9,2013-09-12 17:30:00,3.8516416435185183,0.027642606652713935,0.027365460873539783,0.02750613643043308,0.026799145122310304,0.00026536073150196856,2013-09-16T13:56:21,0.007760094883816675,0.007599144183073293,0.007638240364825244,0.007352510447522128,0.0001209381528879904,0.02988244436205964,0.029261085227321123,0.02959973308811966,0.02796986502988491,0.0005908443370479773,100_1_BOA_LC08_228062_20130916
1.14,226.90726666666666,"< 0,01",22.92,3,2.762,101,-2.173808,PD,-55.59809,II,0.30210000000000004,0.2743,< LD,0.02504285788261751,0.032550798974156636,21,3.5,3.7,32.000000000000014,2.342,4.0,33.75,F,0.014267964582865512,0.01413590746190242,0.01418058084794195,0.013834631697337165,0.0001307881408779199,9,2013-09-12 17:30:00,3.8513647800925925,0.027417791044429943,0.02714734947253889,0.02728489098876486,0.026594766684967963,0.00025862002976022053,2013-09-16T13:55:57,0.007694285313495645,0.00752878295691386,0.007567695044278384,0.00728732320274649,0.00012060015856213894,0.02967969649374358,0.029074128722997868,0.02941174022163753,0.02780564726367088,0.0005803532097526898,101_1_BOA_LC08_228061_20130916
1.14,226.90726666666666,"< 0,01",28.02,3,2.762,101,-2.173808,PD,-55.59809,II,0.30210000000000004,0.2743,< LD,0.02504285788261751,0.032550798974156636,21,3.5,3.7,32.000000000000014,2.342,4.0,33.75,F,0.01449258709906543,0.014357947178838737,0.01440794741621242,0.014048410688813696,0.00013429234050816365,9,2013-09-12 17:30:00,3.8516416435185183,0.027642606652713935,0.027365460873539783,0.02750613643043308,0.026799145122310304,0.00026536073150196856,2013-09-16T13:56:21,0.007760094883816675,0.007599144183073293,0.007638240364825244,0.007352510447522128,0.0001209381528879904,0.02988244436205964,0.029261085227321123,0.02959973308811966,0.02796986502988491,0.0005908443370479773,101_1_BOA_LC08_228062_20130916
1.3375,74.50572,6.421440000000013,22.92,1,3.393,102,-2.150581,PC,-55.714166,II,0.41609999999999997,0.3956,0.40600000000000014,"< 0,01",0.1236930361017952,27,0.2,3.17,72.49999999999999,3.799,4.0,87.16250000000001,F,0.016251107766495465,0.015689161383163997,0.01597032482318338,0.013974327465246844,0.0007143834929401951,9,2013-09-12 14:30:00,3.9763647800925925,0.03080912408246657,0.03033105713344731,0.030578988878696055,0.02895707437235498,0.0006118758349238322,2013-09-16T13:55:57,0.018661316236366507,0.017738093892917695,0.017644996165807558,0.01688688951183654,0.0005101959963154433,0.03361027101655264,0.03280516168199885,0.032762976733554085,0.031039306634202596,0.0008059128987665108,102_1_BOA_LC08_228061_20130916
1.3375,74.50572,6.421440000000013,28.02,1,3.393,102,-2.150581,PC,-55.714166,II,0.41609999999999997,0.3956,0.40600000000000014,"< 0,01",0.1236930361017952,27,0.2,3.17,72.49999999999999,3.799,4.0,87.16250000000001,F,0.016490428162791247,0.01590945931991654,0.0162002667214591,0.01433161013826159,0.0006734550029687506,9,2013-09-12 14:30:00,3.9766416435185183,0.031025085218429033,0.030564415348348813,0.030724918080205395,0.029285271881950424,0.0005879830822034675,2013-09-16T13:56:21,0.018913470998935297,0.017988799373344674,0.017942613668931573,0.01719771129967316,0.000548603568458123,0.03363982932547003,0.03290721855992004,0.03289868861810539,0.03131920450243163,0.0007366811538964483,102_1_BOA_LC08_228062_20130916
0.98,34.81416666666667,0,22.92,1,3.119,104,-2.131452,PC,-55.657457,II,0.2874,0.29969999999999997,0.21599999999999975,"< 0,01",0.04734661668968238,29,0.2,2.83,43.500000000000064,3.335,4.3,41.7,F,0.023904223070524217,0.014217259970704568,0.013365696479917654,0.00840325722591604,0.004370719328821872,9,2013-09-12 12:00:00,4.0805314467592595,0.0360237916796841,0.02906014502867178,0.02805505328487733,0.023587917729123414,0.003626038748398459,2013-09-16T13:55:57,0.012684678756746507,0.007342938605806606,0.006822276655619193,0.003378588903987588,0.0025857256045746175,0.041411806023219144,0.031908446178073084,0.030730215431073512,0.0249720813311547,0.004707517939226867,104_1_BOA_LC08_228061_20130916
0.98,34.81416666666667,0,28.02,1,3.119,104,-2.131452,PC,-55.657457,II,0.2874,0.29969999999999997,0.21599999999999975,"< 0,01",0.04734661668968238,29,0.2,2.83,43.500000000000064,3.335,4.3,41.7,F,0.024135484927529115,0.014474106800774149,0.013589758444682645,0.008563455277323412,0.004390517772287286,9,2013-09-12 12:00:00,4.080808310185185,0.0363276718135368,0.029333076025035234,0.028284467643533366,0.023750790704590873,0.003662872732807446,2013-09-16T13:56:21,0.012816599257581107,0.007434466445489453,0.006891922873963955,0.003387094847914756,0.0026199725717854423,0.04172383125712078,0.03216608263879615,0.03094582956854218,0.025118534796898302,0.004748453461371995,104_1_BOA_LC08_228062_20130916
1.26,19.50157777777778,0.9598666666666664,22.92,1,2.913,105,-2.1572,SL,-55.805249,II,0.18710000000000002,0.1752,0.06500000000000039,0.010595907575658065,0.02821069244426909,30,0.2,2.76,38.00000000000003,2.978,3.7,16.9,F,0.005109283489712393,0.004182341824838368,0.0042399784157689645,0.0032388150598278037,0.0006463691021888181,9,2013-09-13 14:00:00,2.997198113425926,0.009388784700861097,0.008822530132167352,0.00857002207735914,0.008022576530227596,0.0004478391211289661,2013-09-16T13:55:57,0.0023654461016220352,0.0016773090247240254,0.0017899728544543423,0.0008021611275308093,0.000568293197182197,0.010967949501140538,0.010339881881646253,0.010246350145038169,0.009484630768088424,0.00046058078813658403,105_1_BOA_LC08_228061_20130916
1.26,19.50157777777778,0.9598666666666664,28.02,1,2.913,105,-2.1572,SL,-55.805249,II,0.18710000000000002,0.1752,0.06500000000000039,0.010595907575658065,0.02821069244426909,30,0.2,2.76,38.00000000000003,2.978,3.7,16.9,F,0.0052394698490140085,0.004417972602568133,0.004655853564241269,0.003478391816813405,0.0006324227440750339,9,2013-09-13 14:00:00,2.997474976851852,0.009870964794629808,0.009142986781252279,0.008930476002316366,0.008315126488467665,0.0005253533422462255,2013-09-16T13:56:21,0.002381923926189867,0.001677555627515008,0.001585469783338915,0.0007834552130353647,0.0005539581642489613,0.01134416899600516,0.010643901518199876,0.01038116436635993,0.00975734235212522,0.0005372494602338082,105_1_BOA_LC08_228062_20130916
1.98,21.01435,1.109466666666668,22.92,1,2.813,106,-2.219976,SL,-55.808397,II,0.2096,0.21170000000000003,0.14800000000000013,"< 0,01",0.0071019925034523585,31,0.2,2.15,12.28571428571428,2.9610000000000003,3.7,27.9,F,-0.019598319120526148,-0.02066431570715611,-0.01978956795227297,-0.02556194371037112,0.002198996686546098,5,2013-09-13 15:00:00,2.955531446759259,-0.010572128230618448,-0.010379550444010715,-0.010572128230618448,-0.013746166074899195,0.0011512911168280373,2013-09-16T13:55:57,0.0033920425715648003,0.0011420699233496156,0.00160111529233245,-0.005333980650999173,0.003252266776714183,-0.012268114471743388,-0.01245525163626066,-0.012268114471743388,-0.016502871775514336,0.0015409777617132554,106_1_BOA_LC08_228061_20130916
1.6755555555555555,32.11915,1.6480250000000034,22.92,1,2.954,107,-2.177378,SL,-55.806321,II,0.2357,0.243,0.32899999999999974,0.013926839359831737,0.04655750641152102,33,0.2,2.75,28.499999999999982,3.283,4.0,35.42222222222223,F,0.0411225659713044,0.0059457482943139454,0.0062908406811553845,-0.013816649093303823,0.01725785405341406,9,2013-09-13 16:30:00,2.893031446759259,0.025831559485147898,0.017622079048771538,0.019193255503759814,0.008086042832164055,0.005766139703062938,2013-09-16T13:55:57,0.026259282781391183,0.0035242607655088347,0.005199926902446441,-0.01060565186004074,0.010985078899304258,0.035449458117566404,0.02185862629245915,0.023815404338308015,0.008974237395458724,0.008512403158643173,107_1_BOA_LC08_228061_20130916
1.6755555555555555,32.11915,1.6480250000000034,28.02,1,2.954,107,-2.177378,SL,-55.806321,II,0.2357,0.243,0.32899999999999974,0.013926839359831737,0.04655750641152102,33,0.2,2.75,28.499999999999982,3.283,4.0,35.42222222222223,F,0.050663886546524,0.005785058740049167,0.006404469758750142,-0.015126006363287564,0.01891622348090174,9,2013-09-13 16:30:00,2.8933083101851853,0.03603539493631934,0.018076171882919254,0.01952432126992549,0.007958798523379364,0.007457559280165656,2013-09-16T13:56:21,0.04226161894906898,0.003421867850691951,0.0046495576111294165,-0.011159491193315128,0.015142042236876596,0.04606699711136164,0.02232905025246714,0.02423786210059669,0.008517431258838366,0.010082777717323708,107_1_BOA_LC08_228062_20130916
1.6233333333333333,22.107724999999995,1.05035,22.92,2,2.916,108,-2.177378,SL,-55.806321,II,0.146,0.1898,0.16100000000000048,"< 0,01",0.023673308344841194,33,1.0,2.81,25.999999999999982,3.0770000000000004,4.0,39.1,F,0.0411225659713044,0.0059457482943139454,0.0062908406811553845,-0.013816649093303823,0.01725785405341406,9,2013-09-13 16:30:00,2.893031446759259,0.025831559485147898,0.017622079048771538,0.019193255503759814,0.008086042832164055,0.005766139703062938,2013-09-16T13:55:57,0.026259282781391183,0.0035242607655088347,0.005199926902446441,-0.01060565186004074,0.010985078899304258,0.035449458117566404,0.02185862629245915,0.023815404338308015,0.008974237395458724,0.008512403158643173,108_1_BOA_LC08_228061_20130916
1.6233333333333333,22.107724999999995,1.05035,28.02,2,2.916,108,-2.177378,SL,-55.806321,II,0.146,0.1898,0.16100000000000048,"< 0,01",0.023673308344841194,33,1.0,2.81,25.999999999999982,3.0770000000000004,4.0,39.1,F,0.050663886546524,0.005785058740049167,0.006404469758750142,-0.015126006363287564,0.01891622348090174,9,2013-09-13 16:30:00,2.8933083101851853,0.03603539493631934,0.018076171882919254,0.01952432126992549,0.007958798523379364,0.007457559280165656,2013-09-16T13:56:21,0.04226161894906898,0.003421867850691951,0.0046495576111294165,-0.011159491193315128,0.015142042236876596,0.04606699711136164,0.02232905025246714,0.02423786210059669,0.008517431258838366,0.010082777717323708,108_1_BOA_LC08_228062_20130916
1.725,17.9659,0.55865,22.92,3,2.872,109,-2.177378,SL,-55.806321,II,0.2293,0.1863,0.4770000000000003,"< 0,01",0.011836654172420595,33,3.0,2.85,34.0,3.349,4.0,34.5,F,0.0411225659713044,0.0059457482943139454,0.0062908406811553845,-0.013816649093303823,0.01725785405341406,9,2013-09-13 16:30:00,2.893031446759259,0.025831559485147898,0.017622079048771538,0.019193255503759814,0.008086042832164055,0.005766139703062938,2013-09-16T13:55:57,0.026259282781391183,0.0035242607655088347,0.005199926902446441,-0.01060565186004074,0.010985078899304258,0.035449458117566404,0.02185862629245915,0.023815404338308015,0.008974237395458724,0.008512403158643173,109_1_BOA_LC08_228061_20130916
1.725,17.9659,0.55865,28.02,3,2.872,109,-2.177378,SL,-55.806321,II,0.2293,0.1863,0.4770000000000003,"< 0,01",0.011836654172420595,33,3.0,2.85,34.0,3.349,4.0,34.5,F,0.050663886546524,0.005785058740049167,0.006404469758750142,-0.015126006363287564,0.01891622348090174,9,2013-09-13 16:30:00,2.8933083101851853,0.03603539493631934,0.018076171882919254,0.01952432126992549,0.007958798523379364,0.007457559280165656,2013-09-16T13:56:21,0.04226161894906898,0.003421867850691951,0.0046495576111294165,-0.011159491193315128,0.015142042236876596,0.04606699711136164,0.02232905025246714,0.02423786210059669,0.008517431258838366,0.010082777717323708,109_1_BOA_LC08_228062_20130916
1.605,14.535099999999996,2.3121250000000004,22.92,2,2.916,110,-2.112532,PC,-55.621423,II,0.3421,0.2439,0.4460000000000006,0.007136514653940794,0.04438745314657723,24,0.7,3.0,67.49999999999999,3.3620000000000005,4.3,12.959999999999999,F,0.006885051529958133,0.006794599661164659,0.005704065459230037,0.002352379751189626,0.0015582094610856027,5,2013-09-14 15:00:00,1.9555314467592593,0.024590017176104585,0.024097747847751733,0.02295444134723576,0.02106046849397794,0.001280380412652742,2013-09-16T13:55:57,0.002317590711681975,0.0016150566210635304,0.0011312256265040878,-0.0007005244513459824,0.0011297359874944467,0.029184935948943818,0.02834722456606519,0.026669560329192696,0.024571381029043382,0.001676747248004783,110_1_BOA_LC08_228061_20130916
1.83,44.90213333333333,"< 0,01",22.92,3,3.343,111,-2.112532,PC,-55.621423,II,0.2773,0.24600000000000002,0.5460000000000003,0.013195038130170957,0.06806076149141843,24,3.5,3.02,64.50000000000004,3.8890000000000002,4.3,12.3,F,0.006885051529958133,0.006794599661164659,0.005704065459230037,0.002352379751189626,0.0015582094610856027,5,2013-09-14 15:00:00,1.9555314467592593,0.024590017176104585,0.024097747847751733,0.02295444134723576,0.02106046849397794,0.001280380412652742,2013-09-16T13:55:57,0.002317590711681975,0.0016150566210635304,0.0011312256265040878,-0.0007005244513459824,0.0011297359874944467,0.029184935948943818,0.02834722456606519,0.026669560329192696,0.024571381029043382,0.001676747248004783,111_1_BOA_LC08_228061_20130916
1.709,21.987933333333338,"< 0,01",22.92,1,3.107,114,-2.112532,PC,-55.621423,II,0.28859999999999997,0.2481,0.133,0.009263899452356783,0.08463207733280725,24,0.2,2.91,68.49999999999994,3.24,4.3,12.24,F,0.006885051529958133,0.006794599661164659,0.005704065459230037,0.002352379751189626,0.0015582094610856027,5,2013-09-14 15:00:00,1.9555314467592593,0.024590017176104585,0.024097747847751733,0.02295444134723576,0.02106046849397794,0.001280380412652742,2013-09-16T13:55:57,0.002317590711681975,0.0016150566210635304,0.0011312256265040878,-0.0007005244513459824,0.0011297359874944467,0.029184935948943818,0.02834722456606519,0.026669560329192696,0.024571381029043382,0.001676747248004783,114_1_BOA_LC08_228061_20130916
1.4266666666666665,20.333699999999997,0.8227000000000012,22.92,1,2.797,115,-2.201618,SL,-55.792751,II,0.22460000000000002,0.2296,0.16,"< 0,01",0.016571315841388833,32,0.2,2.35,15.500000000000027,2.9570000000000003,4.0,28.066666666666666,F,0.01034037170228087,0.003727394857036218,0.0035197276851102206,-0.0006554355138505552,0.003366791929640399,9,2013-09-14 07:30:00,2.268031446759259,0.012458726990906884,0.009073247641240654,0.008735129450390311,0.007711237383674546,0.001635948909004676,2013-09-16T13:55:57,0.007780809716084712,0.0024030787328977866,0.0018271655325427863,-0.0010635243862831684,0.002799521519080772,0.013309278966019501,0.009166070430026464,0.008859114449124404,0.00732408528774741,0.0019665392542338863,115_1_BOA_LC08_228061_20130916
1.4266666666666665,20.333699999999997,0.8227000000000012,28.02,1,2.797,115,-2.201618,SL,-55.792751,II,0.22460000000000002,0.2296,0.16,"< 0,01",0.016571315841388833,32,0.2,2.35,15.500000000000027,2.9570000000000003,4.0,28.066666666666666,F,0.010838560150644777,0.003981856547514894,0.003679714654954258,-0.0005239214520672622,0.0034819893335458225,9,2013-09-14 07:30:00,2.2683083101851853,0.012734541866950213,0.009268509611900634,0.008837122581032926,0.007909492503342136,0.0016929066806952709,2013-09-16T13:56:21,0.008056007007602088,0.002518683930866883,0.0019157268016529033,-0.0010266568496617393,0.002876619754809437,0.013636850649119124,0.009341536697590216,0.00892765915453294,0.007398642909134574,0.002046346856557035,115_1_BOA_LC08_228062_20130916
1.76,23.711599999999994,0.692628571428573,22.92,1,3.019,116,-2.162501,SL,-55.744975,II,0.1861,0.2152,0.3390000000000004,0.011001856163744828,0.021108699940816728,34,0.2,2.79,28.000000000000025,3.3580000000000005,4.3,25.45,F,0.011979496514437096,0.011899439617146504,0.011870814322148596,0.01173247932657141,7.557743121727422e-05,9,2013-09-14 10:00:00,2.1638647800925925,0.023175982773758545,0.023027560796148986,0.022959060339630657,0.02282957778789263,9.575267989816168e-05,2013-09-16T13:55:57,0.004638877352200833,0.004517995075993577,0.004467653843302603,0.00424217227233896,0.00014505223585972995,0.026482317273798104,0.026138706432413596,0.025981064487038807,0.025746093529023413,0.0002237167720944616,116_1_BOA_LC08_228061_20130916
1.76,23.711599999999994,0.692628571428573,28.02,1,3.019,116,-2.162501,SL,-55.744975,II,0.1861,0.2152,0.3390000000000004,0.011001856163744828,0.021108699940816728,34,0.2,2.79,28.000000000000025,3.3580000000000005,4.3,25.45,F,0.012105198440212827,0.012067414876754884,0.012029353816725645,0.011948376468805331,5.556827470088255e-05,9,2013-09-14 10:00:00,2.1641416435185183,0.023239278787867898,0.023162765834133264,0.02313253249703591,0.02293248497436455,9.475987869106376e-05,2013-09-16T13:56:21,0.004625468427685001,0.004502561132491322,0.004424464922593839,0.004295819054868221,0.00012035793585107303,0.026485756942833415,0.02620369099075034,0.026064451356140942,0.02592441978659852,0.00017860911335192405,116_1_BOA_LC08_228062_20130916
3.085,123.83965714285716,0.021371428571442017,22.92,2,5.08,118,-2.262013,PQ,-55.456187,II,0.4612,0.4165,0.47,0.6443085421187611,0.6443085421187611,13,1.2,3.39,28.799999999999994,5.55,3.9,59,F,0.005529678205670947,0.005431285144574616,0.005422361300012918,0.005363306562301152,5.75588321183106e-05,9,2013-09-15 16:30:00,0.8930314467592593,0.016255549887683136,0.015967832384836133,0.015983749243528925,0.015766522485422756,0.00015325031446402796,2013-09-16T13:55:57,0.004111659719025818,0.004039203829291119,0.004048304830562529,0.003888605831958306,7.167527723792891e-05,0.013987959539531915,0.013813383526803644,0.013827024778817833,0.013578120712982396,0.00014205695014120462,118_1_BOA_LC08_228061_20130916
3.085,123.83965714285716,0.021371428571442017,28.02,2,5.08,118,-2.262013,PQ,-55.456187,II,0.4612,0.4165,0.47,0.6443085421187611,0.6443085421187611,13,1.2,3.39,28.799999999999994,5.55,3.9,59,F,0.005729470833657272,0.005620841791488255,0.005614663759442549,0.0055402077531584715,6.345042061342577e-05,9,2013-09-15 16:30:00,0.8933083101851852,0.016448349545068075,0.016135980459716422,0.016152204811889656,0.015914990250943714,0.00016386325740220297,2013-09-16T13:56:21,0.00419887771016025,0.00408813460282242,0.004090308621899526,0.0039418867326364675,7.488718991822868e-05,0.014131805760624562,0.013929683023079351,0.013939084113247454,0.013697059745247002,0.00014626863595355085,118_1_BOA_LC08_228062_20130916
,55.145771428571436,2.6133714285714293,22.92,3,4.67,119,-2.262013,PQ,-55.456187,II,0.3923,0.3404,0.44200000000000017,0.04964535896114989,0.054843164332215436,13,3.5,3.38,34.399999999999984,5.112,3.9,,F,0.005529678205670947,0.005431285144574616,0.005422361300012918,0.005363306562301152,5.75588321183106e-05,9,2013-09-15 16:30:00,0.8930314467592593,0.016255549887683136,0.015967832384836133,0.015983749243528925,0.015766522485422756,0.00015325031446402796,2013-09-16T13:55:57,0.004111659719025818,0.004039203829291119,0.004048304830562529,0.003888605831958306,7.167527723792891e-05,0.013987959539531915,0.013813383526803644,0.013827024778817833,0.013578120712982396,0.00014205695014120462,119_1_BOA_LC08_228061_20130916
,55.145771428571436,2.6133714285714293,28.02,3,4.67,119,-2.262013,PQ,-55.456187,II,0.3923,0.3404,0.44200000000000017,0.04964535896114989,0.054843164332215436,13,3.5,3.38,34.399999999999984,5.112,3.9,,F,0.005729470833657272,0.005620841791488255,0.005614663759442549,0.0055402077531584715,6.345042061342577e-05,9,2013-09-15 16:30:00,0.8933083101851852,0.016448349545068075,0.016135980459716422,0.016152204811889656,0.015914990250943714,0.00016386325740220297,2013-09-16T13:56:21,0.00419887771016025,0.00408813460282242,0.004090308621899526,0.0039418867326364675,7.488718991822868e-05,0.014131805760624562,0.013929683023079351,0.013939084113247454,0.013697059745247002,0.00014626863595355085,119_1_BOA_LC08_228062_20130916
3.27,55.9252,"< 0,01",22.92,1,5.501,120,-2.262013,PQ,-55.456187,II,0.533,0.4195,0.806,0.04280074447074496,0.058394160583941604,13,0.2,3.36,29.19999999999995,6.307,3.9,59.21666666666666,F,0.005529678205670947,0.005431285144574616,0.005422361300012918,0.005363306562301152,5.75588321183106e-05,9,2013-09-15 16:30:00,0.8930314467592593,0.016255549887683136,0.015967832384836133,0.015983749243528925,0.015766522485422756,0.00015325031446402796,2013-09-16T13:55:57,0.004111659719025818,0.004039203829291119,0.004048304830562529,0.003888605831958306,7.167527723792891e-05,0.013987959539531915,0.013813383526803644,0.013827024778817833,0.013578120712982396,0.00014205695014120462,120_1_BOA_LC08_228061_20130916
3.27,55.9252,"< 0,01",28.02,1,5.501,120,-2.262013,PQ,-55.456187,II,0.533,0.4195,0.806,0.04280074447074496,0.058394160583941604,13,0.2,3.36,29.19999999999995,6.307,3.9,59.21666666666666,F,0.005729470833657272,0.005620841791488255,0.005614663759442549,0.0055402077531584715,6.345042061342577e-05,9,2013-09-15 16:30:00,0.8933083101851852,0.016448349545068075,0.016135980459716422,0.016152204811889656,0.015914990250943714,0.00016386325740220297,2013-09-16T13:56:21,0.00419887771016025,0.00408813460282242,0.004090308621899526,0.0039418867326364675,7.488718991822868e-05,0.014131805760624562,0.013929683023079351,0.013939084113247454,0.013697059745247002,0.00014626863595355085,120_1_BOA_LC08_228062_20130916
1.9833333333333334,17.330325,"< 0,01",22.92,1,3.022,121,-2.20666,PD,-55.623562,II,0.2823,0.2452,0.39400000000000013,"< 0,01",0.03886368119944763,25,0.2,2.54,30.799999999999994,3.416,3.3,11.633333333333335,F,0.008126969230652472,0.007422962263854596,0.007448989902810338,0.006931181778777598,0.00037238829251859656,9,2013-09-15 09:00:00,1.2055314467592593,0.02036168212083732,0.019724955406577493,0.0197168848695604,0.019172518577897896,0.0003708725533342576,2013-09-16T13:55:57,0.006067680713449737,0.005855790176603544,0.0058453261867445015,0.005415932901559536,0.00017771681923506723,0.021731652268826653,0.021347415506870842,0.021418244568592308,0.02080087643440489,0.00026920902505145024,121_1_BOA_LC08_228061_20130916
1.9833333333333334,17.330325,"< 0,01",28.02,1,3.022,121,-2.20666,PD,-55.623562,II,0.2823,0.2452,0.39400000000000013,"< 0,01",0.03886368119944763,25,0.2,2.54,30.799999999999994,3.416,3.3,11.633333333333335,F,0.008343683853354208,0.0076097001412840995,0.007638175379438651,0.007109039188708692,0.0003855869569029712,9,2013-09-15 09:00:00,1.205808310185185,0.020584253025473658,0.019911320481214505,0.01990513490492052,0.019347788171485237,0.00038639630428509176,2013-09-16T13:56:21,0.006128199130384792,0.005921547858875554,0.005904910385438625,0.005461689497951903,0.00018295721817980447,0.021899863663179628,0.02150799065748967,0.021579483831608192,0.020950680721670244,0.00028020867467865924,121_1_BOA_LC08_228062_20130916
1.2900000000000003,85.8194,"< 0,01",22.92,1,2.982,122,-2.178437,PD,-55.633239,II,0.37799999999999995,0.2645,0.47,"< 0,01",0.048727559676464784,36,0.2,2.75,32.00000000000003,3.452,3.9,38.18,F,0.012879093057856913,0.01259549034482037,0.012544764714923544,0.012298889803675018,0.0001794576285204548,9,2013-09-15 10:15:00,1.153448113425926,0.02630439119623916,0.026153520571702046,0.026138288507524497,0.025984987609737633,0.00011341471864260129,2013-09-16T13:55:57,0.006438565317186298,0.0062488592746511775,0.006218146155643811,0.006199362879548994,8.327041747873385e-05,0.026284729667175696,0.02586679001144447,0.026015774904301098,0.0246629702310562,0.0005276836073166537,122_1_BOA_LC08_228061_20130916
1.2900000000000003,85.8194,"< 0,01",28.02,1,2.982,122,-2.178437,PD,-55.633239,II,0.37799999999999995,0.2645,0.47,"< 0,01",0.048727559676464784,36,0.2,2.75,32.00000000000003,3.452,3.9,38.18,F,0.013098746539319035,0.012808508704272406,0.012753446744449354,0.012506922147727412,0.0001826968652697817,9,2013-09-15 10:15:00,1.1537249768518518,0.026526470487220614,0.02637110278432988,0.02636002157343596,0.026200698033584303,0.00011403583304957792,2013-09-16T13:56:21,0.0065130612000117525,0.00631109621197438,0.006275294208473557,0.006260443369710303,8.739387311382005e-05,0.02646871428694218,0.02604830726731957,0.02620039489846253,0.024838225689388094,0.0005281087714161543,122_1_BOA_LC08_228062_20130916
2.3765853658536584,44.131299999999996,"< 0,01",22.92,1,4.684,123,-2.238955,LG,-55.33916,II,0.3826,0.3949,0.03200000000000003,0.05707041271116975,0.059380548431643324,6,0.2,3.49,35.99999999999998,4.716,,25.726829268292686,F,0.01137953612144368,0.011164996164506948,0.011246596403250701,0.01066400075807393,0.0002041426650957427,9,2013-09-16 10:30:00,0.14303144675925927,0.02434136515025784,0.02399095185203742,0.02407979349652475,0.023455180200455734,0.0002706704500734611,2013-09-16T13:55:57,0.0063663704566066705,0.006149242844134745,0.006123210270125794,0.00581971990285724,0.00014600095522876967,0.024559290347063906,0.024248556254726838,0.02424239903796381,0.024007238709175663,0.00017086003013224487,123_1_BOA_LC08_228061_20130916
2.3765853658536584,44.131299999999996,"< 0,01",28.02,1,4.684,123,-2.238955,LG,-55.33916,II,0.3826,0.3949,0.03200000000000003,0.05707041271116975,0.059380548431643324,6,0.2,3.49,35.99999999999998,4.716,,25.726829268292686,F,0.011694315654808746,0.011165511056576613,0.0111058758331561,0.010774485669911682,0.0002614866688768455,9,2013-09-16 10:30:00,0.1433083101851852,0.02455273620834586,0.024007874957782033,0.023997593921282468,0.023531559262972658,0.00031092588956432285,2013-09-16T13:56:21,0.0073597725232781575,0.006389002362476532,0.006181408112818256,0.0059247487306144046,0.0004561064227753376,0.024882151865759324,0.024238803399099673,0.02418549575265542,0.02339282104414943,0.0005063335018558516,123_1_BOA_LC08_228062_20130916
1.4875000000000003,147.07165714285713,"< 0,01",22.92,1,4.111,124,-2.307096,LG,-55.373301,II,0.57,0.5253,0.44200000000000017,0.01686589346544115,0.03274807654369699,37,0.2,2.83,27.00000000000001,4.553,3.5,44.5625,F,0.004822105126340313,0.004636682133292013,0.004595765574596615,0.004501137106942783,0.00011498606066870182,9,2013-09-16 13:30:00,0.01803144675925926,0.016100368089160967,0.01590982743677482,0.01595008764340492,0.01576383488028757,0.00012165707910604516,2013-09-16T13:55:57,0.006189791487593136,0.0060390025728879445,0.006106122649092684,0.0057930379863900885,0.00013751242150083064,0.010909619196938327,0.01078145250464509,0.01078705576515248,0.010553850395452622,0.00010735844484038738,124_1_BOA_LC08_228061_20130916
1.4875000000000003,147.07165714285713,"< 0,01",28.02,1,4.111,124,-2.307096,LG,-55.373301,II,0.57,0.5253,0.44200000000000017,0.01686589346544115,0.03274807654369699,37,0.2,2.83,27.00000000000001,4.553,3.5,44.5625,F,0.004674530919968851,0.004254030167354424,0.004470569330977871,0.0038543890864422767,0.00023688251493377682,9,2013-09-16 13:30:00,0.018308310185185184,0.015983204116994956,0.015529447216863165,0.01573528727337418,0.0149933411266614,0.0002773794428513356,2013-09-16T13:56:21,0.006234853306326862,0.006206166951313084,0.0061662494490936064,0.005668278980339541,0.00017618863666184106,0.010816955396621461,0.010415678482046083,0.010615784298612017,0.01005695569999114,0.0002198740021078799,124_1_BOA_LC08_228062_20130916
1.3966666666666667,115.30596666666666,"< 0,01",22.92,2,3.47,125,-2.255185,LG,-55.376673,II,0.3182,0.287,0.009999999999999787,0.012165640012471265,0.04537384099427895,38,1.2,3.05,35.00000000000003,3.48,4.1,56.18333333333333,F,0.010031571620695224,0.009917666336472479,0.009920001987077199,0.00976982096792346,8.463440607526702e-05,9,2013-09-16 11:30:00,0.10136478009259259,0.022657675819954183,0.022295899508831027,0.02220396609554811,0.0219874082579979,0.00023878340764223036,2013-09-16T13:55:57,0.006399074997379808,0.006343205535901623,0.006358390096115486,0.00626345377893542,4.0440540558061656e-05,0.021476421293421807,0.021126438441856184,0.02115406159760814,0.02073158452663408,0.0002670804707751997,125_1_BOA_LC08_228061_20130916
1.3966666666666667,115.30596666666666,"< 0,01",28.02,2,3.47,125,-2.255185,LG,-55.376673,II,0.3182,0.287,0.009999999999999787,0.012165640012471265,0.04537384099427895,38,1.2,3.05,35.00000000000003,3.48,4.1,56.18333333333333,F,0.009965606249585682,0.009704165637121122,0.009688187028570392,0.00940151509976263,0.00015794995564820386,9,2013-09-16 11:30:00,0.10164164351851852,0.02222965634917945,0.022120128852601353,0.022140444310573618,0.021694926010434296,0.0001685355390124531,2013-09-16T13:56:21,0.006342557750892904,0.006100992449152287,0.006105065039821344,0.005796171502333429,0.0001673987935075886,0.02071267526986901,0.020364316145176108,0.020305985710064846,0.020093273199278998,0.0002021971180058438,125_1_BOA_LC08_228062_20130916
1.1349999999999998,76.98266666666667,"< 0,01",22.92,3,3.241,126,-2.255185,LG,-55.376673,II,0.2403,0.282,0.08899999999999997,0.012783164948601013,0.03906095876898796,38,3.5,2.94,35.49999999999997,3.33,4.1,55.349999999999994,F,0.010031571620695224,0.009917666336472479,0.009920001987077199,0.00976982096792346,8.463440607526702e-05,9,2013-09-16 11:30:00,0.10136478009259259,0.022657675819954183,0.022295899508831027,0.02220396609554811,0.0219874082579979,0.00023878340764223036,2013-09-16T13:55:57,0.006399074997379808,0.006343205535901623,0.006358390096115486,0.00626345377893542,4.0440540558061656e-05,0.021476421293421807,0.021126438441856184,0.02115406159760814,0.02073158452663408,0.0002670804707751997,126_1_BOA_LC08_228061_20130916
1.1349999999999998,76.98266666666667,"< 0,01",28.02,3,3.241,126,-2.255185,LG,-55.376673,II,0.2403,0.282,0.08899999999999997,0.012783164948601013,0.03906095876898796,38,3.5,2.94,35.49999999999997,3.33,4.1,55.349999999999994,F,0.009965606249585682,0.009704165637121122,0.009688187028570392,0.00940151509976263,0.00015794995564820386,9,2013-09-16 11:30:00,0.10164164351851852,0.02222965634917945,0.022120128852601353,0.022140444310573618,0.021694926010434296,0.0001685355390124531,2013-09-16T13:56:21,0.006342557750892904,0.006100992449152287,0.006105065039821344,0.005796171502333429,0.0001673987935075886,0.02071267526986901,0.020364316145176108,0.020305985710064846,0.020093273199278998,0.0002021971180058438,126_1_BOA_LC08_228062_20130916
1.4622222222222223,105.10323333333335,"< 0,01",22.92,1,3.586,127,-2.255185,LG,-55.376673,II,0.4379,0.386,0.391,0.021320504157839842,0.061747879266127445,38,0.2,2.89,33.499999999999986,3.977,4.1,58.44444444444444,F,0.010031571620695224,0.009917666336472479,0.009920001987077199,0.00976982096792346,8.463440607526702e-05,9,2013-09-16 11:30:00,0.10136478009259259,0.022657675819954183,0.022295899508831027,0.02220396609554811,0.0219874082579979,0.00023878340764223036,2013-09-16T13:55:57,0.006399074997379808,0.006343205535901623,0.006358390096115486,0.00626345377893542,4.0440540558061656e-05,0.021476421293421807,0.021126438441856184,0.02115406159760814,0.02073158452663408,0.0002670804707751997,127_1_BOA_LC08_228061_20130916
1.4622222222222223,105.10323333333335,"< 0,01",28.02,1,3.586,127,-2.255185,LG,-55.376673,II,0.4379,0.386,0.391,0.021320504157839842,0.061747879266127445,38,0.2,2.89,33.499999999999986,3.977,4.1,58.44444444444444,F,0.009965606249585682,0.009704165637121122,0.009688187028570392,0.00940151509976263,0.00015794995564820386,9,2013-09-16 11:30:00,0.10164164351851852,0.02222965634917945,0.022120128852601353,0.022140444310573618,0.021694926010434296,0.0001685355390124531,2013-09-16T13:56:21,0.006342557750892904,0.006100992449152287,0.006105065039821344,0.005796171502333429,0.0001673987935075886,0.02071267526986901,0.020364316145176108,0.020305985710064846,0.020093273199278998,0.0002021971180058438,127_1_BOA_LC08_228062_20130916
1.1549999999999998,111.14663333333333,"< 0,01",22.92,2,5.603,128,-2.221738,LG,-55.270194,II,0.4968,0.4534,0.39400000000000013,0.05543499704083645,0.05543499704083645,4,1.5,3.3,26.800000000000047,5.997,4.3,32.45,F,0.00836351373625267,0.008056722905937353,0.008069931494083804,0.007869674059058356,0.00014198835761484833,9,2013-09-17 15:45:00,-1.0757185532407407,0.02167933405606899,0.02130716402985726,0.021277737850383702,0.0210194792503359,0.00021344858300377596,2013-09-16T13:55:57,0.004086480644954264,0.0038640542136900097,0.003796115946164927,0.0036690863077002873,0.00013986321426299808,0.018210744665325934,0.017854921216378043,0.017773006382087484,0.017678626870569022,0.0001774019330719922,128_1_BOA_LC08_228061_20130916
1.1549999999999998,111.14663333333333,"< 0,01",32.66,2,5.603,128,-2.221738,LG,-55.270194,II,0.4968,0.4534,0.39400000000000013,0.05543499704083645,0.05543499704083645,4,1.5,3.3,26.800000000000047,5.997,4.3,32.45,F,0.009684263626647305,0.009401211643634489,0.009346027109614883,0.009166599656959925,0.00017326514924473148,9,2013-09-17 15:45:00,14.924223738425926,0.023068352735978487,0.02290264033605868,0.02288337638932008,0.02283012420170571,8.736888031097229e-05,2013-10-02T13:55:52,0.006972746934033124,0.006847416378306266,0.0068594426882391535,0.006748333170083238,7.042399698245592e-05,0.022182045911343307,0.02198526395555946,0.021988933029272892,0.02178249568479351,0.00011684429392836546,128_1_BOA_LC08_228061_20131002
1.1549999999999998,111.14663333333333,"< 0,01",28.02,2,5.603,128,-2.221738,LG,-55.270194,II,0.4968,0.4534,0.39400000000000013,0.05543499704083645,0.05543499704083645,4,1.5,3.3,26.800000000000047,5.997,4.3,32.45,F,0.008664947335812963,0.008245224507669327,0.00824065325010678,0.008002281015242838,0.00019693063485917253,9,2013-09-17 15:45:00,-1.075441689814815,0.021854645537295957,0.02150182526886524,0.021519345122407996,0.021277686020310244,0.00019917806133638104,2013-09-16T13:56:21,0.004222847083033644,0.00401617090879808,0.004028302086469621,0.003754352713610881,0.0001379925147126215,0.018347237414014644,0.018008515533189485,0.018025717499814985,0.01775179996185565,0.0001940531024471366,128_1_BOA_LC08_228062_20130916
1.1549999999999998,111.14663333333333,"< 0,01",32.94,2,5.603,128,-2.221738,LG,-55.270194,II,0.4968,0.4534,0.39400000000000013,0.05543499704083645,0.05543499704083645,4,1.5,3.3,26.800000000000047,5.997,4.3,32.45,F,0.01000121872638872,0.00972622044711153,0.00977454550673754,0.009530458935539981,0.00014121862413125723,9,2013-09-17 15:45:00,14.924500601851852,0.023278022711733192,0.023103374844929532,0.02314037301130628,0.023055541278810102,6.684545361708168e-05,2013-10-02T13:56:16,0.006964766147584348,0.0068592197272915245,0.006873599712501299,0.006796476375369006,5.930090645161219e-05,0.022533707817293608,0.02232841677283266,0.022322719350254698,0.02210680069841746,0.00012345354416918677,128_1_BOA_LC08_228062_20131002
0.9766666666666666,53.428900000000006,"< 0,01",22.92,3,4.142,129,-2.221738,LG,-55.270194,II,0.331,0.3105,0.6079999999999997,0.04865897111344817,0.053856776484513716,4,3.5,3.28,26.400000000000034,4.75,4.3,28.599999999999998,F,0.00836351373625267,0.008056722905937353,0.008069931494083804,0.007869674059058356,0.00014198835761484833,9,2013-09-17 15:45:00,-1.0757185532407407,0.02167933405606899,0.02130716402985726,0.021277737850383702,0.0210194792503359,0.00021344858300377596,2013-09-16T13:55:57,0.004086480644954264,0.0038640542136900097,0.003796115946164927,0.0036690863077002873,0.00013986321426299808,0.018210744665325934,0.017854921216378043,0.017773006382087484,0.017678626870569022,0.0001774019330719922,129_1_BOA_LC08_228061_20130916
0.9766666666666666,53.428900000000006,"< 0,01",32.66,3,4.142,129,-2.221738,LG,-55.270194,II,0.331,0.3105,0.6079999999999997,0.04865897111344817,0.053856776484513716,4,3.5,3.28,26.400000000000034,4.75,4.3,28.599999999999998,F,0.009684263626647305,0.009401211643634489,0.009346027109614883,0.009166599656959925,0.00017326514924473148,9,2013-09-17 15:45:00,14.924223738425926,0.023068352735978487,0.02290264033605868,0.02288337638932008,0.02283012420170571,8.736888031097229e-05,2013-10-02T13:55:52,0.006972746934033124,0.006847416378306266,0.0068594426882391535,0.006748333170083238,7.042399698245592e-05,0.022182045911343307,0.02198526395555946,0.021988933029272892,0.02178249568479351,0.00011684429392836546,129_1_BOA_LC08_228061_20131002
0.9766666666666666,53.428900000000006,"< 0,01",28.02,3,4.142,129,-2.221738,LG,-55.270194,II,0.331,0.3105,0.6079999999999997,0.04865897111344817,0.053856776484513716,4,3.5,3.28,26.400000000000034,4.75,4.3,28.599999999999998,F,0.008664947335812963,0.008245224507669327,0.00824065325010678,0.008002281015242838,0.00019693063485917253,9,2013-09-17 15:45:00,-1.075441689814815,0.021854645537295957,0.02150182526886524,0.021519345122407996,0.021277686020310244,0.00019917806133638104,2013-09-16T13:56:21,0.004222847083033644,0.00401617090879808,0.004028302086469621,0.003754352713610881,0.0001379925147126215,0.018347237414014644,0.018008515533189485,0.018025717499814985,0.01775179996185565,0.0001940531024471366,129_1_BOA_LC08_228062_20130916
0.9766666666666666,53.428900000000006,"< 0,01",32.94,3,4.142,129,-2.221738,LG,-55.270194,II,0.331,0.3105,0.6079999999999997,0.04865897111344817,0.053856776484513716,4,3.5,3.28,26.400000000000034,4.75,4.3,28.599999999999998,F,0.01000121872638872,0.00972622044711153,0.00977454550673754,0.009530458935539981,0.00014121862413125723,9,2013-09-17 15:45:00,14.924500601851852,0.023278022711733192,0.023103374844929532,0.02314037301130628,0.023055541278810102,6.684545361708168e-05,2013-10-02T13:56:16,0.006964766147584348,0.0068592197272915245,0.006873599712501299,0.006796476375369006,5.930090645161219e-05,0.022533707817293608,0.02232841677283266,0.022322719350254698,0.02210680069841746,0.00012345354416918677,129_1_BOA_LC08_228062_20131002
1.7122222222222223,56.16885,0.7451000000000026,22.92,1,4.002,130,-2.245385,LG,-55.24066,II,0.3699,0.2717,0.133,0.027618859735648055,0.027618859735648055,2,0.2,3.2,4.571428571428583,4.135,3.7,12.233333333333334,F,0.0037419028858954734,0.003274148559568575,0.003241358306616319,0.0029427198538038296,0.00024091888385807016,9,2013-09-17 12:50:00,-0.9541907754629629,0.014154925085803727,0.013638957481599864,0.013771432356361711,0.012999280613591475,0.00038868140280967634,2013-09-16T13:55:57,0.0033776591893162344,0.003079584395171967,0.0030540524072009967,0.0027401783529698125,0.00020576313491963458,0.010981752363077885,0.01046682278248014,0.010513777338145909,0.009877361541157738,0.00032899070869014306,130_1_BOA_LC08_228061_20130916
1.7122222222222223,56.16885,0.7451000000000026,32.66,1,4.002,130,-2.245385,LG,-55.24066,II,0.3699,0.2717,0.133,0.027618859735648055,0.027618859735648055,2,0.2,3.2,4.571428571428583,4.135,3.7,12.233333333333334,F,0.005678257272188153,0.005244232132527581,0.0052354977640699,0.004945531406190282,0.0002757969058558439,9,2013-09-17 12:50:00,15.045751516203703,0.019174516877699138,0.018596035404082584,0.01850019665027141,0.01811669667648509,0.00031159000079947793,2013-10-02T13:55:52,0.007739168789751175,0.007374528235420137,0.007341742796442723,0.007139354101081113,0.00019417543091459233,0.015678290485205186,0.014941337460384323,0.014805077687865601,0.01424681891947794,0.00043426404908596106,130_1_BOA_LC08_228061_20131002
1.7122222222222223,56.16885,0.7451000000000026,28.02,1,4.002,130,-2.245385,LG,-55.24066,II,0.3699,0.2717,0.133,0.027618859735648055,0.027618859735648055,2,0.2,3.2,4.571428571428583,4.135,3.7,12.233333333333334,F,0.0039525981052833115,0.003402322691795172,0.003370290396162323,0.0030612663568011095,0.000277113848191059,9,2013-09-17 12:50:00,-0.953913912037037,0.014356915799655444,0.013707653955257644,0.013858099185104486,0.013012916805293703,0.00044521741490526263,2013-09-16T13:56:21,0.003435522624137058,0.0030996324620991052,0.0030602208436194406,0.0027352357724069777,0.0002374341537728201,0.011131759348378865,0.010519624398371596,0.010579047478794242,0.009884947628985029,0.00036921706293404315,130_1_BOA_LC08_228062_20130916
1.7122222222222223,56.16885,0.7451000000000026,32.94,1,4.002,130,-2.245385,LG,-55.24066,II,0.3699,0.2717,0.133,0.027618859735648055,0.027618859735648055,2,0.2,3.2,4.571428571428583,4.135,3.7,12.233333333333334,F,0.005261198452925223,0.005034354623886284,0.005037549687268047,0.004769213556341002,0.00014790742624961337,9,2013-09-17 12:50:00,15.046028379629629,0.018582689024020674,0.018269943690561678,0.01849049648456484,0.017721315903221898,0.00030257181597528833,2013-10-02T13:56:16,0.007496881421725395,0.007142132940059539,0.007291643761755,0.006621186829258191,0.0003180000920824833,0.014961204087773804,0.014198584408900653,0.014322601509281191,0.0136886444175883,0.00039888549255079033,130_1_BOA_LC08_228062_20131002
1.4375,99.34129999999999,3.03235,22.92,1,4.778,131,-2.19696,LG,-55.29953,II,0.4265,0.39519999999999994,0.4460000000000006,0.026172461384325697,0.07930558295521799,3,0.2,3.54,50.4,5.224,2.3,61.05,F,0.011397085390705374,-0.006557812183271543,-0.00135522983034439,-0.03997125941632937,0.018499436264540318,9,2013-09-17 13:30:00,-0.9819685532407407,0.025900108700789952,0.0075158439310164605,0.012837107202991055,-0.027699916220064975,0.019155047720759894,2013-09-16T13:55:57,0.0615767963441495,0.026221021516061017,0.02098272505122952,0.00881032398175999,0.018911432379335662,0.025800983941128473,0.005058169622118396,0.010864649865329992,-0.03458706998213533,0.021664845102856316,131_1_BOA_LC08_228061_20130916
1.4375,99.34129999999999,3.03235,28.02,1,4.778,131,-2.19696,LG,-55.29953,II,0.4265,0.39519999999999994,0.4460000000000006,0.026172461384325697,0.07930558295521799,3,0.2,3.54,50.4,5.224,2.3,61.05,F,0.013341512121223236,0.00869756352649363,0.010895231492956174,-0.009809745129419692,0.007392739917698465,9,2013-09-17 13:30:00,-0.9816916898148148,0.027169041439190716,0.022543971084756358,0.026134724215960685,0.0034689619145923944,0.007497555809124095,2013-09-16T13:56:21,0.02949607391333707,0.012143987462579036,0.008718274839646885,0.008417937364060971,0.006782695510867983,0.027344350189363396,0.021444773702065618,0.025302245673381383,-0.00011491783376757145,0.008535035006339729,131_1_BOA_LC08_228062_20130916
1.1380000000000001,101.60123333333335,"< 0,01",22.92,1,5.484,132,-2.221738,LG,-55.270194,II,0.4802,0.44310000000000005,0.5460000000000003,0.054851766386215015,0.059183270862102975,4,0.2,3.3,27.600000000000012,6.03,4.3,32.28,F,0.00836351373625267,0.008056722905937353,0.008069931494083804,0.007869674059058356,0.00014198835761484833,9,2013-09-17 15:45:00,-1.0757185532407407,0.02167933405606899,0.02130716402985726,0.021277737850383702,0.0210194792503359,0.00021344858300377596,2013-09-16T13:55:57,0.004086480644954264,0.0038640542136900097,0.003796115946164927,0.0036690863077002873,0.00013986321426299808,0.018210744665325934,0.017854921216378043,0.017773006382087484,0.017678626870569022,0.0001774019330719922,132_1_BOA_LC08_228061_20130916
1.1380000000000001,101.60123333333335,"< 0,01",32.66,1,5.484,132,-2.221738,LG,-55.270194,II,0.4802,0.44310000000000005,0.5460000000000003,0.054851766386215015,0.059183270862102975,4,0.2,3.3,27.600000000000012,6.03,4.3,32.28,F,0.009684263626647305,0.009401211643634489,0.009346027109614883,0.009166599656959925,0.00017326514924473148,9,2013-09-17 15:45:00,14.924223738425926,0.023068352735978487,0.02290264033605868,0.02288337638932008,0.02283012420170571,8.736888031097229e-05,2013-10-02T13:55:52,0.006972746934033124,0.006847416378306266,0.0068594426882391535,0.006748333170083238,7.042399698245592e-05,0.022182045911343307,0.02198526395555946,0.021988933029272892,0.02178249568479351,0.00011684429392836546,132_1_BOA_LC08_228061_20131002
1.1380000000000001,101.60123333333335,"< 0,01",28.02,1,5.484,132,-2.221738,LG,-55.270194,II,0.4802,0.44310000000000005,0.5460000000000003,0.054851766386215015,0.059183270862102975,4,0.2,3.3,27.600000000000012,6.03,4.3,32.28,F,0.008664947335812963,0.008245224507669327,0.00824065325010678,0.008002281015242838,0.00019693063485917253,9,2013-09-17 15:45:00,-1.075441689814815,0.021854645537295957,0.02150182526886524,0.021519345122407996,0.021277686020310244,0.00019917806133638104,2013-09-16T13:56:21,0.004222847083033644,0.00401617090879808,0.004028302086469621,0.003754352713610881,0.0001379925147126215,0.018347237414014644,0.018008515533189485,0.018025717499814985,0.01775179996185565,0.0001940531024471366,132_1_BOA_LC08_228062_20130916
1.1380000000000001,101.60123333333335,"< 0,01",32.94,1,5.484,132,-2.221738,LG,-55.270194,II,0.4802,0.44310000000000005,0.5460000000000003,0.054851766386215015,0.059183270862102975,4,0.2,3.3,27.600000000000012,6.03,4.3,32.28,F,0.01000121872638872,0.00972622044711153,0.00977454550673754,0.009530458935539981,0.00014121862413125723,9,2013-09-17 15:45:00,14.924500601851852,0.023278022711733192,0.023103374844929532,0.02314037301130628,0.023055541278810102,6.684545361708168e-05,2013-10-02T13:56:16,0.006964766147584348,0.0068592197272915245,0.006873599712501299,0.006796476375369006,5.930090645161219e-05,0.022533707817293608,0.02232841677283266,0.022322719350254698,0.02210680069841746,0.00012345354416918677,132_1_BOA_LC08_228062_20131002
0.8775,21.006849999999996,"< 0,01",32.66,1,2.982,133,-2.166034,LG,-55.233215,II,0.23309999999999997,0.2236,0.22699999999999987,0.050895049415382206,0.1025843361609785,42,0.2,3.18,68.49999999999994,3.209,3.0,36.55,F,0.011067155111571353,0.003954119614233043,0.009437374272189866,-0.012615224373967782,0.007051662408028082,9,2013-09-17 11:45:00,15.090890405092592,0.0255644693590669,0.017971376749843893,0.023955088669889355,-0.001147175307929231,0.008199455602203327,2013-10-02T13:55:52,0.023744744091051564,0.013237226985154584,0.009993819513091725,0.008233957167856763,0.004637221178615311,0.033963631722626404,0.024190739857783333,0.0322461139035249,0.0007502697140373479,0.010129071978395306,133_1_BOA_LC08_228061_20131002
0.85,59.787875,"< 0,01",22.92,2,3.525,134,-2.2035,LG,-55.236138,II,0.36979999999999996,0.28550000000000003,0.7709999999999995,0.03954130657908446,0.04300651015979483,43,2.0,3.09,22.49999999999995,4.295999999999999,4.3,15.9,F,0.00863654878998247,0.008470863744554882,0.008436746689593308,0.008326919044447458,9.627352445266985e-05,9,2013-09-17 10:45:00,-0.8673852199074074,0.02168126890796391,0.021455100984531603,0.021488690013068537,0.021179475775376093,0.00015664839860179237,2013-09-16T13:55:57,0.003566661071886381,0.003372631863382802,0.0033738392009501905,0.00315105718762038,0.0001482417262067675,0.017750188988999993,0.01748904279823994,0.01747503610856676,0.01730707067516158,0.00014777053518945596,134_1_BOA_LC08_228061_20130916
0.85,59.787875,"< 0,01",32.66,2,3.525,134,-2.2035,LG,-55.236138,II,0.36979999999999996,0.28550000000000003,0.7709999999999995,0.03954130657908446,0.04300651015979483,43,2.0,3.09,22.49999999999995,4.295999999999999,4.3,15.9,F,0.010075213502082857,0.009858211197240788,0.00988108184979385,0.009614280283114288,0.00014165049867336546,9,2013-09-17 10:45:00,15.13255707175926,0.024181408544667975,0.0239366900648817,0.02395427199993263,0.02373372064930037,0.00012162567511623169,2013-10-02T13:55:52,0.006950409144646431,0.0068834100227038635,0.0068724852623145115,0.0067975098438602145,4.54713754867439e-05,0.02531284908454814,0.025191319478040722,0.02517349159531494,0.024999819466398687,8.776270432873957e-05,134_1_BOA_LC08_228061_20131002
0.85,59.787875,"< 0,01",28.02,2,3.525,134,-2.2035,LG,-55.236138,II,0.36979999999999996,0.28550000000000003,0.7709999999999995,0.03954130657908446,0.04300651015979483,43,2.0,3.09,22.49999999999995,4.295999999999999,4.3,15.9,F,0.008916365093568468,0.008643151910590337,0.008653817859024016,0.008407277819702963,0.00014390894809235524,9,2013-09-17 10:45:00,-0.8671083564814814,0.02187483112219874,0.021711780628562004,0.021727411520621163,0.02160422860400519,9.011924705945073e-05,2013-09-16T13:56:21,0.003626368020663139,0.003471960564470162,0.0034913987064974436,0.003299704836927618,0.00010154924900447212,0.017897555759619897,0.017712802493034103,0.017745058569242803,0.01755200427041149,0.00010087066301896668,134_1_BOA_LC08_228062_20130916
0.85,59.787875,"< 0,01",32.94,2,3.525,134,-2.2035,LG,-55.236138,II,0.36979999999999996,0.28550000000000003,0.7709999999999995,0.03954130657908446,0.04300651015979483,43,2.0,3.09,22.49999999999995,4.295999999999999,4.3,15.9,F,0.00996095934034738,0.009806106302165362,0.009763553207447456,0.009613062974874152,0.0001290930551249822,9,2013-09-17 10:45:00,15.132833935185186,0.023993453377746908,0.023818280190569006,0.023870629220681647,0.023512334510294056,0.00015605204890933947,2013-10-02T13:56:16,0.006989053216698349,0.006834140807242323,0.006835333091731916,0.006597175454340742,0.00012210189837743261,0.0251751099233763,0.025014273041176385,0.02505164144462222,0.024823511161974104,0.00012536607506058415,134_1_BOA_LC08_228062_20131002
,58.976699999999994,"< 0,01",22.92,3,3.456,135,-2.2035,LG,-55.236138,II,0.2949,0.22949999999999998,"< 0,001",0.02073704563423827,0.025646084040244623,43,3.5,3.22,24.00000000000006,3.389,4.3,,F,0.00863654878998247,0.008470863744554882,0.008436746689593308,0.008326919044447458,9.627352445266985e-05,9,2013-09-17 10:45:00,-0.8673852199074074,0.02168126890796391,0.021455100984531603,0.021488690013068537,0.021179475775376093,0.00015664839860179237,2013-09-16T13:55:57,0.003566661071886381,0.003372631863382802,0.0033738392009501905,0.00315105718762038,0.0001482417262067675,0.017750188988999993,0.01748904279823994,0.01747503610856676,0.01730707067516158,0.00014777053518945596,135_1_BOA_LC08_228061_20130916
,58.976699999999994,"< 0,01",32.66,3,3.456,135,-2.2035,LG,-55.236138,II,0.2949,0.22949999999999998,"< 0,001",0.02073704563423827,0.025646084040244623,43,3.5,3.22,24.00000000000006,3.389,4.3,,F,0.010075213502082857,0.009858211197240788,0.00988108184979385,0.009614280283114288,0.00014165049867336546,9,2013-09-17 10:45:00,15.13255707175926,0.024181408544667975,0.0239366900648817,0.02395427199993263,0.02373372064930037,0.00012162567511623169,2013-10-02T13:55:52,0.006950409144646431,0.0068834100227038635,0.0068724852623145115,0.0067975098438602145,4.54713754867439e-05,0.02531284908454814,0.025191319478040722,0.02517349159531494,0.024999819466398687,8.776270432873957e-05,135_1_BOA_LC08_228061_20131002
,58.976699999999994,"< 0,01",28.02,3,3.456,135,-2.2035,LG,-55.236138,II,0.2949,0.22949999999999998,"< 0,001",0.02073704563423827,0.025646084040244623,43,3.5,3.22,24.00000000000006,3.389,4.3,,F,0.008916365093568468,0.008643151910590337,0.008653817859024016,0.008407277819702963,0.00014390894809235524,9,2013-09-17 10:45:00,-0.8671083564814814,0.02187483112219874,0.021711780628562004,0.021727411520621163,0.02160422860400519,9.011924705945073e-05,2013-09-16T13:56:21,0.003626368020663139,0.003471960564470162,0.0034913987064974436,0.003299704836927618,0.00010154924900447212,0.017897555759619897,0.017712802493034103,0.017745058569242803,0.01755200427041149,0.00010087066301896668,135_1_BOA_LC08_228062_20130916
,58.976699999999994,"< 0,01",32.94,3,3.456,135,-2.2035,LG,-55.236138,II,0.2949,0.22949999999999998,"< 0,001",0.02073704563423827,0.025646084040244623,43,3.5,3.22,24.00000000000006,3.389,4.3,,F,0.00996095934034738,0.009806106302165362,0.009763553207447456,0.009613062974874152,0.0001290930551249822,9,2013-09-17 10:45:00,15.132833935185186,0.023993453377746908,0.023818280190569006,0.023870629220681647,0.023512334510294056,0.00015605204890933947,2013-10-02T13:56:16,0.006989053216698349,0.006834140807242323,0.006835333091731916,0.006597175454340742,0.00012210189837743261,0.0251751099233763,0.025014273041176385,0.02505164144462222,0.024823511161974104,0.00012536607506058415,135_1_BOA_LC08_228062_20131002
0.84375,72.77955,"< 0,01",22.92,1,3.333,136,-2.2035,LG,-55.236138,II,0.2784,0.247,0.806,0.03649635036496351,0.03649635036496351,43,0.2,3.09,23.000000000000032,4.139,4.3,15.8875,F,0.00863654878998247,0.008470863744554882,0.008436746689593308,0.008326919044447458,9.627352445266985e-05,9,2013-09-17 10:45:00,-0.8673852199074074,0.02168126890796391,0.021455100984531603,0.021488690013068537,0.021179475775376093,0.00015664839860179237,2013-09-16T13:55:57,0.003566661071886381,0.003372631863382802,0.0033738392009501905,0.00315105718762038,0.0001482417262067675,0.017750188988999993,0.01748904279823994,0.01747503610856676,0.01730707067516158,0.00014777053518945596,136_1_BOA_LC08_228061_20130916
0.84375,72.77955,"< 0,01",32.66,1,3.333,136,-2.2035,LG,-55.236138,II,0.2784,0.247,0.806,0.03649635036496351,0.03649635036496351,43,0.2,3.09,23.000000000000032,4.139,4.3,15.8875,F,0.010075213502082857,0.009858211197240788,0.00988108184979385,0.009614280283114288,0.00014165049867336546,9,2013-09-17 10:45:00,15.13255707175926,0.024181408544667975,0.0239366900648817,0.02395427199993263,0.02373372064930037,0.00012162567511623169,2013-10-02T13:55:52,0.006950409144646431,0.0068834100227038635,0.0068724852623145115,0.0067975098438602145,4.54713754867439e-05,0.02531284908454814,0.025191319478040722,0.02517349159531494,0.024999819466398687,8.776270432873957e-05,136_1_BOA_LC08_228061_20131002
0.84375,72.77955,"< 0,01",28.02,1,3.333,136,-2.2035,LG,-55.236138,II,0.2784,0.247,0.806,0.03649635036496351,0.03649635036496351,43,0.2,3.09,23.000000000000032,4.139,4.3,15.8875,F,0.008916365093568468,0.008643151910590337,0.008653817859024016,0.008407277819702963,0.00014390894809235524,9,2013-09-17 10:45:00,-0.8671083564814814,0.02187483112219874,0.021711780628562004,0.021727411520621163,0.02160422860400519,9.011924705945073e-05,2013-09-16T13:56:21,0.003626368020663139,0.003471960564470162,0.0034913987064974436,0.003299704836927618,0.00010154924900447212,0.017897555759619897,0.017712802493034103,0.017745058569242803,0.01755200427041149,0.00010087066301896668,136_1_BOA_LC08_228062_20130916
0.84375,72.77955,"< 0,01",32.94,1,3.333,136,-2.2035,LG,-55.236138,II,0.2784,0.247,0.806,0.03649635036496351,0.03649635036496351,43,0.2,3.09,23.000000000000032,4.139,4.3,15.8875,F,0.00996095934034738,0.009806106302165362,0.009763553207447456,0.009613062974874152,0.0001290930551249822,9,2013-09-17 10:45:00,15.132833935185186,0.023993453377746908,0.023818280190569006,0.023870629220681647,0.023512334510294056,0.00015605204890933947,2013-10-02T13:56:16,0.006989053216698349,0.006834140807242323,0.006835333091731916,0.006597175454340742,0.00012210189837743261,0.0251751099233763,0.025014273041176385,0.02505164144462222,0.024823511161974104,0.00012536607506058415,136_1_BOA_LC08_228062_20131002
1.4728571428571429,,,22.92,1,,137,-2.27898,LG,-55.22471,II,,,,,,49,0.2,,3.2307692307692375,,3.0,35.785714285714285,F,-0.004361520060431752,-0.014469917137090478,-0.010598879221324332,-0.03310178014082381,0.009590955322938528,9,2013-09-17 09:20:00,-0.8083574421296297,-0.0014932165375879467,-0.010158528042480084,-0.007083728970088875,-0.026316812928121467,0.008342173964317346,2013-09-16T13:55:57,0.031230831100103378,0.012922052183387002,0.010803617560006303,0.0015796020029545648,0.010058524938985488,-0.0025000559387801,-0.011664162343968014,-0.008438676071318495,-0.029106212388872846,0.008766581161653844,137_1_BOA_LC08_228061_20130916
1.4728571428571429,,,32.66,1,,137,-2.27898,LG,-55.22471,II,,,,,,49,0.2,,3.2307692307692375,,3.0,35.785714285714285,F,-0.0016424523750386624,-0.023632122173032646,-0.01691020983505093,-0.05629127417044728,0.019713766237670467,9,2013-09-17 09:20:00,15.191584849537037,0.0027697374507349368,-0.017451977063985172,-0.012555947908864884,-0.047010273950017306,0.018248505123704857,2013-10-02T13:55:52,0.05890770118278618,0.021756382200195514,0.01811450703789412,0.006950470061857172,0.01643218966321455,0.0011860801485743394,-0.019651847198825408,-0.014900634117732214,-0.052384346379368216,0.019171561820910468,137_1_BOA_LC08_228061_20131002
1.4728571428571429,,,28.02,1,,137,-2.27898,LG,-55.22471,II,,,,,,49,0.2,,3.2307692307692375,,3.0,35.785714285714285,F,-0.004255746803471078,-0.014362011239919113,-0.01037685527646327,-0.0331423355268774,0.009649986077987279,9,2013-09-17 09:20:00,-0.8080805787037038,-0.0013802539050873728,-0.010097391402096591,-0.006917764572757246,-0.026373765133884598,0.008397209217292409,2013-09-16T13:56:21,0.031291561411637185,0.012907806316733243,0.010729827084257602,0.0016701825092770954,0.01004991793020993,-0.002346226066401731,-0.01162835497989148,-0.00832781415349778,-0.02922729253721188,0.008842921618801684,137_1_BOA_LC08_228062_20130916
1.4728571428571429,,,32.94,1,,137,-2.27898,LG,-55.22471,II,,,,,,49,0.2,,3.2307692307692375,,3.0,35.785714285714285,F,-0.000580988057003488,-0.016489462179700185,-0.015007958275397013,-0.0354454483777769,0.012778342467102431,9,2013-09-17 09:20:00,15.191861712962963,0.0030953704959133348,-0.010911248604951409,-0.009887543720908701,-0.027757014324517548,0.011136413417061763,2013-10-02T13:56:16,0.04522512323667206,0.021106521478129858,0.018549737891901952,0.0063172870971819235,0.012787779255944038,0.0012268144146214133,-0.01291695613354845,-0.012308434246565976,-0.03013937295811286,0.01115755220997196,137_1_BOA_LC08_228062_20131002
0.7433333333333333,48.440175,"< 0,01",22.92,2,4.273,138,-2.25127,LG,-55.14622,II,0.40739999999999993,0.35120000000000007,0.06600000000000072,0.038074570921286244,0.038074570921286244,1,1.5,3.46,22.49999999999995,4.339,,25.266666666666666,F,0.007334889807730463,0.007201410149694094,0.007233741423817493,0.006986082007676683,0.00010145682638082632,9,2013-09-18 11:09:05,-1.8841097569444445,0.01866686272066415,0.018537244676438556,0.018536688236590687,0.01850271229906135,4.8623592238212036e-05,2013-09-16T13:55:57,0.00447082587221485,0.004342033511891246,0.004362168172150061,0.0041848289974173,0.00010011210501886187,0.015712679668462685,0.015498064495969632,0.01552799396654475,0.015327760375986169,0.00012730840722258524,138_1_BOA_LC08_228061_20130916
0.7433333333333333,48.440175,"< 0,01",32.66,2,4.273,138,-2.25127,LG,-55.14622,II,0.40739999999999993,0.35120000000000007,0.06600000000000072,0.038074570921286244,0.038074570921286244,1,1.5,3.46,22.49999999999995,4.339,,25.266666666666666,F,0.00954272287922843,0.009373202564866739,0.009380455559987236,0.009239780125757227,7.951845560422437e-05,9,2013-09-18 11:09:05,14.115832534722223,0.02302766335553019,0.0228375984618659,0.02283187319025084,0.022610666166531963,0.00014776913554389576,2013-10-02T13:55:52,0.007835244750744024,0.007571474646701912,0.00763083267204117,0.00732664244512304,0.0001658663850106261,0.027715407929149376,0.027298581135828004,0.027322497812557286,0.026919037104595082,0.00025130591525567497,138_1_BOA_LC08_228061_20131002
0.7433333333333333,48.440175,"< 0,01",28.02,2,4.273,138,-2.25127,LG,-55.14622,II,0.40739999999999993,0.35120000000000007,0.06600000000000072,0.038074570921286244,0.038074570921286244,1,1.5,3.46,22.49999999999995,4.339,,25.266666666666666,F,0.0075324556882842425,0.007404957724974427,0.007437609556879575,0.007179542422901364,0.00010414875129579332,9,2013-09-18 11:09:05,-1.8838328935185185,0.01886152222369729,0.01873414708035835,0.018744412532566188,0.018697062889877228,4.898465088724563e-05,2013-09-16T13:56:21,0.004533685028887329,0.0044060471519947585,0.004429248339550693,0.004243090347640921,9.988564035963627e-05,0.0158649715484771,0.015647704358815354,0.015676679988545546,0.015473015099872978,0.00012745299956274763,138_1_BOA_LC08_228062_20130916
0.7433333333333333,48.440175,"< 0,01",32.94,2,4.273,138,-2.25127,LG,-55.14622,II,0.40739999999999993,0.35120000000000007,0.06600000000000072,0.038074570921286244,0.038074570921286244,1,1.5,3.46,22.49999999999995,4.339,,25.266666666666666,F,0.00948939949227309,0.009317712812966597,0.009292878299906798,0.009162127680926498,0.00010056116311658568,9,2013-09-18 11:09:05,14.116109398148149,0.02297653020233354,0.022767961348973825,0.022768441444371037,0.022563173705190183,0.000134609227456158,2013-10-02T13:56:16,0.007750115633921806,0.007473026639153493,0.007408246055442588,0.0072780779646404135,0.00016567238340976616,0.027686350644798997,0.02715477350088892,0.027067496202177136,0.026830971882584535,0.0002622727602172068,138_1_BOA_LC08_228062_20131002
0.7375,46.1891,"< 0,01",22.92,3,4.483,139,-2.25127,LG,-55.14622,II,0.40739999999999993,0.3669,"< 0,001",0.03600181771085444,0.051884000789110284,1,3.0,3.1,22.99999999999996,4.181,,37.85,F,0.007334889807730463,0.007201410149694094,0.007233741423817493,0.006986082007676683,0.00010145682638082632,9,2013-09-18 11:09:05,-1.8841097569444445,0.01866686272066415,0.018537244676438556,0.018536688236590687,0.01850271229906135,4.8623592238212036e-05,2013-09-16T13:55:57,0.00447082587221485,0.004342033511891246,0.004362168172150061,0.0041848289974173,0.00010011210501886187,0.015712679668462685,0.015498064495969632,0.01552799396654475,0.015327760375986169,0.00012730840722258524,139_1_BOA_LC08_228061_20130916
0.7375,46.1891,"< 0,01",32.66,3,4.483,139,-2.25127,LG,-55.14622,II,0.40739999999999993,0.3669,"< 0,001",0.03600181771085444,0.051884000789110284,1,3.0,3.1,22.99999999999996,4.181,,37.85,F,0.00954272287922843,0.009373202564866739,0.009380455559987236,0.009239780125757227,7.951845560422437e-05,9,2013-09-18 11:09:05,14.115832534722223,0.02302766335553019,0.0228375984618659,0.02283187319025084,0.022610666166531963,0.00014776913554389576,2013-10-02T13:55:52,0.007835244750744024,0.007571474646701912,0.00763083267204117,0.00732664244512304,0.0001658663850106261,0.027715407929149376,0.027298581135828004,0.027322497812557286,0.026919037104595082,0.00025130591525567497,139_1_BOA_LC08_228061_20131002
0.7375,46.1891,"< 0,01",28.02,3,4.483,139,-2.25127,LG,-55.14622,II,0.40739999999999993,0.3669,"< 0,001",0.03600181771085444,0.051884000789110284,1,3.0,3.1,22.99999999999996,4.181,,37.85,F,0.0075324556882842425,0.007404957724974427,0.007437609556879575,0.007179542422901364,0.00010414875129579332,9,2013-09-18 11:09:05,-1.8838328935185185,0.01886152222369729,0.01873414708035835,0.018744412532566188,0.018697062889877228,4.898465088724563e-05,2013-09-16T13:56:21,0.004533685028887329,0.0044060471519947585,0.004429248339550693,0.004243090347640921,9.988564035963627e-05,0.0158649715484771,0.015647704358815354,0.015676679988545546,0.015473015099872978,0.00012745299956274763,139_1_BOA_LC08_228062_20130916
0.7375,46.1891,"< 0,01",32.94,3,4.483,139,-2.25127,LG,-55.14622,II,0.40739999999999993,0.3669,"< 0,001",0.03600181771085444,0.051884000789110284,1,3.0,3.1,22.99999999999996,4.181,,37.85,F,0.00948939949227309,0.009317712812966597,0.009292878299906798,0.009162127680926498,0.00010056116311658568,9,2013-09-18 11:09:05,14.116109398148149,0.02297653020233354,0.022767961348973825,0.022768441444371037,0.022563173705190183,0.000134609227456158,2013-10-02T13:56:16,0.007750115633921806,0.007473026639153493,0.007408246055442588,0.0072780779646404135,0.00016567238340976616,0.027686350644798997,0.02715477350088892,0.027067496202177136,0.026830971882584535,0.0002622727602172068,139_1_BOA_LC08_228062_20131002
0.7395999999999999,46.7363,"< 0,01",22.92,1,4.503,140,-2.25127,LG,-55.14622,II,0.4538,0.3164,"< 0,001",0.027678960179155145,0.038074570921286244,1,0.2,3.34,23.999999999999993,4.083,3.7,24.791999999999998,F,0.007334889807730463,0.007201410149694094,0.007233741423817493,0.006986082007676683,0.00010145682638082632,9,2013-09-18 11:09:05,-1.8841097569444445,0.01866686272066415,0.018537244676438556,0.018536688236590687,0.01850271229906135,4.8623592238212036e-05,2013-09-16T13:55:57,0.00447082587221485,0.004342033511891246,0.004362168172150061,0.0041848289974173,0.00010011210501886187,0.015712679668462685,0.015498064495969632,0.01552799396654475,0.015327760375986169,0.00012730840722258524,140_1_BOA_LC08_228061_20130916
0.7395999999999999,46.7363,"< 0,01",32.66,1,4.503,140,-2.25127,LG,-55.14622,II,0.4538,0.3164,"< 0,001",0.027678960179155145,0.038074570921286244,1,0.2,3.34,23.999999999999993,4.083,3.7,24.791999999999998,F,0.00954272287922843,0.009373202564866739,0.009380455559987236,0.009239780125757227,7.951845560422437e-05,9,2013-09-18 11:09:05,14.115832534722223,0.02302766335553019,0.0228375984618659,0.02283187319025084,0.022610666166531963,0.00014776913554389576,2013-10-02T13:55:52,0.007835244750744024,0.007571474646701912,0.00763083267204117,0.00732664244512304,0.0001658663850106261,0.027715407929149376,0.027298581135828004,0.027322497812557286,0.026919037104595082,0.00025130591525567497,140_1_BOA_LC08_228061_20131002
0.7395999999999999,46.7363,"< 0,01",28.02,1,4.503,140,-2.25127,LG,-55.14622,II,0.4538,0.3164,"< 0,001",0.027678960179155145,0.038074570921286244,1,0.2,3.34,23.999999999999993,4.083,3.7,24.791999999999998,F,0.0075324556882842425,0.007404957724974427,0.007437609556879575,0.007179542422901364,0.00010414875129579332,9,2013-09-18 11:09:05,-1.8838328935185185,0.01886152222369729,0.01873414708035835,0.018744412532566188,0.018697062889877228,4.898465088724563e-05,2013-09-16T13:56:21,0.004533685028887329,0.0044060471519947585,0.004429248339550693,0.004243090347640921,9.988564035963627e-05,0.0158649715484771,0.015647704358815354,0.015676679988545546,0.015473015099872978,0.00012745299956274763,140_1_BOA_LC08_228062_20130916
0.7395999999999999,46.7363,"< 0,01",32.94,1,4.503,140,-2.25127,LG,-55.14622,II,0.4538,0.3164,"< 0,001",0.027678960179155145,0.038074570921286244,1,0.2,3.34,23.999999999999993,4.083,3.7,24.791999999999998,F,0.00948939949227309,0.009317712812966597,0.009292878299906798,0.009162127680926498,0.00010056116311658568,9,2013-09-18 11:09:05,14.116109398148149,0.02297653020233354,0.022767961348973825,0.022768441444371037,0.022563173705190183,0.000134609227456158,2013-10-02T13:56:16,0.007750115633921806,0.007473026639153493,0.007408246055442588,0.0072780779646404135,0.00016567238340976616,0.027686350644798997,0.02715477350088892,0.027067496202177136,0.026830971882584535,0.0002622727602172068,140_1_BOA_LC08_228062_20131002
,58.332133333333324,"< 0,01",22.92,1,3.533,141,-2.292999,LG,-55.199011,II,0.32170000000000004,0.33299999999999996,0.9339999999999997,0.029869122881594667,0.0570132175971592,44,0.2,2.43,32.40000000000004,4.467,4.2,,F,-0.052138027302783704,-0.05857545385203631,-0.05889392677351643,-0.06762454022923184,0.004066538318646485,9,2013-09-18 09:40:00,-1.8222463310185186,-0.04120555491787685,-0.04793869370790224,-0.04823946645630435,-0.057397275108877134,0.0042830344577709034,2013-09-16T13:55:57,0.07642370191839509,0.06092503771959951,0.05993326702805936,0.036522073402014535,0.010834908276597542,-0.04802483205196867,-0.05286977734288862,-0.05290918174587622,-0.0593368908523495,0.002920268849193821,141_1_BOA_LC08_228061_20130916
,58.332133333333324,"< 0,01",32.66,1,3.533,141,-2.292999,LG,-55.199011,II,0.32170000000000004,0.33299999999999996,0.9339999999999997,0.029869122881594667,0.0570132175971592,44,0.2,2.43,32.40000000000004,4.467,4.2,,F,-0.06265397581627445,-0.06499810924340262,-0.06662159230614717,-0.06662159230614717,0.0016153174568106804,4,2013-09-18 09:40:00,14.177695960648148,-0.046679605608744214,-0.051044124495347704,-0.05237457348577098,-0.05237457348577098,0.0022504132486145987,2013-10-02T13:55:52,0.052167426624269334,0.046564489889425256,0.04410301914160958,0.04410301914160958,0.0032324797391690566,-0.051418935267301895,-0.05556196725455649,-0.05660888157932942,-0.05660888157932942,0.0020503327575665253,141_1_BOA_LC08_228061_20131002
,58.332133333333324,"< 0,01",28.02,1,3.533,141,-2.292999,LG,-55.199011,II,0.32170000000000004,0.33299999999999996,0.9339999999999997,0.029869122881594667,0.0570132175971592,44,0.2,2.43,32.40000000000004,4.467,4.2,,F,-0.0521742183776491,-0.05860793913851016,-0.05893692861423142,-0.06755532922317567,0.00404259123065818,9,2013-09-18 09:40:00,-1.8219694675925926,-0.04124923161435826,-0.047988314623731675,-0.0482964091599338,-0.05737435253677783,0.004268607879606386,2013-09-16T13:56:21,0.07680164130850525,0.06136775177319034,0.06036818570846697,0.03701412532521675,0.010831978786696716,-0.04812094533734862,-0.052973578318609334,-0.05300175780255309,-0.05934050003778578,0.0028970682887110343,141_1_BOA_LC08_228062_20130916
1.6354545454545457,101.51129999999998,"< 0,01",3.96,1,3.613,142,-2.242784,LG,-55.066126,II,0.2637,0.2685,"< 0,001",0.03294535411323733,0.03294535411323733,45,0.2,2.37,16.400000000000027,3.416,8.4,< LD,F,0.007129692603992384,-0.0010807177677671178,0.005021948618627236,-0.04505863829191683,0.016575237417330507,9,2013-09-18 13:00:00,7.0347869907407405,0.01779931091204563,0.009591007140381774,0.01576177717979145,-0.033632661532600944,0.01629695497011148,2013-09-25T13:50:05,0.01572711887003459,0.005781676613941409,0.004282954225379625,0.0020613221664271776,0.0047467102192230454,0.015781724607859465,0.008069481369318478,0.013641567028139092,-0.03325504960080876,0.0156498805392749,142_1_BOA_LC08_227062_20130925
1.6354545454545457,101.51129999999998,"< 0,01",22.92,1,3.613,142,-2.242784,LG,-55.066126,II,0.2637,0.2685,"< 0,001",0.03294535411323733,0.03294535411323733,45,0.2,2.37,16.400000000000027,3.416,8.4,< LD,F,0.0038602135365745707,-0.002574627882355778,0.0022955669637519244,-0.038121528855576875,0.013626034378658438,9,2013-09-18 13:00:00,-1.9611352199074075,0.014253005991475227,0.007523295975477386,0.012835475167464031,-0.0282967461861711,0.013738212603752686,2013-09-16T13:55:57,0.0297506648391668,0.008233141267728557,0.00565700106648823,0.0019372930386285375,0.008156535262671299,0.01323794187245065,0.006171519087462883,0.01154302013786775,-0.0294431972788071,0.01357737950046616,142_1_BOA_LC08_228061_20130916
1.6354545454545457,101.51129999999998,"< 0,01",32.66,1,3.613,142,-2.242784,LG,-55.066126,II,0.2637,0.2685,"< 0,001",0.03294535411323733,0.03294535411323733,45,0.2,2.37,16.400000000000027,3.416,8.4,< LD,F,0.0028843676352861836,-0.011928460428692398,-0.0027928496798254494,-0.05365251853502319,0.019984716907613925,9,2013-09-18 13:00:00,14.03880707175926,0.01658473820786799,0.0007471348560252407,0.01019157846846503,-0.04393396371364815,0.021361896527571866,2013-10-02T13:55:52,0.02692496211101169,0.012081956352077641,0.009324586712053821,0.003921262667209741,0.007414891836873511,0.01828221678626433,0.0020370358280458745,0.012027097721587214,-0.044180897222429946,0.021681941055575804,142_1_BOA_LC08_228061_20131002
1.6354545454545457,101.51129999999998,"< 0,01",28.02,1,3.613,142,-2.242784,LG,-55.066126,II,0.2637,0.2685,"< 0,001",0.03294535411323733,0.03294535411323733,45,0.2,2.37,16.400000000000027,3.416,8.4,< LD,F,0.0037632501723009262,-0.00256944720825325,0.0023395420638889844,-0.03807253601816551,0.013697635523387562,9,2013-09-18 13:00:00,-1.9608583564814814,0.014271120867655956,0.007494822130268903,0.012618733026199317,-0.028212551499253145,0.013806020362400102,2013-09-16T13:56:21,0.030250250048944938,0.00852084251275435,0.0053854643796134825,0.0018766669383679518,0.00832778923392478,0.013008180671001453,0.006102572311105293,0.010984418473644907,-0.02943676851789463,0.013637935645756528,142_1_BOA_LC08_228062_20130916
1.6354545454545457,101.51129999999998,"< 0,01",32.94,1,3.613,142,-2.242784,LG,-55.066126,II,0.2637,0.2685,"< 0,001",0.03294535411323733,0.03294535411323733,45,0.2,2.37,16.400000000000027,3.416,8.4,< LD,F,0.0031210544489203434,-0.01781831236814896,-0.009238074425262133,-0.06075645203654512,0.023142223061420258,9,2013-09-18 13:00:00,14.039083935185186,0.016597740228181224,-0.005554920967983889,0.003122258913116592,-0.05191442729279444,0.024713544913285455,2013-10-02T13:56:16,0.028903475049539773,0.012229759286828531,0.008550347604159098,0.0025990193106430123,0.007430895605436997,0.01850205975471368,-0.0040202049701736995,0.005472312236134293,-0.050508407958094,0.024566927013313734,142_1_BOA_LC08_228062_20131002
1.14,8.426428571428573,0.07022857142857118,3.96,1,3.414,143,-2.180361111111111,AM,-55.016444444444446,II,0.2484,0.2683,0.03200000000000003,0.017457726174062167,0.03333990925231801,46,0.2,2.4,35.60000000000002,3.446,,31.166666666666668,F,0.0041743735895442766,0.0041409130399120975,0.004144814295441582,0.004060956608339087,3.919969627706126e-05,9,2013-09-18 15:00:00,6.9514536574074075,0.012328375196644058,0.012248611547616528,0.012219339378314332,0.012147804878660092,6.199853442686429e-05,2013-09-25T13:50:05,0.002544905387861281,0.002479930036942976,0.0024851527647728393,0.0023948436216837147,5.297333408092376e-05,0.018578623433439724,0.018452084442291343,0.018491284468532893,0.0181903151055956,0.00011810794202039172,143_1_BOA_LC08_227062_20130925
1.14,8.426428571428573,0.07022857142857118,22.92,1,3.414,143,-2.180361111111111,AM,-55.016444444444446,II,0.2484,0.2683,0.03200000000000003,0.017457726174062167,0.03333990925231801,46,0.2,2.4,35.60000000000002,3.446,,31.166666666666668,F,0.0056949018364684315,0.005193593489093024,0.005159669712819885,0.0045031811663999825,0.0002922852282129538,9,2013-09-18 15:00:00,-2.044468553240741,0.016412400651181918,0.016194838942195564,0.016291764363817823,0.01558714440643292,0.00026122336437256856,2013-09-16T13:55:57,0.004721392371138725,0.004485386752434192,0.0044562929557041,0.00405667914976688,0.0001969076986260441,0.024716145738475827,0.024458172236574423,0.024513590397748922,0.023869982959225385,0.0002585861335047558,143_1_BOA_LC08_228061_20130916
1.14,8.426428571428573,0.07022857142857118,32.66,1,3.414,143,-2.180361111111111,AM,-55.016444444444446,II,0.2484,0.2683,0.03200000000000003,0.017457726174062167,0.03333990925231801,46,0.2,2.4,35.60000000000002,3.446,,31.166666666666668,F,0.0016381421718836206,0.001390437783932607,0.001381368490713488,0.0009298627512191633,0.0002174935351347676,9,2013-09-18 15:00:00,13.955473738425926,0.011999680860134622,0.011821631115620535,0.011879841541669153,0.011362308979953984,0.00021819015501293632,2013-10-02T13:55:52,0.00470331108135846,0.004438280634735942,0.004493702111861255,0.004037204211830809,0.00020272351540634323,0.019996355447626887,0.01974049964108605,0.019739382148478795,0.019330067216425065,0.00022878260136416576,143_1_BOA_LC08_228061_20131002
4.7,5.1520399999999995,2.8411999999999993,68.64,1,4.139333333333333,144,-2.262013,PQ,-55.456187,III,0.44006666666666666,0.3319666666666667,1.3036666666666668,0.06834267223537248,0.06161641612415334,13,0.2,2.11,6.000000000000013,5.4430000000000005,,60.29999999999999,HW,0.006423234907694952,0.005299826757171067,0.0055492723864201884,0.0023054192895804806,0.0013873961198124507,9,2014-05-27 17:30:00,-13.15030837962963,0.011205073257284382,0.010602481302636942,0.011012914369287481,0.008339470973778969,0.0010443983351439477,2014-05-14T13:53:33,0.003302454547215493,0.0016513595403866732,0.0017293899639970745,-0.0014939592612710217,0.001474050510149103,0.013719323189313447,0.012927627749248962,0.01328839008489748,0.010670801859298501,0.0010730290268857045,144_1_BOA_LC08_228061_20140514
4.7,5.1520399999999995,2.8411999999999993,63.26,1,4.139333333333333,144,-2.262013,PQ,-55.456187,III,0.44006666666666666,0.3319666666666667,1.3036666666666668,0.06834267223537248,0.06161641612415334,13,0.2,2.11,6.000000000000013,5.4430000000000005,,60.29999999999999,HW,0.013175812284573044,0.012192093837534015,0.011820911319809911,0.010395055642730015,0.0008509275128251991,8,2014-05-27 17:30:00,2.8497108333333334,0.013147254662199247,0.01192594010230432,0.011781728604194602,0.011200617733851462,0.0005841811265007489,2014-05-30T13:53:35,0.008900101400532944,0.007520399845783967,0.0076044205582539645,0.005873741814749676,0.0009643684966462707,0.012713287703538901,0.011109507278485666,0.010803703522935415,0.009985297118598975,0.0008937959968523468,144_1_BOA_LC08_228061_20140530
4.7,5.1520399999999995,2.8411999999999993,71.25,1,4.139333333333333,144,-2.262013,PQ,-55.456187,III,0.44006666666666666,0.3319666666666667,1.3036666666666668,0.06834267223537248,0.06161641612415334,13,0.2,2.11,6.000000000000013,5.4430000000000005,,60.29999999999999,HW,0.008379046428266888,0.005961080729089919,0.00665408739700603,-0.0008759337720067699,0.0027871340658269755,9,2014-05-27 17:30:00,-13.1500315625,0.011860345977821932,0.010711026561245365,0.011014442850420273,0.0070738317050031,0.0015284365382441654,2014-05-14T13:53:57,0.005107000375231444,0.002284499329800846,0.0024784096657633377,-0.0042301777895670765,0.0027958770926644607,0.014220375959700493,0.012941196760688733,0.013408498380583838,0.00837486145417174,0.001888362419395315,144_1_BOA_LC08_228062_20140514
4.7,5.1520399999999995,2.8411999999999993,80.83,1,4.139333333333333,144,-2.262013,PQ,-55.456187,III,0.44006666666666666,0.3319666666666667,1.3036666666666668,0.06834267223537248,0.06161641612415334,13,0.2,2.11,6.000000000000013,5.4430000000000005,,60.29999999999999,HW,0.013940863271061095,0.013002647486698394,0.012789483443332542,0.012183429809884617,0.0006747277764361326,6,2014-05-27 17:30:00,2.8499876967592592,0.01374351812030511,0.012454248777542134,0.012243874722760555,0.011769189043488691,0.0007573583044097795,2014-05-30T13:53:58,0.0092175875922446,0.007750880382639695,0.00827344210028087,0.006413187364358388,0.00098614036938338,0.01311788377929872,0.011524003116862646,0.011695961965252653,0.010341290070646776,0.0010732643937068527,144_1_BOA_LC08_228062_20140530
4.5,2.3804799999999995,0.39242000000000044,68.64,2,3.949666666666667,145,-2.262013,PQ,-55.456187,III,0.41653333333333337,0.309,0.4675,0.3635430210593805,0.26224760932465313,13,2.8,1.88,6.571428571428561,4.1786666666666665,,59.7,HW,0.006423234907694952,0.005299826757171067,0.0055492723864201884,0.0023054192895804806,0.0013873961198124507,9,2014-05-27 17:30:00,-13.15030837962963,0.011205073257284382,0.010602481302636942,0.011012914369287481,0.008339470973778969,0.0010443983351439477,2014-05-14T13:53:33,0.003302454547215493,0.0016513595403866732,0.0017293899639970745,-0.0014939592612710217,0.001474050510149103,0.013719323189313447,0.012927627749248962,0.01328839008489748,0.010670801859298501,0.0010730290268857045,145_1_BOA_LC08_228061_20140514
4.5,2.3804799999999995,0.39242000000000044,63.26,2,3.949666666666667,145,-2.262013,PQ,-55.456187,III,0.41653333333333337,0.309,0.4675,0.3635430210593805,0.26224760932465313,13,2.8,1.88,6.571428571428561,4.1786666666666665,,59.7,HW,0.013175812284573044,0.012192093837534015,0.011820911319809911,0.010395055642730015,0.0008509275128251991,8,2014-05-27 17:30:00,2.8497108333333334,0.013147254662199247,0.01192594010230432,0.011781728604194602,0.011200617733851462,0.0005841811265007489,2014-05-30T13:53:35,0.008900101400532944,0.007520399845783967,0.0076044205582539645,0.005873741814749676,0.0009643684966462707,0.012713287703538901,0.011109507278485666,0.010803703522935415,0.009985297118598975,0.0008937959968523468,145_1_BOA_LC08_228061_20140530
4.5,2.3804799999999995,0.39242000000000044,71.25,2,3.949666666666667,145,-2.262013,PQ,-55.456187,III,0.41653333333333337,0.309,0.4675,0.3635430210593805,0.26224760932465313,13,2.8,1.88,6.571428571428561,4.1786666666666665,,59.7,HW,0.008379046428266888,0.005961080729089919,0.00665408739700603,-0.0008759337720067699,0.0027871340658269755,9,2014-05-27 17:30:00,-13.1500315625,0.011860345977821932,0.010711026561245365,0.011014442850420273,0.0070738317050031,0.0015284365382441654,2014-05-14T13:53:57,0.005107000375231444,0.002284499329800846,0.0024784096657633377,-0.0042301777895670765,0.0027958770926644607,0.014220375959700493,0.012941196760688733,0.013408498380583838,0.00837486145417174,0.001888362419395315,145_1_BOA_LC08_228062_20140514
4.5,2.3804799999999995,0.39242000000000044,80.83,2,3.949666666666667,145,-2.262013,PQ,-55.456187,III,0.41653333333333337,0.309,0.4675,0.3635430210593805,0.26224760932465313,13,2.8,1.88,6.571428571428561,4.1786666666666665,,59.7,HW,0.013940863271061095,0.013002647486698394,0.012789483443332542,0.012183429809884617,0.0006747277764361326,6,2014-05-27 17:30:00,2.8499876967592592,0.01374351812030511,0.012454248777542134,0.012243874722760555,0.011769189043488691,0.0007573583044097795,2014-05-30T13:53:58,0.0092175875922446,0.007750880382639695,0.00827344210028087,0.006413187364358388,0.00098614036938338,0.01311788377929872,0.011524003116862646,0.011695961965252653,0.010341290070646776,0.0010732643937068527,145_1_BOA_LC08_228062_20140530
3.6,2.1700399999999997,0.2283800000000002,68.64,3,3.8783333333333334,146,-2.262013,PQ,-55.456187,III,0.39270000000000005,0.30066666666666664,1.297666666666667,0.06732632948057495,0.07062551640691787,13,7.0,2.14,16.857142857142826,5.176000000000001,,48.3,HW,0.006423234907694952,0.005299826757171067,0.0055492723864201884,0.0023054192895804806,0.0013873961198124507,9,2014-05-27 17:30:00,-13.15030837962963,0.011205073257284382,0.010602481302636942,0.011012914369287481,0.008339470973778969,0.0010443983351439477,2014-05-14T13:53:33,0.003302454547215493,0.0016513595403866732,0.0017293899639970745,-0.0014939592612710217,0.001474050510149103,0.013719323189313447,0.012927627749248962,0.01328839008489748,0.010670801859298501,0.0010730290268857045,146_1_BOA_LC08_228061_20140514
3.6,2.1700399999999997,0.2283800000000002,63.26,3,3.8783333333333334,146,-2.262013,PQ,-55.456187,III,0.39270000000000005,0.30066666666666664,1.297666666666667,0.06732632948057495,0.07062551640691787,13,7.0,2.14,16.857142857142826,5.176000000000001,,48.3,HW,0.013175812284573044,0.012192093837534015,0.011820911319809911,0.010395055642730015,0.0008509275128251991,8,2014-05-27 17:30:00,2.8497108333333334,0.013147254662199247,0.01192594010230432,0.011781728604194602,0.011200617733851462,0.0005841811265007489,2014-05-30T13:53:35,0.008900101400532944,0.007520399845783967,0.0076044205582539645,0.005873741814749676,0.0009643684966462707,0.012713287703538901,0.011109507278485666,0.010803703522935415,0.009985297118598975,0.0008937959968523468,146_1_BOA_LC08_228061_20140530
3.6,2.1700399999999997,0.2283800000000002,71.25,3,3.8783333333333334,146,-2.262013,PQ,-55.456187,III,0.39270000000000005,0.30066666666666664,1.297666666666667,0.06732632948057495,0.07062551640691787,13,7.0,2.14,16.857142857142826,5.176000000000001,,48.3,HW,0.008379046428266888,0.005961080729089919,0.00665408739700603,-0.0008759337720067699,0.0027871340658269755,9,2014-05-27 17:30:00,-13.1500315625,0.011860345977821932,0.010711026561245365,0.011014442850420273,0.0070738317050031,0.0015284365382441654,2014-05-14T13:53:57,0.005107000375231444,0.002284499329800846,0.0024784096657633377,-0.0042301777895670765,0.0027958770926644607,0.014220375959700493,0.012941196760688733,0.013408498380583838,0.00837486145417174,0.001888362419395315,146_1_BOA_LC08_228062_20140514
3.6,2.1700399999999997,0.2283800000000002,80.83,3,3.8783333333333334,146,-2.262013,PQ,-55.456187,III,0.39270000000000005,0.30066666666666664,1.297666666666667,0.06732632948057495,0.07062551640691787,13,7.0,2.14,16.857142857142826,5.176000000000001,,48.3,HW,0.013940863271061095,0.013002647486698394,0.012789483443332542,0.012183429809884617,0.0006747277764361326,6,2014-05-27 17:30:00,2.8499876967592592,0.01374351812030511,0.012454248777542134,0.012243874722760555,0.011769189043488691,0.0007573583044097795,2014-05-30T13:53:58,0.0092175875922446,0.007750880382639695,0.00827344210028087,0.006413187364358388,0.00098614036938338,0.01311788377929872,0.011524003116862646,0.011695961965252653,0.010341290070646776,0.0010732643937068527,146_1_BOA_LC08_228062_20140530
1.5109090909090908,4.527579999999999,1.08174,68.64,1,4.433,147,-2.251349,PQ,-55.543966,III,0.31656666666666666,0.19743333333333335,1.4610000000000003,0.05584591394821348,0.07174333385940686,7,0.2,2.09,8.857142857142874,5.894000000000001,,8.145454545454545,HW,0.014050353163867981,0.01085920906570753,0.010562401952578298,0.007975762468488775,0.002017610934134353,9,2014-05-28 14:30:00,-14.02530837962963,0.013034140248784172,0.01158964553813016,0.011491430306933921,0.0107631679709391,0.0006288501450854156,2014-05-14T13:53:33,0.01212331211030448,0.006943456446348531,0.006273953992569529,0.0029440319880158564,0.0028098256941035344,0.015723213907865075,0.013967679682826436,0.013753011437820201,0.012934274327479348,0.0008071938274761745,147_1_BOA_LC08_228061_20140514
1.5109090909090908,4.527579999999999,1.08174,71.25,1,4.433,147,-2.251349,PQ,-55.543966,III,0.31656666666666666,0.19743333333333335,1.4610000000000003,0.05584591394821348,0.07174333385940686,7,0.2,2.09,8.857142857142874,5.894000000000001,,8.145454545454545,HW,0.008910239200437884,0.00669618514837873,0.006249458319400623,0.004280177655337888,0.0016023498034099478,9,2014-05-28 14:30:00,-14.0250315625,0.011379095433076128,0.010729988354455268,0.010888420710933678,0.009694931932190363,0.0005750399113522387,2014-05-14T13:53:57,0.004375896953686101,0.002227376994695103,0.0013076078015863725,0.0005466240594609525,0.0013969947921355494,0.0134623386382556,0.012593835168583577,0.01274320387581153,0.011164558792824745,0.0007835105695392351,147_1_BOA_LC08_228062_20140514
1.4466666666666665,2.31972,"< 0,001",68.64,1,3.1946666666666665,148,-2.240289,PQ,-55.582417,III,0.3774,0.23683333333333334,1.495,0.06569389510286776,0.06220809804695207,8,0.2,1.99,8.285714285714286,4.689666666666667,,7.883333333333333,HW,0.001092896036637269,-0.0017607070427985729,-0.0019284558500142213,-0.0035229115318198626,0.0013655588989828586,6,2014-05-28 16:00:00,-14.08780837962963,0.006794100028360506,0.003909369961294366,0.003261745418892452,0.0026419872254608984,0.0015465399457609387,2014-05-14T13:53:33,0.0012793614651133503,-0.0008530092733114118,-0.0002696909022697827,-0.0021586912673597844,0.001030528681059436,0.007496058960564246,0.0048414758566150485,0.004576339511168023,0.003406868684093005,0.0013801182325254638,148_1_BOA_LC08_228061_20140514
0.76,1.8524000000000005,1.1229799999999992,68.64,1,3.715666666666667,149,-2.258797,PQ,-55.623565,III,0.4587666666666667,0.3643666666666667,0.7356666666666665,0.1366538,0.07851635786151115,9,0.2,2.1,6.599999999999994,4.451333333333333,,7.65,HW,0.011524606315140077,0.006961918614074143,0.006252289780148328,0.005212957752931201,0.002059362442182913,9,2014-05-28 17:00:00,-14.129475046296296,0.010621623833943737,0.009370130869467938,0.009391943238768387,0.008967311169188065,0.0004903344636380532,2014-05-14T13:53:33,0.013266367296368112,0.005543971831267796,0.003223238827581491,0.002623877308066334,0.0036514604251935566,0.012740911859961228,0.011332966124937453,0.011645580426846238,0.010708848484792359,0.0005933559790539506,149_1_BOA_LC08_228061_20140514
0.76,1.8524000000000005,1.1229799999999992,71.25,1,3.715666666666667,149,-2.258797,PQ,-55.623565,III,0.4587666666666667,0.3643666666666667,0.7356666666666665,0.1366538,0.07851635786151115,9,0.2,2.1,6.599999999999994,4.451333333333333,,7.65,HW,0.010878062157655152,0.005450190342130577,0.004972645816712761,0.002117268887297059,0.002515374106189488,9,2014-05-28 17:00:00,-14.129198229166667,0.01107169355867873,0.007225801578239739,0.00631217948179291,0.002906990110976407,0.0026989117262872543,2014-05-14T13:53:57,0.013522596494633837,0.005580571759365573,0.003959584859143748,0.001902113396671754,0.0037241463865237043,0.01325627435660017,0.008290272446094702,0.007034362174770665,0.003494827029416687,0.0033365480338242775,149_1_BOA_LC08_228062_20140514
1.245,4.38766,1.07824,68.64,1,3.632,150,-2.274821,PQ,-55.625139,III,0.37356666666666677,0.28333333333333327,1.2223333333333335,0.055543286397711576,0.07069097777339384,10,0.2,1.71,2.500000000000002,4.854333333333334,,0.1,HW,0.0018193852736905955,-0.008803341628550359,-0.010807409087897586,-0.014183537664441975,0.006054804680105048,9,2014-05-28 17:30:00,-14.15030837962963,0.0028140316495028294,-0.005140239253163676,-0.006195537118428634,-0.009322133167748561,0.004511804592519984,2014-05-14T13:53:33,0.03162202176671554,0.018448893914594085,0.02555700988651412,-0.0037730939259057058,0.012309252337156412,0.0023554807123865964,-0.0068935128696254785,-0.008414963044726716,-0.011601425003828405,0.005300008489842918,150_1_BOA_LC08_228061_20140514
1.245,4.38766,1.07824,71.25,1,3.632,150,-2.274821,PQ,-55.625139,III,0.37356666666666677,0.28333333333333327,1.2223333333333335,0.055543286397711576,0.07069097777339384,10,0.2,1.71,2.500000000000002,4.854333333333334,,0.1,HW,0.002042613655801269,-0.008601577915437704,-0.010860956819144514,-0.014181959770157088,0.00615916246619335,9,2014-05-28 17:30:00,-14.1500315625,0.002913250039057636,-0.0050445203243637445,-0.006292103965590509,-0.009209059047224336,0.0045812466000878255,2014-05-14T13:53:57,0.03215515842909668,0.01868680806440547,0.02611856681749169,-0.0036283531747161564,0.012522036554552272,0.002373222110264492,-0.006899842849461057,-0.008642634155066824,-0.011775783852836183,0.005392783551587785,150_1_BOA_LC08_228062_20140514
,4.6017399999999995,4.625920000000001,68.64,1,4.543,151,-2.229907,PQ,-55.495172,III,0.4998,0.4158,0.38949999999999996,0.022063812770996755,0.05984089399618597,11,0.2,1.76,10.571428571428557,4.561333333333333,,,HW,0.008064655732177482,0.005382306697865215,0.005389313461916467,0.0031266882415427674,0.0015601744715169393,9,2014-05-28 11:45:00,-13.910725046296296,0.010592395099291423,0.009601894465113593,0.009261663783542564,0.008633417399852671,0.000685681666867899,2014-05-14T13:53:33,0.00513808839785251,0.0018247398751809333,0.0015505731054864854,-0.0006746846419957066,0.0016608846023363367,0.01329347873668232,0.0117883825304093,0.011634995039750028,0.010565073751479564,0.0009251041055049549,151_1_BOA_LC08_228061_20140514
,4.6017399999999995,4.625920000000001,63.26,1,4.543,151,-2.229907,PQ,-55.495172,III,0.4998,0.4158,0.38949999999999996,0.022063812770996755,0.05984089399618597,11,0.2,1.76,10.571428571428557,4.561333333333333,,,HW,0.014119100707085143,0.011275122191497424,0.011053748573267694,0.009553960178159833,0.0016093067811918161,9,2014-05-28 11:45:00,2.0892941666666665,0.013909456438743719,0.012843203224317583,0.012758976096399286,0.012203773913297656,0.0005436184622105538,2014-05-30T13:53:35,0.007151038995804205,0.004674131440717508,0.00440170403622765,0.0032711459047306476,0.0011499042242509667,0.014935459457372551,0.013674189361984892,0.01349195229576421,0.012686884819601287,0.0007010678241092274,151_1_BOA_LC08_228061_20140530
,4.6017399999999995,4.625920000000001,71.25,1,4.543,151,-2.229907,PQ,-55.495172,III,0.4998,0.4158,0.38949999999999996,0.022063812770996755,0.05984089399618597,11,0.2,1.76,10.571428571428557,4.561333333333333,,,HW,0.006083420557297582,0.004808843878977429,0.004837559548197923,0.0033736472648755976,0.0009874828112548415,9,2014-05-28 11:45:00,-13.910448229166667,0.012561407037111179,0.01132194847881483,0.011582003002321328,0.009036351471855322,0.0011039584253872737,2014-05-14T13:53:57,0.003784942559865688,0.0018358569874081336,0.0014793824251781718,-0.0005481609103310959,0.0014735224093767882,0.01490333433771001,0.013514121434732579,0.013418054967300735,0.010754651787614021,0.0013111790742645086,151_1_BOA_LC08_228062_20140514
,4.6017399999999995,4.625920000000001,80.83,1,4.543,151,-2.229907,PQ,-55.495172,III,0.4998,0.4158,0.38949999999999996,0.022063812770996755,0.05984089399618597,11,0.2,1.76,10.571428571428557,4.561333333333333,,,HW,0.014928179261799252,0.011893572282590796,0.01177754769566659,0.01025299344325725,0.0016312862947875418,9,2014-05-28 11:45:00,2.0895710300925927,0.014400572893231559,0.013274682972875049,0.013259228145875003,0.01261801424230596,0.0005803930561764628,2014-05-30T13:53:58,0.007416549244618147,0.004819128590991356,0.004672948743926181,0.003290292142083928,0.0011935908365955025,0.015352353652766892,0.01401899773752817,0.013832242220991973,0.013026234073315822,0.0007205534517402831,151_1_BOA_LC08_228062_20140530
1.3366666666666667,4.8853,0.6357800000000002,68.64,1,3.1616666666666666,152,-2.251349,PQ,-55.492699,III,0.3677333333333333,0.28673333333333334,1.3896666666666668,0.04496294574320807,0.047478180311698565,12,0.2,2.3,6.571428571428561,4.551333333333333,,4.566666666666666,HW,0.0014843603863648122,-0.005002124414243169,-0.0063013184904526925,-0.011145186355077835,0.004184025580403926,9,2014-05-28 13:17:00,-13.974613935185186,0.0072120421172114785,0.0017867457828738532,0.0017063254186675814,-0.002350556223638684,0.0029874056463567804,2014-05-14T13:53:33,0.020712691421487867,0.008232360911863829,0.005757568443738488,-0.005060114497289183,0.008190443601517274,0.006168674941248252,0.00013345648955708097,-0.000363824126789071,-0.004632473365868438,0.0034338515904029786,152_1_BOA_LC08_228061_20140514
1.3366666666666667,4.8853,0.6357800000000002,63.26,1,3.1616666666666666,152,-2.251349,PQ,-55.492699,III,0.3677333333333333,0.28673333333333334,1.3896666666666668,0.04496294574320807,0.047478180311698565,12,0.2,2.3,6.571428571428561,4.551333333333333,,4.566666666666666,HW,0.007056956555244229,0.005602340766160145,0.006073283514710381,0.005525748284146731,0.00047526641658440983,6,2014-05-28 13:17:00,2.025405277777778,0.005297803774517551,0.003835400018924346,0.0039708872861435075,0.003687861245323616,0.0005261791918720209,2014-05-30T13:53:35,0.010175775856225297,0.010496908214382806,0.009636654777608278,0.008443840054503864,0.0005792452561587251,0.0038580415732926802,0.002201920150595647,0.0022562788288662504,0.0017673268018050456,0.0006616830566687211,152_1_BOA_LC08_228061_20140530
1.3366666666666667,4.8853,0.6357800000000002,71.25,1,3.1616666666666666,152,-2.251349,PQ,-55.492699,III,0.3677333333333333,0.28673333333333334,1.3896666666666668,0.04496294574320807,0.047478180311698565,12,0.2,2.3,6.571428571428561,4.551333333333333,,4.566666666666666,HW,0.013510437858809352,-0.001582551268609374,8.420438403038133e-07,-0.012056154194873263,0.006875956536541997,9,2014-05-28 13:17:00,-13.974337118055555,0.010040999887209376,-0.0021813271751436342,-0.0021650923168064877,-0.015440917360212855,0.007796511605058928,2014-05-14T13:53:57,0.0440232143120671,0.029004236122233733,0.026814891592874316,0.01170296363209445,0.009824383204070669,0.012072879306120684,-0.0031951786143462795,-0.002402608450140821,-0.018197211182807815,0.00878518199254827,152_1_BOA_LC08_228062_20140514
1.3366666666666667,4.8853,0.6357800000000002,80.83,1,3.1616666666666666,152,-2.251349,PQ,-55.492699,III,0.3677333333333333,0.28673333333333334,1.3896666666666668,0.04496294574320807,0.047478180311698565,12,0.2,2.3,6.571428571428561,4.551333333333333,,4.566666666666666,HW,0.00827518382676952,0.006220828491674579,0.006707340463512342,0.006037401935584042,0.0006297591300105833,8,2014-05-28 13:17:00,2.0256821412037036,0.007209665257831337,0.00467553743900772,0.004826933235677577,0.0036838875990297705,0.001173352034032274,2014-05-30T13:53:58,0.013135870351475717,0.010854999462786917,0.010464835461527173,0.00821664124473944,0.0013930352240810147,0.006183015023866312,0.0030273911361846264,0.0031036106035203063,0.0015010605944111438,0.001499988724620725,152_1_BOA_LC08_228062_20140530
,2.55496,0.9499600000000002,68.64,2,3.9730000000000003,153,-2.229907,PQ,-55.495172,III,0.44980000000000003,0.3591333333333333,0.9786666666666668,0.05318711636427409,0.08594728986650885,11,2.4,1.65,9.714285714285715,4.951666666666667,,,HW,0.008064655732177482,0.005382306697865215,0.005389313461916467,0.0031266882415427674,0.0015601744715169393,9,2014-05-28 11:45:00,-13.910725046296296,0.010592395099291423,0.009601894465113593,0.009261663783542564,0.008633417399852671,0.000685681666867899,2014-05-14T13:53:33,0.00513808839785251,0.0018247398751809333,0.0015505731054864854,-0.0006746846419957066,0.0016608846023363367,0.01329347873668232,0.0117883825304093,0.011634995039750028,0.010565073751479564,0.0009251041055049549,153_1_BOA_LC08_228061_20140514
,2.55496,0.9499600000000002,63.26,2,3.9730000000000003,153,-2.229907,PQ,-55.495172,III,0.44980000000000003,0.3591333333333333,0.9786666666666668,0.05318711636427409,0.08594728986650885,11,2.4,1.65,9.714285714285715,4.951666666666667,,,HW,0.014119100707085143,0.011275122191497424,0.011053748573267694,0.009553960178159833,0.0016093067811918161,9,2014-05-28 11:45:00,2.0892941666666665,0.013909456438743719,0.012843203224317583,0.012758976096399286,0.012203773913297656,0.0005436184622105538,2014-05-30T13:53:35,0.007151038995804205,0.004674131440717508,0.00440170403622765,0.0032711459047306476,0.0011499042242509667,0.014935459457372551,0.013674189361984892,0.01349195229576421,0.012686884819601287,0.0007010678241092274,153_1_BOA_LC08_228061_20140530
,2.55496,0.9499600000000002,71.25,2,3.9730000000000003,153,-2.229907,PQ,-55.495172,III,0.44980000000000003,0.3591333333333333,0.9786666666666668,0.05318711636427409,0.08594728986650885,11,2.4,1.65,9.714285714285715,4.951666666666667,,,HW,0.006083420557297582,0.004808843878977429,0.004837559548197923,0.0033736472648755976,0.0009874828112548415,9,2014-05-28 11:45:00,-13.910448229166667,0.012561407037111179,0.01132194847881483,0.011582003002321328,0.009036351471855322,0.0011039584253872737,2014-05-14T13:53:57,0.003784942559865688,0.0018358569874081336,0.0014793824251781718,-0.0005481609103310959,0.0014735224093767882,0.01490333433771001,0.013514121434732579,0.013418054967300735,0.010754651787614021,0.0013111790742645086,153_1_BOA_LC08_228062_20140514
,2.55496,0.9499600000000002,80.83,2,3.9730000000000003,153,-2.229907,PQ,-55.495172,III,0.44980000000000003,0.3591333333333333,0.9786666666666668,0.05318711636427409,0.08594728986650885,11,2.4,1.65,9.714285714285715,4.951666666666667,,,HW,0.014928179261799252,0.011893572282590796,0.01177754769566659,0.01025299344325725,0.0016312862947875418,9,2014-05-28 11:45:00,2.0895710300925927,0.014400572893231559,0.013274682972875049,0.013259228145875003,0.01261801424230596,0.0005803930561764628,2014-05-30T13:53:58,0.007416549244618147,0.004819128590991356,0.004672948743926181,0.003290292142083928,0.0011935908365955025,0.015352353652766892,0.01401899773752817,0.013832242220991973,0.013026234073315822,0.0007205534517402831,153_1_BOA_LC08_228062_20140530
0.8320000000000001,4.059260000000001,4.3169999999999975,68.64,3,3.6139999999999994,154,-2.229907,PQ,-55.495172,III,0.39876666666666666,0.3142333333333333,0.4085000000000001,0.033986293258322475,0.07299269395673046,11,7.0,2.02,10.571428571428557,3.6253333333333337,,9.2,HW,0.008064655732177482,0.005382306697865215,0.005389313461916467,0.0031266882415427674,0.0015601744715169393,9,2014-05-28 11:45:00,-13.910725046296296,0.010592395099291423,0.009601894465113593,0.009261663783542564,0.008633417399852671,0.000685681666867899,2014-05-14T13:53:33,0.00513808839785251,0.0018247398751809333,0.0015505731054864854,-0.0006746846419957066,0.0016608846023363367,0.01329347873668232,0.0117883825304093,0.011634995039750028,0.010565073751479564,0.0009251041055049549,154_1_BOA_LC08_228061_20140514
0.8320000000000001,4.059260000000001,4.3169999999999975,63.26,3,3.6139999999999994,154,-2.229907,PQ,-55.495172,III,0.39876666666666666,0.3142333333333333,0.4085000000000001,0.033986293258322475,0.07299269395673046,11,7.0,2.02,10.571428571428557,3.6253333333333337,,9.2,HW,0.014119100707085143,0.011275122191497424,0.011053748573267694,0.009553960178159833,0.0016093067811918161,9,2014-05-28 11:45:00,2.0892941666666665,0.013909456438743719,0.012843203224317583,0.012758976096399286,0.012203773913297656,0.0005436184622105538,2014-05-30T13:53:35,0.007151038995804205,0.004674131440717508,0.00440170403622765,0.0032711459047306476,0.0011499042242509667,0.014935459457372551,0.013674189361984892,0.01349195229576421,0.012686884819601287,0.0007010678241092274,154_1_BOA_LC08_228061_20140530
0.8320000000000001,4.059260000000001,4.3169999999999975,71.25,3,3.6139999999999994,154,-2.229907,PQ,-55.495172,III,0.39876666666666666,0.3142333333333333,0.4085000000000001,0.033986293258322475,0.07299269395673046,11,7.0,2.02,10.571428571428557,3.6253333333333337,,9.2,HW,0.006083420557297582,0.004808843878977429,0.004837559548197923,0.0033736472648755976,0.0009874828112548415,9,2014-05-28 11:45:00,-13.910448229166667,0.012561407037111179,0.01132194847881483,0.011582003002321328,0.009036351471855322,0.0011039584253872737,2014-05-14T13:53:57,0.003784942559865688,0.0018358569874081336,0.0014793824251781718,-0.0005481609103310959,0.0014735224093767882,0.01490333433771001,0.013514121434732579,0.013418054967300735,0.010754651787614021,0.0013111790742645086,154_1_BOA_LC08_228062_20140514
0.8320000000000001,4.059260000000001,4.3169999999999975,80.83,3,3.6139999999999994,154,-2.229907,PQ,-55.495172,III,0.39876666666666666,0.3142333333333333,0.4085000000000001,0.033986293258322475,0.07299269395673046,11,7.0,2.02,10.571428571428557,3.6253333333333337,,9.2,HW,0.014928179261799252,0.011893572282590796,0.01177754769566659,0.01025299344325725,0.0016312862947875418,9,2014-05-28 11:45:00,2.0895710300925927,0.014400572893231559,0.013274682972875049,0.013259228145875003,0.01261801424230596,0.0005803930561764628,2014-05-30T13:53:58,0.007416549244618147,0.004819128590991356,0.004672948743926181,0.003290292142083928,0.0011935908365955025,0.015352353652766892,0.01401899773752817,0.013832242220991973,0.013026234073315822,0.0007205534517402831,154_1_BOA_LC08_228062_20140530
0.7076923076923076,3.48264,2.6949199999999984,68.64,1,3.045,155,-2.170323,GP,-55.493823,III,0.31416666666666665,0.25643333333333335,0.9833333333333331,0.07734249153679226,0.06931006753468798,14,0.2,2.07,5.999999999999995,4.028333333333333,,14.561538461538465,HW,0.008990528742323783,0.004987580756917595,0.0037722001158738694,0.0005273153733876164,0.0029052773095495665,9,2014-05-29 10:45:00,-14.86905837962963,0.017982583853948252,0.014853992346808727,0.014603268435864777,0.012062250114181296,0.0018456909461092108,2014-05-14T13:53:33,0.005570083499095768,0.0003269641153424989,-0.00021857453214985112,-0.0030746338886668487,0.0030789956098933235,0.021842410477307467,0.018510673245481304,0.01842963892680198,0.015500201371286808,0.0021351292330844453,155_1_BOA_LC08_228061_20140514
0.7076923076923076,3.48264,2.6949199999999984,71.25,1,3.045,155,-2.170323,GP,-55.493823,III,0.31416666666666665,0.25643333333333335,0.9833333333333331,0.07734249153679226,0.06931006753468798,14,0.2,2.07,5.999999999999995,4.028333333333333,,14.561538461538465,HW,0.016384716254444903,0.010015524885657101,0.009375774546076462,0.006103964556939585,0.00387688471150835,9,2014-05-29 10:45:00,-14.8687815625,0.01804559693178684,0.01654796114015484,0.016694579169519434,0.014353396924674723,0.001084610378513698,2014-05-14T13:53:57,0.009875129415366947,0.004501719136340534,0.004863560500199086,0.000867205820601194,0.0026526572061121964,0.022214724645354324,0.020037274406795293,0.020027622882968294,0.01714790986002996,0.0015147363192652443,155_1_BOA_LC08_228062_20140514
1.2133333333333332,4.207380000000001,3.029780000000002,68.64,1,3.7456666666666667,156,-2.133265,GP,-55.488798,III,0.3654,0.3019,1.191,0.07244995834484119,0.06667967219043862,15,0.2,2.34,20.85714285714286,4.936666666666667,,19.566666666666666,HW,0.013833016615044153,0.01125480526597007,0.011248426228784403,0.00892759149677039,0.0015582430610310302,9,2014-05-29 11:50:00,-14.91419726851852,0.01938110712484665,0.017597011522363457,0.01742733828959539,0.016313750653406504,0.0010492007702262202,2014-05-14T13:53:33,0.006144274189656252,0.004728176435114704,0.0048710287300000165,0.003237227663906557,0.0010352385478840783,0.02626281414601528,0.023883193326608737,0.023746889786703765,0.021949013532540782,0.001507214671228044,156_1_BOA_LC08_228061_20140514
0.9533333333333333,1.2876599999999996,0.5924600000000004,68.64,1,3.4926666666666666,158,-2.037612,SN,-55.486403,III,0.38843333333333335,0.26876666666666665,1.2296666666666665,0.08828533734299755,0.08489520082856578,17,0.2,1.76,11.714285714285694,4.722333333333334,,10.766666666666666,HW,0.04235784899120175,0.01824811615489121,0.027771218551997635,-0.009979552226329496,0.02102015192566263,6,2014-05-29 15:00:00,-15.046141712962964,0.016452607498326603,0.010388977884997685,0.012187922459655824,0.002312364493003212,0.005535017824007684,2014-05-14T13:53:33,0.03460971882425338,0.018261208305089725,0.0249614319804907,-0.00018300675594194044,0.013911032648021371,0.026594772887913176,0.016168984749715995,0.020238149214976242,0.0011842207731675922,0.010287345518558715,158_1_BOA_LC08_228061_20140514
1.495,1.5666400000000003,0.35846,68.64,1,4.4590000000000005,160,-2.095675,SN,-55.488855,III,0.5193666666666666,0.3630333333333334,0.6725,0.04927342695146282,0.07292685098967581,19,0.2,2.28,14.857142857142849,4.253,,12.8,HW,0.019515243007009384,0.013941929289432635,0.015254572183294228,0.0018957759412404247,0.005219499352565311,9,2014-05-29 13:00:00,-14.96280837962963,0.01599679208378715,0.01373000112000069,0.014511223572557363,0.010500244656222214,0.0017333385852278849,2014-05-14T13:53:33,0.01190158726287115,0.008430845959627186,0.009562201499956161,0.0016203202799928706,0.003004337649072868,0.02024616524132432,0.017549171474557673,0.018304737101853916,0.013195285087326841,0.002063147835633195,160_1_BOA_LC08_228061_20140514
0.6366666666666667,4.36508,1.1263400000000008,68.64,2,3.4593333333333334,161,-2.133265,GP,-55.488798,III,0.3191,0.25853333333333334,1.0859999999999996,0.0688495,0.059511929506148475,15,1.6,2.3,21.142857142857157,4.545333333333333,,20.8,HW,0.013833016615044153,0.01125480526597007,0.011248426228784403,0.00892759149677039,0.0015582430610310302,9,2014-05-29 11:50:00,-14.91419726851852,0.01938110712484665,0.017597011522363457,0.01742733828959539,0.016313750653406504,0.0010492007702262202,2014-05-14T13:53:33,0.006144274189656252,0.004728176435114704,0.0048710287300000165,0.003237227663906557,0.0010352385478840783,0.02626281414601528,0.023883193326608737,0.023746889786703765,0.021949013532540782,0.001507214671228044,161_1_BOA_LC08_228061_20140514
0.64,2.1667400000000003,2.31064,68.64,3,3.0253333333333337,162,-2.133265,GP,-55.488798,III,0.31993333333333335,0.2646,1.6639999999999997,0.07111717959569436,0.08877480522127967,15,6.0,2.27,20.85714285714286,4.689333333333334,,21.95,HW,0.013833016615044153,0.01125480526597007,0.011248426228784403,0.00892759149677039,0.0015582430610310302,9,2014-05-29 11:50:00,-14.91419726851852,0.01938110712484665,0.017597011522363457,0.01742733828959539,0.016313750653406504,0.0010492007702262202,2014-05-14T13:53:33,0.006144274189656252,0.004728176435114704,0.0048710287300000165,0.003237227663906557,0.0010352385478840783,0.02626281414601528,0.023883193326608737,0.023746889786703765,0.021949013532540782,0.001507214671228044,162_1_BOA_LC08_228061_20140514
0.83,3.4446,1.6003600000000007,68.64,2,3.0513333333333335,163,-2.037612,SN,-55.486403,III,0.29586666666666667,0.2622333333333333,0.6983333333333336,0.04537078781435025,0.06214239462089827,17,2.0,1.86,11.714285714285735,3.7496666666666667,,11.7,HW,0.04235784899120175,0.01824811615489121,0.027771218551997635,-0.009979552226329496,0.02102015192566263,6,2014-05-29 15:00:00,-15.046141712962964,0.016452607498326603,0.010388977884997685,0.012187922459655824,0.002312364493003212,0.005535017824007684,2014-05-14T13:53:33,0.03460971882425338,0.018261208305089725,0.0249614319804907,-0.00018300675594194044,0.013911032648021371,0.026594772887913176,0.016168984749715995,0.020238149214976242,0.0011842207731675922,0.010287345518558715,163_1_BOA_LC08_228061_20140514
0.52,5.055559999999999,5.097300000000002,68.64,3,3.6293333333333333,164,-2.037612,SN,-55.486403,III,0.36526666666666663,0.29296666666666665,1.0986666666666667,0.05673549996192309,0.06990201203393175,17,4.0,2.04,12.85714285714283,4.728000000000001,,13.7,HW,0.04235784899120175,0.01824811615489121,0.027771218551997635,-0.009979552226329496,0.02102015192566263,6,2014-05-29 15:00:00,-15.046141712962964,0.016452607498326603,0.010388977884997685,0.012187922459655824,0.002312364493003212,0.005535017824007684,2014-05-14T13:53:33,0.03460971882425338,0.018261208305089725,0.0249614319804907,-0.00018300675594194044,0.013911032648021371,0.026594772887913176,0.016168984749715995,0.020238149214976242,0.0011842207731675922,0.010287345518558715,164_1_BOA_LC08_228061_20140514
0.5925,2.3489,0.005400000000000144,42.75,1,4.635,171,-2.116737,PC,-55.692899,III,0.39349999999999996,0.2318,0.45799999999999996,0.13915960000000002,0.10741763168277768,26,0.2,2.871,28.857142857142854,5.093,,27.5,HW,0.012253079409216876,0.007580700996630981,0.00674628905167215,0.006278006542699584,0.002111410734038883,8,2014-05-31 13:30:00,15.016463194444444,0.012176922190012013,0.00940050787350184,0.00928958479394706,0.007903186589289858,0.0012613238957639736,2014-06-15T13:53:42,0.006497306821147152,0.002792316075250423,0.0022795030300907584,0.001977142235924342,0.0017394769937128514,0.015699386751186678,0.012197837217525037,0.011970412012109355,0.01052314196123383,0.0015885091978026092,171_1_BOA_LC08_228061_20140615
0.5925,2.3489,0.005400000000000144,2.11,1,4.635,171,-2.116737,PC,-55.692899,III,0.39349999999999996,0.2318,0.45799999999999996,0.13915960000000002,0.10741763168277768,26,0.2,2.871,28.857142857142854,5.093,,27.5,HW,0.009591590450418358,0.00699155916266092,0.00740832662998495,0.005142363569704602,0.0015644880455357156,9,2014-05-31 13:30:00,15.01674005787037,0.01091868315782515,0.00904656900682968,0.008639602109334808,0.007536731635460841,0.0011202432751389218,2014-06-15T13:54:06,0.003188295810293869,0.0021062972500520837,0.0021469477143713795,0.0013900335977241407,0.0005746860677188184,0.01311654621754478,0.011944925075082448,0.011535274186519966,0.010126626118867145,0.0009560441355754838,171_1_BOA_LC08_228062_20140615
0.9521428571428568,1.5918200000000002,0.2523400000000001,42.75,1,3.185,172,-2.150581,PC,-55.714166,III,0.44205,0.3143,1.9810000000000003,0.1465375,0.1397710180508976,27,0.2,2.8535999999999997,10.285714285714263,5.166,,6.957142857142856,HW,0.0069788513628616915,0.006880202514066248,0.006886040481418722,0.006752484270350925,6.844468597639684e-05,9,2014-05-31 14:30:00,14.974796527777778,0.012801186243376252,0.012720942520429067,0.012728800605969875,0.012631546315349245,5.700512470477674e-05,2014-06-15T13:53:42,0.0022451826591323417,0.0021876774343748337,0.0022003803411249937,0.0020922159732635246,4.5208153557511614e-05,0.016958221424897356,0.01684615114682632,0.016875323034769726,0.016531958908310558,0.00013299804827760208,172_1_BOA_LC08_228061_20140615
0.9521428571428568,1.5918200000000002,0.2523400000000001,2.11,1,3.185,172,-2.150581,PC,-55.714166,III,0.44205,0.3143,1.9810000000000003,0.1465375,0.1397710180508976,27,0.2,2.8535999999999997,10.285714285714263,5.166,,6.957142857142856,HW,0.007373190432431214,0.007299831104076095,0.007313453002932125,0.0072370092536648365,4.2597644666654544e-05,9,2014-05-31 14:30:00,14.975073391203704,0.013169125728464374,0.013068162021482544,0.013077054224663362,0.012984015996672038,6.138485613816047e-05,2014-06-15T13:54:06,0.002320411636202847,0.002206194953735069,0.002198360515530449,0.0021592969689491655,4.608229237741627e-05,0.01729031389914792,0.017201158142126884,0.017225171266496867,0.017041952766249386,7.32133820570793e-05,172_1_BOA_LC08_228062_20140615
0.6733333333333333,1.25576,0.19480000000000022,42.75,1,4.2055,173,-2.152492,PC,-55.676202,III,0.316,0.25665,1.6785,0.05071625097694552,0.0773327246991517,28,0.2,2.871,9.142857142857128,5.884,,8.033333333333333,HW,0.006333811958827627,0.006290810165978012,0.006295432384663996,0.006225171324211834,3.115514609843902e-05,9,2014-05-31 11:05:00,15.117157638888889,0.01160441516171676,0.011531235482752837,0.011523121284573131,0.011471317115521426,4.095425552330382e-05,2014-06-15T13:53:42,0.0018881832579062537,0.0018453361128794713,0.0018414761314000509,0.0017796882918785578,3.1835226618191805e-05,0.015112313418611193,0.014916343199271079,0.014915317358682892,0.014779602187662187,9.038167620251473e-05,173_1_BOA_LC08_228061_20140615
0.6733333333333333,1.25576,0.19480000000000022,2.11,1,4.2055,173,-2.152492,PC,-55.676202,III,0.316,0.25665,1.6785,0.05071625097694552,0.0773327246991517,28,0.2,2.871,9.142857142857128,5.884,,8.033333333333333,HW,0.006849088413687,0.006767445635971469,0.006747922857056285,0.006661954383821197,6.0796509647319076e-05,9,2014-05-31 11:05:00,15.117434502314815,0.011992076790565588,0.011904857170251977,0.01188179287042494,0.01187614863331543,4.142109917592163e-05,2014-06-15T13:54:06,0.0020035442060283995,0.0019051826893406653,0.0018834056957533916,0.0018477668451804892,4.809732825601158e-05,0.015428308939030933,0.015267362466893452,0.015251097881108051,0.015121709851139895,9.195438694976639e-05,173_1_BOA_LC08_228062_20140615
0.65,0.7369000000000001,0.1613000000000002,42.75,1,3.9455,174,-2.131452,PC,-55.657457,III,0.31384999999999996,0.26005,1.73,0.0844941,0.0687513083448412,29,0.2,3.0363,25.142857142857153,5.6754999999999995,,25,HW,0.009301411379893093,0.009187772945786953,0.009198892483551017,0.009093701755132405,6.24808218725565e-05,9,2014-05-31 12:15:00,15.068546527777778,0.01769133867631064,0.01759460899755581,0.017584618799231785,0.017508426383315224,6.027799824987424e-05,2014-06-15T13:53:42,0.00379760240318477,0.0036545918270984882,0.003653122675940512,0.003563587562951721,7.042850733853331e-05,0.02420333359665258,0.024072531695802864,0.024071457999813972,0.02392786956451302,8.263674139700898e-05,174_1_BOA_LC08_228061_20140615
0.65,0.7369000000000001,0.1613000000000002,2.11,1,3.9455,174,-2.131452,PC,-55.657457,III,0.31384999999999996,0.26005,1.73,0.0844941,0.0687513083448412,29,0.2,3.0363,25.142857142857153,5.6754999999999995,,25,HW,0.00974999176432784,0.009663721798269739,0.00966630728361748,0.009584668311989139,4.7808349715826665e-05,9,2014-05-31 12:15:00,15.068823391203704,0.018134002308261933,0.018060528545202598,0.018073554631031604,0.01796173302699266,5.703979415257871e-05,2014-06-15T13:54:06,0.0038338760396487105,0.0037386532257071875,0.003754709167310472,0.0036251113396721145,6.611633015149463e-05,0.0246183969518392,0.024468534860297476,0.024470056070047666,0.024281573641959212,9.662487446411183e-05,174_1_BOA_LC08_228062_20140615
0.71,1.872,0.9078600000000003,42.75,1,3.6435,175,-2.178437,PD,-55.633239,III,0.3958,0.247,1.483,0.04274,0.04766377983823239,36,0.2,2.9232,12.857142857142868,5.1265,,11.566666666666665,HW,0.007069758413805362,0.006982962038549724,0.0070211264496297275,0.006875941362223852,7.631537970101048e-05,9,2014-05-31 10:00:00,15.162296527777778,0.012392011681198608,0.012312558535819664,0.012308178822348342,0.012277791597210926,3.744431135873872e-05,2014-06-15T13:53:42,0.002126842771313971,0.002063036512077281,0.002060754365684649,0.002003023363445129,4.5383837470522694e-05,0.015331628824834409,0.015126213813990945,0.015146100798629523,0.014974357140532845,0.00011407399351841668,175_1_BOA_LC08_228061_20140615
0.71,1.872,0.9078600000000003,2.11,1,3.6435,175,-2.178437,PD,-55.633239,III,0.3958,0.247,1.483,0.04274,0.04766377983823239,36,0.2,2.9232,12.857142857142868,5.1265,,11.566666666666665,HW,0.007580578962147868,0.007479410117001409,0.007478239868627904,0.007379768209178223,6.542989064958014e-05,9,2014-05-31 10:00:00,15.162573391203704,0.012770547316756177,0.012634551863763846,0.012612652787377785,0.01258304030260568,6.73939317308031e-05,2014-06-15T13:54:06,0.002131790323901957,0.002076457724726396,0.002065151927600632,0.0020179368520934922,3.612713481991247e-05,0.01548142334782609,0.015194340615558176,0.015191171250868081,0.015043228270663888,0.00013305545990774885,175_1_BOA_LC08_228062_20140615
0.7263636363636364,15.478779999999999,1.9529399999999997,42.75,1,4.149,176,-2.1572,SL,-55.805249,III,0.27740000000000004,0.20815,0.225,0.03883500378782903,0.050108346222134545,30,0.2,2.7927,13.714285714285712,4.374,,14.109090909090908,HW,0.006226762831266857,0.00615724620676291,0.006169816541780604,0.0060741771556972884,4.3413606690584055e-05,9,2014-06-01 14:00:00,13.99562986111111,0.011680070428432481,0.01156393229074603,0.01158460335570044,0.011466066278980794,6.769133876559057e-05,2014-06-15T13:53:42,0.0024294706805035463,0.002315554258726246,0.002315620565901077,0.0022036384586070082,7.397170932029082e-05,0.015349832287246044,0.015219730185142298,0.015258923455286977,0.015021480113101629,9.195864354778837e-05,176_1_BOA_LC08_228061_20140615
0.7263636363636364,15.478779999999999,1.9529399999999997,2.11,1,4.149,176,-2.1572,SL,-55.805249,III,0.27740000000000004,0.20815,0.225,0.03883500378782903,0.050108346222134545,30,0.2,2.7927,13.714285714285712,4.374,,14.109090909090908,HW,0.0066928808223808735,0.006616445782759379,0.006619391164468173,0.0065231976698333916,4.5916598061795046e-05,9,2014-06-01 14:00:00,13.995906724537036,0.012046837357395706,0.011933827259993353,0.011958872203340179,0.011834363932855169,6.69795914834205e-05,2014-06-15T13:54:06,0.002480006602387684,0.0023668077111840013,0.0023692102624457614,0.002264474464928717,7.424238204364151e-05,0.01571887060804699,0.015561121371952914,0.015598646586931995,0.01536319480543018,0.00010101087686551136,176_1_BOA_LC08_228062_20140615
1.545,5.3764400000000006,0.7674800000000003,42.75,1,3.485,177,-2.219976,SL,-55.808397,III,0.2923,0.23110000000000003,1.3135000000000001,0.09276000000000001,0.053264996251726184,31,0.2,2.8797,4.1666666666666705,4.798500000000001,,< LD,HW,0.0024326799906938187,0.0023301905972261654,0.0023401524751628065,0.0022470006685764137,5.174795500818202e-05,9,2014-06-01 11:00:00,14.12062986111111,0.0032937354822197376,0.0031207598308068962,0.003099457013353933,0.0030369641736250766,9.15115093226654e-05,2014-06-15T13:53:42,0.0017252827584897132,0.0016067801964361466,0.001612026821527129,0.001489022803660803,7.875132742539029e-05,0.002542459456220374,0.0024006792279502647,0.002396853825365039,0.002285765466920219,7.803367059033016e-05,177_1_BOA_LC08_228061_20140615
1.545,5.3764400000000006,0.7674800000000003,2.11,1,3.485,177,-2.219976,SL,-55.808397,III,0.2923,0.23110000000000003,1.3135000000000001,0.09276000000000001,0.053264996251726184,31,0.2,2.8797,4.1666666666666705,4.798500000000001,,< LD,HW,0.002825358525509934,0.0027414405845349347,0.002759799722573967,0.002706406474390491,4.029766682487011e-05,9,2014-06-01 11:00:00,14.120906724537036,0.0035273371209575124,0.0033494288603771365,0.003338252326567962,0.003282855901901171,9.192682080378902e-05,2014-06-15T13:54:06,0.001755821222408839,0.0016510672522934663,0.0016443201927954028,0.0015492944282399959,7.345357062670198e-05,0.0027238107530277826,0.002543505578855927,0.002545989278969623,0.0024511629888872757,7.674254541224361e-05,177_1_BOA_LC08_228062_20140615
1.1766666666666665,2.66116,0.28287999999999985,42.75,1,4.04,178,-2.201618,SL,-55.792751,III,0.4248,0.25325000000000003,1.8654999999999995,0.11037720000000001,0.06677865792069441,32,0.2,2.7579,3.999999999999996,5.9055,,4.2,HW,0.003406702047638307,0.003090891623703996,0.0031693495281071796,0.0026960274448801854,0.00023377258328560646,9,2014-06-01 10:30:00,14.141463194444444,0.005517312845238648,0.0050725892629837795,0.005346839367210894,0.003969177693557456,0.0004911008885441632,2014-06-15T13:53:42,0.0010279716115601711,0.000868684179793317,0.0009382343010264716,0.0006050047791227348,0.00013360800369776522,0.005653774720874062,0.005160347662433135,0.005439750020580396,0.0038515158295664717,0.000581453335231343,178_1_BOA_LC08_228061_20140615
1.1766666666666665,2.66116,0.28287999999999985,2.11,1,4.04,178,-2.201618,SL,-55.792751,III,0.4248,0.25325000000000003,1.8654999999999995,0.11037720000000001,0.06677865792069441,32,0.2,2.7579,3.999999999999996,5.9055,,4.2,HW,0.0038086636120843766,0.0034796776160975432,0.0034857697021875252,0.0031506894850596616,0.00018530148046309186,9,2014-06-01 10:30:00,14.14174005787037,0.0057728178734454995,0.005391901740561665,0.005521876618234248,0.004457321302236434,0.0003698549844917056,2014-06-15T13:54:06,0.0010523917942369544,0.0008980573252049694,0.0009047306434007368,0.0006679116321625291,0.00010875995521270407,0.005835588821642998,0.005395502770528449,0.0055362427144100765,0.004309429231731371,0.0004374924820787252,178_1_BOA_LC08_228062_20140615
0.6029411764705883,1.8760000000000001,"< 0,001",42.75,1,4.1095,179,-2.177378,SL,-55.806321,III,0.2978,0.23399999999999999,1.7984999999999998,0.04585646967991587,0.0650027532057605,33,0.2,2.4969,11.555555555555548,5.9079999999999995,,12.017647058823528,HW,0.006677376617643491,0.006519457623284095,0.006521170435596904,0.00640103573021048,9.248761923419712e-05,9,2014-06-01 13:00:00,14.037296527777778,0.012528995148364763,0.012433487255365739,0.01245093292850948,0.012390600761241573,4.088907031326999e-05,2014-06-15T13:53:42,0.002284280312385905,0.002184724809750894,0.0022020143517095655,0.0020960065080341626,4.693462301545972e-05,0.016366586796394,0.016223314672382933,0.016251446939003947,0.016132428599335398,7.836495701577798e-05,179_1_BOA_LC08_228061_20140615
0.6029411764705883,1.8760000000000001,"< 0,001",2.11,1,4.1095,179,-2.177378,SL,-55.806321,III,0.2978,0.23399999999999999,1.7984999999999998,0.04585646967991587,0.0650027532057605,33,0.2,2.4969,11.555555555555548,5.9079999999999995,,12.017647058823528,HW,0.007139262479305751,0.006983776488290857,0.007012493690202733,0.006883423285735898,8.811403072452868e-05,9,2014-06-01 13:00:00,14.037573391203704,0.012923082002534626,0.012825047830248373,0.012831142536226877,0.012808649405946868,3.503934234348813e-05,2014-06-15T13:54:06,0.002309466461562063,0.0022349352619223145,0.0022502227056995718,0.002178270671535117,3.407046307019077e-05,0.01672581908251102,0.016582467744425608,0.0166242602425204,0.016523542171721847,6.698549818297592e-05,179_1_BOA_LC08_228062_20140615
0.6739285714285715,1.06238,0.08806000000000001,42.75,1,4.364,180,-2.162501,SL,-55.764975,III,0.36760000000000004,0.23205,0.3390000000000004,0.07148047808187243,0.08088384997040839,34,0.2,2.7579,9.428571428571422,3.894,,12.589285714285714,HW,0.0077696735062059725,0.006992327559458678,0.007295966433885635,0.005122760828798552,0.0007873180310370005,9,2014-06-01 15:24:00,13.937296527777777,0.013659472069903141,0.012695964601192874,0.01298364275337586,0.01052921075501928,0.0009591776961174078,2014-06-15T13:53:42,0.0022697342365545162,0.0019348037427769523,0.0020909954621993482,0.0008070791645735003,0.0004371142782264272,0.01748768225573638,0.016215601331459287,0.016610272023477486,0.013804362421759881,0.0011685194431994349,180_1_BOA_LC08_228061_20140615
0.6739285714285715,1.06238,0.08806000000000001,2.11,1,4.364,180,-2.162501,SL,-55.764975,III,0.36760000000000004,0.23205,0.3390000000000004,0.07148047808187243,0.08088384997040839,34,0.2,2.7579,9.428571428571422,3.894,,12.589285714285714,HW,0.008546537876338559,0.007581188049726882,0.00780164871918526,0.006272669656554326,0.0007404626018842245,9,2014-06-01 15:24:00,13.937573391203705,0.0141951885681459,0.01333269445576716,0.01372018989691116,0.011816894258412404,0.0008212287523877207,2014-06-15T13:54:06,0.0024775755860935696,0.0020265040421251694,0.002163942069665396,0.0013401951204777972,0.00038332239270797976,0.01800315475110828,0.01689950427116994,0.017351922243075444,0.014872697391958107,0.0010569765928829626,180_1_BOA_LC08_228062_20140615
,1.678,1.4177199999999996,42.75,1,3.1494999999999997,181,-2.1425,SL,-55.899444,III,0.24914999999999998,0.16394999999999998,2.5435,0.162754,0.10791081021897811,35,0.2,2.6186999999999996,14.000000000000005,5.693,,,HW,0.000839754439356208,-0.008788936705296554,-0.006578906857543802,-0.023967070181867948,0.009068933810275681,9,2014-06-01 13:00:00,14.037296527777778,0.005922075098327264,-0.0028076976575733626,-0.0003717030643157638,-0.01766207006120029,0.008615599182529276,2014-06-15T13:53:42,0.03587101579255296,0.017659500840635042,0.014566672843888295,0.0068980892943889096,0.0103840439592392,0.007561153768005495,-0.002802010009139021,0.0001304008068561558,-0.01998613625729286,0.010235143174807929,181_1_BOA_LC08_228061_20140615
,1.678,1.4177199999999996,2.11,1,3.1494999999999997,181,-2.1425,SL,-55.899444,III,0.24914999999999998,0.16394999999999998,2.5435,0.162754,0.10791081021897811,35,0.2,2.6186999999999996,14.000000000000005,5.693,,,HW,0.0031672082819451386,-0.007848357443539438,-0.008194667647141756,-0.02080317538161349,0.008026306863592283,9,2014-06-01 13:00:00,14.037573391203704,0.008017466621491998,-0.001914855822560424,-0.002159389680456,-0.01466683831055224,0.007573838000883136,2014-06-15T13:54:06,0.032951454800590745,0.017105992463703652,0.01708651895922427,0.006002446150225476,0.009368090997386681,0.01001315633789912,-0.001906719002136116,-0.0017769006207701901,-0.016781895632926064,0.009068441991031965,181_1_BOA_LC08_228062_20140615
0.49,0.4547199999999999,0.008559999999999983,42.75,2,4.1425,182,-2.177378,SL,-55.806321,III,0.24930000000000002,0.2061,1.1,0.086447,0.0577036541724206,33,1.8,2.871,8.44444444444444,5.2425,,14.299999999999999,HW,0.006677376617643491,0.006519457623284095,0.006521170435596904,0.00640103573021048,9.248761923419712e-05,9,2014-06-01 13:00:00,14.037296527777778,0.012528995148364763,0.012433487255365739,0.01245093292850948,0.012390600761241573,4.088907031326999e-05,2014-06-15T13:53:42,0.002284280312385905,0.002184724809750894,0.0022020143517095655,0.0020960065080341626,4.693462301545972e-05,0.016366586796394,0.016223314672382933,0.016251446939003947,0.016132428599335398,7.836495701577798e-05,182_1_BOA_LC08_228061_20140615
0.49,0.4547199999999999,0.008559999999999983,2.11,2,4.1425,182,-2.177378,SL,-55.806321,III,0.24930000000000002,0.2061,1.1,0.086447,0.0577036541724206,33,1.8,2.871,8.44444444444444,5.2425,,14.299999999999999,HW,0.007139262479305751,0.006983776488290857,0.007012493690202733,0.006883423285735898,8.811403072452868e-05,9,2014-06-01 13:00:00,14.037573391203704,0.012923082002534626,0.012825047830248373,0.012831142536226877,0.012808649405946868,3.503934234348813e-05,2014-06-15T13:54:06,0.002309466461562063,0.0022349352619223145,0.0022502227056995718,0.002178270671535117,3.407046307019077e-05,0.01672581908251102,0.016582467744425608,0.0166242602425204,0.016523542171721847,6.698549818297592e-05,182_1_BOA_LC08_228062_20140615
0.52,1.1638799999999998,0.19086000000000006,42.75,3,3.367,183,-2.177378,SL,-55.806321,III,0.28800000000000003,0.18664999999999998,0.4490000000000003,0.0711975,0.0442888270862103,33,7.0,2.76138,16.285714285714317,3.8160000000000003,,16.3,HW,0.006677376617643491,0.006519457623284095,0.006521170435596904,0.00640103573021048,9.248761923419712e-05,9,2014-06-01 13:00:00,14.037296527777778,0.012528995148364763,0.012433487255365739,0.01245093292850948,0.012390600761241573,4.088907031326999e-05,2014-06-15T13:53:42,0.002284280312385905,0.002184724809750894,0.0022020143517095655,0.0020960065080341626,4.693462301545972e-05,0.016366586796394,0.016223314672382933,0.016251446939003947,0.016132428599335398,7.836495701577798e-05,183_1_BOA_LC08_228061_20140615
0.52,1.1638799999999998,0.19086000000000006,2.11,3,3.367,183,-2.177378,SL,-55.806321,III,0.28800000000000003,0.18664999999999998,0.4490000000000003,0.0711975,0.0442888270862103,33,7.0,2.76138,16.285714285714317,3.8160000000000003,,16.3,HW,0.007139262479305751,0.006983776488290857,0.007012493690202733,0.006883423285735898,8.811403072452868e-05,9,2014-06-01 13:00:00,14.037573391203704,0.012923082002534626,0.012825047830248373,0.012831142536226877,0.012808649405946868,3.503934234348813e-05,2014-06-15T13:54:06,0.002309466461562063,0.0022349352619223145,0.0022502227056995718,0.002178270671535117,3.407046307019077e-05,0.01672581908251102,0.016582467744425608,0.0166242602425204,0.016523542171721847,6.698549818297592e-05,183_1_BOA_LC08_228062_20140615
0.72,0.84684,"< 0,001",42.75,2,2.764666666666667,184,-2.173808,PD,-55.59809,III,0.3073333333333333,0.22726666666666664,2.17,0.06055458452357467,0.05411995475767739,21,1.8,2.02,13.142857142857164,4.145666666666667,,24.15,HW,0.009510046759722422,0.009255460198132755,0.009220419486326936,0.008915788434929944,0.0001941605801291969,9,2014-06-02 09:20:00,13.190074305555555,0.014319415094707098,0.014152939225794471,0.014125948139876965,0.013962683169207978,0.00012707182461934493,2014-06-15T13:53:42,0.0028426445539426657,0.0027367991549772886,0.0027720011932276835,0.0025540951153332683,0.00010027700898513814,0.017679168258001848,0.017383238205361883,0.017312086789945974,0.017132375748727842,0.00017448163890012582,184_1_BOA_LC08_228061_20140615
0.72,0.84684,"< 0,001",2.11,2,2.764666666666667,184,-2.173808,PD,-55.59809,III,0.3073333333333333,0.22726666666666664,2.17,0.06055458452357467,0.05411995475767739,21,1.8,2.02,13.142857142857164,4.145666666666667,,24.15,HW,0.010040709502152254,0.00967625031524375,0.009570520491011397,0.00952519868978588,0.0001718895861305596,9,2014-06-02 09:20:00,13.190351168981481,0.01466984654240375,0.014442404221383445,0.014413135153107317,0.014323571726234524,0.00011027661454750556,2014-06-15T13:54:06,0.0029234705376801028,0.0027600693579086827,0.0027508046398006646,0.002652572148068142,9.315250588007042e-05,0.01794713473981037,0.01759921340753686,0.01755791679342524,0.017435291850151694,0.00015356342838560526,184_1_BOA_LC08_228062_20140615
0.6,3.571819999999999,"< 0,001",42.75,3,2.671333333333333,185,-2.173808,PD,-55.59809,III,0.33043333333333336,0.26003333333333334,"< 0,001",0.06446472894130875,0.05300198375748011,21,7.0,2.25,13.142857142857164,2.248666666666667,,24.5,HW,0.009510046759722422,0.009255460198132755,0.009220419486326936,0.008915788434929944,0.0001941605801291969,9,2014-06-02 09:20:00,13.190074305555555,0.014319415094707098,0.014152939225794471,0.014125948139876965,0.013962683169207978,0.00012707182461934493,2014-06-15T13:53:42,0.0028426445539426657,0.0027367991549772886,0.0027720011932276835,0.0025540951153332683,0.00010027700898513814,0.017679168258001848,0.017383238205361883,0.017312086789945974,0.017132375748727842,0.00017448163890012582,185_1_BOA_LC08_228061_20140615
0.6,3.571819999999999,"< 0,001",2.11,3,2.671333333333333,185,-2.173808,PD,-55.59809,III,0.33043333333333336,0.26003333333333334,"< 0,001",0.06446472894130875,0.05300198375748011,21,7.0,2.25,13.142857142857164,2.248666666666667,,24.5,HW,0.010040709502152254,0.00967625031524375,0.009570520491011397,0.00952519868978588,0.0001718895861305596,9,2014-06-02 09:20:00,13.190351168981481,0.01466984654240375,0.014442404221383445,0.014413135153107317,0.014323571726234524,0.00011027661454750556,2014-06-15T13:54:06,0.0029234705376801028,0.0027600693579086827,0.0027508046398006646,0.002652572148068142,9.315250588007042e-05,0.01794713473981037,0.01759921340753686,0.01755791679342524,0.017435291850151694,0.00015356342838560526,185_1_BOA_LC08_228062_20140615
0.6516666666666667,2.4011000000000005,0.42362,42.75,1,3.936666666666666,186,-2.151079,PC,-55.565754,III,0.41709999999999997,0.3374,2.0465,0.09874146858758318,0.08206733885710528,20,0.2,2.12,25.7142857142857,5.278666666666666,,11.049999999999999,HW,0.009109409025040349,0.0088395770310615,0.008786711423510243,0.008743171816352422,0.00011261737985465286,9,2014-06-02 10:20:00,13.148407638888889,0.016252341911360983,0.01568978325450913,0.015620997234529978,0.015454444173890493,0.00022747966693924534,2014-06-15T13:53:42,0.0029847443946084333,0.0029187738054985523,0.0029398941801964877,0.0028291015203523234,5.344479541739074e-05,0.021323233109911605,0.020598902322053785,0.02043979436533883,0.020202170444336108,0.00032642709809183626,186_1_BOA_LC08_228061_20140615
0.6516666666666667,2.4011000000000005,0.42362,2.11,1,3.936666666666666,186,-2.151079,PC,-55.565754,III,0.41709999999999997,0.3374,2.0465,0.09874146858758318,0.08206733885710528,20,0.2,2.12,25.7142857142857,5.278666666666666,,11.049999999999999,HW,0.009879600290744082,0.009627831498674796,0.009592664536751505,0.009321041891107698,0.0001873397281710187,9,2014-06-02 10:20:00,13.148684502314815,0.01713645629958129,0.016648398998223724,0.016751346200635207,0.015949290869147804,0.0003784087736300207,2014-06-15T13:54:06,0.0033159947000174867,0.003089879262158058,0.003069419428627571,0.0028517916025485937,0.0001402432202148357,0.022354743381556942,0.02173484761603638,0.021779397959153846,0.020802675016697438,0.0004866610537062888,186_1_BOA_LC08_228062_20140615
0.9375,3.5997000000000003,"< 0,001",42.75,1,3.767333333333333,187,-2.173808,PD,-55.59809,III,0.3257666666666667,0.2413,1.24,0.05215014916086583,0.058986009272045774,21,0.2,2.14,11.714285714285735,5.007333333333333,,23.900000000000002,HW,0.009510046759722422,0.009255460198132755,0.009220419486326936,0.008915788434929944,0.0001941605801291969,9,2014-06-02 09:20:00,13.190074305555555,0.014319415094707098,0.014152939225794471,0.014125948139876965,0.013962683169207978,0.00012707182461934493,2014-06-15T13:53:42,0.0028426445539426657,0.0027367991549772886,0.0027720011932276835,0.0025540951153332683,0.00010027700898513814,0.017679168258001848,0.017383238205361883,0.017312086789945974,0.017132375748727842,0.00017448163890012582,187_1_BOA_LC08_228061_20140615
0.9375,3.5997000000000003,"< 0,001",2.11,1,3.767333333333333,187,-2.173808,PD,-55.59809,III,0.3257666666666667,0.2413,1.24,0.05215014916086583,0.058986009272045774,21,0.2,2.14,11.714285714285735,5.007333333333333,,23.900000000000002,HW,0.010040709502152254,0.00967625031524375,0.009570520491011397,0.00952519868978588,0.0001718895861305596,9,2014-06-02 09:20:00,13.190351168981481,0.01466984654240375,0.014442404221383445,0.014413135153107317,0.014323571726234524,0.00011027661454750556,2014-06-15T13:54:06,0.0029234705376801028,0.0027600693579086827,0.0027508046398006646,0.002652572148068142,9.315250588007042e-05,0.01794713473981037,0.01759921340753686,0.01755791679342524,0.017435291850151694,0.00015356342838560526,187_1_BOA_LC08_228062_20140615
1.6163636363636362,3.4446,1.6003600000000007,42.75,1,3.184,188,-2.115929,GP,-55.447053,III,0.34615,0.2963,2.1275,0.08682287856286681,0.10432739199053068,47,0.2,2.2098,11.42857142857144,5.3115,,10.636363636363638,HW,0.0032937414679622377,0.003035607137916514,0.0030000541026899176,0.00048416058414540997,0.0009493946586797606,7,2014-06-02 12:37:00,13.05326875,0.00885339386732786,0.008035789768555686,0.008255469788361211,0.00492503902994533,0.0013542025139367689,2014-06-15T13:53:42,9.08307532905793e-05,-0.0008527845547965425,-0.0007821406465255004,-0.0027335392606513097,0.0008706943336313438,0.011352769580268898,0.010891859144958407,0.010974438927732817,0.008585040168065015,0.0008670055100562538,188_1_BOA_LC08_228061_20140615
,5.055559999999999,5.097300000000002,42.75,1,2.867,189,-2.0458,SN,-55.4319,III,0.314302629107981,0.244735458752515,0.39400000000000013,0.03883500378782903,0.050108346222134545,48,0.2,2.61,57.42857142857146,2.8875,,,HW,0.006183622263698262,-0.013620156593413429,-0.010562633828493859,-0.035130352414284985,0.013761160166940005,9,2014-06-02 12:00:00,13.078963194444444,0.013377271518157754,-0.005886111013540399,-0.002897583583559127,-0.026810156693995543,0.01333583774423452,2014-06-15T13:53:42,0.05919743045846607,0.024517325414492065,0.021708739093926288,0.006015815094735036,0.016040591737986963,0.019540253292200518,-0.005074536308138413,-0.0018861303425926988,-0.03117612475640106,0.0169486233611866,189_1_BOA_LC08_228061_20140615
0.944,4.190599999999999,0.5688000000000005,63.26,1,3.45,190,-2.205757,LG,-55.347217,III,0.38876666666666665,0.2843,1.8133333333333332,0.0378764943102745,0.050765992766489125,5,0.2,1.82,18.11428571428571,5.263333333333333,,19.160000000000004,HW,0.018940262419993897,0.01604741537406588,0.016003830657359056,0.014216576527144708,0.0013150953809719724,9,2014-06-03 12:30:00,-3.9419558333333335,0.019552592665879307,0.01790427546713402,0.017775225576533254,0.017076687247955823,0.0007401320542307657,2014-05-30T13:53:35,0.008237222872474987,0.006477331392728378,0.006259302666283967,0.005559553478230644,0.0009029328865191292,0.02264832951193318,0.020800243713046708,0.020824707279445253,0.019667232943982007,0.0008859027239580405,190_1_BOA_LC08_228061_20140530
0.944,4.190599999999999,0.5688000000000005,42.75,1,3.45,190,-2.205757,LG,-55.347217,III,0.38876666666666665,0.2843,1.8133333333333332,0.0378764943102745,0.050765992766489125,5,0.2,1.82,18.11428571428571,5.263333333333333,,19.160000000000004,HW,0.008827690167744068,0.008683075436666856,0.008714146753747614,0.008423710272403883,0.0001235019768584756,9,2014-06-03 12:30:00,12.05812986111111,0.0155803250438926,0.015162785894462797,0.015310080167660408,0.014460336086112474,0.0003512868182108893,2014-06-15T13:53:42,0.0031489910170230282,0.0029978351529589874,0.0029928394011329313,0.002773014478105805,0.00011897936286730004,0.019775469416689992,0.019293159665259338,0.019407775768350333,0.018319866105530772,0.0004317339020421405,190_1_BOA_LC08_228061_20140615
0.944,4.190599999999999,0.5688000000000005,80.83,1,3.45,190,-2.205757,LG,-55.347217,III,0.38876666666666665,0.2843,1.8133333333333332,0.0378764943102745,0.050765992766489125,5,0.2,1.82,18.11428571428571,5.263333333333333,,19.160000000000004,HW,0.019881101345207517,0.01672175405150757,0.01693773059848446,0.014274144975028547,0.0015060290979702893,9,2014-06-03 12:30:00,-3.9416789699074073,0.02014197787087098,0.018469686727057393,0.018408011567379187,0.017684666815986665,0.0007387540088064255,2014-05-30T13:53:58,0.008439108499050621,0.006623854289384095,0.006548750029827275,0.0055302624492923926,0.0009722384355801747,0.023162757199479533,0.02128994146198782,0.021109652942097976,0.02018289395811679,0.0009045852842397679,190_1_BOA_LC08_228062_20140530
0.944,4.190599999999999,0.5688000000000005,2.11,1,3.45,190,-2.205757,LG,-55.347217,III,0.38876666666666665,0.2843,1.8133333333333332,0.0378764943102745,0.050765992766489125,5,0.2,1.82,18.11428571428571,5.263333333333333,,19.160000000000004,HW,0.009337100051238938,0.009195421987859241,0.00922378344016491,0.008935680234386588,0.00012505441969935279,9,2014-06-03 12:30:00,12.058406724537036,0.016027832822633262,0.015607189538296236,0.015752783469500695,0.014909683012337398,0.0003535419930200579,2014-06-15T13:54:06,0.0032177350231509328,0.0030576252660589305,0.0030480565701852926,0.0028313134972992875,0.00012187197349814497,0.020191996939902403,0.019702346946034614,0.019814416224761728,0.018719023628516247,0.00043958460210950025,190_1_BOA_LC08_228062_20140615
1.628333333333333,12.914700000000002,2.9768599999999976,42.75,1,4.311,191,-2.307096,LG,-55.373301,III,0.4749,0.3657,0.44200000000000017,0.025037946732720577,0.0342240382718485,37,0.2,2.9493,,3.6944999999999997,,2.1333333333333337,HW,0.02368280119271072,0.011499476793134487,0.01317818500624662,0.0019597935384007663,0.007261672125233348,9,2014-06-03 14:50:00,11.960907638888889,0.015799319627978883,0.00804007201318656,0.008476222582213293,0.002653295102775177,0.004405059252490053,2014-06-15T13:53:42,0.03662925721144562,0.03415867359578515,0.03500368854995754,0.03181209995771046,0.0015289447021794383,0.008259205282574435,0.0013705249394765006,0.0019221706338294064,-0.0037135839784394713,0.0039911283987288625,191_1_BOA_LC08_228061_20140615
1.628333333333333,12.914700000000002,2.9768599999999976,2.11,1,4.311,191,-2.307096,LG,-55.373301,III,0.4749,0.3657,0.44200000000000017,0.025037946732720577,0.0342240382718485,37,0.2,2.9493,,3.6944999999999997,,2.1333333333333337,HW,0.024648600735839157,0.012431708211004758,0.013983493961800434,0.0030427621407076617,0.007210034281421202,9,2014-06-03 14:50:00,11.961184502314815,0.016393542635187972,0.008590414127314738,0.008906538305478221,0.003271397247744331,0.0043875133518259555,2014-06-15T13:54:06,0.03718081230387643,0.03483617513970007,0.03554107107295433,0.03278037003288122,0.0013901721519279213,0.008600618394659497,0.0016806448695441333,0.002126247685347856,-0.0033499810677176944,0.003958354685339334,191_1_BOA_LC08_228062_20140615
1.2375,4.091,0.17229999999999995,63.26,1,3.05,192,-2.255185,LG,-55.376673,III,0.38025,0.235995,0.7910000000000001,0.03502525207891992,0.05677393963306372,38,0.2,2.9406,14.457142857142845,3.841,,14.058333333333332,HW,0.013631452267947508,0.013388225177661332,0.013347630892300932,0.012878994377129764,0.00023209416873381993,9,2014-06-03 13:40:00,-3.9905669444444443,0.016198132957064806,0.015876635028197333,0.015835565018208972,0.01567477705013564,0.0001719648027843335,2014-05-30T13:53:35,0.005704972299530353,0.005533121968883008,0.0055245282148151595,0.005101336415951873,0.00018562107666943395,0.0184374062926686,0.017944689293551263,0.017920688708910018,0.017767610938827498,0.00020998779010903264,192_1_BOA_LC08_228061_20140530
1.2375,4.091,0.17229999999999995,42.75,1,3.05,192,-2.255185,LG,-55.376673,III,0.38025,0.235995,0.7910000000000001,0.03502525207891992,0.05677393963306372,38,0.2,2.9406,14.457142857142845,3.841,,14.058333333333332,HW,0.022352177479033557,0.012161386671106065,0.011711458195471603,-0.016824966688044847,0.012596580222901398,6,2014-06-03 13:40:00,12.00951875,0.01757461690259092,0.015863146307911195,0.0159133354695732,0.013038429657013692,0.001566336547818795,2014-06-15T13:53:42,0.010408244416654422,0.004272900145181354,0.0044698744155077606,-0.011793663101735158,0.00693756957368442,0.022558235276184994,0.018775646095423065,0.018965616063854177,0.011519879361236041,0.0033973261982065774,192_1_BOA_LC08_228061_20140615
1.2375,4.091,0.17229999999999995,80.83,1,3.05,192,-2.255185,LG,-55.376673,III,0.38025,0.235995,0.7910000000000001,0.03502525207891992,0.05677393963306372,38,0.2,2.9406,14.457142857142845,3.841,,14.058333333333332,HW,0.014267040619182384,0.01402669070440682,0.013991999481095701,0.01349502178548875,0.00023650287012634745,9,2014-06-03 13:40:00,-3.9902900810185185,0.016696253838135985,0.016381039039658006,0.01633879965260609,0.01618267341917989,0.00016412034651549576,2014-05-30T13:53:58,0.005840659923589973,0.00566416966901415,0.00563653385975978,0.005224501118678747,0.00018749710937496347,0.01885077838754861,0.01836484359173022,0.018327597283796807,0.018190695158088584,0.0002027290332227695,192_1_BOA_LC08_228062_20140530
1.2375,4.091,0.17229999999999995,2.11,1,3.05,192,-2.255185,LG,-55.376673,III,0.38025,0.235995,0.7910000000000001,0.03502525207891992,0.05677393963306372,38,0.2,2.9406,14.457142857142845,3.841,,14.058333333333332,HW,0.022499269905998966,0.012662350327113192,0.012315448294707227,-0.018510521518222422,0.013254359380800579,6,2014-06-03 13:40:00,12.009795613425926,0.017717586011915566,0.01632040573808124,0.01638948168573802,0.014027565928698641,0.0013017375037162422,2014-06-15T13:54:06,0.010122704945271439,0.004225521343172389,0.004567297288444253,-0.011897462221579325,0.00692733290524302,0.02262947305162305,0.019179784755153608,0.019407599250233103,0.012485792244942435,0.003127307847885661,192_1_BOA_LC08_228062_20140615
0.7966666666666667,0.65814,0.01572000000000029,42.75,1,3.6804999999999994,193,-2.173257,GP,-55.372851,III,0.29925,0.24605,1.5155000000000003,0.005249999999999993,0.03915634247386071,39,0.2,3.0276,17.657142857142873,5.196,,18.316666666666666,HW,0.008557889638527917,0.007731325720329407,0.007873904957484194,0.007026583999546567,0.0005325195870122568,9,2014-06-03 11:10:00,12.113685416666666,0.014691353494504147,0.012866838550924466,0.013090137331305145,0.011044782820426454,0.0013078117748213237,2014-06-15T13:53:42,0.002660459030357194,0.002231620037375106,0.0022188379935074954,0.001840542679736773,0.0002921550301262219,0.018900548452268587,0.016320725108930772,0.016720454271085705,0.013762011710118335,0.001841724975260601,193_1_BOA_LC08_228061_20140615
0.7966666666666667,0.65814,0.01572000000000029,2.11,1,3.6804999999999994,193,-2.173257,GP,-55.372851,III,0.29925,0.24605,1.5155000000000003,0.005249999999999993,0.03915634247386071,39,0.2,3.0276,17.657142857142873,5.196,,18.316666666666666,HW,0.0090605336427573,0.0082248076349875,0.008374623588702557,0.007513468268585062,0.0005385836074391152,9,2014-06-03 11:10:00,12.113962280092593,0.015105689643523991,0.013268195446859936,0.013515031545871114,0.011426402776517904,0.0013194479339375504,2014-06-15T13:54:06,0.002708144674337601,0.0022767286420485094,0.0022581880447176176,0.0018876433270324099,0.00029341957082992316,0.019285018984023766,0.016682313941522982,0.017100005328134823,0.014096642326710554,0.0018644985599169642,193_1_BOA_LC08_228062_20140615
0.535,0.9065200000000001,0.0645000000000003,42.75,1,3.333,194,-2.135144,GP,-55.370602,III,0.2876,0.2142,1.8104999999999998,0.0306,0.03632911816926415,40,0.2,3.0276,26.742857142857126,5.1434999999999995,,18.65,HW,0.008679879332944996,0.008290900625420398,0.008407544387151824,0.005668807930528834,0.0009996057002218618,7,2014-06-03 10:10:00,12.155352083333334,0.011730176619451412,0.010185978129910903,0.010786146339628306,0.008395826202815981,0.0012240532275221983,2014-06-15T13:53:42,0.0023451277133145973,0.0019303944713937946,0.0021951411132785387,-3.2193293146496466e-05,0.000797402567550394,0.015035970298077527,0.012455731255603203,0.013153510543985428,0.009597951898106829,0.001892925020102099,194_1_BOA_LC08_228061_20140615
0.49000000000000005,2.6619,0.09507999999999972,42.75,1,2.3760000000000003,195,-2.113672,GP,-55.370602,III,0.3344,0.27275,1.6589999999999998,0.04883752470769111,0.07634216808048926,41,0.2,3.1407,31.142857142857167,4.035,,22.029999999999998,HW,0.008031618519467881,0.005882481096572098,0.007160789568646649,0.0014903689000820286,0.0022184603974856917,9,2014-06-03 09:20:00,12.190074305555555,0.014223814656525136,0.012293685816066487,0.013431150561577527,0.008292999451517517,0.001995986142362392,2014-06-15T13:53:42,0.009705205512125864,0.005023829055694111,0.003900438049077631,0.0005885004289757736,0.0025967525766170366,0.01944304952520033,0.016901645478110062,0.018433829322543772,0.011745884905277268,0.002576931989094178,195_1_BOA_LC08_228061_20140615
0.95,4.10844,0.4546400000000003,63.26,2,3.5095,196,-2.255185,LG,-55.376673,III,0.32845,0.25355,0.009999999999999787,0.023057820006235633,0.04073692049713948,38,2.2,2.8797,13.600000000000003,2.968,,14,HW,0.013631452267947508,0.013388225177661332,0.013347630892300932,0.012878994377129764,0.00023209416873381993,9,2014-06-03 13:40:00,-3.9905669444444443,0.016198132957064806,0.015876635028197333,0.015835565018208972,0.01567477705013564,0.0001719648027843335,2014-05-30T13:53:35,0.005704972299530353,0.005533121968883008,0.0055245282148151595,0.005101336415951873,0.00018562107666943395,0.0184374062926686,0.017944689293551263,0.017920688708910018,0.017767610938827498,0.00020998779010903264,196_1_BOA_LC08_228061_20140530
0.95,4.10844,0.4546400000000003,42.75,2,3.5095,196,-2.255185,LG,-55.376673,III,0.32845,0.25355,0.009999999999999787,0.023057820006235633,0.04073692049713948,38,2.2,2.8797,13.600000000000003,2.968,,14,HW,0.022352177479033557,0.012161386671106065,0.011711458195471603,-0.016824966688044847,0.012596580222901398,6,2014-06-03 13:40:00,12.00951875,0.01757461690259092,0.015863146307911195,0.0159133354695732,0.013038429657013692,0.001566336547818795,2014-06-15T13:53:42,0.010408244416654422,0.004272900145181354,0.0044698744155077606,-0.011793663101735158,0.00693756957368442,0.022558235276184994,0.018775646095423065,0.018965616063854177,0.011519879361236041,0.0033973261982065774,196_1_BOA_LC08_228061_20140615
0.95,4.10844,0.4546400000000003,80.83,2,3.5095,196,-2.255185,LG,-55.376673,III,0.32845,0.25355,0.009999999999999787,0.023057820006235633,0.04073692049713948,38,2.2,2.8797,13.600000000000003,2.968,,14,HW,0.014267040619182384,0.01402669070440682,0.013991999481095701,0.01349502178548875,0.00023650287012634745,9,2014-06-03 13:40:00,-3.9902900810185185,0.016696253838135985,0.016381039039658006,0.01633879965260609,0.01618267341917989,0.00016412034651549576,2014-05-30T13:53:58,0.005840659923589973,0.00566416966901415,0.00563653385975978,0.005224501118678747,0.00018749710937496347,0.01885077838754861,0.01836484359173022,0.018327597283796807,0.018190695158088584,0.0002027290332227695,196_1_BOA_LC08_228062_20140530
0.95,4.10844,0.4546400000000003,2.11,2,3.5095,196,-2.255185,LG,-55.376673,III,0.32845,0.25355,0.009999999999999787,0.023057820006235633,0.04073692049713948,38,2.2,2.8797,13.600000000000003,2.968,,14,HW,0.022499269905998966,0.012662350327113192,0.012315448294707227,-0.018510521518222422,0.013254359380800579,6,2014-06-03 13:40:00,12.009795613425926,0.017717586011915566,0.01632040573808124,0.01638948168573802,0.014027565928698641,0.0013017375037162422,2014-06-15T13:54:06,0.010122704945271439,0.004225521343172389,0.004567297288444253,-0.011897462221579325,0.00692733290524302,0.02262947305162305,0.019179784755153608,0.019407599250233103,0.012485792244942435,0.003127307847885661,196_1_BOA_LC08_228062_20140615
0.73,1.94148,0.1842000000000002,63.26,3,3.39,197,-2.255185,LG,-55.376673,III,0.3198,0.28005,1.8035,0.03001658247430051,0.04513047938449398,38,7.0,2.8449,16.228571428571442,5.1935,,17.7,HW,0.013631452267947508,0.013388225177661332,0.013347630892300932,0.012878994377129764,0.00023209416873381993,9,2014-06-03 13:40:00,-3.9905669444444443,0.016198132957064806,0.015876635028197333,0.015835565018208972,0.01567477705013564,0.0001719648027843335,2014-05-30T13:53:35,0.005704972299530353,0.005533121968883008,0.0055245282148151595,0.005101336415951873,0.00018562107666943395,0.0184374062926686,0.017944689293551263,0.017920688708910018,0.017767610938827498,0.00020998779010903264,197_1_BOA_LC08_228061_20140530
0.73,1.94148,0.1842000000000002,42.75,3,3.39,197,-2.255185,LG,-55.376673,III,0.3198,0.28005,1.8035,0.03001658247430051,0.04513047938449398,38,7.0,2.8449,16.228571428571442,5.1935,,17.7,HW,0.022352177479033557,0.012161386671106065,0.011711458195471603,-0.016824966688044847,0.012596580222901398,6,2014-06-03 13:40:00,12.00951875,0.01757461690259092,0.015863146307911195,0.0159133354695732,0.013038429657013692,0.001566336547818795,2014-06-15T13:53:42,0.010408244416654422,0.004272900145181354,0.0044698744155077606,-0.011793663101735158,0.00693756957368442,0.022558235276184994,0.018775646095423065,0.018965616063854177,0.011519879361236041,0.0033973261982065774,197_1_BOA_LC08_228061_20140615
0.73,1.94148,0.1842000000000002,80.83,3,3.39,197,-2.255185,LG,-55.376673,III,0.3198,0.28005,1.8035,0.03001658247430051,0.04513047938449398,38,7.0,2.8449,16.228571428571442,5.1935,,17.7,HW,0.014267040619182384,0.01402669070440682,0.013991999481095701,0.01349502178548875,0.00023650287012634745,9,2014-06-03 13:40:00,-3.9902900810185185,0.016696253838135985,0.016381039039658006,0.01633879965260609,0.01618267341917989,0.00016412034651549576,2014-05-30T13:53:58,0.005840659923589973,0.00566416966901415,0.00563653385975978,0.005224501118678747,0.00018749710937496347,0.01885077838754861,0.01836484359173022,0.018327597283796807,0.018190695158088584,0.0002027290332227695,197_1_BOA_LC08_228062_20140530
0.73,1.94148,0.1842000000000002,2.11,3,3.39,197,-2.255185,LG,-55.376673,III,0.3198,0.28005,1.8035,0.03001658247430051,0.04513047938449398,38,7.0,2.8449,16.228571428571442,5.1935,,17.7,HW,0.022499269905998966,0.012662350327113192,0.012315448294707227,-0.018510521518222422,0.013254359380800579,6,2014-06-03 13:40:00,12.009795613425926,0.017717586011915566,0.01632040573808124,0.01638948168573802,0.014027565928698641,0.0013017375037162422,2014-06-15T13:54:06,0.010122704945271439,0.004225521343172389,0.004567297288444253,-0.011897462221579325,0.00692733290524302,0.02262947305162305,0.019179784755153608,0.019407599250233103,0.012485792244942435,0.003127307847885661,197_1_BOA_LC08_228062_20140615
,1.94148,0.1842000000000002,42.75,1,3.185,198,-1.990445,LG,-55.52373,III,0.27740000000000004,0.20815,1.9810000000000003,0.11037720000000001,0.06677865792069441,50,0.2,2.61,,5.166,,,HW,0.0035238270211962594,-0.006966712434613507,-0.002665849622980083,-0.027621694919019297,0.009098759400732067,9,2014-06-03 13:00:00,12.037296527777778,0.008665632859778605,-0.0007071246644628905,0.0031389689268387626,-0.018545610192357797,0.007897752321055171,2014-06-15T13:53:42,0.04855941260034851,0.019108768516072086,0.013386172691915887,0.003986785871020083,0.013206611009456326,0.01123616236915339,-0.0004035479844842299,0.004216721917119916,-0.02260199615503048,0.00977144009069207,198_1_BOA_LC08_228061_20140615
0.55,10.48878,0.82762,42.75,2,3.6005000000000003,199,-2.135144,GP,-55.370602,III,0.2946,0.24795,1.4840000000000002,0.030115157897252394,0.04417330834484119,40,1.8,2.7753,14.94285714285714,5.0845,,16.9,HW,0.008679879332944996,0.008290900625420398,0.008407544387151824,0.005668807930528834,0.0009996057002218618,7,2014-06-03 10:10:00,12.155352083333334,0.011730176619451412,0.010185978129910903,0.010786146339628306,0.008395826202815981,0.0012240532275221983,2014-06-15T13:53:42,0.0023451277133145973,0.0019303944713937946,0.0021951411132785387,-3.2193293146496466e-05,0.000797402567550394,0.015035970298077527,0.012455731255603203,0.013153510543985428,0.009597951898106829,0.001892925020102099,199_1_BOA_LC08_228061_20140615
0.56,8.24912,0.5365600000000008,42.75,3,3.2314999999999996,200,-2.135144,GP,-55.370602,III,0.33895000000000003,0.25905,0.4730000000000003,0.04254757070219022,0.045003255079897414,40,7.0,3.0711,19.342857142857138,2.9065,,19.5,HW,0.008679879332944996,0.008290900625420398,0.008407544387151824,0.005668807930528834,0.0009996057002218618,7,2014-06-03 10:10:00,12.155352083333334,0.011730176619451412,0.010185978129910903,0.010786146339628306,0.008395826202815981,0.0012240532275221983,2014-06-15T13:53:42,0.0023451277133145973,0.0019303944713937946,0.0021951411132785387,-3.2193293146496466e-05,0.000797402567550394,0.015035970298077527,0.012455731255603203,0.013153510543985428,0.009597951898106829,0.001892925020102099,200_1_BOA_LC08_228061_20140615
0.785,1.6280999999999999,"< 0,001",63.26,2,4.713333333333334,201,-2.221738,LG,-55.270194,III,0.5136,0.41100000000000003,0.5430000000000001,0.10094764852041824,0.09311509554810284,4,1.6,2.36,16.171428571428567,4.976333333333334,,16.65,HW,0.00904345502977549,0.008881077748493461,0.008837154656791673,0.008393367660367301,0.0002317155574731919,9,2014-06-04 11:45:00,-4.910705833333333,0.01320545919859481,0.012808601030196239,0.012736556126586963,0.012454488012973833,0.00024031407545845008,2014-05-30T13:53:35,0.0039795109366903515,0.003765509755588919,0.00373564285402687,0.0034509611611957423,0.000161128434462184,0.01591004882774938,0.015541662728034516,0.015473202971840544,0.015169579780839708,0.00027942022790129696,201_1_BOA_LC08_228061_20140530
0.785,1.6280999999999999,"< 0,001",42.75,2,4.713333333333334,201,-2.221738,LG,-55.270194,III,0.5136,0.41100000000000003,0.5430000000000001,0.10094764852041824,0.09311509554810284,4,1.6,2.36,16.171428571428567,4.976333333333334,,16.65,HW,0.007818280673026897,0.007687187858835105,0.007668391602085154,0.007616158167755917,6.611466502959515e-05,9,2014-06-04 11:45:00,11.08937986111111,0.014520079452917839,0.014385117581802947,0.014362963929249302,0.014252493873803698,8.677959953313893e-05,2014-06-15T13:53:42,0.0026614949119356467,0.002573739618727684,0.0025763521817447686,0.0024832467292321874,5.229293490680845e-05,0.018744848286103975,0.018548015358901306,0.018517299630741325,0.01832644137778077,0.00014597901382903323,201_1_BOA_LC08_228061_20140615
0.785,1.6280999999999999,"< 0,001",80.83,2,4.713333333333334,201,-2.221738,LG,-55.270194,III,0.5136,0.41100000000000003,0.5430000000000001,0.10094764852041824,0.09311509554810284,4,1.6,2.36,16.171428571428567,4.976333333333334,,16.65,HW,0.009773434294241191,0.009447900011475557,0.009448616537259848,0.008999328723108149,0.0002744001486149174,9,2014-06-04 11:45:00,-4.910428969907407,0.01364880961135053,0.013278618365001457,0.01322717112832383,0.012879609192994699,0.0002534728216459462,2014-05-30T13:53:58,0.004186768047582978,0.0038605705281854956,0.0038516406780457913,0.0035753069495079656,0.00017443297125115397,0.016374830042408577,0.015958597098183425,0.015934410512861336,0.015464073085357034,0.00032195938445222296,201_1_BOA_LC08_228062_20140530
0.785,1.6280999999999999,"< 0,001",2.11,2,4.713333333333334,201,-2.221738,LG,-55.270194,III,0.5136,0.41100000000000003,0.5430000000000001,0.10094764852041824,0.09311509554810284,4,1.6,2.36,16.171428571428567,4.976333333333334,,16.65,HW,0.008323004441192855,0.008181441738028853,0.008165361521902885,0.008104769716327839,6.912492121288894e-05,9,2014-06-04 11:45:00,11.089656724537036,0.014965470834303727,0.014813276559449653,0.014789609477203938,0.014681497777428085,9.101101890861014e-05,2014-06-15T13:54:06,0.0027186189725035177,0.0026290313109778463,0.0026425852243543786,0.0025278947227270207,5.5648556871842014e-05,0.019162078371916247,0.01895527039971682,0.018924972248301995,0.018725047908001495,0.00015075681033574565,201_1_BOA_LC08_228062_20140615
0.79,3.71888,0.7173400000000005,63.26,3,3.339,202,-2.221738,LG,-55.270194,III,0.4353666666666667,0.31287,2.532333333333333,0.047374575556724086,0.06753476221476952,4,7.0,2.02,17.228571428571414,5.871333333333333,,17,HW,0.00904345502977549,0.008881077748493461,0.008837154656791673,0.008393367660367301,0.0002317155574731919,9,2014-06-04 11:45:00,-4.910705833333333,0.01320545919859481,0.012808601030196239,0.012736556126586963,0.012454488012973833,0.00024031407545845008,2014-05-30T13:53:35,0.0039795109366903515,0.003765509755588919,0.00373564285402687,0.0034509611611957423,0.000161128434462184,0.01591004882774938,0.015541662728034516,0.015473202971840544,0.015169579780839708,0.00027942022790129696,202_1_BOA_LC08_228061_20140530
0.79,3.71888,0.7173400000000005,42.75,3,3.339,202,-2.221738,LG,-55.270194,III,0.4353666666666667,0.31287,2.532333333333333,0.047374575556724086,0.06753476221476952,4,7.0,2.02,17.228571428571414,5.871333333333333,,17,HW,0.007818280673026897,0.007687187858835105,0.007668391602085154,0.007616158167755917,6.611466502959515e-05,9,2014-06-04 11:45:00,11.08937986111111,0.014520079452917839,0.014385117581802947,0.014362963929249302,0.014252493873803698,8.677959953313893e-05,2014-06-15T13:53:42,0.0026614949119356467,0.002573739618727684,0.0025763521817447686,0.0024832467292321874,5.229293490680845e-05,0.018744848286103975,0.018548015358901306,0.018517299630741325,0.01832644137778077,0.00014597901382903323,202_1_BOA_LC08_228061_20140615
0.79,3.71888,0.7173400000000005,80.83,3,3.339,202,-2.221738,LG,-55.270194,III,0.4353666666666667,0.31287,2.532333333333333,0.047374575556724086,0.06753476221476952,4,7.0,2.02,17.228571428571414,5.871333333333333,,17,HW,0.009773434294241191,0.009447900011475557,0.009448616537259848,0.008999328723108149,0.0002744001486149174,9,2014-06-04 11:45:00,-4.910428969907407,0.01364880961135053,0.013278618365001457,0.01322717112832383,0.012879609192994699,0.0002534728216459462,2014-05-30T13:53:58,0.004186768047582978,0.0038605705281854956,0.0038516406780457913,0.0035753069495079656,0.00017443297125115397,0.016374830042408577,0.015958597098183425,0.015934410512861336,0.015464073085357034,0.00032195938445222296,202_1_BOA_LC08_228062_20140530
0.79,3.71888,0.7173400000000005,2.11,3,3.339,202,-2.221738,LG,-55.270194,III,0.4353666666666667,0.31287,2.532333333333333,0.047374575556724086,0.06753476221476952,4,7.0,2.02,17.228571428571414,5.871333333333333,,17,HW,0.008323004441192855,0.008181441738028853,0.008165361521902885,0.008104769716327839,6.912492121288894e-05,9,2014-06-04 11:45:00,11.089656724537036,0.014965470834303727,0.014813276559449653,0.014789609477203938,0.014681497777428085,9.101101890861014e-05,2014-06-15T13:54:06,0.0027186189725035177,0.0026290313109778463,0.0026425852243543786,0.0025278947227270207,5.5648556871842014e-05,0.019162078371916247,0.01895527039971682,0.018924972248301995,0.018725047908001495,0.00015075681033574565,202_1_BOA_LC08_228062_20140615
1.2249999999999999,2.2585799999999994,1.6167000000000002,63.26,1,2.586,203,-2.245385,LG,-55.24066,III,0.34226666666666666,0.18789666666666668,2.2613333333333334,0.033798046578549346,0.057999645426448344,2,0.2,1.96,6.000000000000013,4.847333333333333,,3.6333333333333333,HW,0.007061526913034933,0.006883437446438473,0.006893102514587867,0.006652326440396523,0.00011169218124783724,9,2014-06-04 13:00:00,-4.962789166666667,0.008312091939976679,0.007957399758150125,0.007925388934193126,0.007751117831380289,0.0001904384924446594,2014-05-30T13:53:35,0.004725703359217209,0.004499252759631452,0.004503090832183709,0.004341767112493233,9.889940440393974e-05,0.007975882084302314,0.007557195170277491,0.007553186054217497,0.007289419169014828,0.0002511011316628951,203_1_BOA_LC08_228061_20140530
1.2249999999999999,2.2585799999999994,1.6167000000000002,42.75,1,2.586,203,-2.245385,LG,-55.24066,III,0.34226666666666666,0.18789666666666668,2.2613333333333334,0.033798046578549346,0.057999645426448344,2,0.2,1.96,6.000000000000013,4.847333333333333,,3.6333333333333333,HW,0.004528175072999796,0.00428757505744497,0.004299224843065776,0.004152590115531932,0.0001241557072661912,9,2014-06-04 13:00:00,11.037296527777778,0.007529854786424847,0.0073206284062347585,0.007281616952381555,0.007144437173765618,0.00012613696586213417,2014-06-15T13:53:42,0.0015152562888063603,0.0014422248124473932,0.0014641176189044264,0.0013607033070091729,5.188326159671827e-05,0.008090598476872053,0.007784184460950081,0.007769445688101072,0.00750763631330419,0.00020017890771909072,203_1_BOA_LC08_228061_20140615
1.2249999999999999,2.2585799999999994,1.6167000000000002,80.83,1,2.586,203,-2.245385,LG,-55.24066,III,0.34226666666666666,0.18789666666666668,2.2613333333333334,0.033798046578549346,0.057999645426448344,2,0.2,1.96,6.000000000000013,4.847333333333333,,3.6333333333333333,HW,0.007579078882690634,0.0073894122664536115,0.007383567140111784,0.007168591826516527,0.00011351865746655373,9,2014-06-04 13:00:00,-4.96251230324074,0.008665454865347607,0.008305851084590431,0.008270901255235684,0.0080944528746647,0.00019460942915574205,2014-05-30T13:53:58,0.004825187700204701,0.004604245947967541,0.004612625875397184,0.0044410670521821995,9.899046892808713e-05,0.00822536060793585,0.007797633489340522,0.007799586892621738,0.007528595319944122,0.00025772404419620076,203_1_BOA_LC08_228062_20140530
1.2249999999999999,2.2585799999999994,1.6167000000000002,2.11,1,2.586,203,-2.245385,LG,-55.24066,III,0.34226666666666666,0.18789666666666668,2.2613333333333334,0.033798046578549346,0.057999645426448344,2,0.2,1.96,6.000000000000013,4.847333333333333,,3.6333333333333333,HW,0.005071402647261825,0.0048456523536580575,0.004810593402408081,0.004626093433154692,0.00014049926916508989,9,2014-06-04 13:00:00,11.037573391203704,0.008233984204476765,0.007861897263904044,0.007844888548877117,0.0075625384595066954,0.000227054180906025,2014-06-15T13:54:06,0.001543972478667058,0.001493097958555794,0.001520956836580985,0.0014302070180618656,4.235610574860445e-05,0.008884240927425043,0.008249816458207562,0.008099570856603466,0.007876339379498776,0.0003592686135590155,203_1_BOA_LC08_228062_20140615
0.9199999999999999,3.56438,0.16972000000000015,63.26,1,4.303999999999999,204,-2.221738,LG,-55.270194,III,0.49160000000000004,0.40680000000000005,1.908666666666667,0.05796878319310751,0.0694417014532781,4,0.2,1.33,15.485714285714309,6.212666666666667,,16.439999999999998,HW,0.00904345502977549,0.008881077748493461,0.008837154656791673,0.008393367660367301,0.0002317155574731919,9,2014-06-04 11:45:00,-4.910705833333333,0.01320545919859481,0.012808601030196239,0.012736556126586963,0.012454488012973833,0.00024031407545845008,2014-05-30T13:53:35,0.0039795109366903515,0.003765509755588919,0.00373564285402687,0.0034509611611957423,0.000161128434462184,0.01591004882774938,0.015541662728034516,0.015473202971840544,0.015169579780839708,0.00027942022790129696,204_1_BOA_LC08_228061_20140530
0.9199999999999999,3.56438,0.16972000000000015,42.75,1,4.303999999999999,204,-2.221738,LG,-55.270194,III,0.49160000000000004,0.40680000000000005,1.908666666666667,0.05796878319310751,0.0694417014532781,4,0.2,1.33,15.485714285714309,6.212666666666667,,16.439999999999998,HW,0.007818280673026897,0.007687187858835105,0.007668391602085154,0.007616158167755917,6.611466502959515e-05,9,2014-06-04 11:45:00,11.08937986111111,0.014520079452917839,0.014385117581802947,0.014362963929249302,0.014252493873803698,8.677959953313893e-05,2014-06-15T13:53:42,0.0026614949119356467,0.002573739618727684,0.0025763521817447686,0.0024832467292321874,5.229293490680845e-05,0.018744848286103975,0.018548015358901306,0.018517299630741325,0.01832644137778077,0.00014597901382903323,204_1_BOA_LC08_228061_20140615
0.9199999999999999,3.56438,0.16972000000000015,80.83,1,4.303999999999999,204,-2.221738,LG,-55.270194,III,0.49160000000000004,0.40680000000000005,1.908666666666667,0.05796878319310751,0.0694417014532781,4,0.2,1.33,15.485714285714309,6.212666666666667,,16.439999999999998,HW,0.009773434294241191,0.009447900011475557,0.009448616537259848,0.008999328723108149,0.0002744001486149174,9,2014-06-04 11:45:00,-4.910428969907407,0.01364880961135053,0.013278618365001457,0.01322717112832383,0.012879609192994699,0.0002534728216459462,2014-05-30T13:53:58,0.004186768047582978,0.0038605705281854956,0.0038516406780457913,0.0035753069495079656,0.00017443297125115397,0.016374830042408577,0.015958597098183425,0.015934410512861336,0.015464073085357034,0.00032195938445222296,204_1_BOA_LC08_228062_20140530
0.9199999999999999,3.56438,0.16972000000000015,2.11,1,4.303999999999999,204,-2.221738,LG,-55.270194,III,0.49160000000000004,0.40680000000000005,1.908666666666667,0.05796878319310751,0.0694417014532781,4,0.2,1.33,15.485714285714309,6.212666666666667,,16.439999999999998,HW,0.008323004441192855,0.008181441738028853,0.008165361521902885,0.008104769716327839,6.912492121288894e-05,9,2014-06-04 11:45:00,11.089656724537036,0.014965470834303727,0.014813276559449653,0.014789609477203938,0.014681497777428085,9.101101890861014e-05,2014-06-15T13:54:06,0.0027186189725035177,0.0026290313109778463,0.0026425852243543786,0.0025278947227270207,5.5648556871842014e-05,0.019162078371916247,0.01895527039971682,0.018924972248301995,0.018725047908001495,0.00015075681033574565,204_1_BOA_LC08_228062_20140615
0.58,6.09656,0.16704000000000024,63.26,1,4.027,205,-2.166034,LG,-55.233215,III,0.29259999999999997,0.27175,0.806,0.03680317518248176,0.03809817518248176,42,0.2,2.9928,19.68571428571427,3.47,,20.166666666666668,HW,0.012946409065229756,0.01120680336800706,0.012600172872762654,0.007073934824103942,0.0017947209480704987,9,2014-06-04 16:15:00,-5.098205833333333,0.01757420372986244,0.016043676638882565,0.017259950796273352,0.012278335494975697,0.00161522416232151,2014-05-30T13:53:35,0.018640607358693863,0.011642030386342626,0.00937829404554277,0.008716530165492713,0.002954368296426596,0.021706236312851568,0.019626384446890334,0.02131115938601771,0.014497761096947927,0.002185287669043385,205_1_BOA_LC08_228061_20140530
0.58,6.09656,0.16704000000000024,42.75,1,4.027,205,-2.166034,LG,-55.233215,III,0.29259999999999997,0.27175,0.806,0.03680317518248176,0.03809817518248176,42,0.2,2.9928,19.68571428571427,3.47,,20.166666666666668,HW,0.005733539054157844,-7.213526811501324e-05,0.0031944004362939975,-0.011057083008193531,0.0050776236563597294,9,2014-06-04 16:15:00,10.90187986111111,0.012278910218191344,0.007174485092221849,0.010547059574968863,-0.0028885306544941362,0.004686811570921786,2014-06-15T13:53:42,0.029092871722331257,0.012613444118808863,0.008305638775474047,0.004494507479380391,0.0076207750713577875,0.01793445159192095,0.01133211515587287,0.01584238590775698,-0.0018550380045793922,0.006122059016808389,205_1_BOA_LC08_228061_20140615
2.6528571428571426,17.0381,1.0825200000000026,63.26,1,4.2245,206,-2.2035,LG,-55.236138,III,0.36119999999999997,0.2915,1.6859999999999997,0.04087565328954223,0.04390325507989741,43,0.2,3.1407,17.34285714285716,5.9105,,17.585714285714285,HW,0.009064052015928232,0.008845121864663205,0.008837937400058659,0.008682385474268951,0.00012128580956748423,9,2014-06-04 15:00:00,-5.0461225,0.014578768605000557,0.014326481971367017,0.014348751490727833,0.014023450502408602,0.00014516957251513014,2014-05-30T13:53:35,0.005687333788966119,0.005558366592843692,0.005538210221848196,0.005478094682866837,6.537840258916603e-05,0.018474831308541564,0.01815107630096965,0.01820450417780095,0.017713778675174527,0.00022520949497318278,206_1_BOA_LC08_228061_20140530
2.6528571428571426,17.0381,1.0825200000000026,42.75,1,4.2245,206,-2.2035,LG,-55.236138,III,0.36119999999999997,0.2915,1.6859999999999997,0.04087565328954223,0.04390325507989741,43,0.2,3.1407,17.34285714285716,5.9105,,17.585714285714285,HW,0.006674766400268055,0.006625157412082242,0.006643766863457657,0.006551604921994285,4.178900961596252e-05,9,2014-06-04 15:00:00,10.953963194444444,0.013320510858024312,0.013238457551419544,0.01323656743628545,0.013071909298718366,6.9242769929431e-05,2014-06-15T13:53:42,0.0024137037408677804,0.002237221441489908,0.0022327358436438514,0.0021133608675239146,9.510621678327779e-05,0.01744131443615486,0.017338852476698374,0.017360675248489,0.017168986774832622,9.033381335605849e-05,206_1_BOA_LC08_228061_20140615
2.6528571428571426,17.0381,1.0825200000000026,80.83,1,4.2245,206,-2.2035,LG,-55.236138,III,0.36119999999999997,0.2915,1.6859999999999997,0.04087565328954223,0.04390325507989741,43,0.2,3.1407,17.34285714285716,5.9105,,17.585714285714285,HW,0.009600455819776506,0.009395132178066236,0.009396139205348089,0.009232881017091604,0.00011867600136154742,9,2014-06-04 15:00:00,-5.045845636574074,0.015033240559033571,0.014785655105635604,0.01480520121720031,0.014475406122128382,0.00014903284909689238,2014-05-30T13:53:58,0.005815648116757921,0.005692534363343181,0.005677158095421469,0.005603381029727213,6.281265925012589e-05,0.018890344649686405,0.018564032411774713,0.018599473076486225,0.018136915831322376,0.00022957565549930236,206_1_BOA_LC08_228062_20140530
2.6528571428571426,17.0381,1.0825200000000026,2.11,1,4.2245,206,-2.2035,LG,-55.236138,III,0.36119999999999997,0.2915,1.6859999999999997,0.04087565328954223,0.04390325507989741,43,0.2,3.1407,17.34285714285716,5.9105,,17.585714285714285,HW,0.007228293832241634,0.007120914425068998,0.007128848208751547,0.006982766938071581,6.425476395041475e-05,9,2014-06-04 15:00:00,10.95424005787037,0.013894666913152338,0.013677314739124147,0.013667872407963595,0.013481792657647818,0.00011511687803620878,2014-06-15T13:54:06,0.0025385239946601186,0.0023562161821577953,0.002383159130437569,0.0021732650960177686,0.00012211124348744036,0.017931420466949278,0.01774585001500809,0.017764691144065592,0.017548303307195975,0.0001186396672376645,206_1_BOA_LC08_228062_20140615
0.77,1.5666400000000003,0.35846,63.26,2,4.161,207,-2.2035,LG,-55.236138,III,0.31945,0.2679,2.564,0.030128522817119134,0.03387304202012231,43,1.4,3.2190000000000003,16.48571428571428,5.4094999999999995,,17.1,HW,0.009064052015928232,0.008845121864663205,0.008837937400058659,0.008682385474268951,0.00012128580956748423,9,2014-06-04 15:00:00,-5.0461225,0.014578768605000557,0.014326481971367017,0.014348751490727833,0.014023450502408602,0.00014516957251513014,2014-05-30T13:53:35,0.005687333788966119,0.005558366592843692,0.005538210221848196,0.005478094682866837,6.537840258916603e-05,0.018474831308541564,0.01815107630096965,0.01820450417780095,0.017713778675174527,0.00022520949497318278,207_1_BOA_LC08_228061_20140530
0.77,1.5666400000000003,0.35846,42.75,2,4.161,207,-2.2035,LG,-55.236138,III,0.31945,0.2679,2.564,0.030128522817119134,0.03387304202012231,43,1.4,3.2190000000000003,16.48571428571428,5.4094999999999995,,17.1,HW,0.006674766400268055,0.006625157412082242,0.006643766863457657,0.006551604921994285,4.178900961596252e-05,9,2014-06-04 15:00:00,10.953963194444444,0.013320510858024312,0.013238457551419544,0.01323656743628545,0.013071909298718366,6.9242769929431e-05,2014-06-15T13:53:42,0.0024137037408677804,0.002237221441489908,0.0022327358436438514,0.0021133608675239146,9.510621678327779e-05,0.01744131443615486,0.017338852476698374,0.017360675248489,0.017168986774832622,9.033381335605849e-05,207_1_BOA_LC08_228061_20140615
0.77,1.5666400000000003,0.35846,80.83,2,4.161,207,-2.2035,LG,-55.236138,III,0.31945,0.2679,2.564,0.030128522817119134,0.03387304202012231,43,1.4,3.2190000000000003,16.48571428571428,5.4094999999999995,,17.1,HW,0.009600455819776506,0.009395132178066236,0.009396139205348089,0.009232881017091604,0.00011867600136154742,9,2014-06-04 15:00:00,-5.045845636574074,0.015033240559033571,0.014785655105635604,0.01480520121720031,0.014475406122128382,0.00014903284909689238,2014-05-30T13:53:58,0.005815648116757921,0.005692534363343181,0.005677158095421469,0.005603381029727213,6.281265925012589e-05,0.018890344649686405,0.018564032411774713,0.018599473076486225,0.018136915831322376,0.00022957565549930236,207_1_BOA_LC08_228062_20140530
0.77,1.5666400000000003,0.35846,2.11,2,4.161,207,-2.2035,LG,-55.236138,III,0.31945,0.2679,2.564,0.030128522817119134,0.03387304202012231,43,1.4,3.2190000000000003,16.48571428571428,5.4094999999999995,,17.1,HW,0.007228293832241634,0.007120914425068998,0.007128848208751547,0.006982766938071581,6.425476395041475e-05,9,2014-06-04 15:00:00,10.95424005787037,0.013894666913152338,0.013677314739124147,0.013667872407963595,0.013481792657647818,0.00011511687803620878,2014-06-15T13:54:06,0.0025385239946601186,0.0023562161821577953,0.002383159130437569,0.0021732650960177686,0.00012211124348744036,0.017931420466949278,0.01774585001500809,0.017764691144065592,0.017548303307195975,0.0001186396672376645,207_1_BOA_LC08_228062_20140615
0.75,2.4011000000000005,0.42362,63.26,3,2.521,208,-2.2035,LG,-55.236138,III,0.34220000000000006,0.33635,3.325,0.04296956144079733,0.057906608798579604,43,7.0,3.045,21.428571428571452,5.846,,24.8,HW,0.009064052015928232,0.008845121864663205,0.008837937400058659,0.008682385474268951,0.00012128580956748423,9,2014-06-04 15:00:00,-5.0461225,0.014578768605000557,0.014326481971367017,0.014348751490727833,0.014023450502408602,0.00014516957251513014,2014-05-30T13:53:35,0.005687333788966119,0.005558366592843692,0.005538210221848196,0.005478094682866837,6.537840258916603e-05,0.018474831308541564,0.01815107630096965,0.01820450417780095,0.017713778675174527,0.00022520949497318278,208_1_BOA_LC08_228061_20140530
0.75,2.4011000000000005,0.42362,42.75,3,2.521,208,-2.2035,LG,-55.236138,III,0.34220000000000006,0.33635,3.325,0.04296956144079733,0.057906608798579604,43,7.0,3.045,21.428571428571452,5.846,,24.8,HW,0.006674766400268055,0.006625157412082242,0.006643766863457657,0.006551604921994285,4.178900961596252e-05,9,2014-06-04 15:00:00,10.953963194444444,0.013320510858024312,0.013238457551419544,0.01323656743628545,0.013071909298718366,6.9242769929431e-05,2014-06-15T13:53:42,0.0024137037408677804,0.002237221441489908,0.0022327358436438514,0.0021133608675239146,9.510621678327779e-05,0.01744131443615486,0.017338852476698374,0.017360675248489,0.017168986774832622,9.033381335605849e-05,208_1_BOA_LC08_228061_20140615
0.75,2.4011000000000005,0.42362,80.83,3,2.521,208,-2.2035,LG,-55.236138,III,0.34220000000000006,0.33635,3.325,0.04296956144079733,0.057906608798579604,43,7.0,3.045,21.428571428571452,5.846,,24.8,HW,0.009600455819776506,0.009395132178066236,0.009396139205348089,0.009232881017091604,0.00011867600136154742,9,2014-06-04 15:00:00,-5.045845636574074,0.015033240559033571,0.014785655105635604,0.01480520121720031,0.014475406122128382,0.00014903284909689238,2014-05-30T13:53:58,0.005815648116757921,0.005692534363343181,0.005677158095421469,0.005603381029727213,6.281265925012589e-05,0.018890344649686405,0.018564032411774713,0.018599473076486225,0.018136915831322376,0.00022957565549930236,208_1_BOA_LC08_228062_20140530
0.75,2.4011000000000005,0.42362,2.11,3,2.521,208,-2.2035,LG,-55.236138,III,0.34220000000000006,0.33635,3.325,0.04296956144079733,0.057906608798579604,43,7.0,3.045,21.428571428571452,5.846,,24.8,HW,0.007228293832241634,0.007120914425068998,0.007128848208751547,0.006982766938071581,6.425476395041475e-05,9,2014-06-04 15:00:00,10.95424005787037,0.013894666913152338,0.013677314739124147,0.013667872407963595,0.013481792657647818,0.00011511687803620878,2014-06-15T13:54:06,0.0025385239946601186,0.0023562161821577953,0.002383159130437569,0.0021732650960177686,0.00012211124348744036,0.017931420466949278,0.01774585001500809,0.017764691144065592,0.017548303307195975,0.0001186396672376645,208_1_BOA_LC08_228062_20140615
3.0700000000000003,4.163660000000001,0.6164000000000002,63.26,1,4.635,209,-2.27898,LG,-55.22471,III,0.2946,0.24795,0.45799999999999996,0.09276000000000001,0.053264996251726184,49,0.2,2.5317000000000003,2.333333333333323,5.093,,3.15,HW,0.004569298632257371,0.0016559677254162903,0.004017797164233049,-0.011939920848833671,0.00507822995908293,9,2014-06-04 13:45:00,-4.994039166666667,0.0046518478062821216,0.001979694901597928,0.003963362491492177,-0.009649689926987209,0.004324489165210915,2014-05-30T13:53:35,0.023818520109979195,0.008830892939421266,0.006183644074298009,0.004842185756059703,0.005665443170342546,0.003101860871150351,0.0001994380786905162,0.0023778565967637125,-0.012571264044664542,0.004747140055756882,209_1_BOA_LC08_228061_20140530
3.0700000000000003,4.163660000000001,0.6164000000000002,42.75,1,4.635,209,-2.27898,LG,-55.22471,III,0.2946,0.24795,0.45799999999999996,0.09276000000000001,0.053264996251726184,49,0.2,2.5317000000000003,2.333333333333323,5.093,,3.15,HW,0.0015920373261002613,0.0007545248791871574,0.0013992856407057427,-0.001785626782848501,0.0011647040201552366,9,2014-06-04 13:45:00,11.006046527777778,0.001999484273844142,0.001089789566011198,0.0017691587829406412,-0.001402298446764092,0.0011949412215440224,2014-06-15T13:53:42,0.0064327748377103824,0.0024649707176244246,0.0017356465397907839,0.0010160196592095539,0.001692923928487135,0.0012065496551772737,0.00022437007671556684,0.0009480840636341939,-0.002490561772815354,0.0012281602989994052,209_1_BOA_LC08_228061_20140615
3.0700000000000003,4.163660000000001,0.6164000000000002,80.83,1,4.635,209,-2.27898,LG,-55.22471,III,0.2946,0.24795,0.45799999999999996,0.09276000000000001,0.053264996251726184,49,0.2,2.5317000000000003,2.333333333333323,5.093,,3.15,HW,0.005082032386194153,0.0024356253141060995,0.004494548921906797,-0.010047156249293542,0.004631247840591864,9,2014-06-04 13:45:00,-4.99376230324074,0.004931142050260911,0.002539591473173996,0.004282241301200723,-0.008172140146567183,0.003953491714942312,2014-05-30T13:53:58,0.021744997134013764,0.008587625526838723,0.006351728635642373,0.004918562332752051,0.004982898555766851,0.003243804449288259,0.000660178928030368,0.0025654536412327185,-0.011051337901109355,0.004322373326820898,209_1_BOA_LC08_228062_20140530
3.0700000000000003,4.163660000000001,0.6164000000000002,2.11,1,4.635,209,-2.27898,LG,-55.22471,III,0.2946,0.24795,0.45799999999999996,0.09276000000000001,0.053264996251726184,49,0.2,2.5317000000000003,2.333333333333323,5.093,,3.15,HW,0.0022441190308845624,0.0019185861715474988,0.0020465400819741934,0.0008694483620578617,0.00039896704896849594,9,2014-06-04 13:45:00,11.006323391203704,0.0026906718269934346,0.002173428942859914,0.002280705362353124,0.0007351040338202729,0.0005701862120192427,2014-06-15T13:54:06,0.001957798890637655,0.001579890588886749,0.0016972635365231773,0.0003899024095875177,0.00044867374542281366,0.0018442381468700341,0.001197215359815926,0.0012548924016038355,-0.0001061201076905092,0.0005505855097356698,209_1_BOA_LC08_228062_20140615
0.82,4.902239999999999,4.80132,63.26,2,3.6653333333333333,210,-2.250928,LG,-55.145292,III,0.3717,0.26933333333333337,0.30950000000000033,0.02366275697376208,0.04050763168277766,1,2.0,1.94,13.028571428571412,3.539666666666667,,13.7,HW,0.008784531201172759,0.008624123201342634,0.008608976306924193,0.00850190558825478,8.693646818234532e-05,9,2014-06-05 15:20:00,-6.0600113888888885,0.01100422221308202,0.01075789778461178,0.010744050496323898,0.010598348307025465,0.0001251718843172263,2014-05-30T13:53:35,0.007732825907348398,0.007569639113446101,0.007548166032486519,0.007394529827365229,0.00011269807170450755,0.012434158439299165,0.012315511175070413,0.012369734475827645,0.01212972421421404,0.00011622971041091147,210_1_BOA_LC08_228061_20140530
0.82,4.902239999999999,4.80132,80.83,2,3.6653333333333333,210,-2.250928,LG,-55.145292,III,0.3717,0.26933333333333337,0.30950000000000033,0.02366275697376208,0.04050763168277766,1,2.0,1.94,13.028571428571412,3.539666666666667,,13.7,HW,0.00934157148917469,0.009168521863473137,0.009152866046968298,0.009040292601845246,9.052741431837958e-05,9,2014-06-05 15:20:00,-6.059734525462963,0.01140372416309937,0.0111583689454881,0.011141651363672492,0.010988235211953783,0.00012267968837842332,2014-05-30T13:53:58,0.007907729143596127,0.007727897608508119,0.007715677611833857,0.007559292533569181,0.00011729391102388479,0.012761022075317572,0.012638017468214864,0.012689792210772982,0.012451946398099559,0.00011728575891398653,210_1_BOA_LC08_228062_20140530
0.92,4.144139999999999,"< 0,001",63.26,3,3.385333333333333,211,-2.250928,LG,-55.145292,III,0.3378999999999999,0.29836666666666667,2.0694999999999997,0.02728685923695148,0.050437303347142755,1,6.0,2.22,23.428571428571427,4.664333333333333,,18.1,HW,0.008784531201172759,0.008624123201342634,0.008608976306924193,0.00850190558825478,8.693646818234532e-05,9,2014-06-05 15:20:00,-6.0600113888888885,0.01100422221308202,0.01075789778461178,0.010744050496323898,0.010598348307025465,0.0001251718843172263,2014-05-30T13:53:35,0.007732825907348398,0.007569639113446101,0.007548166032486519,0.007394529827365229,0.00011269807170450755,0.012434158439299165,0.012315511175070413,0.012369734475827645,0.01212972421421404,0.00011622971041091147,211_1_BOA_LC08_228061_20140530
0.92,4.144139999999999,"< 0,001",80.83,3,3.385333333333333,211,-2.250928,LG,-55.145292,III,0.3378999999999999,0.29836666666666667,2.0694999999999997,0.02728685923695148,0.050437303347142755,1,6.0,2.22,23.428571428571427,4.664333333333333,,18.1,HW,0.00934157148917469,0.009168521863473137,0.009152866046968298,0.009040292601845246,9.052741431837958e-05,9,2014-06-05 15:20:00,-6.059734525462963,0.01140372416309937,0.0111583689454881,0.011141651363672492,0.010988235211953783,0.00012267968837842332,2014-05-30T13:53:58,0.007907729143596127,0.007727897608508119,0.007715677611833857,0.007559292533569181,0.00011729391102388479,0.012761022075317572,0.012638017468214864,0.012689792210772982,0.012451946398099559,0.00011728575891398653,211_1_BOA_LC08_228062_20140530
0.995,3.0698600000000003,0.14663999999999996,63.26,1,4.008333333333334,212,-2.250928,LG,-55.145292,III,0.3866,0.29246666666666665,1.9779999999999998,0.018839480089577573,0.06076164917472216,1,0.2,2.09,11.828571428571443,5.187,,11.3,HW,0.008784531201172759,0.008624123201342634,0.008608976306924193,0.00850190558825478,8.693646818234532e-05,9,2014-06-05 15:20:00,-6.0600113888888885,0.01100422221308202,0.01075789778461178,0.010744050496323898,0.010598348307025465,0.0001251718843172263,2014-05-30T13:53:35,0.007732825907348398,0.007569639113446101,0.007548166032486519,0.007394529827365229,0.00011269807170450755,0.012434158439299165,0.012315511175070413,0.012369734475827645,0.01212972421421404,0.00011622971041091147,212_1_BOA_LC08_228061_20140530
0.995,3.0698600000000003,0.14663999999999996,80.83,1,4.008333333333334,212,-2.250928,LG,-55.145292,III,0.3866,0.29246666666666665,1.9779999999999998,0.018839480089577573,0.06076164917472216,1,0.2,2.09,11.828571428571443,5.187,,11.3,HW,0.00934157148917469,0.009168521863473137,0.009152866046968298,0.009040292601845246,9.052741431837958e-05,9,2014-06-05 15:20:00,-6.059734525462963,0.01140372416309937,0.0111583689454881,0.011141651363672492,0.010988235211953783,0.00012267968837842332,2014-05-30T13:53:58,0.007907729143596127,0.007727897608508119,0.007715677611833857,0.007559292533569181,0.00011729391102388479,0.012761022075317572,0.012638017468214864,0.012689792210772982,0.012451946398099559,0.00011728575891398653,212_1_BOA_LC08_228062_20140530
0.8050000000000002,2.31824,0.07377999999999965,63.26,1,3.7853333333333334,213,-2.19696,LG,-55.29953,III,0.3895,0.30793333333333334,1.277666666666667,0.05328133069216284,0.06161622857894391,3,0.2,2.19,9.8857142857143,5.063,,10.049999999999999,HW,0.013040067373620148,0.011901635342263364,0.012304505099368965,0.008357180891281017,0.0015837361179504234,9,2014-06-05 12:30:00,-5.941955833333333,0.014589550247301273,0.01342300670107291,0.013757565669278528,0.011797072110836335,0.0009273035007076137,2014-05-30T13:53:35,0.007506458087945814,0.0060164106041468764,0.006293538107525934,0.0036484623398046617,0.0012479688651159673,0.016253742069836995,0.014739967537212599,0.015034113957859526,0.012493823263106007,0.001210199577242803,213_1_BOA_LC08_228061_20140530
0.8050000000000002,2.31824,0.07377999999999965,42.75,1,3.7853333333333334,213,-2.19696,LG,-55.29953,III,0.3895,0.30793333333333334,1.277666666666667,0.05328133069216284,0.06161622857894391,3,0.2,2.19,9.8857142857143,5.063,,10.049999999999999,HW,0.006342668637608773,0.004900917626015852,0.005885070177946999,-0.0024649923148798384,0.003156633321478496,9,2014-06-05 12:30:00,10.05812986111111,0.010175252328469856,0.008824978683984307,0.00979385259961709,0.0021824799195932134,0.0028314605237858073,2014-06-15T13:53:42,0.008950936758572284,0.002417525469433481,0.0017476778939713043,0.00029704384280697426,0.0027637333783100196,0.011792823430647578,0.010126268808826262,0.011221501417311838,0.0019161776178558357,0.0034737036651650696,213_1_BOA_LC08_228061_20140615
0.8050000000000002,2.31824,0.07377999999999965,80.83,1,3.7853333333333334,213,-2.19696,LG,-55.29953,III,0.3895,0.30793333333333334,1.277666666666667,0.05328133069216284,0.06161622857894391,3,0.2,2.19,9.8857142857143,5.063,,10.049999999999999,HW,0.013551031869434793,0.012640936299706767,0.012876985008748003,0.00964431130770364,0.0012554124258423466,9,2014-06-05 12:30:00,-5.941678969907407,0.015310060458120632,0.01399321966967991,0.014254980591637621,0.01257222400199665,0.0007819323226845854,2014-05-30T13:53:58,0.007683542280689355,0.0062313316533451875,0.006640443866749012,0.004277006388790281,0.0009638785639520018,0.016816879251719367,0.015219208613425966,0.015603835827055747,0.013317320187185195,0.0009778418187485491,213_1_BOA_LC08_228062_20140530
0.8050000000000002,2.31824,0.07377999999999965,2.11,1,3.7853333333333334,213,-2.19696,LG,-55.29953,III,0.3895,0.30793333333333334,1.277666666666667,0.05328133069216284,0.06161622857894391,3,0.2,2.19,9.8857142857143,5.063,,10.049999999999999,HW,0.006800566470773444,0.005264529699211621,0.006350754186429181,-0.0026460738247556905,0.003377770927962415,9,2014-06-05 12:30:00,10.058406724537036,0.010532782565474852,0.009082740545112215,0.01014613432629404,0.0019875033757500594,0.0030206015560490765,2014-06-15T13:54:06,0.009285874929783814,0.002523301748771093,0.0017904245039439964,0.0004590588007330227,0.0028683018515166924,0.012075166324088105,0.010289375266153268,0.011493322749712473,0.0015153199059646447,0.003704847523187318,213_1_BOA_LC08_228062_20140615
0.7866666666666667,1.66404,0.25699999999999995,42.75,1,3.917666666666667,214,-2.238955,LG,-55.339166,III,0.5277999999999999,0.45116666666666666,1.7219999999999998,0.042474691355584876,0.06102442888143619,6,0.2,2.29,18.600000000000005,5.639666666666666,,19.599999999999998,HW,0.010184037401792967,0.010078557278017552,0.010076685488610869,0.009937371406913748,6.665856162602262e-05,9,2014-06-05 08:40:00,10.217852083333334,0.015769962952586272,0.015735855994528956,0.015733180390560014,0.01569492841685881,2.299521913226724e-05,2014-06-15T13:53:42,0.003219814728187288,0.003154875732396061,0.0031555740147182123,0.00307753006249006,4.289484275977378e-05,0.019598580333672438,0.01949112289715868,0.019475198677603556,0.01936097180406826,8.16462259013025e-05,214_1_BOA_LC08_228061_20140615
0.7866666666666667,1.66404,0.25699999999999995,2.11,1,3.917666666666667,214,-2.238955,LG,-55.339166,III,0.5277999999999999,0.45116666666666666,1.7219999999999998,0.042474691355584876,0.06102442888143619,6,0.2,2.29,18.600000000000005,5.639666666666666,,19.599999999999998,HW,0.010724189295347998,0.010618546205196273,0.010618826771790591,0.01047950508835721,6.452588593848042e-05,9,2014-06-05 08:40:00,10.21812894675926,0.01622625431105633,0.016190059730165674,0.01618683487621534,0.01614737406936803,2.465523362375726e-05,2014-06-15T13:54:06,0.0032758375102389004,0.0032168727501852676,0.0032255797059757415,0.003135773126692745,4.5256324486066504e-05,0.02002488011799022,0.019909764407025604,0.019891106322482036,0.01978348807754465,8.32856516310573e-05,214_1_BOA_LC08_228062_20140615
0.9245454545454543,3.5997000000000003,"< 0,001",63.26,1,3.878,215,-2.222999,LG,-55.199011,III,0.2851,0.26370000000000005,3.22,0.03781767705661866,0.039472677056618666,44,0.2,3.0101999999999998,14.457142857142845,5.3895,,16.209090909090904,HW,0.01035881333554909,0.010053356516706628,0.010035787974806634,0.009943790342688014,0.00012364942853583806,9,2014-06-05 14:10:00,-6.011400277777778,0.014576911856490586,0.014415654593129719,0.0143941099406364,0.014267728140439837,0.0001078383512840716,2014-05-30T13:53:35,0.0076245660640541085,0.007353973076783318,0.007347207352662654,0.007206232974759256,0.0001215209257723414,0.017501589591299535,0.01740461958398875,0.01741776623585024,0.017292881728835,5.4844754800044724e-05,215_1_BOA_LC08_228061_20140530
0.9245454545454543,3.5997000000000003,"< 0,001",42.75,1,3.878,215,-2.222999,LG,-55.199011,III,0.2851,0.26370000000000005,3.22,0.03781767705661866,0.039472677056618666,44,0.2,3.0101999999999998,14.457142857142845,5.3895,,16.209090909090904,HW,0.006763810243870129,0.006695409969310612,0.006677342635690956,0.006604894558539362,4.83309074915552e-05,9,2014-06-05 14:10:00,9.988685416666666,0.013055364198252668,0.012994294177738801,0.012975830512822277,0.012879561127240298,4.698812337544688e-05,2014-06-15T13:53:42,0.002367486330216744,0.002275907860137396,0.0023128219504791954,0.002093027863504285,9.104760754821743e-05,0.016801919853979108,0.016745447888271855,0.016722716766120797,0.016625101941935044,5.411241027980483e-05,215_1_BOA_LC08_228061_20140615
0.9245454545454543,3.5997000000000003,"< 0,001",80.83,1,3.878,215,-2.222999,LG,-55.199011,III,0.2851,0.26370000000000005,3.22,0.03781767705661866,0.039472677056618666,44,0.2,3.0101999999999998,14.457142857142845,5.3895,,16.209090909090904,HW,0.010955562062759576,0.010634991571462778,0.01061814760447362,0.010518237996665365,0.00012838438111871484,9,2014-06-05 14:10:00,-6.011123414351852,0.015038282063551367,0.014886741875590092,0.01485951135738543,0.014738987963645696,0.00011270356396354394,2014-05-30T13:53:58,0.007795171547735997,0.007513869409572592,0.007505122966738772,0.007355851081179789,0.00013035775784807452,0.017916445137013584,0.017822979442758978,0.017840806820469644,0.01771975266665908,5.322117117675153e-05,215_1_BOA_LC08_228062_20140530
0.9245454545454543,3.5997000000000003,"< 0,001",2.11,1,3.878,215,-2.222999,LG,-55.199011,III,0.2851,0.26370000000000005,3.22,0.03781767705661866,0.039472677056618666,44,0.2,3.0101999999999998,14.457142857142845,5.3895,,16.209090909090904,HW,0.007247991750347368,0.007176315093814333,0.007148912058003951,0.007090392956365368,4.819528768184335e-05,9,2014-06-05 14:10:00,9.988962280092593,0.013470340851422149,0.013401923156551383,0.013385071345962687,0.013290609286537587,4.776385993762158e-05,2014-06-15T13:54:06,0.002419026431372868,0.0023281392142394225,0.0023673261137581022,0.002147895104138798,9.048331598785912e-05,0.017180044399525043,0.017122655991464442,0.017101167710720674,0.017002830984532827,5.3646044519852636e-05,215_1_BOA_LC08_228062_20140615
,0.84684,"< 0,001",78.93,1,3.9475,216,-2.242784,LG,-55.066126,III,0.29445,0.27565,0.03200000000000003,0.043863863087031094,0.05361995462615901,45,0.2,2.3403,15.73333333333334,3.1975,,,HW,0.00712478924010279,0.00334465190216585,0.004989278270542403,-0.00988426861215927,0.005285678264734376,9,2014-06-05 17:00:00,2.8665902199074074,0.010898219239701103,0.00758525871274808,0.009114061258141966,-0.004738997902897229,0.0048623018524868635,2014-06-08T13:47:53,0.02158668657556899,0.005523551451463722,0.0038966261984543504,0.0027181947042312854,0.006551492965447873,0.013094532884123,0.009330431143327307,0.010898080631784556,-0.005782150338528316,0.005949699128569598,216_1_BOA_LC08_227062_20140608
,3.571819999999999,"< 0,001",78.93,1,4.3095,217,-2.180361,AM,-55.016444,III,0.41674999999999995,0.3311,0.2160000000000002,0.03939605837650074,0.052157970013809424,46,0.2,3.2190000000000003,18.05714285714288,3.442,,,HW,0.009370434296963097,0.009172397744044488,0.009173542927805613,0.00892768730989188,0.00013865014205219245,9,2014-06-05 17:00:00,2.8665902199074074,0.014849942610826148,0.01472956684867959,0.01473826979079471,0.014605316428865846,7.199955436078412e-05,2014-06-08T13:47:53,0.004135912982344625,0.003880212750861747,0.003890712678722051,0.0037161286911058496,0.00011962429900426788,0.02017055466019628,0.02004829413470484,0.020064965992073344,0.019894533575930358,7.788991874984102e-05,217_1_BOA_LC08_227062_20140608
,3.571819999999999,"< 0,001",42.75,1,4.3095,217,-2.180361,AM,-55.016444,III,0.41674999999999995,0.3311,0.2160000000000002,0.03939605837650074,0.052157970013809424,46,0.2,3.2190000000000003,18.05714285714288,3.442,,,HW,0.007273584821493472,0.00713346660428973,0.007157384379543372,0.007026807908639315,7.286109750520064e-05,9,2014-06-05 17:00:00,9.87062986111111,0.014342358429323432,0.014165360375358961,0.014145289795019389,0.014040055506857298,8.56443778873841e-05,2014-06-15T13:53:42,0.0037773263772298065,0.003580027429953418,0.003582506736591268,0.003427509722262097,0.00011070834942213055,0.020357139816021556,0.020189848069310522,0.02017999912638646,0.020064106796501037,0.00010295996932274891,217_1_BOA_LC08_228061_20140615
,7.042599999999999,1.6599500000000003,40.43,1,2.72,218,-2.17151,SL,-55.806,IV,0.39,0.35,0.4269999999999996,"< 0,0001",0.034129019530479386,30,0.2,3.95,251.33333333333331,3.147,0.8,,LW,0.013936936834302695,0.012964758652558922,0.012316204319804671,0.012067784976982248,0.0007389164516091785,9,2014-11-26 12:00:00,12.079251192129629,0.02555361857200078,0.023256712347483492,0.022737394156398034,0.021192236213115133,0.0015504438336460032,2014-12-08T13:54:07,0.03449655200983458,0.02772835303744918,0.026785103375074136,0.024750754175222024,0.0028729035232564005,0.033340540315114735,0.030035412248637483,0.029080906622140808,0.027073275267562036,0.0022114095043238406,218_1_BOA_LC08_228061_20141208
,7.042599999999999,1.6599500000000003,71.78,1,2.72,218,-2.17151,SL,-55.806,IV,0.39,0.35,0.4269999999999996,"< 0,0001",0.034129019530479386,30,0.2,3.95,251.33333333333331,3.147,0.8,,LW,0.014850667674282135,0.012685197128827205,0.01285830596271424,0.011645726027487233,0.000981521802497758,9,2014-11-26 12:00:00,12.079528055555556,0.026997526703455347,0.02265946842807089,0.022468386251987334,0.02083928290199823,0.0018533369728685526,2014-12-08T13:54:31,0.02899466853355995,0.025882951171065892,0.02609433717221369,0.02446546379823868,0.0013264792274515986,0.03514579303168765,0.02928500219902096,0.028943197430704427,0.026788786312340485,0.002484455947061738,218_1_BOA_LC08_228062_20141208
3.1466666666666665,13.177349999999999,1.329200000000002,40.43,1,3.153,219,-2.21597,SL,-55.80873,IV,0.458,0.3179,0.246,"< 0,0001",0.04221739988163346,31,0.2,4.66,268.6666666666667,3.399,0.8,319.6333333333334,LW,0.017435808912876886,0.016449059412602846,0.016381945793165407,0.014751842729432234,0.0008874028905712634,9,2014-11-26 12:30:00,12.058417858796297,0.03018869362997432,0.028685729939624455,0.028551983955379813,0.02659830567056411,0.001313849493336065,2014-12-08T13:54:07,0.0353759237754197,0.03360846958652205,0.03432652285655837,0.03076505107079604,0.0014587468540270447,0.04014870530404039,0.03807249020331475,0.03808991933987025,0.03511608508805723,0.001797789897458459,219_1_BOA_LC08_228061_20141208
3.1466666666666665,13.177349999999999,1.329200000000002,71.78,1,3.153,219,-2.21597,SL,-55.80873,IV,0.458,0.3179,0.246,"< 0,0001",0.04221739988163346,31,0.2,4.66,268.6666666666667,3.399,0.8,319.6333333333334,LW,0.016991697351847933,0.015994448900965415,0.015923880364346204,0.014313020533058916,0.0008914145142807125,9,2014-11-26 12:30:00,12.058694722222222,0.029761518537310405,0.028280429828200962,0.028177125001605588,0.026187829861134302,0.001305006414624703,2014-12-08T13:54:31,0.035082351355730276,0.033196565139107334,0.033929938059269256,0.030178375382773782,0.0015339626996443432,0.03971529969029223,0.037657477634394414,0.03769298492479099,0.03467642964171745,0.001789698687639738,219_1_BOA_LC08_228062_20141208
1.187142857142857,5.461,1.3819500000000007,40.43,1,2.571,220,-2.17797,SL,-55.80762,IV,0.3131,0.2779,0.18799999999999972,"< 0,0001",0.04675478398106135,33,0.2,3.18,226.66666666666669,2.759,1.2,252.25714285714284,LW,0.020930592143115535,0.020330289276981595,0.02055648154881301,0.01891696987640576,0.0005880400362883202,9,2014-11-26 12:20:00,12.065362303240741,0.0372360824063627,0.036189078555027766,0.03652214144287347,0.03392411165641075,0.0010034876187565707,2014-12-08T13:54:07,0.03488054885928889,0.03402334738072314,0.03405200800071671,0.03276174059844507,0.0006233563311988502,0.04944058603714885,0.04791288194574058,0.04843165784867306,0.044896607230135825,0.0013754810048885455,220_1_BOA_LC08_228061_20141208
1.187142857142857,5.461,1.3819500000000007,71.78,1,2.571,220,-2.17797,SL,-55.80762,IV,0.3131,0.2779,0.18799999999999972,"< 0,0001",0.04675478398106135,33,0.2,3.18,226.66666666666669,2.759,1.2,252.25714285714284,LW,0.020270357284317014,0.018710841259373424,0.018941087648688824,0.01631746313926103,0.00131736931657081,9,2014-11-26 12:20:00,12.065639166666667,0.0361424284469159,0.033913356756001115,0.03465933532314447,0.0300603095994184,0.002040011385779306,2014-12-08T13:54:31,0.03403340038220608,0.032622163735203505,0.03288403037487687,0.029931238671050357,0.0014074603604452526,0.048138858434329315,0.04497977749552498,0.04575835037343959,0.03989708487343606,0.002709324777178016,220_1_BOA_LC08_228062_20141208
2.468571428571429,8.40535,1.0355000000000016,40.43,1,2.603,221,-2.17391,SL,-55.76252,IV,0.3342,0.3003,0.1519999999999997,"< 0,0001",0.033537186821858356,34,0.2,3.42,258.6666666666667,2.755,0.8,183.14285714285714,LW,0.025553263402891137,0.015548159685928698,0.01536021773055906,0.011196414580422639,0.0036965319099809845,9,2014-11-26 13:00:00,12.037584525462963,0.04059137077133983,0.03051438082155058,0.03033811626742922,0.02630757189607314,0.003689670811117585,2014-12-08T13:54:07,0.03118060578694771,0.02630777256804567,0.02596747945010804,0.02321683431835263,0.002021986186031741,0.050102510007374076,0.037868462627234506,0.03736672365876864,0.0331899932306079,0.004539398107615161,221_1_BOA_LC08_228061_20141208
2.468571428571429,8.40535,1.0355000000000016,71.78,1,2.603,221,-2.17391,SL,-55.76252,IV,0.3342,0.3003,0.1519999999999997,"< 0,0001",0.033537186821858356,34,0.2,3.42,258.6666666666667,2.755,0.8,183.14285714285714,LW,0.023257116096648545,0.004118487405363763,0.014163007914402968,-0.06112702467215632,0.025048836828131617,9,2014-11-26 13:00:00,12.037861388888889,0.0381683901907954,0.01906639170656822,0.02917954553191215,-0.04636830886610417,0.025125979600011887,2014-12-08T13:54:31,0.06899393047381724,0.03301905390170113,0.02621483949942896,0.022497904183259473,0.014355894704704211,0.04742339686302285,0.025155613822993833,0.036370091134586266,-0.04939872258776701,0.028643849780769597,221_1_BOA_LC08_228062_20141208
2.6458333333333335,10.8109,1.6410500000000017,40.43,1,2.961,233,-2.23839,LG,-55.33932,IV,0.4166,0.3395,0.11400000000000032,"< 0,0001",0.007891102781613731,6,0.2,2.73,182.00000000000003,3.075,2.0,230.73333333333335,LW,0.019672412178045558,0.018052244530715605,0.01849104197248003,0.014617286072973799,0.0016224376643746731,9,2014-11-30 12:00:00,8.079251192129629,0.02753542602429484,0.02664391859790335,0.02674272340576425,0.025605089927036723,0.0006500914549538498,2014-12-08T13:54:07,0.030594064814580428,0.029252880500318105,0.029425692611753637,0.027919525461625162,0.0007772721817646515,0.034636276620553394,0.033722613060485795,0.033882029604344055,0.032958895467540765,0.0005407860238122252,233_1_BOA_LC08_228061_20141208
2.6458333333333335,10.8109,1.6410500000000017,71.78,1,2.961,233,-2.23839,LG,-55.33932,IV,0.4166,0.3395,0.11400000000000032,"< 0,0001",0.007891102781613731,6,0.2,2.73,182.00000000000003,3.075,2.0,230.73333333333335,LW,0.019156561774785766,0.016758667534331462,0.016683248375929563,0.013998172761723533,0.0017504934115930464,9,2014-11-30 12:00:00,8.079528055555556,0.02723585834443708,0.026087206200545922,0.026058545828936,0.025128204130407387,0.0006604295269826123,2014-12-08T13:54:31,0.030378858571667552,0.028495203564687734,0.028078262512146734,0.026792130519789875,0.001046656999727043,0.03426574543266281,0.033084367883878724,0.03284390153564412,0.03227436574853249,0.0006142024633707776,233_1_BOA_LC08_228062_20141208
2.0096428571428566,8.435099999999998,4.65825,40.43,1,3.492,241,-2.04562,SN,-55.48579,IV,0.5735,0.5271,0.07100000000000017,"< 0,0001",0.11915565200236733,17,0.2,5.27,424.666666666667,3.563,0.6,697.2928571428572,LW,0.019310054059195378,0.016591836875072784,0.016910667613572624,0.013446662852249186,0.0020112168701453027,9,2014-12-01 10:35:00,7.138278969907407,0.03630880931284135,0.03336108556690959,0.03371505410871084,0.03067062518834892,0.002019712586589119,2014-12-08T13:54:07,0.05103130705027198,0.04908784023775033,0.0490776841866377,0.044365956205911085,0.0021791130885147453,0.04722361574014229,0.04389999036414502,0.04424439253257478,0.0403575846412313,0.0023954669736187244,241_1_BOA_LC08_228061_20141208
2.415714285714285,6.4995,1.4069499999999997,40.43,1,2.735,248,-2.20389,LG,-55.23609,IV,0.289,0.2203,0.3200000000000003,"< 0,0001",0.014795817715525747,43,0.2,2.76,35.20000000000001,3.055,2.1,44.48571428571429,LW,0.02680087583937625,0.02585045480692727,0.025744464504887276,0.025349105042186203,0.0004486447874895503,9,2014-12-02 11:13:00,6.111890081018519,0.04198948760341993,0.04153288695072734,0.04151529434873286,0.04128332500101154,0.00023206166774637896,2014-12-08T13:54:07,0.024230967069697993,0.023586789879786477,0.023634633493268352,0.02300471984839151,0.00034898653847473607,0.052428937783393775,0.051918921683586805,0.05197005225800944,0.0514093477597789,0.0003687042538193665,248_1_BOA_LC08_228061_20141208
2.415714285714285,6.4995,1.4069499999999997,71.78,1,2.735,248,-2.20389,LG,-55.23609,IV,0.289,0.2203,0.3200000000000003,"< 0,0001",0.014795817715525747,43,0.2,2.76,35.20000000000001,3.055,2.1,44.48571428571429,LW,0.026133563074889635,0.02558250324520016,0.025542804439819457,0.025078033131022866,0.00036039070618814733,9,2014-12-02 11:13:00,6.112166944444445,0.041450207281780324,0.041031724829795245,0.04097862080242027,0.0407487506099941,0.00022904905104916955,2014-12-08T13:54:31,0.02422084334841147,0.02358033863556078,0.02347882598961668,0.02303462164614513,0.00034256790347408987,0.051848979052924446,0.051391639699011026,0.05138781964787054,0.050948503013660634,0.00029905190792518403,248_1_BOA_LC08_228062_20141208
0.6500000000000001,1.2744500000000003,0.41250000000000026,40.43,1,2.795,250,-2.250928,LG,-55.145292,IV,0.3954,0.3046,0.41000000000000014,0.01,0.011639376602880254,1,0.2,2.89,36.39999999999999,3.205,1.2,45.032258064516135,LW,0.017795428522169712,0.016601161885438316,0.016775548336368577,0.014863027686429702,0.0008248159517601057,9,2014-12-03 11:40:00,5.093140081018518,0.03478019844181017,0.03388148942650735,0.033867323006647077,0.03300151872439975,0.0005696964650300642,2014-12-08T13:54:07,0.015351052080461867,0.013944837139444147,0.014392284869063883,0.012128160231217119,0.0010582331480844852,0.04857916416272412,0.0477891945712265,0.04779641922467201,0.04658645681515389,0.0006225568302325572,250_1_BOA_LC08_228061_20141208
0.6500000000000001,1.2744500000000003,0.41250000000000026,71.78,1,2.795,250,-2.250928,LG,-55.145292,IV,0.3954,0.3046,0.41000000000000014,0.01,0.011639376602880254,1,0.2,2.89,36.39999999999999,3.205,1.2,45.032258064516135,LW,0.017431607672914774,0.015813798005397242,0.015810713209292913,0.013574937790203826,0.001207978350393377,9,2014-12-03 11:40:00,5.093416944444445,0.03417644470159709,0.033522960810484906,0.033613389692375664,0.0326746361759027,0.00045883314618005067,2014-12-08T13:54:31,0.015472913732119713,0.01384671824631254,0.013760403120641303,0.012150576620043168,0.0009439957998108015,0.04817122436706566,0.047144666445540245,0.0472892102210344,0.04575630667536796,0.0006985450991394702,250_1_BOA_LC08_228062_20141208
2.4966666666666666,14.922299999999996,7.440599999999999,40.43,1,2.724,251,-2.222999,LG,-55.199011,IV,0.2726,0.2159,0.5589999999999997,0.02,0.021108699940816728,44,0.2,2.73,57.199999999999974,3.283,1.8,59.63333333333333,LW,0.01244209813354945,0.01222563112488898,0.012309548154876997,0.011867331103602684,0.00016810899516692885,9,2014-12-03 12:15:00,5.068834525462963,0.024394486802926094,0.02397321855028805,0.02397304312987887,0.02333468613297389,0.00033747594267330395,2014-12-08T13:54:07,0.009421293841160427,0.009230849933025233,0.00925656052611015,0.00898474444445304,0.00013442838878272682,0.03328519014874942,0.032629702780641916,0.0327725696587579,0.031582708048322104,0.0005119519460095969,251_1_BOA_LC08_228061_20141208
2.4966666666666666,14.922299999999996,7.440599999999999,71.78,1,2.724,251,-2.222999,LG,-55.199011,IV,0.2726,0.2159,0.5589999999999997,0.02,0.021108699940816728,44,0.2,2.73,57.199999999999974,3.283,1.8,59.63333333333333,LW,0.012032768684081216,0.011789651890115634,0.011859028567690898,0.011399791404489577,0.000194150515328227,9,2014-12-03 12:15:00,5.069111388888889,0.02402151231919216,0.023523262331292163,0.023524022654183956,0.022865466451704855,0.0003752313879885073,2014-12-08T13:54:31,0.009309797320925016,0.009097891310719603,0.009109317137852894,0.008844049481338349,0.0001513645097167101,0.03291671885027716,0.03215658377628072,0.032259850976248436,0.031033977934667792,0.0005924201657206273,251_1_BOA_LC08_228062_20141208
5.411111111111111e-07,1.54395,2.425050000000001,29.4,1,2.486,252,-2.242784,LG,-55.066126,IV,0.3306,0.287,0.07199999999999962,"< 0,0001",0.036101795225882825,45,0.2,3.03,55.200000000000024,2.558,7.7,59.17777777777777,LW,0.016469412493663613,0.0027989099962522,0.014425160289148382,-0.04631390395746715,0.02201810196203645,9,2014-12-03 11:10:00,-1.8899945486111112,0.026627727534207994,0.012974591434648011,0.024793648527360976,-0.0379497282522009,0.022427405960104955,2014-12-01T13:48:24,0.08625001166936531,0.02767810962251097,0.016667024079416445,0.013511013616290436,0.02439190954356265,0.033555116408304365,0.017117583421495598,0.03141650068164296,-0.044871478532567094,0.02715850264567839,252_1_BOA_LC08_227062_20141201
5.411111111111111e-07,1.54395,2.425050000000001,20.36,1,2.486,252,-2.242784,LG,-55.066126,IV,0.3306,0.287,0.07199999999999962,"< 0,0001",0.036101795225882825,45,0.2,3.03,55.200000000000024,2.558,7.7,59.17777777777777,LW,0.01499483966633477,0.0068589579363285795,0.013476187800648224,-0.03367706912445014,0.01608512728693143,9,2014-12-03 11:10:00,14.109956168981482,0.028734328803199302,0.0202767710018597,0.027093672894882577,-0.0229424937566237,0.016960045183258776,2014-12-17T13:48:20,0.05892258322496118,0.018186239231683488,0.01259427733799385,0.011575727521913853,0.015571826155452793,0.03879625421155856,0.028324288634809933,0.03671383332433061,-0.02551892337425943,0.021128144062717832,252_1_BOA_LC08_227062_20141217
5.411111111111111e-07,1.54395,2.425050000000001,40.43,1,2.486,252,-2.242784,LG,-55.066126,IV,0.3306,0.287,0.07199999999999962,"< 0,0001",0.036101795225882825,45,0.2,3.03,55.200000000000024,2.558,7.7,59.17777777777777,LW,0.008294583665785404,-0.022967327404981266,-0.020143419732147918,-0.06657613514166154,0.025703748049594636,9,2014-12-03 11:10:00,5.113973414351852,0.026560681676069446,-0.006723968611394295,-0.0025218009517841353,-0.05272142720322546,0.027495886502981886,2014-12-08T13:54:07,0.10367436443547794,0.052303071039808434,0.04710105407985699,0.016651306024093284,0.030647568803841497,0.040266880051608916,-0.0020899724846957127,0.003422603761260516,-0.06119045779145063,0.03523119675899795,252_1_BOA_LC08_228061_20141208
5.411111111111111e-07,1.54395,2.425050000000001,71.78,1,2.486,252,-2.242784,LG,-55.066126,IV,0.3306,0.287,0.07199999999999962,"< 0,0001",0.036101795225882825,45,0.2,3.03,55.200000000000024,2.558,7.7,59.17777777777777,LW,0.005253188165494652,-0.0275422437100492,-0.02943750078000186,-0.06856115531943012,0.025295928270609294,9,2014-12-03 11:10:00,5.114250277777778,0.0235887745203568,-0.010899324717485791,-0.011660885079097037,-0.054091594164554044,0.026607826416488328,2014-12-08T13:54:31,0.1101297459236287,0.057616356740706115,0.056404464091518704,0.018409009756974994,0.03180454217991572,0.03661287773035233,-0.00757941995258132,-0.008380522856745697,-0.06352349364379256,0.03431868504310218,252_1_BOA_LC08_228062_20141208
5.336363636363636e-07,1.6806999999999994,0.3010000000000005,29.4,1,2.311,253,-2.180361,AM,-55.016444,IV,0.3168,0.3064,0.2120000000000002,"< 0,0001",0.013612152298283685,46,0.2,3.01,64.80000000000003,2.523,4.8,63.83636363636364,LW,0.020860001930120397,0.02069991115803276,0.020727926513060175,0.0204236830838436,0.00013445285848617057,9,2014-12-03 10:20:00,-1.8552723263888888,0.03068115205469119,0.030598556854733547,0.030593276933311597,0.03035848136564517,0.00010546535841268243,2014-12-01T13:48:24,0.011357266994749975,0.011244495497167262,0.011219065495776625,0.01116977523555037,7.320571280525182e-05,0.038389320140662375,0.03831409494016834,0.038323994729353515,0.038058458179147554,0.00012325411849394702,253_1_BOA_LC08_227062_20141201
5.336363636363636e-07,1.6806999999999994,0.3010000000000005,20.36,1,2.311,253,-2.180361,AM,-55.016444,IV,0.3168,0.3064,0.2120000000000002,"< 0,0001",0.013612152298283685,46,0.2,3.01,64.80000000000003,2.523,4.8,63.83636363636364,LW,0.017423571333928276,0.017384179319564735,0.017391361475804012,0.017290810203566508,4.32208171385736e-05,9,2014-12-03 10:20:00,14.144678391203703,0.03166048182191743,0.0316018772475796,0.03158685286310746,0.031515317150079415,4.676846628130785e-05,2014-12-17T13:48:20,0.013240110986964721,0.013100278870046316,0.01309022624673473,0.01303429635941946,6.977808678356615e-05,0.04332198057101613,0.043209198497347175,0.04318684389696436,0.04314023920324847,5.7419643375594154e-05,253_1_BOA_LC08_227062_20141217
5.336363636363636e-07,1.6806999999999994,0.3010000000000005,40.43,1,2.311,253,-2.180361,AM,-55.016444,IV,0.3168,0.3064,0.2120000000000002,"< 0,0001",0.013612152298283685,46,0.2,3.01,64.80000000000003,2.523,4.8,63.83636363636364,LW,0.014345328035021514,0.0142021002107565,0.014189919165862142,0.014097624975143096,8.341449343906014e-05,9,2014-12-03 10:20:00,5.148695636574074,0.03338781857584226,0.03328355364083645,0.033281673424592616,0.0332245221653428,5.635613963674292e-05,2014-12-08T13:54:07,0.013280926686402832,0.013159210731989156,0.013157595921963331,0.013067355209956074,6.239918638919069e-05,0.04897420307538959,0.048821898144049525,0.048848148265427875,0.04865406383365447,9.48270796851553e-05,253_1_BOA_LC08_228061_20141208
,,,58.09,1,,254,-2.242784,LG,-55.066126,V,,,,,,45,0.2,,19.84999999999997,,,,HW,0.009136734957381801,0.00531473264802843,0.00583328021738596,-0.0005963487602773099,0.0033786442470310246,9,2015-05-05 00:00:00,-10.425315046296296,0.009225026744990714,0.006256062368879817,0.006642321938167994,0.0010740630746744993,0.002751056563092246,2015-04-24T13:47:32,0.01590909045067282,0.008877904644838801,0.007221076497499437,0.006680670042186601,0.002863830462250235,0.009080167553486377,0.005391809738048142,0.0058287338361155995,-0.0010677340902486045,0.003429924852723526,254_1_BOA_LC08_227062_20150424
,,,83.16,1,,254,-2.242784,LG,-55.066126,V,,,,,,45,0.2,,19.84999999999997,,,,HW,0.014053427484052727,0.011660748463998593,0.013115402554262127,-0.004124685264832633,0.005438786603051794,9,2015-05-05 00:00:00,5.574500810185185,0.019202776374634828,0.0169490177168312,0.01839593604789923,0.0017111999263957553,0.005243791221800186,2015-05-10T13:47:16,0.022365003152026913,0.004775410651598152,0.0029848531560190085,0.0025183943978963697,0.00603690450572441,0.020341660839947887,0.0177933768763332,0.019519947357482127,8.597851322161149e-06,0.006120812104887068,254_1_BOA_LC08_227062_20150510
,,,83.16,1,,279,-2.180361,AM,-55.016444,V,,,,,,46,0.2,,36.36000000000001,,,,HW,0.014448413552300738,0.01387820706261217,0.013960496127947955,0.012896556822600465,0.0004504655246372147,9,2015-05-12 00:00:00,-1.4254991898148148,0.02350587192392052,0.022264738717468077,0.02246699987195985,0.02008657399605799,0.0009560603945448558,2015-05-10T13:47:16,0.005415484484380203,0.005128798859400148,0.005101194379941459,0.004544066932280294,0.0002525391689926556,0.03074616541308381,0.02916226076013355,0.029537812992998538,0.025981642347719894,0.0013596636142184889,279_1_BOA_LC08_227062_20150510
0.9559999999999998,29.74819333333333,6.819606666666668,82.47,1,4.579,290,-2.1572,SL,-55.805249,VI,0.008003832234395915,0.007703832234395916,0.6890000000000001,"< 0,01",0.04371511093606407,30,0.2,2.95,35.43,5.268,4.0,39.02,R,0.025497269917227075,0.021540388693342415,0.02015606268624421,0.01947509171543306,0.0022005266916061824,9,2016-04-15 13:10:00,2.030254675925926,0.03226528507851552,0.029340638469900794,0.030030990170364688,0.027161281595856884,0.0019232549256144856,2016-04-17T13:53:34,0.01760079555002242,0.012555772697873082,0.013497832776921067,0.008428151830341296,0.0032112060912337075,0.03915158878413439,0.03458099040561659,0.035653279231538666,0.031113742562695734,0.002801504961813192,290_1_BOA_LC08_228061_20160417
0.9559999999999998,29.74819333333333,6.819606666666668,86.68,1,4.579,290,-2.1572,SL,-55.805249,VI,0.008003832234395915,0.007703832234395916,0.6890000000000001,"< 0,01",0.04371511093606407,30,0.2,2.95,35.43,5.268,4.0,39.02,R,0.025808108657255177,0.021957317954711866,0.0204163112619848,0.019820439942725823,0.00213817526664134,9,2016-04-15 13:10:00,2.030531435185185,0.03279291695851018,0.02964891536093462,0.03044167349702736,0.02737891379032247,0.001968892005967231,2016-04-17T13:53:57,0.017752801002985777,0.012575138798661456,0.013226441811680862,0.008541129412659339,0.003180752207379601,0.0396352088484652,0.03485966354151004,0.035716235027071844,0.031396547853385866,0.002790077264444936,290_1_BOA_LC08_228062_20160417
0.8433333333333334,59.97702666666666,2.1522800000000077,82.47,1,4.675,291,-2.219976,SL,-55.808397,VI,0.011803832234395916,0.006503832234395916,1.3630000000000004,"< 0,01",0.047715110936064065,31,0.2,2.57,35.43,6.038,4.0,46.5,R,0.012079597764568628,0.011191468247371097,0.011295861431175162,0.010308502349465612,0.0005171965961104941,9,2016-04-15 14:06:00,1.991365787037037,0.015034764079412254,0.013961132311357875,0.013844787569101657,0.011957300180557896,0.0010200288917599975,2016-04-17T13:53:34,0.006430543074186617,0.0056154073385494925,0.005467164991250548,0.004806622725880468,0.00047743238550492287,0.017108020516566954,0.015948175283943253,0.015955285934339848,0.013684728499705565,0.00116382914247604,291_1_BOA_LC08_228061_20160417
0.8433333333333334,59.97702666666666,2.1522800000000077,86.68,1,4.675,291,-2.219976,SL,-55.808397,VI,0.011803832234395916,0.006503832234395916,1.3630000000000004,"< 0,01",0.047715110936064065,31,0.2,2.57,35.43,6.038,4.0,46.5,R,0.012515193636259882,0.011604949212810885,0.011710975377105005,0.010784186413103546,0.0005113243225301023,9,2016-04-15 14:06:00,1.9916425462962963,0.015394643057195297,0.014305021131713702,0.014287734532276438,0.012285735179038186,0.0010399832641119823,2016-04-17T13:53:57,0.006566334522157978,0.005674622829505778,0.005538185500991606,0.0048725633517139695,0.0004919393269034469,0.017441881200778015,0.016259223949654598,0.016353393575737087,0.014002289102239232,0.0011912258520248198,291_1_BOA_LC08_228062_20160417
0.9559999999999998,43.32270666666667,2.9822566666666668,82.47,1,5.503,292,-2.177378,SL,-55.806321,VI,0.18230383223439592,0.16560383223439593,0.8079999999999998,"< 0,01",0.05771511093606407,33,0.2,2.47,38.57,6.311,4.2,42.98,R,0.016937070882611125,0.01615009417185191,0.015986331978243458,0.015619138548237401,0.000440446002742395,9,2016-04-15 12:02:00,2.077476898148148,0.02744696796157379,0.025797953631697686,0.026113790463941206,0.024574334965195142,0.0008283524220260011,2016-04-17T13:53:34,0.007930769527660551,0.0073349209294051015,0.007226756792094639,0.006933970079419699,0.0003436773945084498,0.035503252520591264,0.03301556744486768,0.03347568196944133,0.03118792197644349,0.0012121103738040998,292_1_BOA_LC08_228061_20160417
0.9559999999999998,43.32270666666667,2.9822566666666668,86.68,1,5.503,292,-2.177378,SL,-55.806321,VI,0.18230383223439592,0.16560383223439593,0.8079999999999998,"< 0,01",0.05771511093606407,33,0.2,2.47,38.57,6.311,4.2,42.98,R,0.017269776916519104,0.016540419308019066,0.016449326179968502,0.015957401883855984,0.00042206298180731986,9,2016-04-15 12:02:00,2.0777536574074076,0.027807701629045688,0.0261636407921826,0.026466440209997617,0.02493583822376412,0.0008233345157265656,2016-04-17T13:53:57,0.007981496543611345,0.0074197665042313125,0.007369067891090795,0.006968435804879708,0.0003332930805930279,0.03586673718727467,0.033365947292317066,0.03385582640379539,0.031531964613505326,0.001213775265270663,292_1_BOA_LC08_228062_20160417
,,,54.14,1,,304,-2.180361,AM,-55.016444,VI,,,,,,46,0.2,,126.0,,,,R,0.015190827825991482,0.015063023525843117,0.01504736709499642,0.014916743776413156,8.757781838085048e-05,9,2016-04-21 00:00:00,5.5748258217592594,0.024672128888655293,0.02441243639728927,0.02441854222914036,0.024205245071492396,0.00013410771949767033,2016-04-26T13:47:44,0.01347655779995753,0.013201383193956948,0.013174699409050143,0.012958836877447373,0.00015569543777949068,0.03297980361458651,0.03276453328350274,0.03273989507686824,0.03254263172149991,0.00012201505440715707,304_1_BOA_LC08_227062_20160426
1.5539999999999998,87.56258000000001,,16.23,1,12.01,305,-2.307096,LG,-55.373301,VII,0.4323235209235209,0.385,0.10999999999999943,"< 0,01",0.010431,37,0.2,4.31,107.59999999999998,12.12,,148.04000000000002,LW,0.005837655513652531,0.005308343943777745,0.005384591845629935,0.00477860665937805,0.00034859506983951556,9,2016-09-29 15:30:00,-5.06650525462963,0.020267056323543118,0.019781970211221064,0.019823200665541583,0.01941790252206545,0.00027641401295571956,2016-09-24T13:54:13,0.019136097675230463,0.018830457496507795,0.01877013210816096,0.01866010244022873,0.00012840002500629335,0.028952603845337235,0.028288111788343277,0.028447881964623598,0.02776569207673726,0.00033985965984912366,305_1_BOA_LC08_228061_20160924
1.5539999999999998,87.56258000000001,,20.97,1,12.01,305,-2.307096,LG,-55.373301,VII,0.4323235209235209,0.385,0.10999999999999943,"< 0,01",0.010431,37,0.2,4.31,107.59999999999998,12.12,,148.04000000000002,LW,0.00597723038533058,0.0053110047116562194,0.005460267459959221,0.004803202154100891,0.0003959678979802473,9,2016-09-29 15:30:00,-5.066228391203704,0.02056832913264126,0.01982278473732011,0.0198024118769837,0.019489990083503994,0.0003292224234948765,2016-09-24T13:54:37,0.019023335981012836,0.01888099772411174,0.0188368204485795,0.018620410226596933,0.00010479937325128182,0.02887890297737973,0.028230197183502857,0.02843685280490888,0.02771415477894793,0.00037388434891182136,305_1_BOA_LC08_228062_20160924
1.5463265306122451,30.732440000000004,,16.23,1,8.593,306,-2.255185,LG,-55.376673,VII,0.3930235209235209,0.361,0.4689999999999994,"< 0,01",0.002331,38,0.2,3.37,122.49999999999996,9.062,,144.43673469387755,LW,0.009230984565809303,0.009053626724815328,0.009071286010401837,0.008925463119651023,0.00010960822212973157,9,2016-09-29 16:30:00,-5.108171921296297,0.025076123196474766,0.024949193654864695,0.024939579484922585,0.024845649154972595,8.083949873388324e-05,2016-09-24T13:54:13,0.021115654541297255,0.02093432091625173,0.020925928689757668,0.02077344626896103,0.00012359286103590534,0.03756318100746923,0.037399058866210935,0.03740216718666085,0.03730525325029567,8.061588301560717e-05,306_1_BOA_LC08_228061_20160924
1.5463265306122451,30.732440000000004,,8.55,1,8.593,306,-2.255185,LG,-55.376673,VII,0.3930235209235209,0.361,0.4689999999999994,"< 0,01",0.002331,38,0.2,3.37,122.49999999999996,9.062,,144.43673469387755,LW,0.015532206548256,0.015440588538328503,0.015466415536933217,0.015312556635795352,7.754110928508006e-05,9,2016-09-29 16:30:00,10.891877881944444,0.02986208403922016,0.02973371222407791,0.02970557825233539,0.029538250872392285,0.00010563247422009923,2016-10-10T13:54:18,0.03891743893550141,0.03824613024572981,0.038221607796990686,0.03717109541862046,0.0004901007788810452,0.04320258488112434,0.04304572126395208,0.043071023006153716,0.04272216858128906,0.00014061919239593068,306_1_BOA_LC08_228061_20161010
1.5463265306122451,30.732440000000004,,20.97,1,8.593,306,-2.255185,LG,-55.376673,VII,0.3930235209235209,0.361,0.4689999999999994,"< 0,01",0.002331,38,0.2,3.37,122.49999999999996,9.062,,144.43673469387755,LW,0.00932581706677162,0.009166171223066542,0.009148859809420914,0.009041014238275084,0.00010745112423511709,9,2016-09-29 16:30:00,-5.107895057870371,0.025221354211004767,0.0250825389841624,0.025066024078070685,0.02494540192918255,8.71472620070217e-05,2016-09-24T13:54:37,0.02117347640685593,0.020999750419226217,0.02098689549364489,0.020822332717466172,0.000133515468165402,0.03773600676833672,0.037538142122674666,0.03751107002693009,0.037453642497518036,9.287448588078333e-05,306_1_BOA_LC08_228062_20160924
1.5463265306122451,30.732440000000004,,51.72,1,8.593,306,-2.255185,LG,-55.376673,VII,0.3930235209235209,0.361,0.4689999999999994,"< 0,01",0.002331,38,0.2,3.37,122.49999999999996,9.062,,144.43673469387755,LW,0.015492342722099251,0.015402188930191468,0.015427706811654111,0.01528450408305074,7.520838669913964e-05,9,2016-09-29 16:30:00,10.8921546875,0.02981916866817886,0.029691584823589065,0.029668700940950987,0.02950178532971524,0.00010227093686218602,2016-10-10T13:54:42,0.03888147727507289,0.038219211222167655,0.038201222302685404,0.03715196777860909,0.0004872889090285737,0.04314457161012718,0.04299854867023403,0.0430261028735206,0.04268675266817945,0.00013579408724260757,306_1_BOA_LC08_228062_20161010
2.57,44.42378000000001,,16.23,1,5.25,307,-2.24054,LG,-55.24054,VII,0.6981235209235209,0.526,4.99,"< 0,01",0.003431,2,0.2,3.41,141.0,10.24,,194.24285714285716,LW,0.0066848378195722355,0.006427745797971592,0.006373159193249656,0.006173613313135234,0.00015071323790029378,9,2016-09-30 15:10:00,-6.05261636574074,0.02210781902766197,0.021924361002324727,0.021934576847001827,0.02181200531644019,8.913878582945577e-05,2016-09-24T13:54:13,0.012245533192094593,0.011953112145225583,0.011907373925313679,0.011725048033838337,0.00017747997679354375,0.028848711094986372,0.02858997835119401,0.028538889200515404,0.02843431947329033,0.00013626463105981674,307_1_BOA_LC08_228061_20160924
2.57,44.42378000000001,,8.55,1,5.25,307,-2.24054,LG,-55.24054,VII,0.6981235209235209,0.526,4.99,"< 0,01",0.003431,2,0.2,3.41,141.0,10.24,,194.24285714285716,LW,0.014500224423321585,0.014385047571972794,0.014366957567069648,0.014129491997858703,0.00011855108059216658,9,2016-09-30 15:10:00,9.9474334375,0.028562581806234614,0.028445093913166592,0.028470429891528273,0.028309394713160598,8.087155832482381e-05,2016-10-10T13:54:18,0.03164910280931654,0.031089472309420583,0.031175901393888827,0.030589318913138833,0.00029660009298966653,0.037961696617601515,0.037557379096566125,0.037534826530557695,0.03740569619714307,0.0001617345535618077,307_1_BOA_LC08_228061_20161010
2.57,44.42378000000001,,20.97,1,5.25,307,-2.24054,LG,-55.24054,VII,0.6981235209235209,0.526,4.99,"< 0,01",0.003431,2,0.2,3.41,141.0,10.24,,194.24285714285716,LW,0.006798707125253066,0.006551798247586624,0.0065128945490942475,0.006331111138035278,0.00014886898831386095,9,2016-09-30 15:10:00,-6.0523395023148145,0.022207414565546812,0.022045002425444066,0.022058312937944396,0.021938053896203173,8.134563968163843e-05,2016-09-24T13:54:37,0.01230612810869014,0.0120257951464426,0.011994519751398185,0.011786487295796597,0.00018134904829850365,0.028948079380528548,0.02871324130031644,0.028691897086092613,0.02856748452053523,0.00012382691956994735,307_1_BOA_LC08_228062_20160924
2.57,44.42378000000001,,51.72,1,5.25,307,-2.24054,LG,-55.24054,VII,0.6981235209235209,0.526,4.99,"< 0,01",0.003431,2,0.2,3.41,141.0,10.24,,194.24285714285716,LW,0.014462211975093162,0.01435196994295193,0.014351801366472915,0.01408764405246293,0.0001230452603885781,9,2016-09-30 15:10:00,9.947710243055555,0.028507709447975205,0.028404461213094978,0.028416826821139704,0.028275543965758525,7.735429202003372e-05,2016-10-10T13:54:42,0.03156471666718947,0.03103542023299544,0.03113721027959807,0.030523516396486535,0.00029614968881637644,0.03787760890522393,0.03750606689538036,0.03747351469050809,0.037352311692245954,0.00015137980961522278,307_1_BOA_LC08_228062_20161010
1.758181818181818,17.04684,,16.23,1,8.769,308,-2.166034,LG,-55.233215,VII,0.6627235209235209,0.635,6.301,"< 0,01",0.002131,42,0.2,3.51,192.99999999999997,15.07,,247.3909090909091,LW,-0.002268873299182333,-0.039356133779393565,-0.0404085837776109,-0.06036019870285807,0.018108770867470713,9,2016-09-30 14:10:00,-6.010949699074074,0.013547088884467744,-0.027119514890503925,-0.028799491832182608,-0.04921913545618936,0.019612896532796895,2016-09-24T13:54:13,0.032543168166233497,0.019016821490158032,0.01623556357118723,0.011391251036811018,0.007032363775684037,0.023939878821173568,-0.022640878956259613,-0.024034462524729915,-0.04920229442418422,0.023050467266683517,308_1_BOA_LC08_228061_20160924
1.758181818181818,17.04684,,8.55,1,8.769,308,-2.166034,LG,-55.233215,VII,0.6627235209235209,0.635,6.301,"< 0,01",0.002131,42,0.2,3.51,192.99999999999997,15.07,,247.3909090909091,LW,-0.05943924451091713,-0.0685272607182847,-0.06725150219571481,-0.08166178591996237,0.007771620514521604,9,2016-09-30 14:10:00,9.989100104166667,-0.04609754348827861,-0.054131878595813754,-0.05317035078616138,-0.06439231911264331,0.005423089962299962,2016-10-10T13:54:18,0.03464867863388388,0.019540188021131676,0.016575927659437134,-0.002851906698120646,0.00980626008108936,-0.039726454804342996,-0.05152315555294838,-0.05069926371772202,-0.06138009761107515,0.00573241271589607,308_1_BOA_LC08_228061_20161010
1.3599999999999999,11.011140000000001,,16.23,1,9.877,309,-2.2035,LG,-55.236138,VII,0.4354235209235209,0.417,0.08499999999999908,"< 0,01",0.002631,43,0.2,2.88,137.49999999999997,9.962,,170.10999999999999,LW,0.010291744274809042,0.01009295505602737,0.0100676094464252,0.009908538066742328,0.0001324475617033368,9,2016-09-30 14:30:00,-6.024838587962963,0.027434085433170805,0.027139612310718424,0.027118494696450793,0.026897775046849454,0.00017027880332422257,2016-09-24T13:54:13,0.016674306939705695,0.016377575214836435,0.01644433396046925,0.015976857458632615,0.0002575804091170943,0.0388501746258037,0.03856112767402573,0.03863562605817725,0.038123568853410034,0.00023684780186567316,309_1_BOA_LC08_228061_20160924
1.3599999999999999,11.011140000000001,,8.55,1,9.877,309,-2.2035,LG,-55.236138,VII,0.4354235209235209,0.417,0.08499999999999908,"< 0,01",0.002631,43,0.2,2.88,137.49999999999997,9.962,,170.10999999999999,LW,0.017159634108942796,0.017006817774143156,0.017035528981316383,0.016824119626601193,0.00011292923650201414,9,2016-09-30 14:30:00,9.975211215277778,0.03215279106856902,0.0320743429491303,0.03209322700260525,0.031831926087200084,8.68845368700689e-05,2016-10-10T13:54:18,0.040873284036215235,0.04053937974946053,0.04054728852739532,0.040080175040945715,0.0002257696895945926,0.04657780891433616,0.046320354137377,0.04629809588573924,0.04607288462483666,0.00016521582847331523,309_1_BOA_LC08_228061_20161010
1.3599999999999999,11.011140000000001,,20.97,1,9.877,309,-2.2035,LG,-55.236138,VII,0.4354235209235209,0.417,0.08499999999999908,"< 0,01",0.002631,43,0.2,2.88,137.49999999999997,9.962,,170.10999999999999,LW,0.01040469573597999,0.010211216648121463,0.010169811654446706,0.010034191870647451,0.0001379707098767418,9,2016-09-30 14:30:00,-6.024561724537037,0.027587226794389696,0.027268212763142605,0.027199823937391697,0.02702668730396236,0.0001725913453140841,2016-09-24T13:54:37,0.016746752376832954,0.016443000525907643,0.01648215406557979,0.01606900867651139,0.0002551440705735772,0.03899863079552436,0.03870196944674015,0.03881759771680517,0.03827233189215658,0.0002506220450214981,309_1_BOA_LC08_228062_20160924
1.3599999999999999,11.011140000000001,,51.72,1,9.877,309,-2.2035,LG,-55.236138,VII,0.4354235209235209,0.417,0.08499999999999908,"< 0,01",0.002631,43,0.2,2.88,137.49999999999997,9.962,,170.10999999999999,LW,0.017133400150703852,0.016971413777638125,0.017001835691511365,0.016771551381260057,0.0001146290126994823,9,2016-09-30 14:30:00,9.975488020833334,0.0320976497968188,0.0320258465899905,0.03204551218658416,0.03177408288913239,8.919343993277791e-05,2016-10-10T13:54:42,0.04084146209518374,0.040499852432325206,0.040513632479514554,0.04002284991426312,0.00023036120196220027,0.04653873986738615,0.04627263062808781,0.0462386809428479,0.04604843134854588,0.00016522575479748292,309_1_BOA_LC08_228062_20161010
1.4758620689655169,10.62022,,16.23,1,7.482,310,-2.17338,GP,-55.37247,VII,0.512423520923521,0.468,1.0859999999999994,"< 0,01",0.016331,39,0.2,3.89,98.49999999999997,8.568,,205.3689655172414,LW,0.009770659928098124,0.009584397803617079,0.009562389849613204,0.009419694655457455,0.00010077286536469844,9,2016-10-01 12:15:00,-6.931088587962963,0.02611092467608189,0.025958641416310397,0.025935891637211817,0.025808157760225454,9.72136772694832e-05,2016-09-24T13:54:13,0.016595192607509687,0.016402978935362494,0.016371823099405675,0.016177071797380784,0.0001312812130059978,0.03684616053719915,0.036599028796464685,0.03655827140825869,0.03646733329464612,0.00011121311617937152,310_1_BOA_LC08_228061_20160924
1.4758620689655169,10.62022,,8.55,1,7.482,310,-2.17338,GP,-55.37247,VII,0.512423520923521,0.468,1.0859999999999994,"< 0,01",0.016331,39,0.2,3.89,98.49999999999997,8.568,,205.3689655172414,LW,0.015449274597368584,0.0151646265917034,0.015173022086560028,0.01487239672887532,0.00015061550672195128,9,2016-10-01 12:15:00,9.068961215277778,0.030175602513063296,0.029885931511031822,0.0298586436474832,0.029769236174933073,0.0001117307116253966,2016-10-10T13:54:18,0.03687313283638784,0.036602652824031676,0.03665551883179505,0.03647262538781169,0.00012671794574612452,0.04313807647590841,0.04291801765400525,0.0428987874308947,0.042804847026992054,9.731714598513673e-05,310_1_BOA_LC08_228061_20161010
1.4758620689655169,10.62022,,20.97,1,7.482,310,-2.17338,GP,-55.37247,VII,0.512423520923521,0.468,1.0859999999999994,"< 0,01",0.016331,39,0.2,3.89,98.49999999999997,8.568,,205.3689655172414,LW,0.009883432785383894,0.009661498993719127,0.009654070242062853,0.009505560736233206,0.00011727642538479827,9,2016-10-01 12:15:00,-6.930811724537037,0.026227360540108356,0.026083723511666816,0.02606624252269951,0.02589034227117889,9.80444009310958e-05,2016-09-24T13:54:37,0.01665850913074948,0.016502431496867618,0.016526727205627038,0.01631455262674047,0.0001081072767067533,0.036966704742272274,0.03675722857847447,0.03673976860508643,0.03658425231899208,0.00010510557614172586,310_1_BOA_LC08_228062_20160924
1.4758620689655169,10.62022,,51.72,1,7.482,310,-2.17338,GP,-55.37247,VII,0.512423520923521,0.468,1.0859999999999994,"< 0,01",0.016331,39,0.2,3.89,98.49999999999997,8.568,,205.3689655172414,LW,0.015415440369824764,0.015127047072716057,0.015157319035690744,0.014845222252701972,0.00014784082342074822,9,2016-10-01 12:15:00,9.069238020833334,0.030137712174883546,0.029838674841737838,0.029805722383430645,0.029724480918437608,0.00011309944143099867,2016-10-10T13:54:42,0.03684033755246869,0.03657088137517131,0.03663505232010027,0.0364337995298704,0.00012529987901410623,0.043091174832306484,0.042871265747487605,0.042856226277533084,0.04276283242064055,9.731366241080562e-05,310_1_BOA_LC08_228062_20161010
1.5227272727272725,9.429459999999997,,16.23,1,7.917,311,-2.13507,GP,-55.37057,VII,0.3231235209235209,0.318,0.43400000000000105,"< 0,01",0.010631,40,0.2,2.53,93.49999999999997,8.351,,188.3090909090909,LW,0.008967388764526296,0.008763557860601975,0.008726952337473344,0.00861618400103073,0.0001114137555300009,9,2016-10-01 11:35:00,-6.903310810185185,0.02485295272605461,0.02474860131055876,0.024778533193843363,0.024606084801980854,8.85072497919135e-05,2016-09-24T13:54:13,0.014050515307851247,0.013857026901354343,0.013858823506859526,0.013672505803450453,0.00012442202463596605,0.03634987361316672,0.03611642863092039,0.03611272355034753,0.035933159474265924,0.00014373797952467134,311_1_BOA_LC08_228061_20160924
1.5227272727272725,9.429459999999997,,8.55,1,7.917,311,-2.13507,GP,-55.37057,VII,0.3231235209235209,0.318,0.43400000000000105,"< 0,01",0.010631,40,0.2,2.53,93.49999999999997,8.351,,188.3090909090909,LW,0.015923448773176533,0.015515540772286434,0.015508354518128036,0.014906922340907982,0.0003360287520065736,9,2016-10-01 11:35:00,9.096738993055556,0.03178498138729674,0.031201657768709343,0.03129814034822803,0.03056109658501083,0.00036206610978149246,2016-10-10T13:54:18,0.03828502534482317,0.037456152458245254,0.037266929567579155,0.03613382321503261,0.0006571091900091307,0.04585520839626544,0.04500538667246586,0.04512064542966,0.04421842112659971,0.0004908462898193132,311_1_BOA_LC08_228061_20161010
2.1963636363636367,16.429940000000002,,16.23,1,7.789,312,-2.11808,GP,-55.37258,VII,0.3631235209235209,0.364,0.44700000000000095,"< 0,01",0.039631,41,0.2,4.16,285.5,8.236,,412.4818181818182,LW,0.00859220586740845,0.00822548385648564,0.008114022462024983,0.007396976143433733,0.00033320573246352575,9,2016-10-01 11:00:00,-6.87900525462963,0.024408943100246692,0.02360124185123519,0.023515640512204287,0.02191122818584076,0.0006856763720442434,2016-09-24T13:54:13,0.01810503886916844,0.016590370642243574,0.016891761974363977,0.014756580787786525,0.0009543556237588082,0.03580219930479387,0.03499180129694079,0.0350272695723685,0.0330518262485561,0.0007736098471594738,312_1_BOA_LC08_228061_20160924
2.1963636363636367,16.429940000000002,,8.55,1,7.789,312,-2.11808,GP,-55.37258,VII,0.3631235209235209,0.364,0.44700000000000095,"< 0,01",0.039631,41,0.2,4.16,285.5,8.236,,412.4818181818182,LW,0.01606806120771989,0.005707328526058021,0.013157195592655723,-0.03082228657323422,0.014569692435808282,9,2016-10-01 11:00:00,9.121044548611112,0.03170796775050963,0.020079440966816332,0.028620224031189617,-0.02166484636595331,0.01681175834650226,2016-10-10T13:54:18,0.040927838248501366,0.03150470658841449,0.03571959205263127,0.0036040551561422746,0.010846119156025947,0.04479195049651499,0.032200873509800824,0.041711240769082975,-0.013502420207936489,0.01839597450479167,312_1_BOA_LC08_228061_20161010
,4.257479999999999,,16.23,1,0.917,313,-2.115929,GP,-55.447053,VII,0.8707235209235209,0.628,8.939,"< 0,01",0.030331,47,0.2,2.3,,9.856,,,LW,0.01011843947721127,0.009976433912716201,0.009981246408604077,0.009851912462672977,8.823884919548028e-05,9,2016-10-01 00:00:00,-6.420671921296297,0.02532702820231795,0.02517784636129395,0.02517248865672288,0.025000220425689376,9.544618470538018e-05,2016-09-24T13:54:13,0.025566504401576443,0.025245645449680904,0.025217498553771568,0.02507477734596846,0.00013706665518589654,0.038297085474040767,0.038034539321313045,0.037991535316644016,0.037914916332478135,0.00012133469264979695,313_1_BOA_LC08_228061_20160924
,4.257479999999999,,8.55,1,0.917,313,-2.115929,GP,-55.447053,VII,0.8707235209235209,0.628,8.939,"< 0,01",0.030331,47,0.2,2.3,,9.856,,,LW,0.017401127873014607,0.017249840873883746,0.01724476705142682,0.017153049834730722,7.211022434055091e-05,9,2016-10-01 00:00:00,9.579377881944444,0.0315018101867481,0.03137210188394089,0.03137007728623664,0.0312994845263129,6.387026036743801e-05,2016-10-10T13:54:18,0.03332203215906139,0.03318086145509886,0.03319599091333676,0.03298123976948385,0.00011058545066764036,0.04502082774624475,0.04470019087664233,0.04463485503323016,0.04456937052275896,0.00013674735874843102,313_1_BOA_LC08_228061_20161010
8.885,24.94156,,16.23,1,5.578,314,-2.27922,LG,-55.2247,VII,0.3820235209235209,0.356,5.9319999999999995,"< 0,01",0.032231,49,0.2,0.78,0.9999999999999939,11.51,,6.3500000000000005,LW,-0.007140865716894146,-0.010101827344139915,-0.008745475993762577,-0.02416189559620859,0.005011018562318449,9,2016-10-02 15:30:00,-8.066505254629629,-0.0006836073691762236,-0.0033598322128258053,-0.0018936875329437462,-0.01645122077277881,0.0046615080191024505,2016-09-24T13:54:13,0.027235050862642985,0.0054491456228895506,0.003684743563503144,-0.000976116780498075,0.008103632664998651,-0.0005266551290034095,-0.0034880119526511256,-0.0018686517325395662,-0.01785229155150657,0.005111095888083852,314_1_BOA_LC08_228061_20160924
8.885,24.94156,,8.55,1,5.578,314,-2.27922,LG,-55.2247,VII,0.3820235209235209,0.356,5.9319999999999995,"< 0,01",0.032231,49,0.2,0.78,0.9999999999999939,11.51,,6.3500000000000005,LW,0.0013046087531946408,-0.001988554745839898,-0.0003624837982862065,-0.01035845118148844,0.004014679490218648,9,2016-10-02 15:30:00,7.933544548611111,0.008030211002243132,0.004266208045206691,0.005537993583103126,-0.004349980584351418,0.004116061936567234,2016-10-10T13:54:18,0.016175436609162732,0.006545141122328167,0.0055153044469505655,0.004630443593720834,0.003412283011918692,0.00623062733453492,0.002959888850398717,0.004420155677305911,-0.005676541961485763,0.003908543139729205,314_1_BOA_LC08_228061_20161010
8.885,24.94156,,20.97,1,5.578,314,-2.27922,LG,-55.2247,VII,0.3820235209235209,0.356,5.9319999999999995,"< 0,01",0.032231,49,0.2,0.78,0.9999999999999939,11.51,,6.3500000000000005,LW,-0.00691936761397274,-0.009968660983866518,-0.008473754059653713,-0.02485817251094808,0.005341223229679986,9,2016-10-02 15:30:00,-8.066228391203703,-0.000655312351647161,-0.0032539110348912227,-0.0014899935065726087,-0.01700645210650056,0.004946786809764124,2016-09-24T13:54:37,0.02846172384550194,0.005967792831369099,0.0037593408323250005,0.0002695861624352064,0.008346476809610258,-0.0003773938821907859,-0.0034173031194823468,-0.001343920245529838,-0.01862431727542916,0.005469432082451291,314_1_BOA_LC08_228062_20160924
8.885,24.94156,,51.72,1,5.578,314,-2.27922,LG,-55.2247,VII,0.3820235209235209,0.356,5.9319999999999995,"< 0,01",0.032231,49,0.2,0.78,0.9999999999999939,11.51,,6.3500000000000005,LW,0.0012133406756419489,-0.0017717670484077705,-0.00043945903544126245,-0.010646580982459339,0.003819467193977602,9,2016-10-02 15:30:00,7.933821354166667,0.008208768505893596,0.004453915200657332,0.006510807513199704,-0.00471106615236614,0.003991378842175825,2016-10-10T13:54:42,0.016504815780608563,0.006373208224924664,0.005448834584636401,0.004093352038072911,0.0036153943540846657,0.006377800104052811,0.0031326294004639012,0.005266894136922981,-0.006048397983668748,0.003834724965259827,314_1_BOA_LC08_228062_20161010
1.5590000000000004,8.673100000000002,,16.23,1,8.09,315,-2.2594,PQ,-55.62395,VII,0.4967235209235209,0.454,0.8350000000000009,"< 0,01",0.006131,9,0.2,0.8,189.99999999999997,8.925,,272.20000000000005,LW,0.006347949698982421,0.006124038216340939,0.006108508317625695,0.005924524236845398,0.0001120093716118783,9,2016-10-03 12:30:00,-8.941505254629629,0.01748470239242913,0.017325529838204533,0.01734580495329366,0.01713071571644007,0.00010784422423286206,2016-09-24T13:54:13,0.02075882736361148,0.020526297485894584,0.020498086886128593,0.020161366741834916,0.00017155779541358477,0.027938453863644217,0.027781470246303706,0.027793443788493993,0.027563579933210014,0.000117263442149263,315_1_BOA_LC08_228061_20160924
1.5590000000000004,8.673100000000002,,8.55,1,8.09,315,-2.2594,PQ,-55.62395,VII,0.4967235209235209,0.454,0.8350000000000009,"< 0,01",0.006131,9,0.2,0.8,189.99999999999997,8.925,,272.20000000000005,LW,0.012827409751060812,0.012456549121632136,0.01267331502128944,0.012525763662178984,0.0001032446053550812,9,2016-10-03 12:30:00,7.058544548611111,0.02177069978016084,0.021292424517379012,0.021606539825643117,0.020431679227338993,0.0003853642633596276,2016-10-10T13:54:18,0.031711445892057044,0.03074275204162736,0.030502677333542675,0.029996283581549592,0.0005422969798293785,0.03236768277346856,0.031784630533655135,0.032000002920139665,0.030994484496353617,0.0003821520657287767,315_1_BOA_LC08_228061_20161010
1.5590000000000004,8.673100000000002,,20.97,1,8.09,315,-2.2594,PQ,-55.62395,VII,0.4967235209235209,0.454,0.8350000000000009,"< 0,01",0.006131,9,0.2,0.8,189.99999999999997,8.925,,272.20000000000005,LW,0.006385459633537264,0.006248938410233169,0.006246917697024561,0.00610699826197755,8.70989110426712e-05,9,2016-10-03 12:30:00,-8.941228391203703,0.01749380595443283,0.017422077292728086,0.017391916302774334,0.01731144172949216,5.420169617851766e-05,2016-09-24T13:54:37,0.02060267448170573,0.02046269835438421,0.020480511133048832,0.020283709749691597,0.00010404904820147716,0.028013105828646193,0.027878162131454446,0.027883585342161177,0.02771234099207922,7.937954585801711e-05,315_1_BOA_LC08_228062_20160924
1.5590000000000004,8.673100000000002,,51.72,1,8.09,315,-2.2594,PQ,-55.62395,VII,0.4967235209235209,0.454,0.8350000000000009,"< 0,01",0.006131,9,0.2,0.8,189.99999999999997,8.925,,272.20000000000005,LW,0.01322612517830283,0.012350848150244677,0.01261368550144058,0.01250179745304255,0.00021347122208874463,9,2016-10-03 12:30:00,7.058821354166667,0.021781186350218334,0.02119294128889522,0.02156916550098065,0.0210898650298168,0.00018439804671699714,2016-10-10T13:54:42,0.03196010164907773,0.030645195876627094,0.030476476443003477,0.029968526847285362,0.0006008523677820815,0.03235728691748578,0.03168507915366545,0.03195915359696628,0.03170513151844456,0.00021190971545757776,315_1_BOA_LC08_228062_20161010
1.6657142857142857,4.5347,,16.23,1,9.65,316,-2.27082,PQ,-55.62526,VII,0.4360235209235209,0.421,0.8390000000000004,"< 0,01",0.016231,10,0.2,0.43,349.33333333333337,10.489,,439.3,LW,0.005383657436820493,0.004910728130781078,0.004892756493626143,0.004553173019564056,0.00025552741765259694,9,2016-10-03 13:00:00,-8.962338587962963,0.015140950299966061,0.01493956111472813,0.015005088290492725,0.014635684563373377,0.00017958057647929714,2016-09-24T13:54:13,0.030324531414242767,0.029635902451414762,0.02965651667487832,0.029232576218633118,0.0002946023082735133,0.025557627401052573,0.025217246189595137,0.025183123464880174,0.024904219170348227,0.0002090044454210458,316_1_BOA_LC08_228061_20160924
1.6657142857142857,4.5347,,8.55,1,9.65,316,-2.27082,PQ,-55.62526,VII,0.4360235209235209,0.421,0.8390000000000004,"< 0,01",0.016231,10,0.2,0.43,349.33333333333337,10.489,,439.3,LW,0.009486928649544087,0.004554913547255484,0.008568637481670863,-0.022663009874995893,0.011291415062338763,9,2016-10-03 13:00:00,7.037711215277778,0.016551654761236264,0.011597505940217068,0.016216049372682017,-0.017777311632151547,0.012120873854118482,2016-10-10T13:54:18,0.042886706922051175,0.037463446421047666,0.040370581154622165,0.010880193002228589,0.010602946431318771,0.025973256696808174,0.02059550552457359,0.025456068702243633,-0.011013737216191935,0.013027686686514184,316_1_BOA_LC08_228061_20161010
1.6657142857142857,4.5347,,20.97,1,9.65,316,-2.27082,PQ,-55.62526,VII,0.4360235209235209,0.421,0.8390000000000004,"< 0,01",0.016231,10,0.2,0.43,349.33333333333337,10.489,,439.3,LW,0.005353807886666085,0.0049440323056717285,0.004928342545286873,0.004623708851952808,0.00019706018372014886,9,2016-10-03 13:00:00,-8.962061724537037,0.015247187494892466,0.014906329888483677,0.014929715917054404,0.014326955912048314,0.0002350607637475289,2016-09-24T13:54:37,0.030993179026074496,0.02991060206918727,0.029737054001623995,0.029595857179538214,0.0004491687854974134,0.025289249733329768,0.025150701201319667,0.025170751074978938,0.02448777111427782,0.00022427768531070832,316_1_BOA_LC08_228062_20160924
1.6657142857142857,4.5347,,51.72,1,9.65,316,-2.27082,PQ,-55.62526,VII,0.4360235209235209,0.421,0.8390000000000004,"< 0,01",0.016231,10,0.2,0.43,349.33333333333337,10.489,,439.3,LW,0.009455811879172195,0.004497577023440497,0.00854501568979468,-0.02283105624503949,0.011335881540114277,9,2016-10-03 13:00:00,7.037988020833334,0.016520209018309855,0.011528419749409899,0.016187966453607122,-0.017962336497511406,0.012173950790028688,2016-10-10T13:54:42,0.042833101047329764,0.03739628388429776,0.040314254071889474,0.010690909030489373,0.010650799908230115,0.02591723779909959,0.020534319478459007,0.02541600323662057,-0.011210689326867751,0.01308319494025459,316_1_BOA_LC08_228062_20161010
1.8343333333333336,10.006859999999998,,16.23,1,8.007,317,-2.23067,PQ,-55.49412,VII,0.4051235209235209,0.365,0.2580000000000009,"< 0,01",-6.9e-05,11,0.2,1.07,337.3333333333333,8.265,,397.13666666666654,LW,0.008470588819387767,0.008280308442911078,0.008354770078876844,0.008028538094956138,0.00014115869672338613,9,2016-10-03 14:15:00,-9.014421921296297,0.021051767726963176,0.02091088284417797,0.02090958874095578,0.020766622491625718,0.0001019614576305961,2016-09-24T13:54:13,0.026542124241838654,0.02621408696904278,0.02636775699188898,0.02560323017474766,0.00030353183391609384,0.03309509253881736,0.032879083315799904,0.03289855237644934,0.032593971408609604,0.00016244332326923868,317_1_BOA_LC08_228061_20160924
1.8343333333333336,10.006859999999998,,8.55,1,8.007,317,-2.23067,PQ,-55.49412,VII,0.4051235209235209,0.365,0.2580000000000009,"< 0,01",-6.9e-05,11,0.2,1.07,337.3333333333333,8.265,,397.13666666666654,LW,0.015031207988771122,0.014843760406415508,0.014844639068665146,0.014672389163366103,9.711650596720032e-05,9,2016-10-03 14:15:00,6.985627881944445,0.02687430491796435,0.026566525883846722,0.026501069683377128,0.026314604458173334,0.00017813621122442658,2016-10-10T13:54:18,0.04525912605293102,0.044659312666059124,0.044545746062754014,0.044026144795488775,0.000399778296695519,0.039605073213483166,0.03929650935097285,0.039320550113760115,0.038996731985961985,0.00021142035712080293,317_1_BOA_LC08_228061_20161010
1.8343333333333336,10.006859999999998,,20.97,1,8.007,317,-2.23067,PQ,-55.49412,VII,0.4051235209235209,0.365,0.2580000000000009,"< 0,01",-6.9e-05,11,0.2,1.07,337.3333333333333,8.265,,397.13666666666654,LW,0.008573842064423163,0.008401553854435596,0.00848939669423555,0.008150139981440273,0.00013996752806906242,9,2016-10-03 14:15:00,-9.01414505787037,0.02116929732245218,0.021029108803137336,0.021023250336885166,0.020882110327854607,0.00010048261314856319,2016-09-24T13:54:37,0.026612883318114913,0.026296308290978586,0.026459105513296388,0.025689028424290654,0.0003034317955056535,0.033220793034897396,0.03300529116984273,0.033030844184824736,0.032717708851623464,0.00016057374516794014,317_1_BOA_LC08_228062_20160924
1.8343333333333336,10.006859999999998,,51.72,1,8.007,317,-2.23067,PQ,-55.49412,VII,0.4051235209235209,0.365,0.2580000000000009,"< 0,01",-6.9e-05,11,0.2,1.07,337.3333333333333,8.265,,397.13666666666654,LW,0.014977602776155674,0.014797866566882482,0.014808754543735245,0.014616627887536628,9.76346775262309e-05,9,2016-10-03 14:15:00,6.9859046875,0.0268330782873687,0.026525625780848622,0.02644904516427879,0.02627604879533125,0.0001773841558826752,2016-10-10T13:54:42,0.04522103238516026,0.04460421896831565,0.04450612042383552,0.043956184894568415,0.00040654227945347064,0.03956264213511488,0.03925766152706648,0.03927463829598396,0.03895517222553085,0.00020848395075335804,317_1_BOA_LC08_228062_20161010
2.704375,12.042579999999997,,16.23,1,7.878,318,-2.25009,PQ,-55.49374,VII,0.4964235209235209,0.325,0.01499999999999968,"< 0,01",0.032631,12,0.2,1.21,275.33333333333337,7.893,,305.059375,LW,0.005230674404268585,0.005077844028618774,0.004998749787882624,0.004899781744973301,0.00010308293590102336,6,2016-10-03 14:39:00,-9.031088587962962,0.020022700716005783,0.019944117767011056,0.01992052115877859,0.01938746219519918,0.00021964655267554855,2016-09-24T13:54:13,0.021861929031813037,0.02104132196616295,0.02095009847134737,0.020879855112151565,0.0003495094252513394,0.03160097789751325,0.031236822577800857,0.03122814630769614,0.030558549179538468,0.00033949853779162724,318_1_BOA_LC08_228061_20160924
2.704375,12.042579999999997,,8.55,1,7.878,318,-2.25009,PQ,-55.49374,VII,0.4964235209235209,0.325,0.01499999999999968,"< 0,01",0.032631,12,0.2,1.21,275.33333333333337,7.893,,305.059375,LW,0.013615645388945486,0.009545345400944124,0.011005357911024683,-0.0038391334058802545,0.0061015916624815696,6,2016-10-03 14:39:00,6.968961215277778,0.026644450937737246,0.02252806880566922,0.023888363719920928,0.009294021057791264,0.006029109033707527,2016-10-10T13:54:18,0.03914336100072385,0.036028450431512996,0.03612381286760816,0.03125634123449909,0.002518414328109313,0.03841584516604318,0.03420795924365939,0.03565783032067808,0.02089003088938677,0.006073107813841237,318_1_BOA_LC08_228061_20161010
2.704375,12.042579999999997,,20.97,1,7.878,318,-2.25009,PQ,-55.49374,VII,0.4964235209235209,0.325,0.01499999999999968,"< 0,01",0.032631,12,0.2,1.21,275.33333333333337,7.893,,305.059375,LW,0.005359039983032533,0.005197363355571531,0.005112971636128389,0.005084372515942716,9.42909669640341e-05,6,2016-10-03 14:39:00,-9.030811724537037,0.020116720950910164,0.020060152268403374,0.020010590715376687,0.019591859345707455,0.0001754624122188956,2016-09-24T13:54:37,0.021898272945505316,0.021120055104181506,0.021019929712920632,0.020959288894512883,0.00033131869705345824,0.03168079170737172,0.031357722196242166,0.03134805114970714,0.03074272419880718,0.0003053876259159003,318_1_BOA_LC08_228062_20160924
2.704375,12.042579999999997,,51.72,1,7.878,318,-2.25009,PQ,-55.49374,VII,0.4964235209235209,0.325,0.01499999999999968,"< 0,01",0.032631,12,0.2,1.21,275.33333333333337,7.893,,305.059375,LW,0.013571790111597242,0.0098635010360742,0.010916477547102444,-0.0029359714630394947,0.005398952878298205,6,2016-10-03 14:39:00,6.969238020833333,0.02657302708018155,0.02280793258790212,0.023772456156312783,0.010172402898126272,0.005343982473230378,2016-10-10T13:54:42,0.03897417690868922,0.03607862268976081,0.03596468504587169,0.031671504667384165,0.0021666491053191506,0.03832175977446019,0.03447473930834943,0.03553954343388967,0.021710284070111302,0.005406403232471011,318_1_BOA_LC08_228062_20161010
1.9871428571428564,14.547400000000003,,16.23,1,9.51,319,-2.16729,GP,-55.49487,VII,0.3107235209235209,0.287,0.261000000000001,"< 0,01",0.033431,14,0.2,3.15,134.99999999999997,9.771,,231.10357142857146,LW,0.009725865317318953,0.00827394784215524,0.008502862958872318,0.008251746086694198,0.0004704962049512547,9,2016-10-04 13:30:00,-9.983171921296297,0.02589382398559067,0.02459859709089111,0.024942237264859016,0.024445944118809418,0.0004602397947374992,2016-09-24T13:54:13,0.020887561345292713,0.020148333989764584,0.020198420767054207,0.020097365698212976,0.00022642690300671907,0.039365610918318375,0.03799844914136963,0.03827752502681085,0.03802265872913704,0.0004323006010014236,319_1_BOA_LC08_228061_20160924
1.9871428571428564,14.547400000000003,,8.55,1,9.51,319,-2.16729,GP,-55.49487,VII,0.3107235209235209,0.287,0.261000000000001,"< 0,01",0.033431,14,0.2,3.15,134.99999999999997,9.771,,231.10357142857146,LW,0.017118711989111114,0.006251845998259336,0.012971525620519633,-0.02075903183024498,0.011462804948930214,9,2016-10-04 13:30:00,6.016877881944445,0.031815812692705725,0.021086197108885284,0.028354852938340606,-0.007315153067074365,0.011752496203727716,2016-10-10T13:54:18,0.032849688117396525,0.02740024529594419,0.02973169747060674,0.018331898683877357,0.0050072524074354805,0.04488602746251759,0.03388534568696386,0.04159765726990545,0.0033653858711722093,0.0124497677222684,319_1_BOA_LC08_228061_20161010
1.9871428571428564,14.547400000000003,,20.97,1,9.51,319,-2.16729,GP,-55.49487,VII,0.3107235209235209,0.287,0.261000000000001,"< 0,01",0.033431,14,0.2,3.15,134.99999999999997,9.771,,231.10357142857146,LW,0.009923141633729517,0.008408958698390673,0.008620823948256414,0.00838581578081687,0.0004818928303688753,9,2016-10-04 13:30:00,-9.98289505787037,0.02610986086521249,0.02473235708609338,0.025068162225057797,0.024586138330735977,0.0004654963768518778,2016-09-24T13:54:37,0.020949735066016627,0.020224711669448718,0.02027193618347199,0.020183013694464354,0.00022284274177799114,0.0396821058161142,0.038187011016626735,0.03841788106472222,0.038137489569653224,0.0004885989151574146,319_1_BOA_LC08_228062_20160924
1.9871428571428564,14.547400000000003,,51.72,1,9.51,319,-2.16729,GP,-55.49487,VII,0.3107235209235209,0.287,0.261000000000001,"< 0,01",0.033431,14,0.2,3.15,134.99999999999997,9.771,,231.10357142857146,LW,0.017134344056481513,0.0068807300807170796,0.013185190837206907,-0.017089631507575594,0.01044216802797607,9,2016-10-04 13:30:00,6.0171546875,0.031752671014248085,0.021752656373037083,0.02863465234149657,-0.0035769826751421846,0.010665635397981644,2016-10-10T13:54:42,0.032853987946956625,0.027588255135667244,0.029877754020811643,0.019301436723056085,0.004756696097264272,0.04483675016118335,0.03458125070557101,0.04184445489818751,0.007526219077624234,0.011247934059280594,319_1_BOA_LC08_228062_20161010
1.558055555555556,8.923499999999999,,16.23,1,9.312,320,-2.13239,GP,-55.48864,VII,0.2929235209235209,0.221,0.4350000000000005,"< 0,01",0.026131,15,0.2,2.16,161.0,9.747,,219.50833333333333,LW,0.00998817176748314,0.009751387377088465,0.009756863729583412,0.009299648918010574,0.0002053893287901953,9,2016-10-04 12:45:00,-9.951921921296297,0.02572725433576079,0.025467863677596108,0.02552747292864861,0.02501831165105255,0.00020544210819144933,2016-09-24T13:54:13,0.017192568044099226,0.016843220403011,0.016837812858768744,0.01659270138624609,0.00018439038110517467,0.0376509693961594,0.03743195509254573,0.03744235781815396,0.037090637861676365,0.0001607904987406176,320_1_BOA_LC08_228061_20160924
1.558055555555556,8.923499999999999,,8.55,1,9.312,320,-2.13239,GP,-55.48864,VII,0.2929235209235209,0.221,0.4350000000000005,"< 0,01",0.026131,15,0.2,2.16,161.0,9.747,,219.50833333333333,LW,0.015569654171637488,-0.006958050489562164,0.004853811325427615,-0.06282824867566247,0.02638949249939457,9,2016-10-04 12:45:00,6.048127881944445,0.03040777203446213,0.006868628407683253,0.01813771439882774,-0.04753584313914734,0.026276008006016104,2016-10-10T13:54:18,0.030755639533812065,0.029143094467169246,0.02960303352203198,0.024804706525826913,0.0018208202215167773,0.04334980564289104,0.015744956525885305,0.03009538512722921,-0.050957043522500495,0.0318891144185364,320_1_BOA_LC08_228061_20161010
2.2804545454545457,11.538680000000001,,16.23,1,7.691,321,-2.06873,SN,-55.48626,VII,0.3182235209235209,0.264,0.12900000000000045,"< 0,01",0.043031,16,0.2,2.3,83.99999999999991,7.82,,180.52499999999998,LW,0.008375878929457523,0.008234530186006466,0.008248740265021601,0.00803814002420922,0.00012076142934570641,9,2016-10-04 11:30:00,-9.899838587962963,0.023967942204764725,0.023830679356513906,0.023842896285151467,0.023668118142829642,8.545985529032731e-05,2016-09-24T13:54:13,0.010071874216491269,0.009907922383984304,0.009883810545307856,0.009737918011295341,0.00010639015260861589,0.03401319963124295,0.033826558875775244,0.033819084133954264,0.033690535663834204,8.895826519245718e-05,321_1_BOA_LC08_228061_20160924
2.2804545454545457,11.538680000000001,,8.55,1,7.691,321,-2.06873,SN,-55.48626,VII,0.3182235209235209,0.264,0.12900000000000045,"< 0,01",0.043031,16,0.2,2.3,83.99999999999991,7.82,,180.52499999999998,LW,0.017062165556351143,0.016931788918671378,0.016972930490109957,0.016715201043783587,0.00010711225555413871,9,2016-10-04 11:30:00,6.100211215277778,0.03378775871202381,0.03351407442642279,0.033572193755473545,0.03317164338086828,0.00018814173390235166,2016-10-10T13:54:18,0.03495383852590012,0.03460519067039301,0.03453628314431347,0.03432671923969677,0.00020600909550749105,0.04712319898581727,0.04695017836799202,0.046982812617963124,0.046684851217852014,0.00016216819464368325,321_1_BOA_LC08_228061_20161010
2.298809523809525,11.806579999999997,,16.23,1,8.031,322,-2.04609,SN,-55.48486,VII,0.28982352092352087,0.235,0.9669999999999987,"< 0,01",0.036331,17,0.2,1.75,186.99999999999994,8.998,,270.697619047619,LW,0.007979992785451966,0.00782552213773802,0.007837545964812084,0.007596787942283124,0.0001274129944193927,9,2016-10-04 10:45:00,-9.868588587962963,0.024135358533197853,0.024062119944910625,0.02407586855625258,0.02385424710758924,9.616655211982431e-05,2016-09-24T13:54:13,0.010603386451695116,0.010221558482116637,0.010160243793941792,0.009860399158889838,0.0002636800889932864,0.034448676884003715,0.03432423865805293,0.0342781545574667,0.034145579904631865,0.0001066377854511852,322_1_BOA_LC08_228061_20160924
2.298809523809525,11.806579999999997,,8.55,1,8.031,322,-2.04609,SN,-55.48486,VII,0.28982352092352087,0.235,0.9669999999999987,"< 0,01",0.036331,17,0.2,1.75,186.99999999999994,8.998,,270.697619047619,LW,0.016958894149547193,0.01650282201456686,0.016423726860717195,0.01625539024438656,0.00022731722456547726,9,2016-10-04 10:45:00,6.131461215277778,0.03459906828053651,0.03426128526014241,0.03420720179523398,0.034003111465101196,0.00018822937476327655,2016-10-10T13:54:18,0.037505990185868476,0.036396636950341774,0.036271577947777606,0.03574918056691649,0.0005468533791619444,0.048595798410652424,0.04835416133902261,0.04839081412655798,0.04807379744536058,0.0001430741440710398,322_1_BOA_LC08_228061_20161010
2.38657142857143,9.42824,,16.23,1,10.47,323,-2.09556,SN,-55.4888,VII,0.2741235209235209,0.218,0.8499999999999996,"< 0,01",0.002531,19,0.2,1.89,148.99999999999997,11.32,,245.9457142857143,LW,0.0073350022713031295,0.007129042121865881,0.007170067559093333,0.006762323408986446,0.0001880560557724438,9,2016-10-04 12:15:00,-9.931088587962963,0.021400291324816748,0.021074425388400157,0.021052271726273383,0.02092491297505277,0.00015083580065902247,2016-09-24T13:54:13,0.01360080991111012,0.013240127664108087,0.01324632508662689,0.012667251981479118,0.0002762136449077856,0.032087011212492286,0.03180462127291137,0.03180622938984079,0.031555290990009574,0.00015195719412174313,323_1_BOA_LC08_228061_20160924
2.38657142857143,9.42824,,8.55,1,10.47,323,-2.09556,SN,-55.4888,VII,0.2741235209235209,0.218,0.8499999999999996,"< 0,01",0.002531,19,0.2,1.89,148.99999999999997,11.32,,245.9457142857143,LW,0.014698208927716845,0.014339867779704564,0.01428325283999226,0.013893332352890444,0.00023088838220268568,9,2016-10-04 12:15:00,6.068961215277778,0.028183224784978707,0.02794231807516253,0.027908815725554086,0.027325454549308893,0.00025272625496928044,2016-10-10T13:54:18,0.041946017837532296,0.041236718626477674,0.040738859946984084,0.04038916856167097,0.0005502052119217473,0.04112465329975189,0.040522638739234305,0.04048498020944107,0.039770358658018645,0.00040685078013059917,323_1_BOA_LC08_228061_20161010
2.676842105263159,12.353980000000002,,16.23,1,7.26,324,-2.06152,SN,-55.46119,VII,0.4421235209235209,0.321,2.463000000000001,"< 0,01",0.045631,48,0.2,2.47,245.33333333333331,9.723,,343.83684210526314,LW,0.004362370729183777,0.0040005417059069725,0.003974525402685121,0.003536091936306985,0.0003038031797248495,9,2016-10-04 10:20:20,-9.851458958333334,0.018950311359192548,0.017928927793500624,0.017767463816599147,0.01717397871188885,0.0006123614751291687,2016-09-24T13:54:13,0.008261579626633212,0.007301775566405358,0.007323662031380573,0.006440654722546756,0.0004979032629655387,0.029139135766082666,0.027654175318299553,0.027421448277057052,0.02685022837662185,0.00068665968974255,324_1_BOA_LC08_228061_20160924
2.676842105263159,12.353980000000002,,8.55,1,7.26,324,-2.06152,SN,-55.46119,VII,0.4421235209235209,0.321,2.463000000000001,"< 0,01",0.045631,48,0.2,2.47,245.33333333333331,9.723,,343.83684210526314,LW,0.0032068779681290113,0.0020425428819236717,-0.00043868698170837495,-0.002933369725554427,0.0021031631233176646,6,2016-10-04 10:20:20,6.148590844907408,0.022212727693627622,0.021136258837918784,0.018944890582983633,0.01661139169745445,0.002047275897770296,2016-10-10T13:54:18,0.046219470656594784,0.043421733508420754,0.04166094121129273,0.03783458035007315,0.002903562060396528,0.036401691131143936,0.03461646276777996,0.03174529170620386,0.028033430208614256,0.0027564090307824157,324_1_BOA_LC08_228061_20161010
1.9789189189189178,7.161899999999999,,16.23,1,0.685,325,-2.14225,PC,-55.62557,VII,0.2960235209235209,0.228,0.02399999999999991,"< 0,01",0.030731,22,0.2,2.08,147.99999999999991,0.709,,242.2216216216217,LW,0.010879424009760448,0.010773023723473675,0.010780424487546375,0.01064524374259837,7.482864338266183e-05,9,2016-10-05 13:00:00,-10.962338587962963,0.026879288271955997,0.026730966123600267,0.02675367779280813,0.026556923278243303,9.290589067711655e-05,2016-09-24T13:54:13,0.013442402784767316,0.013251053892874365,0.01326460929207932,0.013138549007404837,9.29049207303817e-05,0.03774374791907956,0.03767581762245676,0.03764651390812788,0.03757645332196563,5.713986337469088e-05,325_1_BOA_LC08_228061_20160924
1.9789189189189178,7.161899999999999,,8.55,1,0.685,325,-2.14225,PC,-55.62557,VII,0.2960235209235209,0.228,0.02399999999999991,"< 0,01",0.030731,22,0.2,2.08,147.99999999999991,0.709,,242.2216216216217,LW,0.017613015933211948,0.01746847249063406,0.017491684252685165,0.017282497020524937,0.00011519895221569725,9,2016-10-05 13:00:00,5.037711215277778,0.033031706969395044,0.03269695497338209,0.03267241487371647,0.03252927799961377,0.00015246530308689484,2016-10-10T13:54:18,0.03648402115435177,0.03624121635918066,0.03620512854165456,0.03601186882585764,0.0001653478384100609,0.046212863279296745,0.04598297824282721,0.045972851974144885,0.04584407185625872,0.00011032520179505816,325_1_BOA_LC08_228061_20161010
1.9789189189189178,7.161899999999999,,20.97,1,0.685,325,-2.14225,PC,-55.62557,VII,0.2960235209235209,0.228,0.02399999999999991,"< 0,01",0.030731,22,0.2,2.08,147.99999999999991,0.709,,242.2216216216217,LW,0.011011720278528571,0.010884628534232433,0.010881045721290603,0.01080364509726223,6.642394386103833e-05,9,2016-10-05 13:00:00,-10.962061724537037,0.026982213451949788,0.026860723662576292,0.02687160135968328,0.026667626051536338,9.430725705634488e-05,2016-09-24T13:54:37,0.013508059153143102,0.013314490280553176,0.013298284834647456,0.013108018059787997,0.00012735580845349334,0.03791862436765761,0.03783753623439608,0.03782037710934005,0.037701656307108485,7.316150616025385e-05,325_1_BOA_LC08_228062_20160924
1.9789189189189178,7.161899999999999,,51.72,1,0.685,325,-2.14225,PC,-55.62557,VII,0.2960235209235209,0.228,0.02399999999999991,"< 0,01",0.030731,22,0.2,2.08,147.99999999999991,0.709,,242.2216216216217,LW,0.017611251828423463,0.017512159524471015,0.01753162908263487,0.017418494797459667,5.194959032933648e-05,9,2016-10-05 13:00:00,5.037988020833334,0.03274537870958619,0.03260677210921991,0.03262060182696455,0.03246889746825684,7.738380236145289e-05,2016-10-10T13:54:42,0.03617700581346751,0.03598773502007998,0.035933374528299214,0.035763553914695954,0.0001266245580705024,0.04598086782450028,0.04587066813411514,0.04583167652145222,0.04576469569340916,7.72375900308747e-05,325_1_BOA_LC08_228062_20161010
2.6896428571428572,12.655640000000002,,16.23,1,8.926,326,-2.09353,PC,-55.62166,VII,0.3029235209235209,0.294,3.7319999999999993,"< 0,01",0.011931,23,0.2,3.42,103.99999999999993,12.658,,205.10714285714286,LW,0.010901243368064596,0.010738771429167003,0.010767248982555917,0.010528457164087663,0.00010686620398819257,9,2016-10-05 12:00:00,-10.920671921296297,0.027608503650761763,0.027485172303612065,0.027503325910582747,0.027375220748765233,6.634934730967373e-05,2016-09-24T13:54:13,0.014180057115196439,0.013946693922569935,0.013909370543334494,0.013653019179973452,0.0001780008909733448,0.03951296129068691,0.039352186089412364,0.03931458436721835,0.0391541841232098,0.00011195753797276834,326_1_BOA_LC08_228061_20160924
2.6896428571428572,12.655640000000002,,8.55,1,8.926,326,-2.09353,PC,-55.62166,VII,0.3029235209235209,0.294,3.7319999999999993,"< 0,01",0.011931,23,0.2,3.42,103.99999999999993,12.658,,205.10714285714286,LW,0.01850706802992737,0.018259779795341404,0.018273700974023383,0.017936699016125636,0.00018897949977891984,9,2016-10-05 12:00:00,5.079377881944445,0.035727304621750264,0.03564130007739064,0.035673669724135645,0.035472275540240544,9.406703521838975e-05,2016-10-10T13:54:18,0.030601590099642157,0.030001767344719762,0.030071209153409096,0.029159188341580246,0.00045241742821748745,0.04865004016125106,0.048351723802835395,0.04837334963057138,0.04801670723172047,0.0002229922446711917,326_1_BOA_LC08_228061_20161010
2.2024999999999997,7.674380000000001,,16.23,1,9.956,327,-2.11153,PC,-55.62163,VII,0.2871235209235209,0.265,1.5440000000000005,"< 0,01",0.020631,24,0.2,3.62,95.00000000000009,11.5,,199.42499999999998,LW,0.011645606007721252,0.011363066696182155,0.011387906329209491,0.011161067718061189,0.00013688336017759312,9,2016-10-05 12:30:00,-10.941505254629629,0.02795814995100867,0.027780303580140456,0.027785010614198146,0.027611075898339277,0.00010987850754440897,2016-09-24T13:54:13,0.013314066099629604,0.013194812450066361,0.013204870299929675,0.013024854867611678,8.524006120911799e-05,0.03923258637447154,0.03907653998657292,0.03903733132466597,0.03896459286351073,8.9522499587835e-05,327_1_BOA_LC08_228061_20160924
2.2024999999999997,7.674380000000001,,8.55,1,9.956,327,-2.11153,PC,-55.62163,VII,0.2871235209235209,0.265,1.5440000000000005,"< 0,01",0.020631,24,0.2,3.62,95.00000000000009,11.5,,199.42499999999998,LW,0.017647726104743067,0.017443971228474766,0.017452869643292405,0.01723896459213966,0.0001325100798602176,9,2016-10-05 12:30:00,5.058544548611111,0.03290004705101704,0.03277690400856512,0.03281576515980869,0.03248496884246273,0.00014552903185791825,2016-10-10T13:54:18,0.03404490980351507,0.033820564734836474,0.03382925980324128,0.03364798209625341,0.00012325665979924508,0.04614373696632869,0.04590272799135445,0.0458882433040937,0.04566961957730817,0.0001545012598856392,327_1_BOA_LC08_228061_20161010
2.2024999999999997,7.674380000000001,,20.97,1,9.956,327,-2.11153,PC,-55.62163,VII,0.2871235209235209,0.265,1.5440000000000005,"< 0,01",0.020631,24,0.2,3.62,95.00000000000009,11.5,,199.42499999999998,LW,0.011717284383365747,0.011471877012805732,0.011462337180083111,0.011249729854183573,0.00015296822544370682,9,2016-10-05 12:30:00,-10.941228391203703,0.02803671809155163,0.027869364080778114,0.02785868131265523,0.027707764629963424,8.758687358597603e-05,2016-09-24T13:54:37,0.013367829498805816,0.013236536406552129,0.013212045208440324,0.01309661593350184,7.318021337286961e-05,0.039323955827099,0.03920482351287675,0.03917759912319803,0.039120121169511295,6.892909386539685e-05,327_1_BOA_LC08_228062_20160924
2.2024999999999997,7.674380000000001,,51.72,1,9.956,327,-2.11153,PC,-55.62163,VII,0.2871235209235209,0.265,1.5440000000000005,"< 0,01",0.020631,24,0.2,3.62,95.00000000000009,11.5,,199.42499999999998,LW,0.01753808390731887,0.017375070217581192,0.01745537653204274,0.017190641474501122,0.00012993709958984492,9,2016-10-05 12:30:00,5.058821354166667,0.0329442893123561,0.03274906949600156,0.03276742946874531,0.03241291342089795,0.0001658949112679281,2016-10-10T13:54:42,0.0340216638711367,0.033817550047006595,0.03384141693233034,0.03362507940557634,0.00011436651471186682,0.04609710258981886,0.04595086206615698,0.045999905115789816,0.04575471554324825,0.00011200214154208208,327_1_BOA_LC08_228062_20161010
1.5794285714285712,16.37484,,16.23,1,8.265,328,-2.20217,PD,-55.6254,VII,0.2979235209235209,0.274,0.15700000000000003,"< 0,01",0.023231,25,0.2,1.3,109.00000000000007,8.422,,218.02857142857147,LW,0.007243477181112928,0.006920408360513056,0.00685962906318606,0.006737282137849847,0.00018346893954362392,9,2016-10-05 13:40:00,-10.990116365740741,0.022873905262288878,0.022594391131679773,0.022522913932702077,0.02230818479730924,0.00018474133881841117,2016-09-24T13:54:13,0.017469879198373273,0.017178568591357486,0.01723949746990491,0.016933491830282872,0.0001713002334130474,0.03538021959204539,0.034943103284250425,0.034929838873811424,0.03465246776880547,0.00020215526930655528,328_1_BOA_LC08_228061_20160924
1.5794285714285712,16.37484,,20.97,1,8.265,328,-2.20217,PD,-55.6254,VII,0.2979235209235209,0.274,0.15700000000000003,"< 0,01",0.023231,25,0.2,1.3,109.00000000000007,8.422,,218.02857142857147,LW,0.007336936836887388,0.007127543469078926,0.0071686423877057835,0.006896099259659946,0.00014204430337992282,9,2016-10-05 13:40:00,-10.989839502314815,0.02268706779771402,0.022638752251657044,0.02265090909983716,0.022380247854331316,9.508070090307942e-05,2016-09-24T13:54:37,0.017526851158767735,0.017242842958211307,0.017273164052849826,0.01698969123106166,0.00020761035705177665,0.035297551961958384,0.03507681259634475,0.035054967511649285,0.034869670319138374,0.00013289317630226527,328_1_BOA_LC08_228062_20160924
2.414,9.70356,,16.23,1,2.368,329,-2.1711,SL,-55.80413,VII,0.23692352092352092,0.217,6.972999999999999,"< 0,01",0.035731,30,0.2,0.91,66.00000000000009,9.341,,241.77000000000004,LW,0.00914058779324809,0.008453774218367401,0.008718774447939805,0.004476850137550323,0.0013563379331102952,9,2016-10-06 12:00:00,-11.920671921296297,0.024428207580560295,0.023873762507025303,0.024250709434074983,0.019857154682477878,0.001360685110456479,2016-09-24T13:54:13,0.012748217238085953,0.012284050961642597,0.012288136611873932,0.011945653221748129,0.0002269844561223194,0.03640490957278379,0.03576236417694871,0.03605671350312302,0.032057757544949536,0.0012576898457297482,329_1_BOA_LC08_228061_20160924
2.414,9.70356,,8.55,1,2.368,329,-2.1711,SL,-55.80413,VII,0.23692352092352092,0.217,6.972999999999999,"< 0,01",0.035731,30,0.2,0.91,66.00000000000009,9.341,,241.77000000000004,LW,0.016008641786057317,0.007468423889836653,0.009615693525678981,-0.0999524695314826,0.03385086435166942,9,2016-10-06 12:00:00,4.079377881944445,0.030465149296169083,0.020985876851747385,0.023303258726203237,-0.08753786277138904,0.03413406141943353,2016-10-10T13:54:18,0.03573826212722725,0.03241533105351919,0.033720380139302356,0.01855024658732185,0.005493706162643922,0.04374978052486589,0.03337617746305961,0.03597790526462295,-0.09362713639546616,0.039993165336372316,329_1_BOA_LC08_228061_20161010
2.414,9.70356,,20.97,1,2.368,329,-2.1711,SL,-55.80413,VII,0.23692352092352092,0.217,6.972999999999999,"< 0,01",0.035731,30,0.2,0.91,66.00000000000009,9.341,,241.77000000000004,LW,0.009212997129508226,0.008494739406222243,0.00883189004469719,0.0035411122945223743,0.0016823049965219463,9,2016-10-06 12:00:00,-11.92039505787037,0.024508708545747493,0.023916506420347008,0.02436660458951751,0.018930008250480922,0.0016832656782332154,2016-09-24T13:54:37,0.012670207777575717,0.01231486040344987,0.01234247591409362,0.012003029389797618,0.0001771190936198946,0.0365034470873246,0.03582388429690818,0.036196924887856835,0.031186938460442137,0.001567659805245852,329_1_BOA_LC08_228062_20160924
2.414,9.70356,,51.72,1,2.368,329,-2.1711,SL,-55.80413,VII,0.23692352092352092,0.217,6.972999999999999,"< 0,01",0.035731,30,0.2,0.91,66.00000000000009,9.341,,241.77000000000004,LW,0.015925568317407254,0.007379286882000016,0.009574853020530554,-0.09933354339552225,0.03372261862981202,9,2016-10-06 12:00:00,4.0796546875,0.030367473089034598,0.020896774537485088,0.023235849080272156,-0.08715992275023499,0.0340673237026823,2016-10-10T13:54:42,0.035703215060445416,0.03239127433007918,0.03361912589220374,0.018533461815709966,0.005522878065627074,0.043677214096735806,0.033305498033386095,0.03600328402500794,-0.09307113347739362,0.03991460289776465,329_1_BOA_LC08_228062_20161010
2.29625,8.73194,,16.23,1,7.916,330,-2.21573,SL,-55.80887,VII,0.3793235209235209,0.355,5.384,"< 0,01",0.044631,31,0.2,1.87,188.99999999999997,13.3,,359.2375,LW,0.00785494896072665,0.007585052632551467,0.007551339539239315,0.007376794320081899,0.00012963752333887012,9,2016-10-06 11:30:00,-11.899838587962963,0.019526196047612056,0.019054232658181656,0.019113451219865196,0.018428870599214046,0.0003835707908434019,2016-09-24T13:54:13,0.022619006024614585,0.021442247550000494,0.021453691584469366,0.020494632254909502,0.0007021412145907865,0.03063101261490713,0.02997748255458916,0.03006951564796682,0.029232120671534734,0.0004796449237520755,330_1_BOA_LC08_228061_20160924
2.29625,8.73194,,20.97,1,7.916,330,-2.21573,SL,-55.80887,VII,0.3793235209235209,0.355,5.384,"< 0,01",0.044631,31,0.2,1.87,188.99999999999997,13.3,,359.2375,LW,0.007976620641942581,0.007697136084895034,0.00766827341828164,0.007490791097578428,0.00013491166009965835,9,2016-10-06 11:30:00,-11.899561724537037,0.01963898943773684,0.019163497506113115,0.019230905587343472,0.018520821379450124,0.00038639803995389114,2016-09-24T13:54:37,0.022708294635206024,0.021510762988886704,0.02154686877361279,0.0205857852730833,0.0007049595502853306,0.030756121707910783,0.030103431001929075,0.030222218680911815,0.029324842542519346,0.00048505567083193603,330_1_BOA_LC08_228062_20160924
2.29625,8.73194,,51.72,1,7.916,330,-2.21573,SL,-55.80887,VII,0.3793235209235209,0.355,5.384,"< 0,01",0.044631,31,0.2,1.87,188.99999999999997,13.3,,359.2375,LW,0.0075040777510455015,0.006987261422306608,0.006945360394237305,0.0029936477845219633,0.001536922814379631,6,2016-10-06 11:30:00,4.100488020833334,0.007640479635765994,0.006245974728831988,0.00607328520894055,0.005320032066116743,0.0007640198587820647,2016-10-10T13:54:42,0.02740335234957921,0.0234825452126369,0.024890990794389202,0.016684846253013592,0.003956274807718703,0.012851493765247635,0.010824515827623364,0.010724201559524825,0.008367665937507231,0.0013674530388325355,330_1_BOA_LC08_228062_20161010
1.8557142857142856,9.97784,,16.23,1,7.666,331,-2.17647,SL,-55.81319,VII,0.4401235209235209,0.423,4.384,"< 0,01",0.405831,33,0.2,3.95,45.99999999999992,12.05,,182.0166666666667,LW,0.009125027914708275,0.008759207014554564,0.008716083714517774,0.008534119412335624,0.00017308976400576097,9,2016-10-06 13:00:00,-11.962338587962963,0.02444429265131074,0.024283186031422675,0.024297446821767293,0.024095642629697045,0.00010317910546439395,2016-09-24T13:54:13,0.012551337328800332,0.01227114566274978,0.01223663876853089,0.012032854699422542,0.000164163671031574,0.03662904864011176,0.036291289975802256,0.036271750316140876,0.036083463457539516,0.0001592150916220761,331_1_BOA_LC08_228061_20160924
1.8557142857142856,9.97784,,8.55,1,7.666,331,-2.17647,SL,-55.81319,VII,0.4401235209235209,0.423,4.384,"< 0,01",0.405831,33,0.2,3.95,45.99999999999992,12.05,,182.0166666666667,LW,0.018552697965807594,0.018232778520257762,0.018243086893788688,0.01806515155747597,0.0001420342145180352,9,2016-10-06 13:00:00,4.037711215277778,0.03367345377839813,0.033436069575670906,0.03342896016642039,0.033234342377823245,0.00011442920603186216,2016-10-10T13:54:18,0.03818401554382491,0.03797587712339485,0.03800110175283179,0.037861062911967065,8.197328334793912e-05,0.04826109890475118,0.048097715393219644,0.048148374464547485,0.047961895720859155,9.952095778058397e-05,331_1_BOA_LC08_228061_20161010
1.8557142857142856,9.97784,,20.97,1,7.666,331,-2.17647,SL,-55.81319,VII,0.4401235209235209,0.423,4.384,"< 0,01",0.405831,33,0.2,3.95,45.99999999999992,12.05,,182.0166666666667,LW,0.009236248518429992,0.008869586771690039,0.008840002577091293,0.008646584751486875,0.0001699033856167452,9,2016-10-06 13:00:00,-11.962061724537037,0.02456322259803325,0.02439933806411952,0.02440461566785809,0.02422651789878336,0.00010002408794313574,2016-09-24T13:54:37,0.01260505295820967,0.012323679544370632,0.012286231243518053,0.012096682568770317,0.00016074688129793022,0.036749774962976954,0.03642530098886694,0.036398252307629726,0.03621926993675692,0.00015479360043901428,331_1_BOA_LC08_228062_20160924
1.8557142857142856,9.97784,,51.72,1,7.666,331,-2.17647,SL,-55.81319,VII,0.4401235209235209,0.423,4.384,"< 0,01",0.405831,33,0.2,3.95,45.99999999999992,12.05,,182.0166666666667,LW,0.01849767957762094,0.01818876372332087,0.01819596423133509,0.018023630546630177,0.00013636613627780885,9,2016-10-06 13:00:00,4.037988020833334,0.033612733821388976,0.03338559004982432,0.0333786496906728,0.03318600995646832,0.00011034161132751622,2016-10-10T13:54:42,0.03813278520061735,0.037937212865556326,0.03797167453200183,0.037825529289533213,7.823554929804332e-05,0.04819967980412709,0.04804301150496682,0.04807143509600803,0.047896921492855064,9.82771787102395e-05,331_1_BOA_LC08_228062_20161010
,12.21164,,38.62,1,7.494,332,-2.18602,AM,-54.96629,VII,0.3307235209235209,0.325,2.231,"< 0,01",0.013531,46,0.2,0.11,57.0,9.725,,,LW,0.005291260107100794,0.005146398821634608,0.005092988157294053,0.005011620939992204,7.59584506114496e-05,9,2016-10-06 09:00:00,-2.799669675925926,0.012224504322426957,0.012099341069188998,0.012154685193186479,0.011966457980642178,8.843306096798714e-05,2016-10-03T13:48:28,0.0039900380592578985,0.003897244022443822,0.003940143862355485,0.0038357465389547585,5.336047362669695e-05,0.017788306413785062,0.017683105535172477,0.017715247290646052,0.01752143463746392,7.994060561531572e-05,332_1_BOA_LC08_227062_20161003
,12.21164,,16.23,1,7.494,332,-2.18602,AM,-54.96629,VII,0.3307235209235209,0.325,2.231,"< 0,01",0.013531,46,0.2,0.11,57.0,9.725,,,LW,-0.0005717548130114818,-0.0008570442047505533,-0.0008244355817447167,-0.0010656835712707508,0.00014608314288107533,9,2016-10-06 09:00:00,-11.795671921296297,0.008519277344756156,0.00811455093882532,0.008091025646729776,0.007932497035115092,0.0001799745728996638,2016-09-24T13:54:13,0.005128689857441426,0.004742873457317543,0.004742088729308078,0.0044650636267269846,0.00021050010055911517,0.015686463413190122,0.015278878899291238,0.015241246906597561,0.014945097522537486,0.00024433288690132456,332_1_BOA_LC08_228061_20160924
,12.21164,,8.55,1,7.494,332,-2.18602,AM,-54.96629,VII,0.3307235209235209,0.325,2.231,"< 0,01",0.013531,46,0.2,0.11,57.0,9.725,,,LW,0.004652359642726117,0.004188317768243979,0.004179634949190037,0.0038340625101587547,0.0002642045216036314,9,2016-10-06 09:00:00,4.204377881944445,0.014776459624065895,0.013917965078767396,0.013935132042071967,0.013354656944342982,0.0004528630180064459,2016-10-10T13:54:18,0.005548722040373474,0.005102910592692896,0.004986293543886178,0.00454588330959169,0.00030467584937391107,0.02171739299955315,0.021285796373737256,0.02130321489532411,0.020691282371380865,0.0003010894085038167,332_1_BOA_LC08_228061_20161010
0.9200000000000002,8.229300000000002,0.5319599999999992,64.74,1,9.16,333,-2.180361,AM,-55.016444,VIII,0.2065,0.2,0.9499999999999993,0.0023133883737952825,0.0197764772087788,46,0.2,3.2,57.000000000000014,10.11,,17.060000000000002,HW,0.019511270189992578,0.01937645308695548,0.01936174426630105,0.019249842327943797,9.308061328647839e-05,9,2017-04-10 18:00:00,-13.175128101851852,0.03378081632232081,0.033605448066280304,0.03356063281025921,0.033408288010109526,0.00011119289659037528,2017-03-28T13:47:48,0.016750446473330495,0.01660142607191136,0.016556285953519694,0.016433561668415538,9.506352312961387e-05,0.046357227001054956,0.04623379404053968,0.04626990922075543,0.04590991871084937,0.00015901504707415608,333_1_BOA_LC08_227062_20170328
1.3552631578947365,62.34923999999999,1.80283999999999,60.8,1,9.454,336,-2.173257,GP,-55.372851,VIII,0.4733,0.453,1.725999999999999,0.003613388373795323,0.0409764772087788,39,0.2,3.57,14.499999999999998,11.18,6.8,14.242105263157896,HW,0.016449973661729365,0.014875563085589353,0.01482765925022583,0.014218480125313746,0.0005771146205276519,9,2017-04-11 14:30:00,-7.025313344907407,0.022039006909514575,0.02153641220765318,0.021671748103752955,0.020928090744547982,0.00032396951343979926,2017-04-04T13:53:32,0.006196549808124266,0.00524382329106611,0.005282685705543898,0.00457358785572652,0.00041328404509145697,0.025393158003697444,0.0248033037529509,0.024967355778709014,0.02404834851734463,0.00036520309996231325,336_1_BOA_LC08_228061_20170404
1.3552631578947365,62.34923999999999,1.80283999999999,78.77,1,9.454,336,-2.173257,GP,-55.372851,VIII,0.4733,0.453,1.725999999999999,0.003613388373795323,0.0409764772087788,39,0.2,3.57,14.499999999999998,11.18,6.8,14.242105263157896,HW,0.01583462320168559,0.014591094575709614,0.014468323711911426,0.013954051942916747,0.0005445101541513618,9,2017-04-11 14:30:00,-7.025036481481481,0.022429849993074357,0.02140651376410108,0.02140558888852829,0.021051171816963074,0.00039079526749802887,2017-04-04T13:53:56,0.005365253905685617,0.0048159810158688275,0.00494745425238741,0.004307294274132458,0.0002930543986761475,0.025133646114198778,0.024384841507495193,0.024387362007342803,0.023851114386823066,0.0003795147550316134,336_1_BOA_LC08_228062_20170404
1.9649999999999999,28.24574,0.652440000000002,60.8,1,6.237,337,-2.135144,GP,-55.370602,VIII,0.2316,0.128,7.773,0.008613388373795331,0.0295764772087788,40,0.2,3.36,18.99999999999999,14.01,6.9,18.95,HW,0.01204022859056461,0.011102454257280845,0.011781585235091027,0.008441314874872707,0.0012507184286961914,9,2017-04-11 15:15:00,-7.056563344907407,0.020180811565366736,0.01961223951075137,0.019684378036966384,0.01838279283952223,0.0006216993950721654,2017-04-04T13:53:32,0.003811171216176747,0.0031281762568509852,0.0035262383356293274,0.0011835491353483565,0.0009048088184957628,0.02357834052625638,0.02296049503943373,0.022881858576038284,0.02176326269095861,0.0005357846788858992,337_1_BOA_LC08_228061_20170404
1.415,20.927660000000003,2.9448,60.8,1,6.458,338,-2.113672,GP,-55.370602,VIII,0.121,0.095,3.1980000000000004,"< 0,001",0.02537647720877884,41,0.2,3.34,25.75000000000001,9.656,3.7,25.1,HW,0.00597778350621089,0.0033337726438509964,0.00412898949227079,-0.0014290946154545021,0.0021657398455570713,9,2017-04-11 15:50:00,-7.080868900462963,0.016910435477578596,0.01348744309614436,0.01414701561505297,0.008802516361155064,0.002323293224871229,2017-04-04T13:53:32,0.01218448907174394,0.008485041979735609,0.007659424224100608,0.004540736021878891,0.002352916982656986,0.022347762590192798,0.01779451957218299,0.018630495404419977,0.011443946959055273,0.003103738663291036,338_1_BOA_LC08_228061_20170404
1.886,15.09028,1.4778,90.78,1,8.777,346,-2.142593,PC,-55.625756,VIII,0.1921,0.185,0.06400000000000006,0.007813388373795329,0.0289764772087788,22,0.2,3.11,12.999999999999991,8.841,6.8,15.040000000000001,HW,0.019842007209325142,0.018294531582179068,0.0182195948880128,0.015269272454939371,0.001301877756065477,7,2017-04-13 16:45:00,6.881108252314815,0.02118212417896151,0.01966445255878701,0.019649907879631216,0.018822970946813948,0.0006816300572268334,2017-04-20T13:53:47,0.014326557184306636,0.013090951677915314,0.013091040552909688,0.010941987422623062,0.0010341790548887217,0.02207856778394985,0.021088028220296703,0.021067482904147082,0.019678535158592754,0.0007082479549782623,346_1_BOA_LC08_228062_20170420
0.8733333333333334,6.73424,0.1568800000000005,90.78,1,7.448,351,-2.1572,SL,-55.805249,VIII,0.2231,0.218,4.2620000000000005,"< 0,001",0.0237764772087788,30,0.2,2.81,19.714285714285722,11.71,5.6,24.03333333333333,HW,0.01816625556271731,0.014925513489307334,0.014729245663338785,0.013506412367409897,0.0015886395732970253,8,2017-04-14 09:10:00,6.197080474537037,0.018838917634419423,0.018116159908415287,0.018041896340927326,0.01755559634300935,0.0004820343746751751,2017-04-20T13:53:47,0.02785635448388623,0.019860553989587706,0.018975198933702895,0.016928409866290628,0.003848074052545093,0.02071983318050529,0.020113867251585045,0.020086583539195093,0.019580807393552863,0.0004286427733475608,351_1_BOA_LC08_228062_20170420
0.665,9.534839999999997,0.4273000000000017,86.62,1,8.548,353,-2.177378,SL,-55.806321,VIII,0.1975,0.183,9.182,0.002054558885894321,0.0390176477208778,33,0.2,2.97,16.50000000000002,17.73,6.2,20.3,HW,0.022191337386954137,0.021897196427067514,0.02197418336820307,0.021551266311361485,0.00019763248219634134,9,2017-04-14 09:45:00,6.172498113425926,0.02455902049638095,0.02394432295665627,0.023919620188264715,0.02333499041623964,0.0004088390074280066,2017-04-20T13:53:23,0.016069947613623816,0.015853474812231885,0.015891113475336217,0.01570044793828973,0.00014006561565513628,0.026803369694714786,0.02610509892274766,0.026138351649470915,0.025421684264234946,0.0004868761821044305,353_1_BOA_LC08_228061_20170420
0.665,9.534839999999997,0.4273000000000017,90.78,1,8.548,353,-2.177378,SL,-55.806321,VIII,0.1975,0.183,9.182,0.002054558885894321,0.0390176477208778,33,0.2,2.97,16.50000000000002,17.73,6.2,20.3,HW,0.022438606142028465,0.02216188678280094,0.022078970180092944,0.021904955101682076,0.0001792898890799084,9,2017-04-14 09:45:00,6.172774918981482,0.0243451202655717,0.024040248186425563,0.02407459163594626,0.023196174498612603,0.00037399136072613256,2017-04-20T13:53:47,0.016044112131758242,0.015887279404691576,0.015879380882140894,0.015565496595973845,0.00014080929634794557,0.02650788896691366,0.026091064008026438,0.02608287149463942,0.025015007505545594,0.0004710461305096917,353_1_BOA_LC08_228062_20170420
1.6933333333333334,47.55014,4.95269999999999,60.8,1,6.693,356,-2.245385,LG,-55.24066,VIII,0.3016,0.256,0.9980000000000002,0.0008133883737952846,0.0145764772087788,2,0.2,2.38,12.199999999999989,7.691,6.9,10.799999999999999,HW,0.024877454630285838,0.01514550224854843,0.015845185874279293,0.00887242378571218,0.004691017308851413,9,2017-04-18 13:00:00,-13.962813344907408,0.029374789116338097,0.024831637057997763,0.024818779961811553,0.019583774918249496,0.0031941458349364466,2017-04-04T13:53:32,0.019892476579078694,0.007259843053351191,0.00656170842966072,-0.000259119711606446,0.006067931795805113,0.03163234660877592,0.025192206491774626,0.02541903817766151,0.018819036580753665,0.004005717314914518,356_1_BOA_LC08_228061_20170404
1.6933333333333334,47.55014,4.95269999999999,78.77,1,6.693,356,-2.245385,LG,-55.24066,VIII,0.3016,0.256,0.9980000000000002,0.0008133883737952846,0.0145764772087788,2,0.2,2.38,12.199999999999989,7.691,6.9,10.799999999999999,HW,0.017468642519053647,0.016020674056838668,0.015953427506591178,0.013521861768754348,0.001313201290530996,9,2017-04-18 13:00:00,-13.962536481481482,0.026147562939109983,0.025454329205691732,0.02557443807611774,0.023623015718696093,0.0006860170720667841,2017-04-04T13:53:56,0.008496900224535673,0.007469704771099235,0.007617192470362202,0.0044796640850645365,0.0011423973389305148,0.02701312577235502,0.025945762890426625,0.026107461770526096,0.023708079077095164,0.0009117202007787019,356_1_BOA_LC08_228062_20170404
